Metrics/EpRet,Loss/Loss_pi,Train/PolicyRatio/Min,Loss/Loss_cost_critic/Delta,Time/Epoch,Metrics/LagrangeMultiplier,Time/Update,Train/KL,Value/cost,Value/reward,Time/Rollout,Train/Epoch,Time/Total,Loss/Loss_cost_critic,Safety/ShieldLagrangeMultiplier/Max,_step,Value/Adv,Safety/shield_adv_c,Safety/ShieldLagrangeMultiplier,Safety/shield_violation,Time/FPS,Train/StopIter,Train/PolicyStd,Loss/Loss_reward_critic,Loss/Loss_pi/Delta,Safety/ShieldLagrangeMultiplier/Std,Metrics/LagrangeMultiplier/Std,_timestamp,Metrics/LagrangeMultiplier/Min,Train/Entropy,Train/PolicyRatio,Safety/ShieldLagrangeMultiplier/Min,Metrics/EpLen,Metrics/EpCost,Train/PolicyRatio/Std,Train/PolicyRatio/Max,_runtime,Safety/EpCostShield,TotalEnvSteps,Loss/Loss_reward_critic/Delta,Metrics/LagrangeMultiplier/Max,Train/LR
-0.8790796399116516,-0.3281264901161194,1.0034478902816772,72.09868621826172,312.477783203125,0.03599999472498894,149.72262573242188,0.006909053772687912,0.08551108092069626,0.2362106889486313,162.75509643554688,0,312.47906494140625,72.09868621826172,0.044999994337558746,1,-0.6630381345748901,NaN,0.044999994337558746,-0.03400440514087677,64.00455474853516,40,0.994369387626648,0.025273412466049194,-0.3281264901161194,0,0,1746509365.3009524,0.03599999472498894,1.413252353668213,1.0034478902816772,0.044999994337558746,500,186.97500610351562,0.010748988017439842,1.0034478902816772,567.461380582,211.75,20000.0,0.025273412466049194,0.03599999472498894,0.0002969999914057553
-0.2235938012599945,-0.3045259714126587,1.0008233785629272,-22.463825225830078,253.66441345214844,0.07074621319770813,145.6686248779297,0.015354694798588753,4.803742408752441,0.16078642010688782,107.99569702148438,1,566.2119140625,49.63486099243164,0.07969439029693604,2,0.12194613367319107,NaN,0.07969439029693604,5.8958940505981445,78.84432983398438,40,0.9664098024368286,0.027610037475824356,0.023600518703460693,0,0,1746509619.0304089,0.07074621319770813,1.384379506111145,1.0008233785629272,0.07969439029693604,500,159.5,0.013789935037493706,1.0008233785629272,720.663518841,176.6999969482422,40000.0,0.0023366250097751617,0.07074621319770813,0.00029399999766610563
1.677748680114746,-0.2957831025123596,1.000488519668579,0.3185691833496094,153.12835693359375,0.10524115711450577,43.59932327270508,0.02134569175541401,7.726863861083984,0.2751674950122833,109.52897644042969,2,719.4047241210938,49.95343017578125,0.11405369639396667,3,-0.047188762575387955,NaN,0.11405369639396667,9.163640975952148,130.609375,12,0.9313609600067139,0.0309644415974617,0.008742868900299072,0,0,1746509772.2318246,0.10524115711450577,1.346336841583252,1.0004884004592896,0.11405369639396667,500,144.92999267578125,0.014921903610229492,1.000488519668579,975.751717932,156.35000610351562,60000.0,0.0033544041216373444,0.10524115711450577,0.000291000003926456
4.3386149406433105,-0.18478719890117645,0.9999180436134338,41.02257537841797,254.96641540527344,0.13982883095741272,146.3548126220703,0.01054482813924551,17.3257999420166,0.45120254158973694,108.61151123046875,3,974.4566650390625,90.97600555419922,0.1487736701965332,4,0.0656978040933609,NaN,0.1487736701965332,19.592477798461914,78.44170379638672,40,0.9126185178756714,0.03542805090546608,0.11099590361118317,0,0,1746510027.3196986,0.13982883095741272,1.324547529220581,0.9999180436134338,0.1487736701965332,500,159.22999572753906,0.011775835417211056,0.9999180436134338,1230.690374129,237.3249969482422,80000.0,0.004463609308004379,0.13982883095741272,0.0002880000101868063
6.644123554229736,-0.15160658955574036,0.9996849894523621,9.832504272460938,254.85867309570312,0.17473435401916504,140.9972686767578,0.00819386262446642,23.60282325744629,0.6351085305213928,113.8613510131836,4,1229.434326171875,100.80850982666016,0.18378345668315887,5,-0.12991872429847717,NaN,0.18378345668315887,25.666393280029297,78.47486114501953,40,0.8991494178771973,0.05129336193203926,0.033180609345436096,0,0,1746510282.2593358,0.17473435401916504,1.3088229894638062,0.9996849298477173,0.18378345668315887,500,201.60000610351562,0.010725804604589939,0.9996849894523621,1489.662535406,260.07501220703125,100000.0,0.01586531102657318,0.17473435401916504,0.0002849999873433262
8.38491439819336,-0.057327717542648315,0.9998853802680969,28.80187225341797,258.86346435546875,0.20987439155578613,144.18202209472656,0.01011762022972107,32.91024398803711,0.8237430453300476,114.68135070800781,5,1488.3729248046875,129.61038208007812,0.21900594234466553,6,0.14328806102275848,NaN,0.21900594234466553,34.83966827392578,77.26081085205078,40,0.8956135511398315,0.06456853449344635,0.09427887201309204,0,0,1746510541.2308652,0.20987439155578613,1.3051620721817017,0.9998853802680969,0.21900594234466553,500,264.489990234375,0.010736029595136642,0.9998853802680969,1750.996605683,323.5,120000.0,0.01327517256140709,0.20987439155578613,0.00028199999360367656
9.911979675292969,-0.05756891518831253,0.998591959476471,-1.428253173828125,261.2449645996094,0.2452745884656906,148.03799438476562,0.010815147310495377,39.16135025024414,1.062097430229187,113.2068862915039,6,1749.73388671875,128.18212890625,0.25450199842453003,7,0.06364590674638748,NaN,0.25450199842453003,41.036094665527344,76.55650329589844,40,0.8951122164726257,0.054066166281700134,-0.0002411976456642151,0,0,1746510802.5651026,0.2452745884656906,1.3042351007461548,0.9985918998718262,0.25450199842453003,500,298.3900146484375,0.010924505069851875,0.998591959476471,2012.91996864,342.2749938964844,140000.0,-0.010502368211746216,0.2452745884656906,0.0002789999998640269
11.717737197875977,-0.07395423948764801,0.9999487996101379,15.583511352539062,261.83612060546875,0.2809734344482422,147.75181579589844,0.007775591686367989,43.689876556396484,1.330289602279663,114.08415222167969,7,2011.6536865234375,143.76564025878906,0.29027625918388367,8,-0.15114539861679077,NaN,0.29027625918388367,46.105350494384766,76.38365173339844,40,0.88815838098526,0.07212305068969727,-0.01638532429933548,0,0,1746511064.4882517,0.2809734344482422,1.2967716455459595,0.9999487400054932,0.29027625918388367,500,322.70001220703125,0.010867827571928501,0.9999487996101379,2273.229811737,353.54998779296875,160000.0,0.01805688440799713,0.2809734344482422,0.00027600000612437725
13.471809387207031,-0.07957429438829422,0.9990934133529663,-18.74291229248047,260.1896667480469,0.31698504090309143,147.008056640625,0.008436395786702633,48.15923309326172,1.475806713104248,113.18150329589844,8,2271.932861328125,125.0227279663086,0.3263155221939087,9,-0.0545463040471077,NaN,0.3263155221939087,50.41972351074219,76.86700439453125,40,0.8789554834365845,0.06817702949047089,-0.00562005490064621,0,0,1746511324.7979453,0.31698504090309143,1.2868473529815674,0.9990934133529663,0.3263155221939087,500,337.32000732421875,0.011027124710381031,0.9990934133529663,2539.448372144,365.7250061035156,180000.0,-0.003946021199226379,0.31698504090309143,0.0002730000123847276
14.75643539428711,-0.19611385464668274,1.0005316734313965,7.843238830566406,266.1209716796875,0.35327470302581787,152.73196411132812,0.008759776130318642,49.50096893310547,1.833578109741211,113.38895416259766,9,2538.18212890625,132.865966796875,0.36251258850097656,10,-0.100274957716465,NaN,0.36251258850097656,52.007408142089844,75.15379333496094,40,0.8709045052528381,0.08296973258256912,-0.11653956025838852,0,0,1746511591.0169294,0.35327470302581787,1.2780317068099976,1.0005316734313965,0.36251258850097656,500,335.05999755859375,0.010555414482951164,1.0005316734313965,2801.437968128,345.07501220703125,200000.0,0.014792703092098236,0.35327470302581787,0.0002699999895412475
15.72008991241455,-0.23758436739444733,1.001464605331421,1.5837249755859375,261.91162109375,0.3897862434387207,150.18177795410156,0.0071363914757966995,52.7808952331543,2.1076858043670654,111.72976684570312,10,2800.182861328125,134.44969177246094,0.39883360266685486,11,0.034507863223552704,NaN,0.39883360266685486,54.87281799316406,76.36164093017578,40,0.8646455407142639,0.08826164901256561,-0.04147051274776459,0,0,1746511853.0066614,0.3897862434387207,1.2710697650909424,1.0014644861221313,0.39883360266685486,500,331.9800109863281,0.010290691629052162,1.001464605331421,3063.049941385,344.9750061035156,220000.0,0.0052919164299964905,0.3897862434387207,0.00026699999580159783
16.496557235717773,-0.24072572588920593,1.0018274784088135,3.792633056640625,261.5225524902344,0.4264407157897949,150.947265625,0.009035870432853699,53.22001266479492,2.2592833042144775,110.57522583007812,11,3061.78125,138.24232482910156,0.43524760007858276,12,0.0989249125123024,NaN,0.43524760007858276,55.278594970703125,76.47523498535156,40,0.8490562438964844,0.09711577743291855,-0.003141358494758606,0,0,1746512114.6188183,0.4264407157897949,1.2530156373977661,1.0018274784088135,0.43524760007858276,500,323.2300109863281,0.010535168461501598,1.0018274784088135,3321.429684756,344.20001220703125,240000.0,0.008854128420352936,0.4264407157897949,0.0002640000020619482
18.063701629638672,-0.3738512694835663,1.0021202564239502,-12.940895080566406,258.27374267578125,0.463189035654068,142.28497314453125,0.007132646627724171,53.593162536621094,2.8554646968841553,115.98855590820312,12,3320.14306640625,125.30142974853516,0.47161856293678284,13,0.07955344021320343,NaN,0.47161856293678284,56.36018753051758,77.43722534179688,40,0.835484504699707,0.12813962996006012,-0.13312554359436035,0,0,1746512372.9978466,0.463189035654068,1.2368247509002686,1.0021202564239502,0.47161856293678284,500,319.3800048828125,0.010383420623838902,1.0021202564239502,3578.318373736,322.25,260000.0,0.03102385252714157,0.463189035654068,0.0002610000083222985
20.08371353149414,-0.5332766175270081,1.0021365880966187,12.821678161621094,256.8003234863281,0.49978986382484436,144.9730987548828,0.008054882287979126,48.49924087524414,3.17366099357605,111.82717895507812,13,3577.06005859375,138.12310791015625,0.5076223611831665,14,0.11024653166532516,NaN,0.5076223611831665,52.400882720947266,77.88151550292969,40,0.8232907056808472,0.19700682163238525,-0.15942534804344177,0,0,1746512629.8871205,0.49978986382484436,1.2223303318023682,1.0021365880966187,0.5076223611831665,500,282.5899963378906,0.010553197003901005,1.0021365880966187,3831.223105192,272.07501220703125,280000.0,0.06886719167232513,0.49978986382484436,0.0002579999854788184
20.9012451171875,-0.5889609456062317,1.0022773742675781,-23.743240356445312,252.8314208984375,0.5360579490661621,143.62771606445312,0.008547854609787464,46.11794662475586,3.305548906326294,109.20358276367188,14,3829.97119140625,114.37986755371094,0.5431047081947327,15,-0.023671038448810577,NaN,0.5431047081947327,49.55622100830078,79.10409545898438,40,0.8079805970191956,0.20315629243850708,-0.05568432807922363,0,0,1746512882.791629,0.5360579490661621,1.2042369842529297,1.0022773742675781,0.5431047081947327,500,254.44000244140625,0.010127968154847622,1.0022773742675781,4089.492519003,244.85000610351562,300000.0,0.006149470806121826,0.5360579490661621,0.00025499999173916876
20.498037338256836,-0.7315700054168701,1.0041131973266602,-9.317863464355469,258.1844787597656,0.5716768503189087,148.3239288330078,0.008079896681010723,42.43357467651367,3.5073039531707764,109.86048126220703,15,4088.226318359375,105.06200408935547,0.5778348445892334,16,0.16238319873809814,NaN,0.5778348445892334,46.47137451171875,77.46399688720703,40,0.79402095079422,0.22545212507247925,-0.14260905981063843,0,0,1746513141.0611904,0.5716768503189087,1.18697988986969,1.0041131973266602,0.5778348445892334,500,212.2100067138672,0.010429070331156254,1.0041131973266602,4341.330190883,209.75,320000.0,0.022295832633972168,0.5716768503189087,0.0002519999979995191
20.990835189819336,-0.7228960394859314,1.003629446029663,-19.47351837158203,251.74359130859375,0.6065315008163452,144.21664428710938,0.01290934719145298,39.85256576538086,3.8817710876464844,107.52685546875,16,4340.05517578125,85.58848571777344,0.6118094325065613,17,0.15599341690540314,NaN,0.6118094325065613,44.17808532714844,79.44591522216797,40,0.770052969455719,0.29987475275993347,0.00867396593093872,0,0,1746513392.8984005,0.6065315008163452,1.1570791006088257,1.0036293268203735,0.6118094325065613,500,191.0500030517578,0.011345777660608292,1.003629446029663,4600.419789484,198.1750030517578,340000.0,0.07442262768745422,0.6065315008163452,0.00024900000425986946
23.721914291381836,-0.8828181624412537,1.0047056674957275,15.560836791992188,258.9883728027344,0.6403874158859253,148.53201293945312,0.008589833043515682,35.417823791503906,4.723238468170166,110.45624542236328,17,4599.1435546875,101.14932250976562,0.6447241902351379,18,0.22250932455062866,NaN,0.6447241902351379,40.971405029296875,77.22354125976562,40,0.7506877779960632,0.40386107563972473,-0.15992212295532227,0,0,1746513651.9878647,0.6403874158859253,1.1319050788879395,1.0047056674957275,0.6447241902351379,500,159.7899932861328,0.010249249637126923,1.0047056674957275,4847.598006862,159.02499389648438,360000.0,0.10398632287979126,0.6403874158859253,0.0002460000105202198
23.907611846923828,-1.0219383239746094,1.0048739910125732,-42.356929779052734,247.06951904296875,0.6728904843330383,145.14669799804688,0.008057375438511372,24.51897430419922,4.1780219078063965,101.9227294921875,18,4846.31982421875,58.79239273071289,0.6756404638290405,19,0.09933510422706604,NaN,0.6756404638290405,28.80971336364746,80.94888305664062,40,0.73844313621521,0.30875661969184875,-0.1391201615333557,0,0,1746513899.1660893,0.6728904843330383,1.1156330108642578,1.0048739910125732,0.6756404638290405,500,120.04000091552734,0.009349710308015347,1.0048739910125732,5103.444122696,71.1500015258789,380000.0,-0.09510445594787598,0.6728904843330383,0.00024300000222865492
21.85356903076172,-0.8930031657218933,1.0053925514221191,0.204437255859375,255.7306365966797,0.7036768794059753,150.05433654785156,0.008677137084305286,23.503568649291992,4.006649971008301,105.67622375488281,19,5102.154296875,58.996829986572266,0.704939603805542,20,-0.06854523718357086,NaN,0.704939603805542,27.696693420410156,78.20729064941406,40,0.7196998000144958,0.3489896059036255,0.12893515825271606,0,0,1746514155.0124433,0.7036768794059753,1.0899858474731445,1.0053925514221191,0.704939603805542,500,81.29000091552734,0.010828306898474693,1.0053925514221191,5353.349957931,83.82499694824219,400000.0,0.04023298621177673,0.7036768794059753,0.00023999999393709004
20.454727172851562,-0.7934170961380005,1.005240797996521,-1.2548332214355469,249.80825805664062,0.7327564358711243,142.76776123046875,0.007136574946343899,22.396528244018555,4.226390838623047,107.04043579101562,20,5352.08203125,57.74199676513672,0.7329169511795044,21,0.2546909749507904,NaN,0.7329169511795044,26.78569984436035,80.0614013671875,40,0.7063379287719727,0.3449784815311432,0.09958606958389282,0,0,1746514404.9189103,0.7327564358711243,1.071252465248108,1.005240797996521,0.7329169511795044,500,69.16000366210938,0.010053884238004684,1.005240797996521,5604.983246266,92.9000015258789,420000.0,-0.0040111243724823,0.7327564358711243,0.00023700000019744039
22.593612670898438,-0.888422429561615,1.0052741765975952,23.397918701171875,251.55435180664062,0.7605181336402893,149.03294372558594,0.008151759393513203,25.500709533691406,4.542495250701904,102.52128601074219,21,5603.7197265625,81.1399154663086,0.7598413228988647,22,-0.18376237154006958,NaN,0.7598413228988647,29.880163192749023,79.50568389892578,40,0.6902238130569458,0.48266106843948364,-0.0950053334236145,0,0,1746514656.5519223,0.7605181336402893,1.048146367073059,1.0052741765975952,0.7598413228988647,500,83.55000305175781,0.010586674325168133,1.0052741765975952,5850.053067154,102.17500305175781,440000.0,0.13768258690834045,0.7605181336402893,0.00023400000645779073
23.4365177154541,-0.7678925395011902,1.005515456199646,-26.713253021240234,244.9833221435547,0.7871452569961548,146.25697326660156,0.014002233743667603,19.08282470703125,4.072046756744385,98.72628784179688,22,5848.78662109375,54.42666244506836,0.7854159474372864,23,-0.00846850872039795,NaN,0.7854159474372864,22.052078247070312,81.63821411132812,40,0.6753844022750854,0.4037879407405853,0.1205298900604248,0,0,1746514901.621798,0.7871452569961548,1.0260480642318726,1.005515456199646,0.7854159474372864,500,86.36000061035156,0.010584009811282158,1.005515456199646,6099.185194014,71.9749984741211,460000.0,-0.07887312769889832,0.7871452569961548,0.00023099999816622585
23.830446243286133,-0.7287006974220276,1.0050665140151978,22.961627960205078,248.6910400390625,0.8125077486038208,145.8489227294922,0.00976248737424612,21.10291862487793,4.842141628265381,102.84201049804688,23,6097.56640625,77.38829040527344,0.8100977540016174,24,0.10048258304595947,NaN,0.8100977540016174,25.491525650024414,80.42107391357422,40,0.6534114480018616,0.5792583227157593,0.0391918420791626,0,0,1746515150.753275,0.8125077486038208,0.9929401874542236,1.0050665140151978,0.8100977540016174,500,69.52999877929688,0.01083784643560648,1.0050665140151978,6345.597490798,94.5250015258789,480000.0,0.17547038197517395,0.8125077486038208,0.0002280000044265762
24.406692504882812,-0.5885334014892578,1.0040833950042725,-25.30001449584961,246.2907257080078,0.836764931678772,144.9036865234375,0.006776518654078245,16.502099990844727,4.325908660888672,101.386962890625,24,6344.306640625,52.08827590942383,0.833755373954773,25,0.019649438560009003,NaN,0.833755373954773,19.611352920532227,81.20484161376953,40,0.6417427659034729,0.4273708164691925,0.14016729593276978,0,0,1746515397.1658375,0.836764931678772,0.9749561548233032,1.0040833950042725,0.833755373954773,500,71.3499984741211,0.009564489126205444,1.0040833950042725,6587.667298538,78.25,500000.0,-0.15188750624656677,0.836764931678772,0.00022499999613501132
22.62139892578125,-0.674648106098175,1.00592041015625,-19.89046859741211,241.97955322265625,0.8598483800888062,144.0924835205078,0.006757287308573723,12.737198829650879,4.057911396026611,97.88701629638672,25,6586.40380859375,32.19780731201172,0.8559861779212952,26,0.11400551348924637,NaN,0.8559861779212952,15.15920352935791,82.651611328125,40,0.6330686211585999,0.36026665568351746,-0.08611470460891724,0,0,1746515639.2356298,0.8598483800888062,0.9610846638679504,1.00592041015625,0.8559861779212952,500,59.70000076293945,0.009772743098437786,1.00592041015625,6834.965207425,43.82500076293945,520000.0,-0.06710416078567505,0.8598483800888062,0.00022200000239536166
20.445829391479492,-0.6441722512245178,1.0053699016571045,-2.952676773071289,247.2012176513672,0.8816038966178894,148.5708770751953,0.007621229160577059,11.181853294372559,4.145475387573242,98.63024139404297,26,6833.693359375,29.24513053894043,0.876880407333374,27,-0.1405101865530014,NaN,0.876880407333374,14.285018920898438,80.90575408935547,40,0.6248749494552612,0.37148475646972656,0.030475854873657227,0,0,1746515886.533649,0.8816038966178894,0.9477378129959106,1.0053699016571045,0.876880407333374,500,42.970001220703125,0.009838277474045753,1.0053699016571045,7083.980754122,40.75,540000.0,0.011218100786209106,0.8816038966178894,0.00021899999410379678
21.297901153564453,-0.5475553274154663,1.0032321214675903,19.808382034301758,248.91091918945312,0.9022219777107239,145.25668334960938,0.009358922019600868,14.707006454467773,4.47275447845459,103.65412139892578,27,7082.7001953125,49.05351257324219,0.8970797657966614,28,-0.031816449016332626,NaN,0.8970797657966614,17.980228424072266,80.35002899169922,40,0.6148057579994202,0.5252040028572083,0.09661692380905151,0,0,1746516135.5490735,0.9022219777107239,0.9313308596611023,1.0032321214675903,0.8970797657966614,500,46.689998626708984,0.010179438628256321,1.0032321214675903,7328.483545308,74.1500015258789,560000.0,0.1537192463874817,0.9022219777107239,0.00021600000036414713
19.652896881103516,-0.5432412028312683,1.0077041387557983,-39.494811058044434,244.38800048828125,0.9217295050621033,151.2904815673828,0.0072280727326869965,5.0550384521484375,3.2906031608581543,93.09742736816406,28,7327.1982421875,9.558701515197754,0.9156543016433716,29,-0.14889994263648987,NaN,0.9156543016433716,7.005440711975098,81.83708190917969,40,0.6051657795906067,0.1788889467716217,0.004314124584197998,0,0,1746516380.0516257,0.9217295050621033,0.9153552055358887,1.0077041387557983,0.9156543016433716,500,41.689998626708984,0.009957753121852875,1.0077041387557983,7578.341555211,10.449999809265137,580000.0,-0.34631505608558655,0.9217295050621033,0.00021300000662449747
18.46881866455078,-0.43370214104652405,1.0047123432159424,14.509867668151855,249.7471160888672,0.9400846362113953,148.2539520263672,0.008667267858982086,8.472126007080078,3.80326247215271,101.49310302734375,29,7577.06005859375,24.06856918334961,0.933280348777771,30,-0.4948354959487915,NaN,0.933280348777771,10.62519359588623,80.08100891113281,40,0.5984960198402405,0.3204212486743927,0.10953906178474426,0,0,1746516629.91028,0.9400846362113953,0.9040187001228333,1.0047123432159424,0.933280348777771,500,33.040000915527344,0.009573240764439106,1.0047123432159424,7826.22567243,43.099998474121094,600000.0,0.141532301902771,0.9400846362113953,0.0002099999983329326
19.541481018066406,-0.4339417815208435,1.0054184198379517,-0.5966796875,247.7686004638672,0.9573394656181335,149.89419555664062,0.006733552552759647,10.03995132446289,4.161873817443848,97.87432861328125,30,7824.93359375,23.47188949584961,0.9501771330833435,31,0.01066221296787262,NaN,0.9501771330833435,12.040115356445312,80.72047424316406,40,0.5937371253967285,0.3213639557361603,-0.000239640474319458,0,0,1746516877.7939434,0.9573394656181335,0.8962098360061646,1.0054184198379517,0.9501771330833435,500,29.799999237060547,0.009738007560372353,1.0054184198379517,8076.679806059,50.92499923706055,620000.0,0.0009427070617675781,0.9573394656181335,0.00020700000459328294
20.864744186401367,-0.45594221353530884,1.0050604343414307,-7.148487091064453,250.3521728515625,0.9737209677696228,153.24742126464844,0.004983739461749792,7.405584335327148,4.083140850067139,97.10469055175781,31,8075.40771484375,16.323402404785156,0.9661003947257996,32,0.12366549670696259,NaN,0.9661003947257996,9.155662536621094,79.88745880126953,40,0.5963757038116455,0.3206230700016022,-0.022000432014465332,0,0,1746517128.2481894,0.9737209677696228,0.9004173874855042,1.0050604343414307,0.9661003947257996,500,36.720001220703125,0.009196480736136436,1.0050604343414307,8322.553397366,31.600000381469727,640000.0,-0.0007408857345581055,0.9737209677696228,0.00020399999630171806
21.953998565673828,-0.42024943232536316,1.0056068897247314,21.62995147705078,245.76405334472656,0.9893772006034851,144.0126190185547,0.007228108122944832,9.694984436035156,4.447630882263184,101.75137329101562,32,8321.2705078125,37.95335388183594,0.9815585613250732,33,0.11481467634439468,NaN,0.9815585613250732,12.814498901367188,81.37886810302734,40,0.5918464660644531,0.5137150287628174,0.03569278120994568,0,0,1746517374.1220126,0.9893772006034851,0.8925642967224121,1.0056068897247314,0.9815585613250732,500,40.2400016784668,0.01015454065054655,1.0056068897247314,8562.471852364,56.57500076293945,660000.0,0.1930919587612152,0.9893772006034851,0.0002010000025620684
21.015039443969727,-0.5145132541656494,1.0046799182891846,-24.168143272399902,239.82025146484375,1.004055142402649,147.4090576171875,0.006108502857387066,5.4331955909729,4.442963123321533,92.4111328125,33,8561.1982421875,13.785210609436035,0.9958981275558472,34,0.15393273532390594,NaN,0.9958981275558472,7.605777263641357,83.39579772949219,40,0.5911835432052612,0.3467599153518677,-0.09426382184028625,0,0,1746517614.0404954,1.004055142402649,0.8917707800865173,1.0046799182891846,0.9958981275558472,500,22.479999542236328,0.008812285028398037,1.0046799182891846,8805.086418798,15.024999618530273,680000.0,-0.1669551134109497,1.004055142402649,0.00019799999427050352
20.5985050201416,-0.37908294796943665,1.0043483972549438,-2.602262496948242,242.53567504882812,1.0177547931671143,146.8699951171875,0.00868816114962101,3.965395212173462,3.8504903316497803,95.66556549072266,34,8803.8310546875,11.182948112487793,1.0092958211898804,35,-0.11805027723312378,NaN,1.0092958211898804,5.663913726806641,82.46209716796875,40,0.5877941846847534,0.2765139937400818,0.13543030619621277,0,0,1746517856.6551642,1.0177547931671143,0.8860118389129639,1.0043483972549438,1.0092958211898804,500,17.6200008392334,0.008669808506965637,1.0043483972549438,9044.728525394,19.350000381469727,700000.0,-0.07024592161178589,1.0177547931671143,0.00019500000053085387
19.32744598388672,-0.3325616717338562,1.0055872201919556,-2.3491573333740234,239.56471252441406,1.0304402112960815,145.3963623046875,0.006237848196178675,3.321223735809326,3.7327284812927246,94.16825103759766,35,9043.4716796875,8.83379077911377,1.021837830543518,36,0.23168443143367767,NaN,1.021837830543518,4.962422847747803,83.48474884033203,40,0.5899485349655151,0.2543421685695648,0.046521276235580444,0,0,1746518096.2972713,1.0304402112960815,0.8896913528442383,1.0055872201919556,1.021837830543518,500,10.989999771118164,0.009234544821083546,1.0055872201919556,9290.981624387,19.325000762939453,720000.0,-0.022171825170516968,1.0304402112960815,0.00019200000679120421
18.77069854736328,-0.3428751826286316,1.0037342309951782,7.494467735290527,246.1673583984375,1.042279839515686,148.5190887451172,0.006608654744923115,4.659449100494385,4.102103233337402,97.64820098876953,36,9289.716796875,16.328258514404297,1.0338139533996582,37,0.23225638270378113,NaN,1.0338139533996582,7.244045257568359,81.24553680419922,40,0.5942923426628113,0.3677217960357666,-0.01031351089477539,0,0,1746518342.5501409,1.042279839515686,0.8964837789535522,1.0037342309951782,1.0338139533996582,500,14.979999542236328,0.009880869649350643,1.0037342309951782,9539.512666344,31.200000762939453,740000.0,0.11337962746620178,1.042279839515686,0.00018899999849963933
21.87051010131836,-0.25758713483810425,1.0048342943191528,9.156665802001953,248.4294891357422,1.0535796880722046,149.32147216796875,0.00801493413746357,6.969974994659424,4.9060163497924805,99.10789489746094,37,9538.2373046875,25.48492431640625,1.0458391904830933,38,0.06807620823383331,NaN,1.0458391904830933,10.428648948669434,80.50574493408203,40,0.5867262482643127,0.5637322068214417,0.08528804779052734,0,0,1746518591.0810437,1.0535796880722046,0.8834456205368042,1.0048342943191528,1.0458391904830933,500,26.760000228881836,0.010453613474965096,1.0048342943191528,9775.532379289,62.70000076293945,760000.0,0.19601041078567505,1.0535796880722046,0.00018600000475998968
22.212106704711914,-0.30266183614730835,1.0046457052230835,-13.843873023986816,235.91949462890625,1.0644066333770752,140.6661834716797,0.005911230109632015,3.713799238204956,4.012685775756836,95.25321197509766,38,9774.259765625,11.641051292419434,1.0572235584259033,39,0.2655063569545746,NaN,1.0572235584259033,5.405503749847412,84.7746810913086,40,0.591786801815033,0.3537200391292572,-0.0450747013092041,0,0,1746518827.1008976,1.0644066333770752,0.8919293880462646,1.0046457052230835,1.0572235584259033,500,27.469999313354492,0.00927781593054533,1.0046457052230835,10015.630047572,24.0,780000.0,-0.21001216769218445,1.0644066333770752,0.0001829999964684248
21.722227096557617,-0.24808090925216675,1.0043871402740479,4.676072120666504,240.001953125,1.07479989528656,144.12539672851562,0.006603207439184189,3.938295364379883,4.253063201904297,95.87651062011719,39,10014.3603515625,16.317123413085938,1.0682884454727173,40,-0.01210794597864151,NaN,1.0682884454727173,6.181075572967529,83.33265686035156,40,0.5882635116577148,0.3498518764972687,0.0545809268951416,0,0,1746519067.1987154,1.07479989528656,0.8855476379394531,1.0043871402740479,1.0682884454727173,500,27.06999969482422,0.009795472025871277,1.0043871402740479,10256.080770889,38.224998474121094,800000.0,-0.0038681626319885254,1.07479989528656,0.00018000000272877514
20.107938766479492,-0.27548182010650635,1.0027295351028442,-4.137343406677246,240.37596130371094,1.0846879482269287,147.68919372558594,0.008553115651011467,3.8407464027404785,4.034090518951416,92.68669891357422,40,10254.8291015625,12.179780006408691,1.0788769721984863,41,0.08910845220088959,NaN,1.0788769721984863,4.989433288574219,83.20299530029297,40,0.5851802229881287,0.28994861245155334,-0.0274009108543396,0,0,1746519307.6496875,1.0846879482269287,0.8803547024726868,1.0027295351028442,1.0788769721984863,500,21.329999923706055,0.00963226705789566,1.0027295351028442,10496.007805947,27.850000381469727,820000.0,-0.05990326404571533,1.0846879482269287,0.00017699999443721026
21.846776962280273,-0.3177405595779419,1.0031225681304932,1.8111982345581055,239.77899169921875,1.0941733121871948,140.57119750976562,0.0071497708559036255,4.721301078796387,4.565748691558838,99.20773315429688,41,10494.6748046875,13.990978240966797,1.0890395641326904,42,0.02828276716172695,NaN,1.0890395641326904,6.171207904815674,83.41014099121094,40,0.5842254161834717,0.35501834750175476,-0.04225873947143555,0,0,1746519547.5759299,1.0941733121871948,0.8786092400550842,1.0031225681304932,1.0890395641326904,500,23.969999313354492,0.009450123645365238,1.0031225681304932,10738.35881468,28.024999618530273,840000.0,0.06506973505020142,1.0941733121871948,0.0001740000006975606
22.255565643310547,-0.3365982472896576,1.0032635927200317,3.905672073364258,242.2478790283203,1.1032819747924805,146.3583984375,0.006573991384357214,5.458462715148926,4.591488838195801,95.88935089111328,42,10737.0859375,17.896650314331055,1.0988805294036865,43,0.04353531450033188,NaN,1.0988805294036865,7.465639114379883,82.56006622314453,40,0.5872365832328796,0.4078642725944519,-0.018857687711715698,0,0,1746519789.9274874,1.1032819747924805,0.8838890790939331,1.0032635927200317,1.0988805294036865,500,23.270000457763672,0.009933379478752613,1.0032635927200317,10978.951920448,31.274999618530273,860000.0,0.052845925092697144,1.1032819747924805,0.00017100000695791095
22.062355041503906,-0.24692320823669434,1.0032892227172852,-7.97206974029541,240.50953674316406,1.1119097471237183,146.77171325683594,0.0056503284722566605,2.7929916381835938,4.3744049072265625,93.73776245117188,43,10977.6884765625,9.924580574035645,1.1082773208618164,44,0.05383002385497093,NaN,1.1082773208618164,4.468959331512451,83.15678405761719,40,0.5929489135742188,0.32049688696861267,0.08967503905296326,0,0,1746520030.5208285,1.1119097471237183,0.8931936621665955,1.0032892227172852,1.1082773208618164,500,16.420000076293945,0.009051522240042686,1.0032892227172852,11219.83288733,23.100000381469727,880000.0,-0.08736738562583923,1.1119097471237183,0.00016799999866634607
22.927358627319336,-0.20304830372333527,1.0019567012786865,10.300553321838379,240.78794860839844,1.1202630996704102,142.73419189453125,0.007596093695610762,6.429222583770752,5.08301305770874,98.05368041992188,44,11218.5556640625,20.225133895874023,1.1179494857788086,45,0.031766168773174286,NaN,1.1179494857788086,8.839856147766113,83.06063842773438,40,0.593788743019104,0.44838225841522217,0.04387490451335907,0,0,1746520271.4010632,1.1202630996704102,0.8943762183189392,1.0019567012786865,1.1179494857788086,500,24.079999923706055,0.01026060152798891,1.0019567012786865,11455.960007699,58.20000076293945,900000.0,0.1278853714466095,1.1202630996704102,0.00016500000492669642
24.413118362426758,-0.2841159701347351,1.002811074256897,-5.764318466186523,236.024169921875,1.128385305404663,142.07505798339844,0.005465983413159847,3.9364070892333984,4.739152908325195,93.94898223876953,45,11454.685546875,14.4608154296875,1.1273752450942993,46,0.211362823843956,NaN,1.1273752450942993,6.494165420532227,84.7370834350586,40,0.5921775698661804,0.35843968391418457,-0.08106766641139984,0,0,1746520507.5287294,1.128385305404663,0.8918112516403198,1.002811074256897,1.1273752450942993,500,24.760000228881836,0.009198379702866077,1.002811074256897,11699.301768152,32.125,920000.0,-0.0899425745010376,1.128385305404663,0.00016199999663513154
22.65109634399414,-0.2582659423351288,1.0036957263946533,-4.808840751647949,243.24346923828125,1.1361479759216309,148.76443481445312,0.007337701041251421,3.0579988956451416,4.2390265464782715,94.47896575927734,46,11698.0224609375,9.65197467803955,1.1364256143569946,47,0.12971268594264984,NaN,1.1364256143569946,4.503382682800293,82.2221450805664,40,0.5911920666694641,0.29484885931015015,0.025850027799606323,0,0,1746520750.8702881,1.1361479759216309,0.8900456428527832,1.0036957263946533,1.1364256143569946,500,17.579999923706055,0.010134726762771606,1.0036957263946533,11937.639420304,24.200000762939453,940000.0,-0.06359082460403442,1.1361479759216309,0.00015900000289548188
22.346601486206055,-0.2646303176879883,1.0041706562042236,-0.20804786682128906,238.24649047851562,1.143559455871582,144.3522186279297,0.005381439812481403,2.7276406288146973,4.534420013427734,93.89422607421875,47,11936.3720703125,9.443926811218262,1.145089864730835,48,0.2239025980234146,NaN,1.145089864730835,4.184413433074951,83.94667053222656,40,0.5980513691902161,0.30317389965057373,-0.006364375352859497,0,0,1746520989.208132,1.143559455871582,0.9013051390647888,1.0041706562042236,1.145089864730835,500,16.329999923706055,0.009323341771960258,1.0041706562042236,12178.44765715,21.774999618530273,960000.0,0.008325040340423584,1.143559455871582,0.000155999994603917
21.440752029418945,-0.2524394989013672,1.0043532848358154,2.2301511764526367,240.71177673339844,1.1505213975906372,145.8451690673828,0.005665160715579987,2.76082181930542,4.655582427978516,94.8664779663086,48,12177.173828125,11.674077987670898,1.153505563735962,49,0.18954268097877502,NaN,1.153505563735962,5.134294033050537,83.08692169189453,40,0.5998561382293701,0.2931944727897644,0.012190818786621094,0,0,1746521230.0159059,1.1505213975906372,0.9041551351547241,1.0043532848358154,1.153505563735962,500,10.260000228881836,0.00909141730517149,1.0043532848358154,12417.858085143,26.700000762939453,980000.0,-0.009979426860809326,1.1505213975906372,0.00015300000086426735
21.878286361694336,-0.27086561918258667,1.004072666168213,-3.2665414810180664,239.30921936035156,1.1570547819137573,145.3389892578125,0.007963594049215317,2.125875473022461,4.442338466644287,93.97013854980469,49,12416.5830078125,8.407536506652832,1.1614835262298584,50,0.13710059225559235,NaN,1.1614835262298584,3.767171859741211,83.57388305664062,40,0.6063412427902222,0.28968462347984314,-0.018426120281219482,0,0,1746521469.4271646,1.1570547819137573,0.9147557616233826,1.004072666168213,1.1614835262298584,500,9.300000190734863,0.00944050308316946,1.004072666168213,12662.609384232,16.100000381469727,1000000.0,-0.0035098493099212646,1.1570547819137573,0.0001500000071246177
22.44109344482422,-0.266520231962204,1.0030709505081177,7.168663024902344,244.64808654785156,1.1632590293884277,149.1637420654297,0.006411315873265266,3.1817243099212646,4.7214508056640625,95.48428344726562,50,12661.328125,15.576199531555176,1.1694481372833252,51,-0.16390080749988556,NaN,1.1694481372833252,5.9983439445495605,81.75007629394531,40,0.6028643846511841,0.30537691712379456,0.00434538722038269,0,0,1746521714.1777248,1.1632590293884277,0.9089275598526001,1.0030708312988281,1.1694481372833252,500,11.949999809265137,0.00961441919207573,1.0030709505081177,12902.10341296,34.70000076293945,1020000.0,0.015692293643951416,1.1632590293884277,0.00014699999883305281
21.982152938842773,-0.27010685205459595,1.0048673152923584,-8.945769309997559,239.39024353027344,1.16916024684906,147.61322021484375,0.006013010162860155,1.8354105949401855,4.288795471191406,91.77696228027344,51,12900.8291015625,6.630430221557617,1.1769849061965942,52,-0.004831388592720032,NaN,1.1769849061965942,3.463252305984497,83.54559326171875,40,0.6039873361587524,0.2285361886024475,-0.0035866200923919678,0,0,1746521953.6716812,1.16916024684906,0.9115214943885803,1.0048673152923584,1.1769849061965942,500,11.699999809265137,0.009380641393363476,1.0048673152923584,13142.178452268,14.399999618530273,1040000.0,-0.07684072852134705,1.16916024684906,0.00014400000509340316
22.399473190307617,-0.2527501583099365,1.0026464462280273,0.5241484642028809,239.9820098876953,1.174819827079773,146.83380126953125,0.007461676374077797,2.07180118560791,4.328935146331787,93.14813995361328,52,13140.9150390625,7.154578685760498,1.1842210292816162,53,0.15625670552253723,NaN,1.1842210292816162,3.55141019821167,83.33958435058594,40,0.6069060564041138,0.26762571930885315,0.017356693744659424,0,0,1746522193.7471156,1.174819827079773,0.916050136089325,1.0026464462280273,1.1842210292816162,500,13.100000381469727,0.009138544090092182,1.0026464462280273,13379.885143888,18.5,1060000.0,0.03908953070640564,1.174819827079773,0.00014099999680183828
21.047687530517578,-0.27223852276802063,1.0046571493148804,-1.0574312210083008,237.61569213867188,1.1801183223724365,144.719970703125,0.005662105977535248,1.6232261657714844,4.246671199798584,92.89559936523438,53,13378.6171875,6.097147464752197,1.1910748481750488,54,-0.02182694524526596,NaN,1.1910748481750488,3.339460611343384,84.16952514648438,40,0.6058661937713623,0.2578766345977783,-0.019488364458084106,0,0,1746522431.4537637,1.1801183223724365,0.9141958355903625,1.0046571493148804,1.1910748481750488,500,6.849999904632568,0.009617798961699009,1.0046571493148804,13611.849096671,13.225000381469727,1080000.0,-0.009749084711074829,1.1801183223724365,0.00013800000306218863
23.4263916015625,-0.3088133931159973,1.0067466497421265,1.342757225036621,231.89419555664062,1.1851577758789062,138.2668914794922,0.006454857531934977,2.218778610229492,4.8991522789001465,93.62725830078125,54,13610.599609375,7.439904689788818,1.1976985931396484,55,-0.016940170899033546,NaN,1.1976985931396484,4.676400184631348,86.24623107910156,40,0.6091625094413757,0.35725268721580505,-0.036574870347976685,0,0,1746522663.4177353,1.1851577758789062,0.9191407561302185,1.0067466497421265,1.1976985931396484,500,9.789999961853027,0.009594136849045753,1.0067466497421265,13854.019639289,18.625,1100000.0,0.09937605261802673,1.1851577758789062,0.00013499999477062374
23.548301696777344,-0.2798956632614136,1.0059818029403687,0.4896707534790039,242.07261657714844,1.1899702548980713,147.72251892089844,0.006173213478177786,2.2731966972351074,4.583778381347656,94.35004425048828,55,13852.7421875,7.929575443267822,1.2042008638381958,56,0.11074459552764893,NaN,1.2042008638381958,4.497934341430664,82.61983489990234,40,0.6099326610565186,0.2945476770401001,0.02891772985458374,0,0,1746522905.5880597,1.1899702548980713,0.9196394681930542,1.0059818029403687,1.2042008638381958,500,10.079999923706055,0.009229387156665325,1.0059818029403687,14093.585817213,22.549999237060547,1120000.0,-0.06270501017570496,1.1899702548980713,0.0001320000010309741
22.704111099243164,-0.2783995270729065,1.0047539472579956,-2.9308910369873047,239.47030639648438,1.19451105594635,145.6875762939453,0.006281813606619835,1.2378305196762085,4.19978666305542,93.78266906738281,56,14092.3173828125,4.998684406280518,1.210283875465393,57,0.20205704867839813,NaN,1.210283875465393,2.561492443084717,83.51766204833984,40,0.6129111647605896,0.21338260173797607,0.00149613618850708,0,0,1746523145.154389,1.19451105594635,0.9243482947349548,1.0047539472579956,1.210283875465393,500,7.239999771118164,0.008939272724092007,1.0047539472579956,14329.372773461,8.199999809265137,1140000.0,-0.08116507530212402,1.19451105594635,0.0001289999927394092
21.09882164001465,-0.26736727356910706,1.004507303237915,-0.7487359046936035,235.71507263183594,1.1988117694854736,141.30746459960938,0.0048059942200779915,1.1864043474197388,4.166429042816162,94.40755462646484,57,14328.123046875,4.249948501586914,1.2160452604293823,58,0.09107943624258041,NaN,1.2160452604293823,2.2487294673919678,84.84820556640625,40,0.6150115132331848,0.22494234144687653,0.011032253503799438,0,0,1746523380.9418924,1.1988117694854736,0.9278756380081177,1.004507303237915,1.2160452604293823,500,7.480000019073486,0.008319234475493431,1.004507303237915,14568.949261304,10.850000381469727,1160000.0,0.011559739708900452,1.1988117694854736,0.00012599999899975955
20.5393123626709,-0.2554900646209717,1.0046039819717407,0.5348501205444336,239.46356201171875,1.2028634548187256,146.39788818359375,0.00900780875235796,1.1501691341400146,4.219571113586426,93.06560516357422,58,14567.6513671875,4.784798622131348,1.2215311527252197,59,-0.01835360750555992,NaN,1.2215311527252197,2.6138100624084473,83.52001190185547,40,0.6091362237930298,0.22408877313137054,0.011877208948135376,0,0,1746523620.5175781,1.2028634548187256,0.9186623096466064,1.0046039819717407,1.2215311527252197,500,6.139999866485596,0.009557532146573067,1.0046039819717407,14806.173981792,11.524999618530273,1180000.0,-0.0008535683155059814,1.2028634548187256,0.0001230000052601099
21.0733699798584,-0.26462095975875854,1.0030618906021118,-0.3142247200012207,237.09893798828125,1.2066290378570557,145.67027282714844,0.005925935693085194,0.9203111529350281,4.4213032722473145,91.42852783203125,59,14804.8779296875,4.470573902130127,1.2266879081726074,60,0.08071527630090714,NaN,1.2266879081726074,2.6712276935577393,84.35297393798828,40,0.6150432825088501,0.2427840530872345,-0.009130895137786865,0,0,1746523857.7422805,1.2066290378570557,0.92840975522995,1.0030618906021118,1.2266879081726074,500,3.630000114440918,0.008365402929484844,1.0030618906021118,15045.962497008,7.925000190734863,1200000.0,0.018695279955863953,1.2066290378570557,0.00011999999696854502
22.0916748046875,-0.28135907649993896,1.0052070617675781,2.931349754333496,239.6919403076172,1.2101675271987915,143.9895782470703,0.0061386339366436005,1.6061840057373047,4.436750888824463,95.70228576660156,60,15044.6962890625,7.401923656463623,1.2318016290664673,61,0.06797224283218384,NaN,1.2318016290664673,3.8118104934692383,83.44043731689453,40,0.6065683364868164,0.23230460286140442,-0.01673811674118042,0,0,1746524097.5311863,1.2101675271987915,0.9148045778274536,1.0052070617675781,1.2318016290664673,500,4.949999809265137,0.009015758521854877,1.0052070617675781,15284.18790514,19.225000381469727,1220000.0,-0.010479450225830078,1.2101675271987915,0.00011700000322889537
22.28339385986328,-0.25918859243392944,1.0037081241607666,-3.764793872833252,238.14080810546875,1.2135015726089478,146.82366943359375,0.005939455237239599,0.47753670811653137,4.305134296417236,91.31707763671875,61,15282.9248046875,3.637129783630371,1.2365262508392334,62,0.13511592149734497,NaN,1.2365262508392334,1.5877541303634644,83.98392486572266,40,0.6093645691871643,0.2199726402759552,0.02217048406600952,0,0,1746524335.7564802,1.2135015726089478,0.9196950197219849,1.0037081241607666,1.2365262508392334,500,4.989999771118164,0.008570648729801178,1.0037081241607666,15518.616262384,3.700000047683716,1240000.0,-0.012331962585449219,1.2135015726089478,0.0001140000022132881
21.4642391204834,-0.27269378304481506,1.0042072534561157,0.7763409614562988,234.2808837890625,1.2165992259979248,141.41099548339844,0.006672251503914595,0.8880867958068848,4.56229829788208,92.86982727050781,62,15517.2919921875,4.41347074508667,1.2411291599273682,63,0.17317748069763184,NaN,1.2411291599273682,2.7054734230041504,85.36761474609375,40,0.6053375601768494,0.24684801697731018,-0.01350519061088562,0,0,1746524570.1846464,1.2165992259979248,0.9121426343917847,1.0042072534561157,1.2411291599273682,500,2.9200000762939453,0.009187811054289341,1.0042072534561157,15754.16428417,13.774999618530273,1260000.0,0.02687537670135498,1.2165992259979248,0.00011100000119768083
21.822856903076172,-0.2651166319847107,1.0047142505645752,-1.1762804985046387,235.4660186767578,1.2195030450820923,141.70816040039062,0.004503531381487846,0.5450502634048462,4.554967880249023,93.75779724121094,63,15752.912109375,3.2371902465820312,1.2454496622085571,64,0.06786052882671356,NaN,1.2454496622085571,1.7520644664764404,84.93795013427734,40,0.6031681895256042,0.21187059581279755,0.00757715106010437,0,0,1746524805.7329133,1.2195030450820923,0.9082842469215393,1.0047142505645752,1.2454496622085571,500,3.7300000190734863,0.008445097133517265,1.0047142505645752,15991.017371931,6.25,1280000.0,-0.034977421164512634,1.2195030450820923,0.00010800000018207356
22.680870056152344,-0.2629815936088562,1.0046331882476807,0.33519911766052246,236.77174377441406,1.2222470045089722,144.6226348876953,0.007223086431622505,0.7378028631210327,4.773519992828369,92.14900207519531,64,15989.7607421875,3.5723893642425537,1.2496429681777954,65,0.1004398837685585,NaN,1.2496429681777954,2.204056739807129,84.46953582763672,40,0.598673939704895,0.25564828515052795,0.002135038375854492,0,0,1746525042.5860016,1.2222470045089722,0.9008599519729614,1.0046331882476807,1.2496429681777954,500,4.349999904632568,0.009627156890928745,1.0046331882476807,16230.451840803,11.75,1300000.0,0.04377768933773041,1.2222470045089722,0.0001049999991664663
23.269853591918945,-0.26676464080810547,1.0055277347564697,-0.19742584228515625,239.3381805419922,1.2248485088348389,148.254150390625,0.005760380532592535,0.7269439101219177,4.505778789520264,91.08391571044922,65,16229.1787109375,3.3749635219573975,1.2535974979400635,66,-0.21587009727954865,NaN,1.2535974979400635,1.952993392944336,83.56377410888672,40,0.5934091210365295,0.19643093645572662,-0.0037830471992492676,0,0,1746525282.0203469,1.2248485088348389,0.8919588923454285,1.0055277347564697,1.2535974979400635,500,4.420000076293945,0.008593308739364147,1.0055277347564697,16462.75608243,6.425000190734863,1320000.0,-0.05921734869480133,1.2248485088348389,0.00010199999815085903
22.957748413085938,-0.22424724698066711,1.0042775869369507,-1.15814208984375,232.2173309326172,1.2272504568099976,140.58123779296875,0.006262910086661577,0.23009882867336273,4.678154468536377,91.6360092163086,66,16461.4921875,2.2168214321136475,1.2572094202041626,67,0.12837669253349304,NaN,1.2572094202041626,1.1090787649154663,86.12621307373047,40,0.5896148681640625,0.2131192982196808,0.042517393827438354,0,0,1746525514.3251133,1.2272504568099976,0.8857090473175049,1.0042775869369507,1.2572094202041626,500,1.659999966621399,0.008631554432213306,1.0042775869369507,16700.651269651,1.0750000476837158,1340000.0,0.016688361763954163,1.2272504568099976,9.899999713525176e-05
23.608232498168945,-0.2602197229862213,1.0049104690551758,0.5270812511444092,237.79649353027344,1.2294604778289795,146.705810546875,0.006244919262826443,0.32111698389053345,4.843461036682129,91.09064483642578,67,16699.3671875,2.7439026832580566,1.2606316804885864,68,-0.06112420931458473,NaN,1.2606316804885864,1.3505953550338745,84.10552978515625,40,0.5858075618743896,0.24436159431934357,-0.0359724760055542,0,0,1746525752.219737,1.2294604778289795,0.8797786235809326,1.0049104690551758,1.2606316804885864,500,1.2300000190734863,0.009263982065021992,1.0049104690551758,16936.080926982,6.150000095367432,1360000.0,0.03124229609966278,1.2294604778289795,9.600000339560211e-05
24.865629196166992,-0.23362547159194946,1.0035696029663086,-0.024588584899902344,235.35035705566406,1.2314964532852173,145.2942657470703,0.006315690465271473,0.5714458227157593,5.113460063934326,90.05603790283203,68,16934.828125,2.7193140983581543,1.2638298273086548,69,-0.2908188998699188,NaN,1.2638298273086548,1.784913420677185,84.97969055175781,40,0.5923689007759094,0.27255779504776,0.02659425139427185,0,0,1746525987.6497808,1.2314964532852173,0.8901735544204712,1.0035696029663086,1.2638298273086548,500,1.2300000190734863,0.009065662510693073,1.0035696029663086,17177.388810516,3.950000047683716,1380000.0,0.028196200728416443,1.2314964532852173,9.300000237999484e-05
25.736143112182617,-0.22779327630996704,1.0045114755630493,0.17073655128479004,241.0922393798828,1.233407735824585,149.12054443359375,0.006476705893874168,0.4487307667732239,4.933415412902832,91.9715576171875,69,17175.9921875,2.8900506496429443,1.2669250965118408,70,0.13713911175727844,NaN,1.2669250965118408,1.4206591844558716,82.95580291748047,40,0.5892863273620605,0.19933903217315674,0.005832195281982422,0,0,1746526228.956998,1.233407735824585,0.8851874470710754,1.0045114755630493,1.2669250965118408,500,2.490000009536743,0.0087741045281291,1.0045114755630493,17408.536419715,8.074999809265137,1400000.0,-0.07321876287460327,1.233407735824585,9.000000136438757e-05
23.067827224731445,-0.21067948639392853,1.0041784048080444,-0.337355375289917,231.0388946533203,1.2351738214492798,140.83860778808594,0.004896058700978756,0.17220240831375122,4.313547611236572,90.2001953125,70,17407.2578125,2.5526952743530273,1.2697702646255493,71,0.002933323383331299,NaN,1.2697702646255493,0.7556609511375427,86.56550598144531,40,0.597959578037262,0.14653193950653076,0.017113789916038513,0,0,1746526460.1050148,1.2351738214492798,0.8996931910514832,1.0041784048080444,1.2697702646255493,500,1.2599999904632568,0.008622012101113796,1.0041784048080444,17642.587613586,1.600000023841858,1420000.0,-0.05280709266662598,1.2351738214492798,8.70000003487803e-05
22.308238983154297,-0.24209345877170563,1.0040329694747925,0.07081770896911621,233.9547119140625,1.2368311882019043,142.9612274169922,0.0051702349446713924,0.23324669897556305,4.579044342041016,90.99337768554688,71,17641.31640625,2.6235129833221436,1.2725859880447388,72,0.04264770448207855,NaN,1.2725859880447388,1.277313470840454,85.48662567138672,40,0.597183346748352,0.1675664633512497,-0.0314139723777771,0,0,1746526694.1561196,1.2368311882019043,0.898036777973175,1.0040329694747925,1.2725859880447388,500,2.119999885559082,0.008702380582690239,1.0040329694747925,17878.174811338,9.625,1440000.0,0.021034523844718933,1.2368311882019043,8.399999933317304e-05
23.416885375976562,-0.17620480060577393,1.0031100511550903,1.0076014995574951,235.49359130859375,1.2383978366851807,142.78086853027344,0.006318349856883287,0.25133493542671204,4.774322032928467,92.7126693725586,72,17876.90625,3.6311144828796387,1.275347352027893,73,-0.08342823386192322,NaN,1.275347352027893,1.2774816751480103,84.9280014038086,40,0.5952602624893188,0.23752173781394958,0.0658886581659317,0,0,1746526929.7438803,1.2383978366851807,0.8952054977416992,1.0031100511550903,1.275347352027893,500,2.4000000953674316,0.008622840978205204,1.0031100511550903,18115.389464713,8.449999809265137,1460000.0,0.06995527446269989,1.2383978366851807,8.099999831756577e-05
22.183671951293945,-0.24788102507591248,1.0040756464004517,-1.3699829578399658,237.14125061035156,1.2398531436920166,145.88714599609375,0.00489381467923522,0.1980307400226593,4.254212379455566,91.2540512084961,73,18114.130859375,2.261131525039673,1.2779467105865479,74,0.3614969849586487,NaN,1.2779467105865479,0.8421350717544556,84.33792114257812,40,0.5939891934394836,0.13979589939117432,-0.07167622447013855,0,0,1746527166.9582407,1.2398531436920166,0.8936627507209778,1.0040756464004517,1.2779467105865479,500,1.309999942779541,0.008267595432698727,1.0040756464004517,18359.169499894,3.875,1480000.0,-0.09772583842277527,1.2398531436920166,7.79999973019585e-05
21.895225524902344,-0.2255936712026596,1.0044277906417847,0.1350107192993164,243.7035675048828,1.2412331104278564,150.29029846191406,0.004742715507745743,0.36610743403434753,4.610043525695801,93.4131851196289,74,18357.9140625,2.3961422443389893,1.2804673910140991,75,-0.18737784028053284,NaN,1.2804673910140991,1.054275393486023,82.0669174194336,40,0.5931463837623596,0.17598898708820343,0.02228735387325287,0,0,1746527410.7382307,1.2412331104278564,0.8927532434463501,1.0044277906417847,1.2804673910140991,500,2.25,0.008783484809100628,1.0044277906417847,18594.178956563,6.574999809265137,1500000.0,0.036193087697029114,1.2412331104278564,7.500000356230885e-05
23.08810806274414,-0.23854871094226837,1.003541350364685,-0.7094148397445679,234.9095458984375,1.242537260055542,143.39450073242188,0.0045374189503490925,0.35252758860588074,4.779835224151611,91.51465606689453,75,18592.8984375,1.6867274045944214,1.282792091369629,76,0.04456566646695137,NaN,1.282792091369629,0.9863657355308533,85.13915252685547,40,0.6043661236763,0.16227619349956512,-0.012955039739608765,0,0,1746527645.7474496,1.242537260055542,0.9117339849472046,1.003541350364685,1.282792091369629,500,1.9600000381469727,0.008191591128706932,1.003541350364685,18830.970020626,1.600000023841858,1520000.0,-0.013712793588638306,1.242537260055542,7.200000254670158e-05
22.322099685668945,-0.232151597738266,1.0040066242218018,-0.2731966972351074,236.62953186035156,1.24375319480896,145.74746704101562,0.005446301307529211,0.2423735409975052,4.102922439575195,90.88199615478516,76,18829.630859375,1.413530707359314,1.284950613975525,77,0.04581007361412048,NaN,1.284950613975525,0.6938731670379639,84.52030181884766,40,0.6156337261199951,0.13383401930332184,0.00639711320400238,0,0,1746527882.538305,1.24375319480896,0.9306536316871643,1.0040066242218018,1.284950613975525,500,1.2400000095367432,0.008180351927876472,1.0040066242218018,19073.861847849,2.049999952316284,1540000.0,-0.028442174196243286,1.24375319480896,6.900000153109431e-05
22.897871017456055,-0.18257255852222443,1.0028724670410156,1.2323757410049438,242.79026794433594,1.2448740005493164,149.7710723876953,0.006191435735672712,0.3403818607330322,4.824415683746338,93.01910400390625,77,19072.58984375,2.645906448364258,1.2871650457382202,78,0.14382097125053406,NaN,1.2871650457382202,1.197568416595459,82.37562561035156,40,0.6177626848220825,0.21482375264167786,0.049579039216041565,0,0,1746528125.4303849,1.2448740005493164,0.9338370561599731,1.0028724670410156,1.2871650457382202,500,0.6899999976158142,0.008156631141901016,1.0028724670410156,19311.068985942,10.100000381469727,1560000.0,0.08098973333835602,1.2448740005493164,6.600000051548705e-05
23.34079360961914,-0.23353959619998932,1.0034304857254028,-0.9915452003479004,237.115478515625,1.2459139823913574,146.12477111816406,0.004178717732429504,0.2819344103336334,4.935929298400879,90.99058532714844,78,19309.80078125,1.6543612480163574,1.2892621755599976,79,-0.10516606271266937,NaN,1.2892621755599976,0.9855143427848816,84.34709167480469,40,0.6207647919654846,0.20673079788684845,-0.05096703767776489,0,0,1746528362.6374686,1.2459139823913574,0.9383769035339355,1.0034304857254028,1.2892621755599976,500,0.8799999952316284,0.007629495579749346,1.0034304857254028,19548.225738144,3.5250000953674316,1580000.0,-0.008092954754829407,1.2459139823913574,6.299999949987978e-05
24.669605255126953,-0.19181953370571136,1.002884864807129,1.8717379570007324,237.05191040039062,1.2469311952590942,145.29498291015625,0.006153554189950228,0.32911381125450134,4.563099384307861,91.75682067871094,79,19546.947265625,3.52609920501709,1.2914687395095825,80,0.23457838594913483,NaN,1.2914687395095825,1.2440181970596313,84.36970520019531,40,0.6211988925933838,0.18847744166851044,0.041720062494277954,0,0,1746528599.79411,1.2469311952590942,0.9387567639350891,1.002884864807129,1.2914687395095825,500,2.6700000762939453,0.0089119803160429,1.002884864807129,19782.276764035,11.824999809265137,1600000.0,-0.018253356218338013,1.2469311952590942,5.999999848427251e-05
24.001483917236328,-0.21974001824855804,1.002416968345642,-1.4035711288452148,233.96006774902344,1.2479273080825806,143.36846923828125,0.0036972968373447657,0.23763352632522583,4.585202217102051,90.591552734375,80,19781.013671875,2.122528076171875,1.2935844659805298,81,0.3806968629360199,NaN,1.2935844659805298,0.7288052439689636,85.48467254638672,40,0.6227022409439087,0.1633167266845703,-0.02792048454284668,0,0,1746528833.8456166,1.2479273080825806,0.9415721893310547,1.002416968345642,1.2935844659805298,500,2.640000104904175,0.007566484622657299,1.002416968345642,20023.09931097,4.474999904632568,1620000.0,-0.025160714983940125,1.2479273080825806,5.700000110664405e-05
22.949323654174805,-0.21708261966705322,1.0031611919403076,2.652322769165039,240.73287963867188,1.248945713043213,146.9022216796875,0.004499928560107946,0.5988703370094299,4.761098861694336,93.83058166503906,81,20021.830078125,4.774850845336914,1.2959028482437134,82,0.09205614030361176,NaN,1.2959028482437134,1.8362122774124146,83.07963562011719,40,0.6203449368476868,0.1777850240468979,0.0026573985815048218,0,0,1746529074.6676776,1.248945713043213,0.9381862282752991,1.0031611919403076,1.2959028482437134,500,4.079999923706055,0.008174911141395569,1.0031611919403076,20264.03137935,15.300000190734863,1640000.0,0.014468297362327576,1.248945713043213,5.400000009103678e-05
25.133928298950195,-0.16102920472621918,1.001224398612976,-1.0460035800933838,240.8462371826172,1.2500239610671997,147.3447723388672,0.004806810058653355,0.772125780582428,4.997883319854736,93.50141143798828,82,20262.76953125,3.7288472652435303,1.2983866930007935,83,0.04139462485909462,NaN,1.2983866930007935,1.6671680212020874,83.04053497314453,40,0.6255418658256531,0.2094709724187851,0.056053414940834045,0,0,1746529315.6000254,1.2500239610671997,0.9466268420219421,1.001224398612976,1.2983866930007935,500,5.440000057220459,0.007931862026453018,1.001224398612976,20498.960131456,14.524999618530273,1660000.0,0.03168594837188721,1.2500239610671997,5.0999999075429514e-05
24.594409942626953,-0.23248831927776337,1.0028963088989258,-1.4454333782196045,234.8469696044922,1.2511299848556519,144.5552978515625,0.005364003591239452,0.4158007800579071,4.676795482635498,90.29157257080078,83,20497.701171875,2.283413887023926,1.300767183303833,84,0.07621897011995316,NaN,1.300767183303833,1.1407699584960938,85.1618423461914,40,0.6300182342529297,0.17899107933044434,-0.07145911455154419,0,0,1746529550.528877,1.2511299848556519,0.9540576934814453,1.0028963088989258,1.300767183303833,500,4.489999771118164,0.00781779084354639,1.0028963088989258,20734.128804947,4.925000190734863,1680000.0,-0.03047989308834076,1.2511299848556519,4.8000001697801054e-05
23.6798095703125,-0.23809519410133362,1.003466248512268,-0.8887900114059448,235.06491088867188,1.2521555423736572,144.99256896972656,0.0033867971505969763,0.2408287078142166,4.732029438018799,90.07227325439453,84,20732.845703125,1.394623875617981,1.302937626838684,85,-0.11067932099103928,NaN,1.302937626838684,0.5563462972640991,85.08287811279297,40,0.6412761807441711,0.16099445521831512,-0.0056068748235702515,0,0,1746529785.697152,1.2521555423736572,0.9720075130462646,1.0034661293029785,1.302937626838684,500,0.8299999833106995,0.007327293511480093,1.003466248512268,20971.108736823,0.550000011920929,1700000.0,-0.01799662411212921,1.2521555423736572,4.5000000682193786e-05
22.277099609375,-0.24155989289283752,1.0029796361923218,-0.4380050301551819,236.88414001464844,1.2530988454818726,145.7909393310547,0.0027446376625448465,0.18630510568618774,4.364410877227783,91.09310913085938,85,20969.83984375,0.9566188454627991,1.3049265146255493,86,-0.20060065388679504,NaN,1.3049265146255493,0.48492059111595154,84.42945861816406,40,0.6524667739868164,0.10445323586463928,-0.0034646987915039062,0,0,1746530022.6776006,1.2530988454818726,0.9895841479301453,1.0029796361923218,1.3049265146255493,500,0.5,0.006991138216108084,1.0029796361923218,21211.252417417,0.875,1720000.0,-0.05654121935367584,1.2530988454818726,4.199999966658652e-05
23.036802291870117,-0.2079475224018097,1.0031064748764038,1.2402767539024353,240.05621337890625,1.2539684772491455,149.0409393310547,0.0031696928199380636,0.20966362953186035,4.711052417755127,91.01516723632812,86,21209.982421875,2.1968955993652344,1.3069089651107788,87,0.18837423622608185,NaN,1.3069089651107788,0.9667278528213501,83.3138198852539,40,0.657728374004364,0.17084933817386627,0.03361237049102783,0,0,1746530262.821198,1.2539684772491455,0.9979363083839417,1.0031064748764038,1.3069089651107788,500,0.5299999713897705,0.007200208026915789,1.0031064748764038,21448.464477201,6.699999809265137,1740000.0,0.06639610230922699,1.2539684772491455,3.899999865097925e-05
23.316650390625,-0.11093493551015854,1.001969337463379,3.4683961868286133,237.14144897460938,1.2548967599868774,141.9440460205078,0.004686887841671705,0.2864302098751068,4.59527063369751,95.1973648071289,87,21447.212890625,5.665291786193848,1.30928635597229,88,0.0787840187549591,NaN,1.30928635597229,1.5009076595306396,84.33785247802734,40,0.6594105958938599,0.15120163559913635,0.09701258689165115,0,0,1746530500.03339,1.2548967599868774,1.0007983446121216,1.001969337463379,1.30928635597229,500,4.769999980926514,0.008198237046599388,1.001969337463379,21688.254020014,21.375,1760000.0,-0.01964770257472992,1.2548967599868774,3.600000127335079e-05
22.926990509033203,-0.1978723257780075,1.0018647909164429,-2.212528705596924,239.71315002441406,1.2559032440185547,148.6269073486328,0.004432381596416235,0.44348329305648804,4.501516342163086,91.08614349365234,88,21686.99609375,3.452763080596924,1.3117012977600098,89,-0.49125444889068604,NaN,1.3117012977600098,1.1777172088623047,83.43305206298828,40,0.6645444631576538,0.15936478972434998,-0.08693739026784897,0,0,1746530739.8226876,1.2559032440185547,1.0087299346923828,1.0018647909164429,1.3117012977600098,500,5.590000152587891,0.007464220281690359,1.0018647909164429,21924.094089441,9.574999809265137,1780000.0,0.008163154125213623,1.2559032440185547,3.300000025774352e-05
23.541828155517578,-0.24274051189422607,1.002168893814087,-2.152176022529602,235.75823974609375,1.2569485902786255,143.95449829101562,0.0045840926468372345,0.13170047104358673,4.594776630401611,91.80361938476562,89,21922.833984375,1.3005870580673218,1.3139212131500244,90,0.3214406371116638,NaN,1.3139212131500244,0.4042151868343353,84.8326644897461,40,0.6684272289276123,0.15112872421741486,-0.04486818611621857,0,0,1746530975.6627228,1.2569485902786255,1.015026330947876,1.002168893814087,1.3139212131500244,500,4.489999771118164,0.007645084988325834,1.002168893814087,22157.647522518,1.225000023841858,1800000.0,-0.00823606550693512,1.2569485902786255,2.9999999242136255e-05
23.972557067871094,-0.23924723267555237,1.0022815465927124,1.709023356437683,233.4796905517578,1.2579865455627441,141.48704528808594,0.005241058766841888,0.36012545228004456,4.65584135055542,91.99252319335938,90,22156.39453125,3.009610414505005,1.316135287284851,91,-0.20896823704242706,NaN,1.316135287284851,1.0928889513015747,85.66056060791016,40,0.6696167588233948,0.15096287429332733,0.003493279218673706,0,0,1746531209.2160413,1.2579865455627441,1.0172845125198364,1.0022815465927124,1.316135287284851,500,3.049999952316284,0.007870330475270748,1.0022815465927124,22394.298183132,7.375,1820000.0,-0.00016584992408752441,1.2579865455627441,2.700000004551839e-05
23.974720001220703,-0.2516725957393646,1.0030359029769897,-1.8489210605621338,236.57908630371094,1.2589775323867798,145.33514404296875,0.003014120040461421,0.22797173261642456,4.7689619064331055,91.24383544921875,91,22393.048828125,1.160689353942871,1.3181428909301758,92,0.14421212673187256,NaN,1.3181428909301758,0.47387173771858215,84.538330078125,40,0.6763527989387512,0.17377614974975586,-0.012425363063812256,0,0,1746531445.8671699,1.2589775323867798,1.0271732807159424,1.0030359029769897,1.3181428909301758,500,1.7000000476837158,0.006459745112806559,1.0030359029769897,22626.488605967,0.125,1840000.0,0.022813275456428528,1.2589775323867798,2.4000000848900527e-05
24.7165584564209,-0.2168852835893631,1.0025922060012817,0.5899982452392578,232.1138458251953,1.2599343061447144,141.51927185058594,0.003555652918294072,0.3612310588359833,4.750030517578125,90.5944595336914,92,22625.2265625,1.750687599182129,1.320130467414856,93,0.013394579291343689,NaN,1.320130467414856,0.7290961742401123,86.16461181640625,40,0.6830764412879944,0.18274182081222534,0.034787312150001526,0,0,1746531678.0570621,1.2599343061447144,1.03692626953125,1.0025922060012817,1.320130467414856,500,1.9700000286102295,0.00680280989035964,1.0025922060012817,22858.09742988,6.074999809265137,1860000.0,0.008965671062469482,1.2599343061447144,2.099999983329326e-05
25.014101028442383,-0.2299214005470276,1.0018749237060547,0.3899047374725342,231.47364807128906,1.2608424425125122,140.6091766357422,0.0037452983669936657,0.27965787053108215,5.046015739440918,90.86437225341797,93,22856.78515625,2.140592336654663,1.3220824003219604,94,-0.24549521505832672,NaN,1.3220824003219604,0.9385215640068054,86.40292358398438,40,0.6834543347358704,0.22467604279518127,-0.01303611695766449,0,0,1746531909.6655316,1.2608424425125122,1.0374853610992432,1.0018749237060547,1.3220824003219604,500,1.3799999952316284,0.006969005800783634,1.0018749237060547,23093.436375522,5.425000190734863,1880000.0,0.04193422198295593,1.2608424425125122,1.8000000636675395e-05
25.741443634033203,-0.21058087050914764,1.0013337135314941,-0.3531705141067505,235.23899841308594,1.2617160081863403,144.29934692382812,0.0031096828170120716,0.3445909321308136,4.927945613861084,90.93952178955078,94,23092.16796875,1.7874218225479126,1.3240141868591309,95,-0.021265335381031036,NaN,1.3240141868591309,0.8146430253982544,85.0199203491211,40,0.6900660991668701,0.20499053597450256,0.019340530037879944,0,0,1746532145.0047095,1.2617160081863403,1.0471426248550415,1.0013337135314941,1.3240141868591309,500,1.6799999475479126,0.0066589065827429295,1.0013337135314941,23332.765028746,5.824999809265137,1900000.0,-0.01968550682067871,1.2617160081863403,1.4999999621068127e-05
24.68816566467285,-0.23338481783866882,1.0012743473052979,1.9435805082321167,239.23512268066406,1.262581706047058,146.39918518066406,0.0030536421108990908,0.45243680477142334,4.673172473907471,92.83583068847656,95,23331.49609375,3.7310023307800293,1.326093316078186,96,-0.025782965123653412,NaN,1.326093316078186,1.7596898078918457,83.59976959228516,40,0.6964532136917114,0.17701546847820282,-0.02280394732952118,0,0,1746532384.3335853,1.262581706047058,1.056457281112671,1.0012743473052979,1.326093316078186,500,2.430000066757202,0.00649995356798172,1.0012743473052979,23568.288678937,11.600000381469727,1920000.0,-0.027975067496299744,1.262581706047058,1.2000000424450263e-05
24.526649475097656,-0.23489685356616974,1.001758337020874,-2.224794030189514,235.45162963867188,1.2634224891662598,143.6976776123047,0.0024215157609432936,0.31606045365333557,5.031204700469971,91.75389099121094,96,23567.041015625,1.5062083005905151,1.3280822038650513,97,0.020210500806570053,NaN,1.3280822038650513,1.143794298171997,84.9431381225586,40,0.7010837197303772,0.2195238471031189,-0.0015120357275009155,0,0,1746532619.8577845,1.2634224891662598,1.063164234161377,1.001758337020874,1.3280822038650513,500,1.850000023841858,0.006042277440428734,1.001758337020874,23802.729107756,3.75,1940000.0,0.04250837862491608,1.2634224891662598,9.000000318337698e-06
26.0148868560791,-0.2273540496826172,1.0018457174301147,0.6232467889785767,234.35000610351562,1.264262080192566,141.54852294921875,0.0036858366802334785,0.2254403829574585,5.009557247161865,92.80138397216797,97,23801.453125,2.129455089569092,1.3301291465759277,98,-0.019045084714889526,NaN,1.3301291465759277,1.2824718952178955,85.34243774414062,40,0.7038525938987732,0.19552350044250488,0.007542803883552551,0,0,1746532854.2976549,1.264262080192566,1.067097783088684,1.0018457174301147,1.3301291465759277,500,2.5199999809265137,0.006867814343422651,1.0018457174301147,24041.393855503,8.574999809265137,1960000.0,-0.024000346660614014,1.264262080192566,6.000000212225132e-06
26.109943389892578,-0.23064284026622772,1.0014708042144775,-0.32954418659210205,238.56423950195312,1.265058159828186,145.99505615234375,0.002587325870990753,0.4695430099964142,4.782138824462891,92.5690689086914,98,24040.119140625,1.7999109029769897,1.3321131467819214,99,0.08863569051027298,NaN,1.3321131467819214,1.2846578359603882,83.8348617553711,40,0.7059489488601685,0.18940018117427826,-0.0032887905836105347,0,0,1746533092.962385,1.265058159828186,1.0700271129608154,1.0014708042144775,1.3321131467819214,500,1.159999966621399,0.0061459909193217754,1.0014708042144775,24281.477299864,4.550000190734863,1980000.0,-0.0061233192682266235,1.265058159828186,3.000000106112566e-06
24.5961856842041,-0.20533205568790436,1.0009381771087646,0.10415148735046387,239.9873504638672,1.265799641609192,148.02569580078125,0.0021191679406911135,0.26216283440589905,4.810241222381592,91.96160888671875,99,24280.205078125,1.9040623903274536,1.3340795040130615,100,0.20466214418411255,NaN,1.3340795040130615,0.7831711173057556,83.33772277832031,40,0.7092284560203552,0.186292827129364,0.025310784578323364,0,0,1746533333.045883,1.265799641609192,1.0746772289276123,1.0009381771087646,1.3340795040130615,500,0.6700000166893005,0.005160223226994276,1.0009381771087646,24282.189530458,5.875,2000000.0,-0.0031073540449142456,1.265799641609192,0.0
