Metrics/LagrangeMultiplier/Min,Time/Update,Loss/Loss_pi,Train/StopIter,Train/Epoch,Train/PolicyRatio/Max,Misc/Alpha,Misc/FinalStepNorm,Misc/gradient_norm,Loss/Loss_reward_critic,Metrics/LagrangeMultiplier/Std,_step,Train/LR,Misc/H_inv_g,Train/PolicyStd,_runtime,Misc/AcceptanceStep,Value/Adv,Time/Epoch,Time/Rollout,Time/Total,Train/KL,Misc/xHx,TotalEnvSteps,Metrics/EpLen,Metrics/EpCost,Metrics/LagrangeMultiplier/Max,Loss/Loss_cost_critic,Time/FPS,Value/cost,Train/PolicyRatio/Min,Loss/Loss_reward_critic/Delta,Loss/Loss_pi/Delta,Loss/Loss_cost_critic/Delta,Train/PolicyRatio,Metrics/EpRet,Train/PolicyRatio/Std,Metrics/LagrangeMultiplier,Train/Entropy,_timestamp,Value/reward
0.035999998450279236,8.66595458984375,-0.007135759573429823,10,0,0.9995810389518738,1.8597097396850586,0.28501278162002563,0.1021537184715271,0.025236841291189194,0,1,0,0.1532565951347351,1.004504680633545,205.454793429,1,7.629394005448376e-09,102.97733306884766,94.31134796142578,102.97819519042969,0.00030889565823599696,0.005782810039818287,20000.0,500,205.97500610351562,0.035999998450279236,26.933937072753906,194.21749877929688,0.09106822311878204,0.9995810389518738,0.025236841291189194,-0.007135759573429823,26.933937072753906,0.9995810389518738,-1.2835737466812134,0.00029626424657180905,0.035999998450279236,1.4234018325805664,1743306029.357767,0.23553064465522766
0.07026699185371399,8.713638305664062,-0.010172080248594284,10,1,0.9999831914901733,1.4718811511993408,0.32482731342315674,0.1188814789056778,0.023615851998329163,0,2,0,0.22068853676319122,0.9982185959815979,307.489054117,1,1.907348501362094e-09,101.40025329589844,92.68659210205078,204.44000244140625,0.00031482739723287523,0.00923174899071455,40000.0,500,148.9375,0.07026699185371399,11.949614524841309,197.23817443847656,2.7833309173583984,0.9999831914901733,-0.0016209892928600311,-0.003036320675164461,-14.984322547912598,0.9999831318855286,-0.2812351584434509,1.1941623597522266e-05,0.07026699185371399,1.4171169996261597,1743306130.8215945,0.2065458744764328
0.10387113690376282,8.668187141418457,-0.014287437312304974,10,2,1.0003526210784912,1.1826860904693604,0.3538139760494232,0.09999625384807587,0.01881491020321846,0,3,0,0.2991613745689392,0.9912038445472717,409.572761402,1,-7.629394005448376e-09,101.96924591064453,93.30104064941406,306.4710998535156,0.00036852763150818646,0.014298506081104279,60000.0,500,123.69000244140625,0.10387113690376282,14.374255180358887,196.1375732421875,6.0221333503723145,1.0003526210784912,-0.0048009417951107025,-0.0041153570637106895,2.424640655517578,1.0003525018692017,0.8642513751983643,0.000249228352913633,0.10387113690376282,1.4100066423416138,1743306232.855873,0.25585731863975525
0.13745388388633728,8.694371223449707,-0.012151938863098621,10,3,0.9995543956756592,1.309186577796936,0.33029648661613464,0.10267405211925507,0.02852489985525608,0,4,0,0.25229138135910034,0.98689204454422,511.88605867,1,9.155272984173735e-09,102.0189437866211,93.32455444335938,408.55596923828125,0.00037938851164653897,0.011668809689581394,80000.0,500,133.69000244140625,0.13745388388633728,27.351850509643555,196.04202270507812,13.990118980407715,0.9995543956756592,0.00970998965203762,0.0021354984492063522,12.977595329284668,0.9995543956756592,2.537330389022827,0.0003150898264721036,0.13745388388633728,1.4056528806686401,1743306334.939543,0.2994403541088104
0.17163938283920288,8.709022521972656,-0.0124741205945611,10,4,0.999849796295166,1.1770870685577393,0.2786496579647064,0.17648987472057343,0.03399019315838814,0,5,0,0.23672816157341003,0.9755560755729675,614.342914116,1,-7.629394005448376e-09,102.2607650756836,93.55171966552734,510.88055419921875,0.0004533334285952151,0.014434859156608582,100000.0,500,193.77999877929688,0.17163938283920288,32.53343200683594,195.57843017578125,22.7086238861084,0.999849796295166,0.005465293303132057,-0.00032218173146247864,5.181581497192383,0.999849796295166,4.11252498626709,0.00010618197120493278,0.17163938283920288,1.3941341638565063,1743306437.2528355,0.4326774775981903
0.2062535583972931,8.640859603881836,-0.011457175016403198,10,5,1.0000379085540771,1.2296390533447266,0.2776789963245392,0.25472280383110046,0.0442519448697567,0,6,0,0.22582155466079712,0.9564535617828369,716.738558398,1,7.247924482811641e-09,102.38468933105469,93.74381256103516,613.3186645507812,0.0004047891416121274,0.013227395713329315,120000.0,500,257.8900146484375,0.2062535583972931,33.563011169433594,195.34170532226562,29.42102813720703,1.0000379085540771,0.01026175171136856,0.0010169455781579018,1.0295791625976562,1.0000377893447876,6.309467792510986,2.674922870937735e-05,0.2062535583972931,1.374230980873108,1743306539.7096636,0.6776849031448364
0.24127516150474548,8.688941955566406,-0.011196332983672619,10,6,1.0012106895446777,1.3339189291000366,0.3058468699455261,0.11866146326065063,0.04593203216791153,0,7,0,0.22928446531295776,0.9455540776252747,819.332666674,1,-5.493163968139925e-08,102.29875183105469,93.60978698730469,715.69482421875,0.00035728616057895124,0.011240114457905293,140000.0,500,283.57000732421875,0.24127516150474548,33.15910720825195,195.50579833984375,33.25583267211914,1.0012106895446777,0.001680087298154831,0.0002608420327305794,-0.4039039611816406,1.0012106895446777,8.331332206726074,0.0008560867281630635,0.24127516150474548,1.3624645471572876,1743306642.1048143,0.9085839986801147
0.2766841650009155,8.715968132019043,-0.010862556286156178,10,7,1.0010284185409546,1.2895458936691284,0.2845015227794647,0.19557228684425354,0.08682011067867279,0,8,0,0.22062146663665771,0.9401746392250061,921.478056317,1,-4.0435789827597546e-08,102.53239440917969,93.81639862060547,818.3286743164062,0.0003311085747554898,0.012026962824165821,160000.0,500,311.57000732421875,0.2766841650009155,33.7891960144043,195.060302734375,41.26628875732422,1.0010284185409546,0.04088807851076126,0.00033377669751644135,0.6300888061523438,1.0010284185409546,12.189528465270996,0.0007271174690686166,0.2766841650009155,1.3565212488174438,1743306744.699436,1.4034793376922607
0.3124687373638153,8.6746826171875,-0.011461854912340641,10,8,1.0004100799560547,1.2022937536239624,0.26748839020729065,0.2272767573595047,0.1180311068892479,0,9,0,0.22248174250125885,0.9372968077659607,1023.867139684,1,-4.386901863995263e-08,102.08611297607422,93.41140747070312,920.4664916992188,0.0003905266639776528,0.013835933059453964,180000.0,500,325.2099914550781,0.3124687373638153,34.33069610595703,195.9130401611328,46.890350341796875,1.0004100799560547,0.031210996210575104,-0.0005992986261844635,0.5415000915527344,1.0004100799560547,16.934816360473633,0.00028991414001211524,0.3124687373638153,1.3537741899490356,1743306846.844884,1.7930904626846313
0.3485553562641144,8.652791976928711,-0.012197538278996944,10,9,1.0006030797958374,1.1160030364990234,0.22324839234352112,0.2914790213108063,0.1732642948627472,0,10,0,0.20004281401634216,0.9249885082244873,1126.041830682,1,2.2888182460434336e-09,102.33551025390625,93.68267822265625,1022.8609619140625,0.00043376098619773984,0.01605827920138836,200000.0,500,314.6400146484375,0.3485553562641144,32.90980529785156,195.43557739257812,46.488609313964844,1.0006030797958374,0.0552331879734993,-0.0007356833666563034,-1.4208908081054688,1.0006030797958374,21.332300186157227,0.00042646992369554937,0.3485553562641144,1.3401050567626953,1743306949.233884,2.5717711448669434
0.38470375537872314,8.739516258239746,-0.015631860122084618,10,10,0.9986297488212585,0.8299843072891235,0.21913540363311768,0.4474342167377472,0.19117271900177002,0,11,0,0.2640235424041748,0.9168047904968262,1228.009783354,1,3.05175760217935e-08,102.1234359741211,93.38389587402344,1125.037109375,0.0004450613050721586,0.029032878577709198,220000.0,500,275.2699890136719,0.38470375537872314,33.187747955322266,195.84144592285156,44.491886138916016,0.9986297488212585,0.017908424139022827,-0.003434321843087673,0.2779426574707031,0.9986297488212585,23.874814987182617,0.0009689279249869287,0.38470375537872314,1.331557273864746,1743307051.4085462,2.7987539768218994
0.4207022488117218,8.629060745239258,-0.013479332439601421,10,11,0.9982811808586121,0.93039870262146,0.23975151777267456,0.3861144483089447,0.2303345948457718,0,12,0,0.2576868534088135,0.8999385237693787,1331.342825533,1,-3.576278473360617e-08,101.90402221679688,93.2749252319336,1226.9932861328125,0.0004088428686372936,0.023104237392544746,240000.0,500,246.44000244140625,0.4207022488117218,32.573699951171875,196.2631072998047,46.405792236328125,0.9982811808586121,0.03916187584400177,0.0021525276824831963,-0.6140480041503906,0.9982811808586121,24.011425018310547,0.00121543079148978,0.4207022488117218,1.3133517503738403,1743307153.3765519,3.1264865398406982
0.45626652240753174,8.828531265258789,-0.01481835637241602,10,12,0.9987251162528992,0.8610996007919312,0.2117149829864502,0.48000484704971313,0.2840561866760254,0,13,0,0.2458658516407013,0.8872492909431458,1435.503315007,1,-2.7465819840699623e-08,103.28410339355469,94.4555435180664,1330.3419189453125,0.0004316458071116358,0.026972614228725433,260000.0,500,210.50999450683594,0.45626652240753174,18.06391716003418,193.64064025878906,37.93450164794922,0.9987251162528992,0.0537215918302536,-0.001339023932814598,-14.509782791137695,0.9987251162528992,25.058818817138672,0.0009014930110424757,0.45626652240753174,1.2992955446243286,1743307256.7096307,3.7074031829833984
0.4909352660179138,8.899900436401367,-0.009439460933208466,10,13,0.9997016787528992,1.3235100507736206,0.2619399130344391,0.3044329881668091,0.3156927525997162,0,14,0,0.1979130655527115,0.8771921992301941,1539.656348819,1,0.0,104.10986328125,95.20994567871094,1434.5,0.0003705888520926237,0.011417608708143234,280000.0,500,161.02999877929688,0.4909352660179138,26.894262313842773,192.10475158691406,37.14664077758789,0.9997016787528992,0.031636565923690796,0.005378895439207554,8.830345153808594,0.9997016787528992,25.742910385131836,0.00021095901320222765,0.4909352660179138,1.2878068685531616,1743307360.87009,3.9979562759399414
0.524760901927948,8.795397758483887,-0.011575738899409771,10,14,0.9993890523910522,1.1823484897613525,0.2469598799943924,0.3823632597923279,0.34382814168930054,0,15,0,0.20887233316898346,0.8726255297660828,1643.975732715,1,1.5258788677030566e-09,104.09616088867188,95.30075073242188,1538.6461181640625,0.0003883545577991754,0.014306672848761082,300000.0,500,154.19000244140625,0.524760901927948,24.57550811767578,192.13003540039062,33.83125686645508,0.9993890523910522,0.02813538908958435,-0.0021362779662013054,-2.318754196166992,0.9993889927864075,26.111347198486328,0.000432005210313946,0.524760901927948,1.2825335264205933,1743307465.0231538,3.834258556365967
0.5571143627166748,8.846207618713379,-0.009677354246377945,10,15,1.0002696514129639,1.2292158603668213,0.24814532697200775,0.37827199697494507,0.40130919218063354,0,16,0,0.20187287032604218,0.8673250675201416,1748.005036291,1,-2.2888182460434336e-09,104.27180480957031,95.42556762695312,1642.974365234375,0.00035027734702453017,0.013236505910754204,320000.0,500,99.62999725341797,0.5571143627166748,14.337221145629883,191.80641174316406,24.045495986938477,1.0002696514129639,0.05748105049133301,0.001898384653031826,-10.238286972045898,1.0002695322036743,23.5596981048584,0.0001906723773572594,0.5571143627166748,1.276363730430603,1743307569.342489,4.022027492523193
0.5876081585884094,8.86192512512207,-0.008898436091840267,10,16,0.9981255531311035,1.3998671770095825,0.26774927973747253,0.2695411741733551,0.3657681345939636,0,17,0,0.19126762449741364,0.8582884669303894,1852.351820994,1,-3.051757735406113e-09,103.97941589355469,95.11746215820312,1747.0032958984375,0.00031468039378523827,0.010206007398664951,340000.0,500,63.70000076293945,0.5876081585884094,11.858694076538086,192.34576416015625,21.728744506835938,0.9981255531311035,-0.03554105758666992,0.0007789181545376778,-2.478527069091797,0.9981255531311035,21.33907699584961,0.0013254621298983693,0.5876081585884094,1.2657994031906128,1743307673.371811,3.9779250621795654
0.6159636378288269,9.367544174194336,-0.012110081501305103,10,17,0.9981034994125366,1.1281852722167969,0.25919225811958313,0.3075231611728668,0.291655033826828,0,18,0,0.229742631316185,0.8411795496940613,1955.917791562,1,-9.155272984173735e-09,104.29013061523438,94.92256164550781,1851.3436279296875,0.0004299194260966033,0.01571335457265377,360000.0,500,35.650001525878906,0.6159636378288269,8.5921049118042,191.772705078125,17.221054077148438,0.9981034994125366,-0.07411310076713562,-0.003211645409464836,-3.2665891647338867,0.9981034398078918,17.487804412841797,0.0013410283718258142,0.6159636378288269,1.2454198598861694,1743307777.7185383,3.5215296745300293
0.6422054171562195,8.769826889038086,-0.00540120666846633,10,18,0.9985909461975098,2.2401106357574463,0.25243526697158813,0.15897031128406525,0.28620636463165283,0,19,0,0.11268875002861023,0.827002227306366,2058.180713939,1,4.959106458812812e-09,103.50140380859375,94.73155212402344,1954.901123046875,0.00034999012132175267,0.00398556562140584,380000.0,500,24.81999969482422,0.6422054171562195,4.7887444496154785,193.23410034179688,10.758482933044434,0.9985909461975098,-0.005448669195175171,0.006708874832838774,-3.8033604621887207,0.9985909461975098,15.320608139038086,0.0009963514748960733,0.6422054171562195,1.2283765077590942,1743307881.2845397,2.963205337524414
0.666275143623352,8.71125602722168,-0.005036890506744385,10,19,0.9992262125015259,2.540234327316284,0.3059455156326294,0.059877876192331314,0.2183859646320343,0,20,0,0.12043987959623337,0.8248531818389893,2160.53373851,1,-1.907348501362094e-09,102.20565795898438,93.49437713623047,2057.1728515625,0.00029184247250668705,0.003099424298852682,400000.0,500,10.569999694824219,0.666275143623352,3.4501349925994873,195.6838836669922,8.297633171081543,0.9992262125015259,-0.06782039999961853,0.0003643161617219448,-1.3386094570159912,0.9992261528968811,13.255339622497559,0.0005471784970723093,0.666275143623352,1.2258435487747192,1743307983.5474632,2.6695308685302734
0.6884399652481079,8.703688621520996,-0.008153349161148071,10,20,1.0003061294555664,1.5887688398361206,0.26369330286979675,0.1047535166144371,0.2513744533061981,0,21,0,0.16597336530685425,0.8266153335571289,2262.783207271,1,-1.5258788677030566e-09,102.2718505859375,93.56814575195312,2159.5,0.0003671302692964673,0.007923334836959839,420000.0,500,13.5,0.6884399652481079,3.590991973876953,195.55723571777344,9.442076683044434,1.0003061294555664,0.03298848867416382,-0.0031164586544036865,0.14085698127746582,1.0003061294555664,13.971999168395996,0.00021641002967953682,0.6884399652481079,1.2283011674880981,1743308085.9005196,3.344796895980835
0.708921492099762,8.721366882324219,-0.006145330611616373,10,21,0.9983667135238647,2.012836456298828,0.27332669496536255,0.0781523585319519,0.37727198004722595,0,22,0,0.1357918083667755,0.8063995242118835,2365.289570566,1,-3.8146971692576415e-10,102.19551086425781,93.47412109375,2261.77734375,0.00040769478073343635,0.004936420824378729,440000.0,500,15.470000267028809,0.708921492099762,4.324383735656738,195.70330810546875,9.920659065246582,0.9983667135238647,0.12589752674102783,0.0020080185495316982,0.7333917617797852,0.99836665391922,16.57819175720215,0.0011549640912562609,0.708921492099762,1.203494668006897,1743308188.1499932,3.8958003520965576
0.7279724478721619,8.684743881225586,-0.006547966506332159,10,22,1.0012226104736328,1.8963699340820312,0.26247262954711914,0.13818351924419403,0.3015381693840027,0,23,0,0.13840793073177338,0.7895331382751465,2467.310834986,1,-5.340575981449547e-09,102.43428039550781,93.74951934814453,2364.265625,0.0003209969727322459,0.005561387166380882,460000.0,500,20.110000610351562,0.7279724478721619,3.5628609657287598,195.24713134765625,7.663166522979736,1.0012226104736328,-0.07573381066322327,-0.000402635894715786,-0.7615227699279785,1.0012226104736328,19.192089080810547,0.0008644599583931267,0.7279724478721619,1.182560920715332,1743308290.656315,3.5414788722991943
0.7455313205718994,8.65131950378418,-0.006137687247246504,10,23,0.9974481463432312,2.0302975177764893,0.25380197167396545,0.10176103562116623,0.23836858570575714,0,24,0,0.1250072866678238,0.7849299907684326,2569.833021222,1,-2.6702879907247734e-09,101.96448516845703,93.31314086914062,2466.302001953125,0.00034233240876346827,0.004851875826716423,480000.0,500,10.239999771118164,0.7455313205718994,2.445073366165161,196.146728515625,5.751861572265625,0.9974481463432312,-0.06316958367824554,0.0004102792590856552,-1.1177875995635986,0.9974481463432312,17.5688419342041,0.0018044189782813191,0.7455313205718994,1.1767710447311401,1743308392.6776295,3.1181464195251465
0.761793851852417,8.738391876220703,-0.0059977644123137,10,24,0.9997870326042175,2.143242120742798,0.26268211007118225,0.09317559003829956,0.20775103569030762,0,25,0,0.1225629597902298,0.7713322043418884,2672.078026177,1,-7.629394005448376e-09,102.44541931152344,93.70700073242188,2568.8046875,0.0003617065667640418,0.004353981465101242,500000.0,500,13.029999732971191,0.761793851852417,2.474179983139038,195.2259063720703,5.500178813934326,0.9997870326042175,-0.030617550015449524,0.0001399228349328041,0.029106616973876953,0.9997870326042175,19.445817947387695,0.0001506328408140689,0.761793851852417,1.1592243909835815,1743308495.1998124,3.2557895183563232
0.7769119143486023,8.749773025512695,-0.006384460721164942,10,25,0.9986563920974731,2.1896884441375732,0.24708187580108643,0.11038321256637573,0.29004862904548645,0,26,0,0.11283882707357407,0.7661619782447815,2774.385623465,1,7.629394005448376e-09,102.18868255615234,93.43888854980469,2671.0693359375,0.00041862952639348805,0.004171231295913458,520000.0,500,14.529999732971191,0.7769119143486023,2.450594186782837,195.71640014648438,5.498959541320801,0.9986563920974731,0.08229759335517883,-0.00038669630885124207,-0.023585796356201172,0.9986563324928284,19.660009384155273,0.0009501023450866342,0.7769119143486023,1.1524604558944702,1743308597.4447699,4.038546085357666
0.7911249399185181,8.651317596435547,-0.011109896004199982,10,26,0.9979824423789978,1.2966928482055664,0.27074024081230164,0.12595625221729279,0.17770859599113464,0,27,0,0.20879288017749786,0.7742894291877747,2876.176018203,1,0.0,102.2480697631836,93.59673309326172,2773.374267578125,0.00034923345083370805,0.011894751340150833,540000.0,500,20.8700008392334,0.7911249399185181,2.65989089012146,195.6027069091797,4.409610748291016,0.9979824423789978,-0.1123400330543518,-0.00472543528303504,0.20929670333862305,0.9979824423789978,20.456483840942383,0.0014266426442191005,0.7911249399185181,1.162782073020935,1743308699.752449,3.7102444171905518
0.8045834302902222,8.720623016357422,-0.012461744248867035,10,27,1.0009616613388062,1.0685465335845947,0.2614976763725281,0.2595981955528259,0.24623064696788788,0,28,0,0.24472278356552124,0.7769209742546082,2978.551712233,1,6.866454960174906e-09,101.72981262207031,93.00916290283203,2875.1630859375,0.0004090293077751994,0.01751631870865822,560000.0,500,23.899999618530273,0.8045834302902222,4.446702480316162,196.5991973876953,5.982457637786865,1.0009616613388062,0.06852205097675323,-0.0013518482446670532,1.7868115901947021,1.0009616613388062,19.64629364013672,0.0006799129769206047,0.8045834302902222,1.166150450706482,1743308801.542777,3.4367027282714844
0.8172459006309509,8.75809097290039,-0.006148917600512505,10,28,1.0000184774398804,2.0827248096466064,0.26114675402641296,0.13847577571868896,0.15843486785888672,0,29,0,0.1253870725631714,0.7774788737297058,3080.860563603,1,3.814697002724188e-09,102.3136215209961,93.55551147460938,2977.537353515625,0.0003864198224619031,0.004610683768987656,580000.0,500,18.520000457763672,0.8172459006309509,1.7036648988723755,195.47738647460938,2.1808817386627197,1.0000184774398804,-0.08779577910900116,0.00631282664835453,-2.7430375814437866,1.0000184774398804,19.568296432495117,1.3093681445752736e-05,0.8172459006309509,1.1667028665542603,1743308903.9184709,3.5857484340667725
0.8292278051376343,8.695021629333496,-0.012817147187888622,10,29,0.9993759989738464,1.040170431137085,0.2553439736366272,0.19424670934677124,0.16838155686855316,0,30,0,0.24548280239105225,0.7727699875831604,3183.175985462,1,-9.918212917625624e-09,102.17321014404297,93.4781723022461,3079.771728515625,0.00036748225102201104,0.01848505437374115,600000.0,500,20.360000610351562,0.8292278051376343,2.6736364364624023,195.7460174560547,3.990561008453369,0.9993759989738464,0.009946689009666443,-0.006668229587376118,0.9699715375900269,0.9993759989738464,21.132827758789062,0.0004412213165778667,0.8292278051376343,1.1597754955291748,1743309006.2273777,3.9875144958496094
0.8406057357788086,8.736489295959473,-0.011532370932400227,10,30,0.9981746673583984,1.068535327911377,0.2388269156217575,0.17939597368240356,0.21058200299739838,0,31,0,0.22350867092609406,0.7657020092010498,3285.460644731,1,5.340575981449547e-09,102.25218963623047,93.51567077636719,3182.15966796875,0.00039054107037372887,0.017516687512397766,620000.0,500,20.860000610351562,0.8406057357788086,2.636361598968506,195.59483337402344,4.187012195587158,0.9981746673583984,0.042200446128845215,0.0012847762554883957,-0.037274837493896484,0.9981746673583984,22.28815460205078,0.0012907050549983978,0.8406057357788086,1.1496596336364746,1743309108.5427792,4.260754108428955
0.8515186905860901,8.735248565673828,-0.007368505001068115,10,31,1.0013450384140015,1.966051697731018,0.2486540675163269,0.12562188506126404,0.17907391488552094,0,32,0,0.1264738142490387,0.774077832698822,3387.909311865,1,-5.340575981449547e-09,102.22626495361328,93.4909896850586,3284.449462890625,0.0003849730419460684,0.0051741530187428,640000.0,500,24.469999313354492,0.8515186905860901,1.8982975482940674,195.64443969726562,3.108920097351074,1.0013450384140015,-0.03150808811187744,0.004163865931332111,-0.7380640506744385,1.0013450384140015,24.36493492126465,0.0009510577074252069,0.8515186905860901,1.1592055559158325,1743309210.8274708,4.602344512939453
0.8618740439414978,8.669739723205566,-0.006608925759792328,10,32,1.0003929138183594,1.8970667123794556,0.24266445636749268,0.16364224255084991,0.22797299921512604,0,33,0,0.127915620803833,0.7829808592796326,3489.684443014,1,1.1444091230217168e-09,102.3897705078125,93.72000885009766,3386.89697265625,0.00040221645031124353,0.005557302385568619,660000.0,500,18.260000228881836,0.8618740439414978,2.0977842807769775,195.33201599121094,3.631741762161255,1.0003929138183594,0.0488990843296051,0.0007595792412757874,0.19948673248291016,1.0003929138183594,25.283437728881836,0.00027777583454735577,0.8618740439414978,1.170446753501892,1743309313.2761128,4.877278804779053
0.8715470433235168,8.685371398925781,-0.004281579051166773,10,33,0.999264121055603,3.0755317211151123,0.29287493228912354,0.07467355579137802,0.19704414904117584,0,34,0,0.09522742033004761,0.7884904742240906,3591.727257076,1,-3.051757735406113e-09,101.71372985839844,93.02833557128906,3488.670654296875,0.0003310113097541034,0.002114401664584875,680000.0,500,10.460000038146973,0.8715470433235168,1.5416600704193115,196.6302947998047,2.67730712890625,0.999264121055603,-0.030928850173950195,0.002327346708625555,-0.556124210357666,0.9992640614509583,25.546463012695312,0.0005204011686146259,0.8715470433235168,1.177177906036377,1743309415.0512636,4.6646318435668945
0.8805416226387024,8.701576232910156,-0.005938269197940826,10,34,1.0006721019744873,2.4019336700439453,0.24327191710472107,0.09198351204395294,0.14569078385829926,0,35,0,0.10128169506788254,0.7831823229789734,3694.778842723,1,1.5258788677030566e-09,101.98323059082031,93.28163146972656,3590.715087890625,0.00044232921209186316,0.0034666238352656364,700000.0,500,7.929999828338623,0.8805416226387024,1.8766741752624512,196.11068725585938,2.3629093170166016,1.0006721019744873,-0.05135336518287659,-0.0016566901467740536,0.33501410484313965,1.0006719827651978,25.80179214477539,0.00047519165673293173,0.8805416226387024,1.1710816621780396,1743309517.0940137,4.817929267883301
0.8887895345687866,8.657368659973145,-0.004874068778008223,10,35,1.001436710357666,2.7379462718963623,0.24753180146217346,0.05972261726856232,0.13013869524002075,0,36,0,0.0904078409075737,0.772083580493927,3797.266601763,1,1.2969969986897922e-08,102.95243835449219,94.29505157470703,3693.7265625,0.00039007500163279474,0.0026679551228880882,720000.0,500,2.4100000858306885,0.8887895345687866,1.6389132738113403,194.26446533203125,1.5451452732086182,1.001436710357666,-0.015552088618278503,0.0010642004199326038,-0.23776090145111084,1.001436710357666,25.48761749267578,0.0010159076191484928,0.8887895345687866,1.1563407182693481,1743309620.1456165,4.682733058929443
0.8964006304740906,8.755860328674316,-0.0055284700356423855,10,36,1.0007961988449097,2.523021697998047,0.24351772665977478,0.07992927730083466,0.1593186855316162,0,37,0,0.09651828557252884,0.7718198895454407,3899.363261038,1,-6.866454960174906e-09,102.43869018554688,93.68280792236328,3796.263916015625,0.0004148810403421521,0.003141858382150531,740000.0,500,4.230000019073486,0.8964006304740906,1.5808321237564087,195.23873901367188,1.752453088760376,1.0007961988449097,0.02917999029159546,-0.0006544012576341629,-0.05808115005493164,1.0007961988449097,26.512649536132812,0.0005629694787785411,0.8964006304740906,1.154585361480713,1743309722.6334026,5.264865398406982
0.9034531712532043,8.72413444519043,-0.004647336900234222,10,37,1.0012843608856201,2.7631263732910156,0.2322807013988495,0.12732361257076263,0.16645902395248413,0,38,0,0.08406444638967514,0.7842531204223633,4001.818609444,1,-1.5258788677030566e-09,102.03397369384766,93.309814453125,3898.34912109375,0.0004562674439512193,0.002619550796225667,760000.0,500,5.099999904632568,0.9034531712532043,1.757753849029541,196.01315307617188,2.171069622039795,1.0012843608856201,0.00714033842086792,0.0008811331354081631,0.17692172527313232,1.0012842416763306,27.364381790161133,0.0009080679155886173,0.9034531712532043,1.1691045761108398,1743309824.7300618,5.011415481567383
0.9100208878517151,8.69411563873291,-0.00499855587258935,10,38,1.0013518333435059,2.57651686668396,0.2648702561855316,0.14056235551834106,0.22558702528476715,0,39,0,0.10280168056488037,0.7870616912841797,4103.978649216,1,-3.814697002724188e-09,102.39627075195312,93.70213317871094,4000.8056640625,0.00033106293994933367,0.0030127461068332195,780000.0,500,6.050000190734863,0.9100208878517151,1.6402993202209473,195.31961059570312,2.2021164894104004,1.0013518333435059,0.05912800133228302,-0.00035121897235512733,-0.11745452880859375,1.0013518333435059,28.40829086303711,0.0009558905148878694,0.9100208878517151,1.1730765104293823,1743309927.1854403,5.411401748657227
0.9161121249198914,8.741280555725098,-0.004627956543117762,10,39,0.9997371435165405,2.60278582572937,0.22935964167118073,0.19196806848049164,0.1444295346736908,0,40,0,0.08812082558870316,0.7796907424926758,4206.40013427,1,-7.629394005448376e-09,102.0992660522461,93.35796356201172,4102.96728515625,0.00043021637247875333,0.0029522397089749575,800000.0,500,4.590000152587891,0.9161121249198914,0.8905224204063416,195.88780212402344,1.3387451171875,0.9997371435165405,-0.08115749061107635,0.00037059932947158813,-0.7497768998146057,0.9997370839118958,27.522449493408203,0.00018589568207971752,0.9161121249198914,1.1635322570800781,1743310029.3454692,5.1856689453125
0.9218387603759766,8.72612190246582,-0.006680807564407587,10,40,1.0001018047332764,1.9708741903305054,0.25350359082221985,0.13495521247386932,0.2105216681957245,0,41,0,0.12862494587898254,0.7746077179908752,4308.924433771,1,-7.629394338515283e-10,102.34881591796875,93.6226806640625,4205.3740234375,0.0003964579082094133,0.0051488629542291164,820000.0,500,7.340000152587891,0.9218387603759766,2.3826467990875244,195.41017150878906,2.1922757625579834,1.0001018047332764,0.06609213352203369,-0.0020528510212898254,1.4921243786811829,1.0001016855239868,29.25216293334961,7.198691309895366e-05,0.9218387603759766,1.1568485498428345,1743310131.7669644,5.790788173675537
0.9272623658180237,8.674890518188477,-0.004645137116312981,10,41,1.001848578453064,2.6110076904296875,0.22179989516735077,0.10238157212734222,0.1658172458410263,0,42,0,0.08494800329208374,0.7701049447059631,4411.007313409,1,-7.629394005448376e-09,102.45331573486328,93.77839660644531,4307.900390625,0.00038822830538265407,0.002933676354587078,840000.0,500,8.430000305175781,0.9272623658180237,1.7622729539871216,195.2108612060547,1.8141757249832153,1.001848578453064,-0.04470442235469818,0.0020356704480946064,-0.6203738451004028,1.001848578453064,30.737882614135742,0.001307170488871634,0.9272623658180237,1.150821328163147,1743310234.291005,5.973715782165527
0.9323562383651733,8.685832977294922,-0.003177213715389371,10,42,1.0001962184906006,2.9702558517456055,0.22193893790245056,0.12776227295398712,0.1615130603313446,0,43,0,0.07472047209739685,0.7615411281585693,4513.414219064,1,-4.1961669694501325e-09,101.97891235351562,93.29305267333984,4409.95263671875,0.00042108772322535515,0.0022669415920972824,860000.0,500,6.25,0.9323562383651733,1.0187604427337646,196.11898803710938,1.437383770942688,1.0001962184906006,-0.004304185509681702,0.0014679234009236097,-0.7435125112533569,1.000196099281311,30.5615177154541,0.00013874747673980892,0.9323562383651733,1.1355844736099243,1743310336.374037,5.588621139526367
0.937089204788208,8.699183464050293,-0.0039873369969427586,10,43,1.0001063346862793,2.834026336669922,0.2674313485622406,0.20325274765491486,0.14231270551681519,0,44,0,0.0943644568324089,0.7564402222633362,4615.921648353,1,4.577636492086867e-09,102.34878540039062,93.64958190917969,4512.4033203125,0.0003766179725062102,0.002490120939910412,880000.0,500,3.8499999046325684,0.937089204788208,0.9246705770492554,195.4102325439453,0.9302982687950134,1.0001063346862793,-0.01920035481452942,-0.0008101232815533876,-0.09408986568450928,1.0001063346862793,29.15662384033203,7.518997881561518e-05,0.937089204788208,1.1264991760253906,1743310438.7810333,5.363461494445801
0.9415373206138611,8.654733657836914,-0.007016936782747507,10,44,0.9995238780975342,1.8446838855743408,0.23742085695266724,0.1269347369670868,0.2047978639602661,0,45,0,0.1287054419517517,0.7523261904716492,4718.364874188,1,9.155272984173735e-09,102.45474243164062,93.79998779296875,4614.9169921875,0.00045318403863348067,0.005877401679754257,900000.0,500,5.5,0.9415373206138611,1.9850645065307617,195.20814514160156,1.7734179496765137,0.9995238780975342,0.06248515844345093,-0.0030295997858047485,1.0603939294815063,0.9995238780975342,30.084287643432617,0.0003366690070834011,0.9415373206138611,1.1212762594223022,1743310541.2884436,6.135437965393066
0.9457272887229919,8.748409271240234,-0.004834738094359636,10,45,1.000474452972412,2.4776463508605957,0.22033201158046722,0.14597176015377045,0.11467748880386353,0,46,0,0.08892794698476791,0.7543337941169739,4820.488951088,1,-3.433227480087453e-09,102.39205932617188,93.64362335205078,4717.361328125,0.00038471881998702884,0.003257991746068001,920000.0,500,5.5,0.9457272887229919,1.0390496253967285,195.32765197753906,0.7956316471099854,1.000474452972412,-0.09012037515640259,0.002182198688387871,-0.9460148811340332,1.000474452972412,30.56527328491211,0.00033548890496604145,0.9457272887229919,1.1208370923995972,1743310643.7315922,5.463831424713135
0.9496600031852722,8.698639869689941,-0.0043580844067037106,10,46,1.0004990100860596,2.5961928367614746,0.21852247416973114,0.12483680993318558,0.16243670880794525,0,47,0,0.08417035639286041,0.7427897453308105,4922.73897278,1,1.7929076889799944e-08,102.06356048583984,93.36489868164062,4819.47607421875,0.00041100152884609997,0.00296725332736969,940000.0,500,4.619999885559082,0.9496600031852722,1.335809350013733,195.95632934570312,1.0503134727478027,1.0004990100860596,0.047759220004081726,0.00047665368765592575,0.2967597246170044,1.00049889087677,30.381763458251953,0.0003527972148731351,0.9496600031852722,1.1031135320663452,1743310745.8556945,5.881559371948242
0.953382134437561,8.669222831726074,-0.004073997959494591,10,47,1.0000280141830444,3.4478847980499268,0.21127696335315704,0.17508675158023834,0.12428753823041916,0,48,0,0.06127726659178734,0.7465124726295471,5025.467210615,1,-4.577636492086867e-09,102.18514251708984,93.51589965820312,4921.7216796875,0.0004020727938041091,0.001682371599599719,960000.0,500,5.460000038146973,0.953382134437561,0.7576590776443481,195.72317504882812,0.8708441257476807,1.0000280141830444,-0.03814917057752609,0.0002840864472091198,-0.5781502723693848,1.0000280141830444,31.367258071899414,1.9725084712263197e-05,0.953382134437561,1.1071513891220093,1743310848.1056428,6.019338130950928
0.9568616151809692,8.999383926391602,-0.00382474553771317,10,48,0.9995449781417847,3.0610878467559814,0.226528599858284,0.08797994256019592,0.17552249133586884,0,49,0,0.07400264590978622,0.737522304058075,5128.026496394,1,-1.2969969986897922e-08,102.66893005371094,93.66952514648438,5024.455078125,0.0004417778691276908,0.002134402748197317,980000.0,500,3.5399999618530273,0.9568616151809692,1.1457364559173584,194.8009033203125,1.080125331878662,0.9995449781417847,0.051234953105449677,0.0002492524217814207,0.38807737827301025,0.9995449185371399,31.782793045043945,0.00032180524431169033,0.9568616151809692,1.0940603017807007,1743310950.8339815,6.102022647857666
0.9601482152938843,8.749889373779297,-0.003238233970478177,10,49,1.0004513263702393,4.0687031745910645,0.24869269132614136,0.07915706187486649,0.22365260124206543,0,50,0,0.061123330146074295,0.7316293716430664,5230.544769065,1,7.629394338515283e-10,102.50250244140625,93.75257873535156,5127.0166015625,0.0003558738389983773,0.0012081320164725184,1000000.0,500,4.53000020980835,0.9601482152938843,0.8578566908836365,195.11720275878906,1.1282951831817627,1.0004513263702393,0.048130109906196594,0.000586511567234993,-0.2878797650337219,1.0004512071609497,33.17637252807617,0.0003190797579009086,0.9601482152938843,1.0864349603652954,1743311053.393217,6.3613739013671875
0.9633175730705261,8.62402629852295,-0.0050201709382236,10,50,1.0004428625106812,2.4237046241760254,0.23619423806667328,0.16675278544425964,0.11555758118629456,0,51,0,0.09745173901319504,0.7327558398246765,5332.841740296,1,-7.629394005448376e-09,102.45695495605469,93.8329086303711,5229.5322265625,0.0003323917044326663,0.0034046252258121967,1020000.0,500,6.599999904632568,0.9633175730705261,2.064143419265747,195.2039337158203,0.9723706841468811,1.0004428625106812,-0.10809502005577087,-0.0017819369677454233,1.2062867283821106,1.0004428625106812,32.797340393066406,0.0003130667901132256,0.9633175730705261,1.0861496925354004,1743311155.9115953,5.782691955566406
0.9663633108139038,8.735118865966797,-0.003825380466878414,10,51,1.0002975463867188,3.1360840797424316,0.20215165615081787,0.170475572347641,0.1499135047197342,0,52,0,0.0644598975777626,0.7316650748252869,5435.106138108,1,-6.103515470812226e-09,102.23884582519531,93.50370788574219,5331.8310546875,0.00044288518256507814,0.0020335388835519552,1040000.0,500,5.940000057220459,0.9663633108139038,1.0719127655029297,195.620361328125,0.8976478576660156,1.0002975463867188,0.034355923533439636,0.0011947904713451862,-0.9922306537628174,1.0002975463867188,32.79571533203125,0.0002103970618918538,0.9663633108139038,1.078138828277588,1743311258.2084785,6.175539016723633
0.9693436026573181,8.750251770019531,-0.003757694037631154,10,52,0.9995126724243164,3.428575277328491,0.21853108704090118,0.13345594704151154,0.164370596408844,0,53,0,0.06373815983533859,0.7353928089141846,5538.649546491,1,1.5258788677030566e-09,102.19976043701172,93.4494857788086,5434.09033203125,0.00038848494295962155,0.001701375120319426,1060000.0,500,7.559999942779541,0.9693436026573181,1.0094974040985107,195.69517517089844,0.9193222522735596,0.9995126724243164,0.014457091689109802,6.76864292472601e-05,-0.062415361404418945,0.9995126724243164,33.29359436035156,0.00034459264134056866,0.9693436026573181,1.080811858177185,1743311360.4728312,5.964742660522461
0.9722691774368286,8.885435104370117,-0.005649236496537924,10,53,0.9995872974395752,2.029738426208496,0.19667348265647888,0.2029544562101364,0.20643199980258942,0,54,0,0.0968959778547287,0.7316001057624817,5640.971526895,1,-2.0599363992346298e-08,103.4829330444336,94.59748077392578,5537.63720703125,0.00041368347592651844,0.004854549653828144,1080000.0,500,7.670000076293945,0.9722691774368286,1.609487771987915,193.26858520507812,1.2588294744491577,0.9995872974395752,0.04206140339374542,-0.0018915424589067698,0.5999903678894043,0.9995872974395752,33.565914154052734,0.00029182477737776935,0.9722691774368286,1.075576901435852,1743311464.016335,6.448873519897461
0.9751992225646973,8.712610244750977,-0.005335626658052206,10,54,0.9996168613433838,2.235564947128296,0.26060640811920166,0.07282965630292892,0.20084190368652344,0,55,0,0.11657294631004333,0.7276967167854309,5742.98084876,1,1.907348501362094e-09,102.25464630126953,93.5420150756836,5639.95068359375,0.00034003250766545534,0.0040017906576395035,1100000.0,500,9.5,0.9751992225646973,1.4207675457000732,195.59014892578125,1.841052532196045,0.9996168613433838,-0.005590096116065979,0.0003136098384857178,-0.1887202262878418,0.9996168613433838,34.42857360839844,0.0002709199325181544,0.9751992225646973,1.0657309293746948,1743311566.3382907,6.769526481628418
0.9780470132827759,8.683469772338867,-0.003580499440431595,10,55,1.0007275342941284,3.525662660598755,0.21506305038928986,0.11682070046663284,0.14998678863048553,0,56,0,0.06099933013319969,0.711155891418457,5844.933336993,1,7.629394338515283e-10,101.92696380615234,93.24346923828125,5741.9541015625,0.00044539791997522116,0.0016089618438854814,1120000.0,500,6.449999809265137,0.9780470132827759,1.0984795093536377,196.21893310546875,0.9452031254768372,1.0007275342941284,-0.0508551150560379,0.0017551272176206112,-0.32228803634643555,1.0007275342941284,33.706298828125,0.0005144163151271641,0.9780470132827759,1.0419729948043823,1743311668.347569,6.297835350036621
0.9807594418525696,8.66648006439209,-0.003933217842131853,10,56,1.001173973083496,3.2345175743103027,0.226393923163414,0.12589803338050842,0.1343802809715271,0,57,0,0.06999310851097107,0.7071592211723328,5947.119795989,1,-7.629394338515283e-10,101.888671875,93.22217559814453,5843.91748046875,0.00039441848639398813,0.0019116513431072235,1140000.0,500,4.329999923706055,0.9807594418525696,0.6252126693725586,196.2926788330078,0.7661862373352051,1.001173973083496,-0.015606507658958435,-0.00035271840170025826,-0.4732668399810791,1.001173973083496,32.38213348388672,0.0008301243069581687,0.9807594418525696,1.0334335565567017,1743311770.3001742,6.232580661773682
0.9832724928855896,8.709661483764648,-0.0047778901644051075,10,57,1.0005773305892944,2.493684768676758,0.24973618984222412,0.08035872131586075,0.20435887575149536,0,58,0,0.10014745593070984,0.7148723602294922,6049.831457796,1,3.814697002724188e-09,102.13609313964844,93.4264144897461,5946.11669921875,0.0003939649323001504,0.0032162184361368418,1160000.0,500,1.7100000381469727,0.9832724928855896,0.9572385549545288,195.81715393066406,1.2100059986114502,1.0005773305892944,0.06997859477996826,-0.0008446723222732544,0.3320258855819702,1.0005773305892944,32.570133209228516,0.0004082624800503254,0.9832724928855896,1.0422953367233276,1743311872.4865303,6.570262432098389
0.9857335090637207,9.029703140258789,-0.007146085146814585,10,58,1.0015262365341187,2.0785038471221924,0.25160571932792664,0.11730442941188812,0.20003320276737213,0,59,0,0.1210513561964035,0.7161311507225037,6152.340358027,1,7.247924482811641e-09,102.61396789550781,93.58424377441406,6048.783203125,0.0004597199149429798,0.004629428498446941,1180000.0,500,6.039999961853027,0.9857335090637207,1.3918118476867676,194.90524291992188,1.3541430234909058,1.0015262365341187,-0.00432567298412323,-0.0023681949824094772,0.43457329273223877,1.0015262365341187,32.4926872253418,0.0010791278909891844,0.9857335090637207,1.0419570207595825,1743311975.1981447,6.257173538208008
0.9883162379264832,8.652873992919922,-0.005991250742226839,10,59,0.9997634291648865,2.2841238975524902,0.22110572457313538,0.20153334736824036,0.18632514774799347,0,60,0,0.09680110961198807,0.707632303237915,6254.515935251,1,-6.103515470812226e-09,102.447265625,93.79437255859375,6151.32568359375,0.00042131892405450344,0.003833447815850377,1200000.0,500,11.630000114440918,0.9883162379264832,1.8448792695999146,195.22239685058594,1.3703681230545044,0.9997634291648865,-0.013708055019378662,0.0011548344045877457,0.453067421913147,0.9997634291648865,32.47365188598633,0.00016729490016587079,0.9883162379264832,1.0300040245056152,1743312077.7072146,6.303174018859863
0.9910725355148315,8.696853637695312,-0.005058267619460821,10,60,0.9993370771408081,2.514280319213867,0.2581474483013153,0.07440643757581711,0.15648743510246277,0,61,0,0.1026725023984909,0.6999712586402893,6356.251944635,1,7.629394338515283e-10,102.11817932128906,93.42130279541016,6253.50537109375,0.0003912256797775626,0.00316374353133142,1220000.0,500,13.630000114440918,0.9910725355148315,2.1318368911743164,195.8515167236328,1.2694640159606934,0.9993370771408081,-0.0298377126455307,0.0009329831227660179,0.28695762157440186,0.9993370175361633,33.26616287231445,0.00046878535067662597,0.9910725355148315,1.0193737745285034,1743312179.8827367,6.214644432067871
0.9939382076263428,8.694141387939453,-0.005712828133255243,10,61,0.9989542961120605,1.9474178552627563,0.19104889035224915,0.36994215846061707,0.20775990188121796,0,62,0,0.09810368716716766,0.6945580840110779,6458.37801466,1,-2.6702879907247734e-09,101.67584228515625,92.98167419433594,6355.23779296875,0.00037454289849847555,0.005273645278066397,1240000.0,500,11.949999809265137,0.9939382076263428,2.017820358276367,196.70355224609375,1.6700148582458496,0.9989542961120605,0.05127246677875519,-0.0006545605137944221,-0.11401653289794922,0.9989542961120605,33.8282585144043,0.0007394242566078901,0.9939382076263428,1.0128427743911743,1743312281.618668,6.562993049621582
0.9969742894172668,8.6736478805542,-0.010604445822536945,10,62,0.9999603033065796,1.1217244863510132,0.22647996246814728,0.305045485496521,0.21773160994052887,0,63,0,0.20190337300300598,0.6928769946098328,6560.985407136,1,5.722045615108584e-10,102.06201171875,93.38834381103516,6457.3603515625,0.00038110004970803857,0.015894882380962372,1260000.0,500,14.180000305175781,0.9969742894172668,2.0683376789093018,195.95928955078125,2.029933214187622,0.9999603033065796,0.009971708059310913,-0.004891617689281702,0.05051732063293457,0.9999602437019348,33.815547943115234,2.80979056697106e-05,0.9969742894172668,1.0137439966201782,1743312383.7448287,6.604471683502197
1.0000814199447632,8.946266174316406,-0.0052059669978916645,10,63,0.999622106552124,2.078355312347412,0.231609046459198,0.2541039288043976,0.16675706207752228,0,64,0,0.11143862456083298,0.6828444600105286,6663.2882895,1,-3.051757735406113e-09,102.54368591308594,93.59739685058594,6559.96826171875,0.00039071659557521343,0.004630090668797493,1280000.0,500,11.380000114440918,1.0000814199447632,1.7590491771697998,195.03883361816406,1.5442062616348267,0.999622106552124,-0.05097454786300659,0.005398478824645281,-0.30928850173950195,0.999622106552124,34.36497497558594,0.0002672110276762396,1.0000814199447632,1.002672553062439,1743312486.352157,6.677056312561035
1.0031741857528687,8.736019134521484,-0.007330597843974829,10,64,1.0010087490081787,1.7573444843292236,0.19630321860313416,0.2447289675474167,0.2383856326341629,0,65,0,0.11170446127653122,0.6814742088317871,6765.378106548,1,-5.340575981449547e-09,102.2488021850586,93.51276397705078,6662.28271484375,0.0004146081628277898,0.006476129870861769,1300000.0,500,8.779999732971191,1.0031741857528687,1.7221688032150269,195.60130310058594,2.055238723754883,1.0010087490081787,0.07162857055664062,-0.002124630846083164,-0.03688037395477295,1.0010086297988892,34.794593811035156,0.000713180867023766,1.0031741857528687,1.0011601448059082,1743312588.6550083,7.262338161468506
1.0061923265457153,8.633637428283691,-0.0035788335371762514,10,65,0.9989676475524902,3.2664108276367188,0.23788227140903473,0.16018620133399963,0.1458810269832611,0,66,0,0.0728268101811409,0.6822998523712158,6867.694725504,1,3.8146971692576415e-10,102.02995300292969,93.39630126953125,6764.365234375,0.00035496283089742064,0.0018745025154203176,1320000.0,500,6.760000228881836,1.0061923265457153,0.8788395524024963,196.0208740234375,1.157348394393921,0.9989676475524902,-0.0925046056509018,0.0037517643067985773,-0.8433292508125305,0.9989676475524902,34.372493743896484,0.0007299553253687918,1.0061923265457153,1.0027161836624146,1743312690.744946,6.532602310180664
1.0090891122817993,8.701497077941895,-0.007119582500308752,10,66,1.0023120641708374,2.0405938625335693,0.20829039812088013,0.15896032750606537,0.19822360575199127,0,67,0,0.10207342356443405,0.6770321726799011,6969.675124523,1,-1.5258788677030566e-09,102.24791717529297,93.54640197753906,6866.67333984375,0.00040871696546673775,0.004803037270903587,1340000.0,500,5.03000020980835,1.0090891122817993,1.5427097082138062,195.60301208496094,1.7069379091262817,1.0023120641708374,0.052342578768730164,-0.0035407489631325006,0.6638701558113098,1.0023120641708374,34.014102935791016,0.0016347919590771198,1.0090891122817993,0.9961312413215637,1743312793.0614781,7.103640556335449
1.0119731426239014,8.704063415527344,-0.006701306905597448,10,67,1.0005109310150146,1.7596619129180908,0.24802905321121216,0.2509145438671112,0.2820669114589691,0,68,0,0.14095266163349152,0.6672044396400452,7072.167452431,1,-5.1498409980865745e-09,101.92145538330078,93.21736907958984,6968.6630859375,0.000356031465344131,0.006459082942456007,1360000.0,500,8.039999961853027,1.0119731426239014,1.962174892425537,196.2295379638672,2.374091386795044,1.0005109310150146,0.08384330570697784,0.0004182755947113037,0.41946518421173096,1.000510811805725,35.5594482421875,0.00036128281499259174,1.0119731426239014,0.9799081683158875,1743312895.041802,7.230236053466797
1.0151962041854858,8.863924980163574,-0.01712525449693203,10,68,0.997898519039154,0.8585370779037476,0.27885499596595764,0.1781240999698639,0.3663160502910614,0,69,0,0.3248025178909302,0.6616120934486389,7174.536050917,1,0.0,102.4410629272461,93.57711791992188,7071.16650390625,0.00041357119334861636,0.027133870869874954,1380000.0,500,18.889999389648438,1.0151962041854858,2.828080177307129,195.2342071533203,4.241075038909912,0.997898519039154,0.08424913883209229,-0.010423947591334581,0.8659052848815918,0.997898519039154,37.61479568481445,0.0014859854709357023,1.0151962041854858,0.9685850739479065,1743312997.5342398,7.726561069488525
1.018701434135437,8.749011993408203,-0.005290437955409288,10,69,1.0000693798065186,2.1008174419403076,0.2229633629322052,0.21143782138824463,0.19009125232696533,0,70,0,0.10613172501325607,0.6569297313690186,7277.425326909,1,-3.814697002724188e-09,102.31546020507812,93.5664291381836,7173.529296875,0.0004250943602528423,0.004531608894467354,1400000.0,500,17.989999771118164,1.018701434135437,1.989619493484497,195.473876953125,2.2101218700408936,1.0000693798065186,-0.17622479796409607,0.011834816541522741,-0.8384606838226318,1.000069260597229,37.53837966918945,4.900275234831497e-05,1.018701434135437,0.961115837097168,1743313099.90281,7.06464147567749
1.0223047733306885,8.722497940063477,-0.005789334420114756,10,70,0.9995980262756348,2.3984298706054688,0.2017664611339569,0.145110622048378,0.17457859218120575,0,71,0,0.08412439376115799,0.6543567180633545,7379.527761948,1,0.0,102.82511901855469,94.10260009765625,7276.408203125,0.0004945205291733146,0.003476759884506464,1420000.0,500,13.029999732971191,1.0223047733306885,1.3350210189819336,194.5050048828125,1.4367728233337402,0.9995980262756348,-0.015512660145759583,-0.0004988964647054672,-0.6545984745025635,0.9995980262756348,34.26911926269531,0.0002842383401002735,1.0223047733306885,0.9568482041358948,1743313202.7920575,6.344437122344971
1.0257419347763062,8.639543533325195,-0.0039228834211826324,10,71,0.9996272921562195,3.0937576293945312,0.2319098263978958,0.09795838594436646,0.13268697261810303,0,72,0,0.07496056705713272,0.65559983253479,7481.913401479,1,0.0,102.03775787353516,93.39820098876953,7378.5107421875,0.0003887219645548612,0.002089562127366662,1440000.0,500,5.190000057220459,1.0257419347763062,1.6078002452850342,196.00587463378906,1.2637261152267456,0.9996272921562195,-0.04189161956310272,0.0018664509989321232,0.2727792263031006,0.9996272921562195,32.88767623901367,0.00026355829322710633,1.0257419347763062,0.9608278274536133,1743313304.8945918,6.589366436004639
1.0291306972503662,8.741348266601562,-0.008618847467005253,10,72,1.0002069473266602,1.3044054508209229,0.1787451058626175,0.4343266785144806,0.23742671310901642,0,73,0,0.13703185319900513,0.6500566005706787,7584.474570664,1,-9.155272984173735e-09,102.3281021118164,93.58673095703125,7480.90380859375,0.00040711736073717475,0.011754507198929787,1460000.0,500,8.25,1.0291306972503662,2.2689242362976074,195.44972229003906,2.582472562789917,1.0002069473266602,0.10473974049091339,-0.00469596404582262,0.6611239910125732,1.0002069473266602,35.203285217285156,0.00014627768541686237,1.0291306972503662,0.9559447169303894,1743313407.2801065,7.131842136383057
1.032416582107544,8.933002471923828,-0.0035120341926813126,10,73,1.0013484954833984,3.6017799377441406,0.20728234946727753,0.142874076962471,0.12719689309597015,0,74,0,0.05754997953772545,0.6436030864715576,7686.950910943,1,-2.2888182460434336e-09,102.49800109863281,93.56497192382812,7583.45947265625,0.0004463942314032465,0.0015416748356074095,1480000.0,500,6.429999828338623,1.032416582107544,0.6728497743606567,195.12576293945312,0.7568790912628174,1.0013484954833984,-0.11022982001304626,0.00510681327432394,-1.5960744619369507,1.0013484954833984,34.229305267333984,0.0009535303106531501,1.032416582107544,0.94549959897995,1743313509.841327,6.291353702545166
1.0355126857757568,8.642611503601074,-0.004774086643010378,10,74,1.0011272430419922,2.294409990310669,0.25728610157966614,0.0985865667462349,0.1602679193019867,0,75,0,0.11213606595993042,0.6387222409248352,7789.162779126,1,-3.8146971692576415e-10,102.419677734375,93.77705383300781,7685.9423828125,0.00034743326250463724,0.003799153259024024,1500000.0,500,3.5199999809265137,1.0355126857757568,0.8449591994285583,195.27496337890625,1.38374924659729,1.0011272430419922,0.03307102620601654,-0.0012620524503290653,0.1721094250679016,1.0011272430419922,33.53395080566406,0.0007971373852342367,1.0355126857757568,0.9379794597625732,1743313612.3177347,6.848242282867432
1.0383914709091187,8.71737003326416,-0.005647573154419661,10,75,1.001369833946228,2.729461908340454,0.18871229887008667,0.2421789914369583,0.16461288928985596,0,76,0,0.06913900375366211,0.6447712182998657,7891.301329742,1,-3.814697002724188e-09,102.14411926269531,93.42671203613281,7788.14306640625,0.00046434823889285326,0.0026845671236515045,1520000.0,500,2.1600000858306885,1.0383914709091187,0.9076936841011047,195.80178833007812,0.5664428472518921,1.001369833946228,0.004344969987869263,-0.0008734865114092827,0.06273448467254639,1.001369833946228,33.90823745727539,0.0009685907862149179,1.0383914709091187,0.9445595741271973,1743313714.529487,6.899954795837402
1.041077971458435,8.709630966186523,-0.0036953904200345278,10,76,0.9983193874359131,3.287166118621826,0.2513047456741333,0.11857811361551285,0.16725364327430725,0,77,0,0.07645027339458466,0.6487144827842712,7993.363229956,1,2.2888182460434336e-09,102.08330535888672,93.37364959716797,7890.29541015625,0.0004311902157496661,0.0018509059445932508,1540000.0,500,2.2899999618530273,1.041077971458435,0.8212698698043823,195.91842651367188,0.6736571192741394,0.9983193874359131,0.002640753984451294,0.0019521827343851328,-0.08642381429672241,0.9983193874359131,32.679840087890625,0.0011883724946528673,1.041077971458435,0.9485422968864441,1743313816.667997,6.315327167510986
1.0435980558395386,8.668639183044434,-0.004167403094470501,10,77,1.0007075071334839,3.3275387287139893,0.203693225979805,0.08191581070423126,0.17468206584453583,0,78,0,0.0612143836915493,0.6401377320289612,8097.18626416,1,-3.051757735406113e-09,101.99342346191406,93.32476806640625,7992.3427734375,0.00044943729881197214,0.0018062646267935634,1560000.0,500,2.509999990463257,1.0435980558395386,0.7324331402778625,196.091064453125,0.7902345657348633,1.0007075071334839,0.007428422570228577,-0.00047201267443597317,-0.08883672952651978,1.0007075071334839,34.0817985534668,0.0005002549733035266,1.0435980558395386,0.940326452255249,1743313918.730048,7.068187713623047
1.0460102558135986,8.911799430847168,-0.00573039660230279,10,78,0.9991633296012878,2.377859354019165,0.23607391119003296,0.18213890492916107,0.19384844601154327,0,79,0,0.09928002208471298,0.6377047896385193,8200.442264528,1,1.5258788677030566e-09,103.54792785644531,94.63611602783203,8095.9580078125,0.00035367932287044823,0.0035371738485991955,1580000.0,500,3.740000009536743,1.0460102558135986,1.2300816774368286,193.14727783203125,0.9154058694839478,0.9991633296012878,0.019166380167007446,-0.0015629935078322887,0.49764853715896606,0.9991633296012878,34.08856201171875,0.000591657473705709,1.0460102558135986,0.9368651509284973,1743314022.55295,6.862924098968506
1.048376441001892,8.711227416992188,-0.006944669876247644,10,79,0.9997862577438354,1.6657731533050537,0.25326207280158997,0.14904378354549408,0.19880110025405884,0,80,0,0.15203875303268433,0.6368541717529297,8302.360704037,1,-3.051757735406113e-09,103.19023132324219,94.4789810180664,8199.423828125,0.00040280824759975076,0.007207715883851051,1600000.0,500,5.210000038146973,1.048376441001892,1.3006963729858398,193.81678771972656,1.4921770095825195,0.9997862577438354,0.004952654242515564,-0.0012142732739448547,0.07061469554901123,0.9997861981391907,35.935428619384766,0.00015113860717974603,1.048376441001892,0.934849739074707,1743314125.808947,6.745474815368652
1.0507240295410156,8.667967796325684,-0.004962654318660498,10,80,0.9999935030937195,2.7423346042633057,0.24276728928089142,0.09166643023490906,0.15061421692371368,0,81,0,0.08852577954530716,0.6329811215400696,8404.691149135,1,0.0,101.86973571777344,93.20175170898438,8301.359375,0.00044655142119154334,0.002659423276782036,1620000.0,500,5.840000152587891,1.0507240295410156,0.7474502325057983,196.32916259765625,0.8045565485954285,0.9999935030937195,-0.048186883330345154,0.0019820155575871468,-0.5532461404800415,0.9999935030937195,34.58302307128906,4.580000677378848e-06,1.0507240295410156,0.9289112687110901,1743314227.7275095,6.787197113037109
1.0529580116271973,8.75693416595459,-0.004623299930244684,10,81,0.999060332775116,2.740304708480835,0.24385373294353485,0.04975542053580284,0.16066281497478485,0,82,0,0.0889878123998642,0.6250198483467102,8506.464335762,1,-1.9073485846288207e-10,102.26243591308594,93.50547790527344,8403.6708984375,0.00044484116369858384,0.0026633646339178085,1640000.0,500,3.059999942779541,1.0529580116271973,0.8476154804229736,195.5752410888672,0.9440738558769226,0.999060332775116,0.010048598051071167,0.00033935438841581345,0.10016524791717529,0.999060332775116,33.29817199707031,0.000664487190078944,1.0529580116271973,0.913804829120636,1743314330.0578825,6.816522598266602
1.0551378726959229,8.72559928894043,-0.005347035825252533,10,82,0.9992938041687012,2.26487398147583,0.228911355137825,0.20017315447330475,0.19894324243068695,0,83,0,0.10107024013996124,0.6152341365814209,8608.981736339,1,0.0,101.71485900878906,92.9892349243164,8505.453125,0.00047289367648772895,0.0038988885935395956,1660000.0,500,4.420000076293945,1.0551378726959229,1.2857600450515747,196.62811279296875,1.2879501581192017,0.9992938041687012,0.0382804274559021,-0.0007237358950078487,0.4381445646286011,0.9992938041687012,35.23970031738281,0.0004993277252651751,1.0551378726959229,0.8986288905143738,1743314431.8311083,7.193451404571533
1.0573506355285645,8.849554061889648,-0.005480188876390457,10,83,0.9997898936271667,2.0211448669433594,0.21379542350769043,0.11068877577781677,0.20340554416179657,0,84,0,0.10577937215566635,0.6062741875648499,8711.393446563,1,1.1444091230217168e-09,102.44245147705078,93.5928726196289,8607.9541015625,0.00045312143629416823,0.004895919468253851,1680000.0,500,6.699999809265137,1.0573506355285645,1.2559120655059814,195.2315673828125,1.0982311964035034,0.9997898936271667,0.004462301731109619,-0.0001331530511379242,-0.02984797954559326,0.9997898936271667,35.04167556762695,0.00014860978990327567,1.0573506355285645,0.8857734799385071,1743314534.3485417,6.8458967208862305
1.0595946311950684,8.703193664550781,-0.004071872681379318,10,84,1.001139521598816,3.1395130157470703,0.24067403376102448,0.13529343903064728,0.20603995025157928,0,85,0,0.0766596645116806,0.6050074696540833,8813.735396087,1,1.0681151962899094e-08,102.35081481933594,93.64759826660156,8710.3798828125,0.0003713007317855954,0.0020290992688387632,1700000.0,500,6.699999809265137,1.0595946311950684,1.1524827480316162,195.40635681152344,0.462750643491745,1.001139521598816,0.002634406089782715,0.001408316195011139,-0.10342931747436523,1.001139521598816,35.561187744140625,0.0008057353552430868,1.0595946311950684,0.8865866661071777,1743314636.7602398,7.059179782867432
1.061779499053955,8.692464828491211,-0.006094454322010279,10,85,0.9990814924240112,2.5617177486419678,0.21330854296684265,0.22001516819000244,0.13938194513320923,0,86,0,0.08326777815818787,0.6093094348907471,8918.812367639,1,5.722045615108584e-10,102.20199584960938,93.50951385498047,8812.642578125,0.00043554091826081276,0.0030476560350507498,1720000.0,500,4.239999771118164,1.061779499053955,0.9014609456062317,195.69088745117188,0.5576369166374207,0.9990814924240112,-0.06665800511837006,-0.0020225816406309605,-0.2510218024253845,0.9990814328193665,33.71177673339844,0.0006494829431176186,1.061779499053955,0.8939049243927002,1743314739.1017487,6.42299222946167
1.0641039609909058,8.671370506286621,-0.010180745273828506,10,86,0.9988414645195007,0.9802128076553345,0.2705681622028351,0.363312304019928,0.1604927033185959,0,87,0,0.276030033826828,0.6144059300422668,9021.09158471,1,-2.8610229740877458e-09,104.97386932373047,96.30248260498047,8917.765625,0.0002951821079477668,0.02081560529768467,1740000.0,500,9.539999961853027,1.0641039609909058,2.027169704437256,190.5236053466797,0.9299491047859192,0.9988414645195007,0.021110758185386658,-0.004086290951818228,1.1257087588310242,0.9988414645195007,34.455631256103516,0.0008192223613150418,1.0641039609909058,0.9020296931266785,1743314844.1791909,7.011836528778076
1.066733479499817,8.709517478942871,-0.008949718438088894,10,87,1.0001752376556396,1.2609988451004028,0.24696965515613556,0.4074063003063202,0.1534930318593979,0,88,0,0.1958523988723755,0.6150134801864624,9124.561959285,1,-2.2888182460434336e-09,102.21285247802734,93.50331115722656,9020.072265625,0.00044475169852375984,0.012577671557664871,1760000.0,500,14.390000343322754,1.066733479499817,2.5003974437713623,195.67010498046875,1.3566060066223145,1.0001752376556396,-0.006999671459197998,0.0012310268357396126,0.47322773933410645,1.00017511844635,34.336952209472656,0.0001239117991644889,1.066733479499817,0.9039619565010071,1743314946.4583452,6.929584980010986
1.0696886777877808,8.993194580078125,-0.008064626716077328,10,88,0.9991453886032104,1.556096076965332,0.23038047552108765,0.24545548856258392,0.1589813083410263,0,89,0,0.14805029332637787,0.6093091368675232,9226.810439958,1,3.051757735406113e-09,103.40156555175781,94.40835571289062,9123.5400390625,0.0004244065494276583,0.008259554393589497,1780000.0,500,15.65999984741211,1.0696886777877808,1.6827973127365112,193.42066955566406,1.4875768423080444,0.9991453886032104,0.005488276481628418,0.0008850917220115662,-0.8176001310348511,0.9991453289985657,33.768192291259766,0.0006043296307325363,1.0696886777877808,0.8953154683113098,1743315049.9287047,6.652189254760742
1.0730526447296143,8.681648254394531,-0.020089078694581985,10,89,0.9983290433883667,0.6460766196250916,0.19964906573295593,0.8847078680992126,0.1786644011735916,0,90,0,0.3090176284313202,0.6048937439918518,9329.245774669,1,1.1444091230217168e-09,102.1795883178711,93.4979248046875,9225.7900390625,0.00045863399282097816,0.04791393131017685,1800000.0,500,18.670000076293945,1.0730526447296143,3.00812029838562,195.7338104248047,2.968043804168701,0.9983290433883667,0.019683092832565308,-0.012024451978504658,1.3253229856491089,0.9983289837837219,34.756839752197266,0.0011815727921202779,1.0730526447296143,0.8865793347358704,1743315152.1772673,7.069828033447266
1.0765916109085083,8.675178527832031,-0.004184056539088488,10,90,1.0009448528289795,2.8199470043182373,0.17756077647209167,0.20706254243850708,0.14694912731647491,0,91,0,0.0629659965634346,0.5945760607719421,9431.361409141,1,3.051757735406113e-09,102.37382507324219,93.69862365722656,9328.234375,0.0004462668439373374,0.0025150487199425697,1820000.0,500,13.3100004196167,1.0765916109085083,0.7358273863792419,195.36244201660156,1.0667554140090942,1.0009448528289795,-0.0317152738571167,0.015905022155493498,-2.272292912006378,1.00094473361969,35.385154724121094,0.000668055668938905,1.0765916109085083,0.8666956424713135,1743315254.6125937,7.113432884216309
1.0801730155944824,8.730110168457031,-0.005831591784954071,10,91,0.9997891783714294,1.9850090742111206,0.1924634724855423,0.15510208904743195,0.19113484025001526,0,92,0,0.09695848822593689,0.5835612416267395,9533.337762918,1,6.866454960174906e-09,102.05482482910156,93.32469940185547,9430.3486328125,0.000435569672845304,0.005075796041637659,1840000.0,500,10.130000114440918,1.0801730155944824,1.1027084589004517,195.9730987548828,1.3940417766571045,0.9997891783714294,0.044185712933540344,-0.0016475352458655834,0.3668810725212097,0.9997891783714294,35.2042350769043,0.0001490874565206468,1.0801730155944824,0.8506782054901123,1743315356.7282186,7.3718180656433105
1.0837091207504272,8.666166305541992,-0.00811955239623785,10,92,0.9988853335380554,1.583596110343933,0.2425270527601242,0.16215145587921143,0.18967919051647186,0,93,0,0.1531495600938797,0.5853399038314819,9635.993550905,1,-4.959106458812812e-09,101.92877960205078,93.26258850097656,9532.337890625,0.0004176028014626354,0.007975181564688683,1860000.0,500,7.849999904632568,1.0837091207504272,1.4603089094161987,196.21543884277344,1.6200597286224365,0.9988853335380554,-0.001455649733543396,-0.002287960611283779,0.35760045051574707,0.9988853335380554,35.834659576416016,0.0007882303325459361,1.0837091207504272,0.8538012504577637,1743315458.7044845,7.294984340667725
1.0874505043029785,8.937948226928711,-0.008801966905593872,10,93,0.9991250038146973,1.430393099784851,0.22494255006313324,0.20391026139259338,0.24585150182247162,0,94,0,0.1572592556476593,0.5832182168960571,9738.386681996,1,3.8146971692576415e-10,102.60247802734375,93.66451263427734,9634.9873046875,0.0005313867586664855,0.009775043465197086,1880000.0,500,14.34000015258789,1.0874505043029785,1.9425488710403442,194.92706298828125,2.689478874206543,0.9991250038146973,0.056172311305999756,-0.0006824145093560219,0.4822399616241455,0.9991250038146973,36.37222671508789,0.0006187438266351819,1.0874505043029785,0.850955069065094,1743315561.3603868,7.687880516052246
1.0912599563598633,8.751434326171875,-0.005023770034313202,10,94,0.999038577079773,2.399280071258545,0.1882246434688568,0.16832561790943146,0.22168301045894623,0,95,0,0.07845047116279602,0.5728939175605774,9840.801827228,1,3.051757735406113e-09,102.3304443359375,93.5789794921875,9737.37109375,0.0004961434751749039,0.0034742960706353188,1900000.0,500,11.15999984741211,1.0912599563598633,1.006967306137085,195.4452667236328,1.0827986001968384,0.999038577079773,-0.02416849136352539,0.00377819687128067,-0.9355815649032593,0.9990385174751282,36.962406158447266,0.0006798567483201623,1.0912599563598633,0.8317176699638367,1743315663.753487,7.1734466552734375
1.0950571298599243,8.674209594726562,-0.005581581499427557,10,95,1.0008571147918701,2.158066511154175,0.2056204229593277,0.22277125716209412,0.1813928633928299,0,96,0,0.09527993202209473,0.5733782649040222,9943.291118253,1,3.051757735406113e-09,102.21654510498047,93.54232025146484,9839.658203125,0.00040399719728156924,0.004294368904083967,1920000.0,500,9.170000076293945,1.0950571298599243,0.8868910670280457,195.6630401611328,0.8586154580116272,1.0008571147918701,-0.04029014706611633,-0.0005578114651143551,-0.1200762391090393,1.0008569955825806,35.235374450683594,0.0006059592706151307,1.0950571298599243,0.8331489562988281,1743315766.1686761,6.7472920417785645
1.0987640619277954,8.734834671020508,-0.0068183294497430325,10,96,0.999647319316864,1.838805079460144,0.20644022524356842,0.12047982215881348,0.20753240585327148,0,97,0,0.11226867884397507,0.5743236541748047,10045.790596037,1,2.2888182460434336e-09,102.36219024658203,93.62733459472656,9942.2138671875,0.0004509527061600238,0.005915042478591204,1940000.0,500,7.059999942779541,1.0987640619277954,1.4067933559417725,195.3846435546875,0.973182737827301,0.999647319316864,0.02613954246044159,-0.0012367479503154755,0.5199022889137268,0.999647319316864,33.9073486328125,0.0002494250365998596,1.0987640619277954,0.8347147107124329,1743315868.6578674,7.080118656158447
1.102379322052002,8.709787368774414,-0.004110726062208414,10,97,0.9999594688415527,3.101260185241699,0.15456292033195496,0.18514740467071533,0.1829584240913391,0,98,0,0.04983874782919884,0.5712573528289795,10147.912035001,1,-1.1444091230217168e-09,102.41778564453125,93.70797729492188,10044.755859375,0.0005137806292623281,0.0020794642623513937,1960000.0,500,6.769999980926514,1.102379322052002,0.7322114109992981,195.27857971191406,0.88790363073349,0.9999594688415527,-0.024573981761932373,0.0027076033875346184,-0.6745819449424744,0.9999594688415527,35.482322692871094,2.865985698008444e-05,1.102379322052002,0.8349615931510925,1743315971.1573615,7.126475811004639
1.1059986352920532,8.674688339233398,-0.010876317508518696,10,98,1.0011327266693115,1.1705619096755981,0.18161986768245697,0.3615611493587494,0.17487652599811554,0,99,0,0.15515613555908203,0.5719172358512878,10250.190363855,1,3.8146971692576415e-10,102.04692840576172,93.37222290039062,10146.8857421875,0.0004165589052718133,0.014596235938370228,1980000.0,500,8.979999542236328,1.1059986352920532,1.9903031587600708,195.98826599121094,1.525326132774353,1.0011327266693115,-0.008081898093223572,-0.006765591446310282,1.2580917477607727,1.001132607460022,35.856170654296875,0.0008009024895727634,1.1059986352920532,0.8395728468894958,1743316073.2788606,6.839657783508301
1.109602928161621,8.710932731628418,-0.005803214386105537,10,99,1.0005967617034912,2.1443090438842773,0.223018616437912,0.09264478087425232,0.19641630351543427,0,100,0,0.1040048897266388,0.5733742713928223,10250.235377213,1,8.01086397217432e-09,102.21306610107422,93.50211334228516,10249.177734375,0.0004404765786603093,0.004349649418145418,2000000.0,500,8.460000038146973,1.109602928161621,1.509297251701355,195.66969299316406,1.5300493240356445,1.0005967617034912,0.021539777517318726,0.005073103122413158,-0.4810059070587158,1.0005966424942017,35.438602447509766,0.0004219180264044553,1.109602928161621,0.8412964344024658,1743316175.5571306,7.015583038330078
