Safety/shield_adv_c,Metrics/LagrangeMultiplier,Safety/ShieldLagrangeMultiplier,Train/PolicyRatio/Max,TotalEnvSteps,Train/StopIter,Loss/Loss_reward_critic/Delta,Metrics/LagrangeMultiplier/Min,Train/Epoch,Time/Rollout,_step,Time/Update,Metrics/EpLen,Safety/EpCostShield,Time/Epoch,Train/Entropy,Train/PolicyRatio/Min,Safety/ShieldLagrangeMultiplier/Std,Metrics/LagrangeMultiplier/Std,Safety/ShieldLagrangeMultiplier/Max,_runtime,Train/LR,Train/PolicyRatio/Std,Value/reward,Train/KL,Train/PolicyStd,Time/FPS,Loss/Loss_pi,Loss/Loss_cost_critic,Safety/shield_violation,Time/Total,_timestamp,Metrics/LagrangeMultiplier/Max,Value/cost,Metrics/EpRet,Safety/ShieldLagrangeMultiplier/Min,Loss/Loss_pi/Delta,Value/Adv,Loss/Loss_cost_critic/Delta,Metrics/EpCost,Loss/Loss_reward_critic,Train/PolicyRatio
NaN,0.03599999472498894,0.044999994337558746,1.0053949356079102,20000.0,40,0.0063900211825966835,0.03599999472498894,0,88.72135162353516,1,80.86576843261719,1000,64.80000305175781,169.58718872070312,1.3828386068344116,1.0053949356079102,0,0,0.044999994337558746,315.214134657,0.0002969999914057553,0.011831382289528847,0.12892067432403564,0.012095223180949688,0.9646739363670349,117.93343353271484,-0.45631858706474304,11.477289199829102,0.011456933803856373,169.587890625,1746503938.4842682,0.03599999472498894,-0.05729709938168526,-1.119541883468628,0.044999994337558746,-0.45631858706474304,-0.05049225315451622,11.477289199829102,28.399999618530273,0.0063900211825966835,1.0053949356079102
NaN,0.07058195769786835,0.07771988213062286,1.0023454427719116,40000.0,40,0.001896597445011139,0.07058195769786835,1,62.4617805480957,2,82.20431518554688,1000,33.0,144.6661376953125,1.3614273071289062,1.0023454427719116,0,0,0.07771988213062286,459.996852588,0.00029399999766610563,0.009998621419072151,0.08382841944694519,0.008122987113893032,0.944287896156311,138.24935913085938,-0.39646339416503906,7.618698596954346,0.5712318420410156,314.31451416015625,1746504083.2304506,0.07058195769786835,0.6545025706291199,-0.9890324473381042,0.07771988213062286,0.05985519289970398,-0.12194674462080002,-3.858590602874756,22.700000762939453,0.008286618627607822,1.002345323562622
NaN,0.10516829788684845,0.11031943559646606,1.0024892091751099,60000.0,40,-0.0030072671361267567,0.10516829788684845,2,61.946144104003906,3,82.76971435546875,1000,36.099998474121094,144.7158966064453,1.3201955556869507,1.0024892091751099,0,0,0.11031943559646606,610.239202878,0.000291000003926456,0.011009950190782547,0.05084988847374916,0.009693138301372528,0.9061263799667358,138.20181274414062,-0.43592551350593567,4.584936141967773,0.9902361035346985,459.1142272949219,1746504228.0131567,0.10516829788684845,0.32356026768684387,-0.9508603811264038,0.11031943559646606,-0.039462119340896606,0.15069743990898132,-3.0337624549865723,23.46666717529297,0.005279351491481066,1.0024892091751099
NaN,0.1399153620004654,0.1437007635831833,1.003347635269165,80000.0,40,0.001491414848715067,0.1399153620004654,3,68.6895751953125,4,81.47416687011719,1000,76.5,150.16378784179688,1.2959903478622437,1.003347635269165,0,0,0.1437007635831833,765.39552081,0.0002880000101868063,0.010757943615317345,0.051048338413238525,0.01005894597619772,0.8845919966697693,133.1879119873047,-0.3879268169403076,11.453783988952637,3.749676465988159,609.3429565429688,1746504378.255496,0.1399153620004654,2.043144941329956,-0.7414565682411194,0.1437007635831833,0.04799869656562805,-0.20171555876731873,6.868847846984863,25.712499618530273,0.006770766340196133,1.003347635269165
NaN,0.1749303638935089,0.1742258369922638,1.0038535594940186,100000.0,40,0.005096071399748325,0.1749303638935089,4,72.5517578125,5,82.53013610839844,1000,196.5,155.08193969726562,1.2806463241577148,1.0038535594940186,0,0,0.1742258369922638,922.359761378,0.0002849999873433262,0.01007894054055214,0.0429420992732048,0.007544870488345623,0.8712784647941589,128.96408081054688,-0.2630853056907654,22.28557014465332,5.861320972442627,764.50341796875,1746504533.4118268,0.1749303638935089,2.9341630935668945,-0.25788751244544983,0.1742258369922638,0.12484151124954224,0.01639149710536003,10.831786155700684,34.77000045776367,0.011866837739944458,1.0038535594940186
NaN,0.21020828187465668,0.2062440812587738,1.002822756767273,120000.0,40,-0.001062147319316864,0.21020828187465668,5,72.6778793334961,6,84.20342254638672,1000,147.0,156.88134765625,1.264087200164795,1.002822756767273,0,0,0.2062440812587738,1078.703131401,0.00028199999360367656,0.010194671340286732,0.09447498619556427,0.007298285607248545,0.85698002576828,127.4848861694336,-0.30804094672203064,15.087024688720703,7.765240669250488,921.4608154296875,1746504690.3759918,0.21020828187465668,3.6511194705963135,0.4277287423610687,0.2062440812587738,-0.04495564103126526,0.199689581990242,-7.198545455932617,37.90999984741211,0.010804690420627594,1.002822756767273
NaN,0.24555809795856476,0.23928622901439667,1.0024796724319458,140000.0,40,0.005560033023357391,0.24555809795856476,6,74.57441711425781,7,81.70063781738281,1000,195.0,156.27511596679688,1.2523552179336548,1.0024796724319458,0,0,0.23928622901439667,1244.903205445,0.0002789999998640269,0.009479210712015629,0.13523219525814056,0.006425119005143642,0.8469427227973938,127.97942352294922,-0.24560144543647766,16.190711975097656,7.87278413772583,1077.8172607421875,1746504846.7192569,0.24555809795856476,3.2723188400268555,1.137313723564148,0.23928622901439667,0.06243950128555298,-0.020556867122650146,1.1036872863769531,51.97999954223633,0.016364723443984985,1.0024796724319458
NaN,0.28120696544647217,0.27276983857154846,1.0020102262496948,160000.0,40,-0.004029860720038414,0.28120696544647217,7,73.32333374023438,8,92.80289459228516,1000,132.5,166.1262664794922,1.2466381788253784,1.0020102262496948,0,0,0.27276983857154846,1398.469462412,0.00027600000612437725,0.009959119372069836,0.13777080178260803,0.007998443208634853,0.8421473503112793,120.39035034179688,-0.3047049641609192,11.028366088867188,8.48232650756836,1244.01220703125,1746505012.9194326,0.28120696544647217,3.8662028312683105,1.6178338527679443,0.27276983857154846,-0.05910351872444153,0.2466004490852356,-5.162345886230469,53.22999954223633,0.012334862723946571,1.0020102262496948
NaN,0.3171454668045044,0.30706506967544556,1.004226803779602,180000.0,40,0.011961175128817558,0.3171454668045044,8,73.63489532470703,9,79.87452697753906,1000,207.64999389648438,153.50949096679688,1.2395024299621582,1.004226803779602,0,0,0.30706506967544556,1554.036723328,0.0002730000123847276,0.009923722594976425,0.2227037101984024,0.012202130630612373,0.8362526297569275,130.2851104736328,-0.281393438577652,19.96767807006836,13.147315979003906,1397.5965576171875,1746505166.4864807,0.3171454668045044,5.71917724609375,2.6147537231445312,0.30706506967544556,0.023311525583267212,-0.10486255586147308,8.939311981201172,61.970001220703125,0.02429603785276413,1.0042266845703125
NaN,0.3534248173236847,0.34197378158569336,1.002970814704895,200000.0,40,-0.006963843479752541,0.3534248173236847,9,73.0903091430664,10,82.41305541992188,1000,193.39999389648438,155.50341796875,1.2338509559631348,1.002970814704895,0,0,0.34197378158569336,1718.550808703,0.0002699999895412475,0.010004635900259018,0.3181856572628021,0.007641670759767294,0.8316457271575928,128.6145477294922,-0.24877074360847473,14.818897247314453,11.627493858337402,1553.152587890625,1746505322.0529454,0.3534248173236847,4.868152141571045,3.0788800716400146,0.34197378158569336,0.032622694969177246,0.3128654360771179,-5.148780822753906,62.83000183105469,0.01733219437301159,1.0029706954956055
NaN,0.3900538384914398,0.37740957736968994,1.0056753158569336,220000.0,40,0.011299630627036095,0.3900538384914398,10,77.98217010498047,11,86.46845245361328,1000,201.5,164.45066833496094,1.2167394161224365,1.0056753158569336,0,0,0.37740957736968994,1876.80108956,0.00026699999580159783,0.010909915901720524,0.334027498960495,0.009305397979915142,0.8177193999290466,121.61701965332031,-0.32510167360305786,23.439022064208984,16.071630477905273,1717.6702880859375,1746505486.5673165,0.3900538384914398,6.291973114013672,3.4475951194763184,0.37740957736968994,-0.07633092999458313,0.14773684740066528,8.620124816894531,68.52999877929688,0.028631825000047684,1.0056753158569336
NaN,0.4269353151321411,0.4127333164215088,1.0060354471206665,240000.0,40,0.004622291773557663,0.4269353151321411,11,74.1460189819336,12,84.04387664794922,1000,146.75,158.18997192382812,1.195568323135376,1.0060354471206665,0,0,0.4127333164215088,2030.436099206,0.0002640000020619482,0.011360116302967072,0.37893685698509216,0.009740548208355904,0.8010246157646179,126.43026733398438,-0.3921150863170624,14.782983779907227,13.48658275604248,1875.924560546875,1746505644.8176432,0.4269353151321411,7.177478313446045,3.963186740875244,0.4127333164215088,-0.06701341271400452,-0.06524458527565002,-8.656038284301758,63.31999969482422,0.03325411677360535,1.0060354471206665
NaN,0.4640531837940216,0.44781294465065,1.0067334175109863,260000.0,40,-0.010851427912712097,0.4640531837940216,12,71.70327758789062,13,81.8736572265625,1000,136.0,153.5769805908203,1.171634554862976,1.0067334175109863,0,0,0.44781294465065,2189.068919264,0.0002610000083222985,0.011420425027608871,0.39402300119400024,0.01082660537213087,0.7820866703987122,130.22784423828125,-0.38121297955513,13.071293830871582,12.718056678771973,2029.558837890625,1746505798.4527447,0.4640531837940216,7.098666191101074,4.794056415557861,0.44781294465065,0.010902106761932373,0.1176748126745224,-1.7116899490356445,64.83000183105469,0.02240268886089325,1.0067334175109863
NaN,0.5010958313941956,0.48235243558883667,1.0064210891723633,280000.0,40,0.014912571758031845,0.5010958313941956,13,73.6458740234375,14,84.92765045166016,1000,115.25,158.5735626220703,1.1559697389602661,1.0064210891723633,0,0,0.48235243558883667,2346.685810879,0.0002579999854788184,0.011321901343762875,0.5262407064437866,0.01000174693763256,0.7699778079986572,126.12442779541016,-0.48689913749694824,11.280582427978516,14.311310768127441,2188.19091796875,1746505957.085637,0.5010958313941956,7.3206892013549805,5.34531307220459,0.48235243558883667,-0.10568615794181824,0.48979195952415466,-1.7907114028930664,54.869998931884766,0.037315260618925095,1.0064210891723633
NaN,0.537799060344696,0.5167152881622314,1.0078792572021484,300000.0,40,-0.011531094089150429,0.537799060344696,14,74.04288482666016,15,83.32142639160156,1000,131.5500030517578,157.36436462402344,1.1375209093093872,1.0078792572021484,0,0,0.5167152881622314,2504.068984507,0.00025499999173916876,0.011087455786764622,0.4782505929470062,0.008835487067699432,0.7557700276374817,127.09358215332031,-0.4113422632217407,10.123126983642578,13.27590274810791,2345.616455078125,1746506114.7017558,0.537799060344696,6.506725788116455,5.599495887756348,0.5167152881622314,0.07555687427520752,-0.14530378580093384,-1.1574554443359375,47.59000015258789,0.025784166529774666,1.0078792572021484
NaN,0.5740634202957153,0.5512343049049377,1.0057703256607056,320000.0,40,0.022401796653866768,0.5740634202957153,15,72.4160385131836,16,84.89083099365234,1000,151.60000610351562,157.30691528320312,1.1248586177825928,1.0057703256607056,0,0,0.5512343049049377,2658.129310086,0.0002519999979995191,0.01141031552106142,0.5611863136291504,0.011131820268929005,0.7462557554244995,127.1399917602539,-0.34146440029144287,12.971299171447754,12.976551055908203,2503.177001953125,1746506272.0852478,0.5740634202957153,5.910014629364014,6.218089580535889,0.5512343049049377,0.06987786293029785,-0.18474039435386658,2.848172187805176,44.15999984741211,0.048185963183641434,1.0057703256607056
NaN,0.6098235249519348,0.585729718208313,1.0061628818511963,340000.0,40,-0.01476394385099411,0.6098235249519348,16,72.24947357177734,17,81.71551513671875,1000,141.0500030517578,153.9650421142578,1.1123876571655273,1.0061628818511963,0,0,0.585729718208313,2817.663028063,0.00024900000425986946,0.01152295246720314,0.5838675498962402,0.01204287726432085,0.7369821667671204,129.8996124267578,-0.42350760102272034,11.950860977172852,14.588981628417969,2657.21826171875,1746506426.1450365,0.6098235249519348,5.2353057861328125,6.742659091949463,0.585729718208313,-0.08204320073127747,-0.1777409017086029,-1.0204381942749023,41.439998626708984,0.033422019332647324,1.0061628818511963
NaN,0.6450504064559937,0.6198410391807556,1.0097343921661377,360000.0,40,0.016530297696590424,0.6450504064559937,17,73.22834014892578,18,86.2317886352539,1000,118.9000015258789,159.460205078125,1.088864803314209,1.0097343921661377,0,0,0.6198410391807556,2971.265241267,0.0002460000105202198,0.012018945999443531,0.6962737441062927,0.011787094175815582,0.7200199961662292,125.42314910888672,-0.48396116495132446,8.387825012207031,14.334047317504883,2816.77197265625,1746506585.679116,0.6450504064559937,5.078381061553955,7.125006675720215,0.6198410391807556,-0.060453563928604126,-0.2286914587020874,-3.5630359649658203,39.45000076293945,0.04995231702923775,1.0097343921661377
NaN,0.6800105571746826,0.6538729667663574,1.010323405265808,380000.0,40,-0.003033418208360672,0.6800105571746826,18,72.55026245117188,19,80.99422454833984,1000,133.35000610351562,153.54452514648438,1.0699083805084229,1.010323405265808,0,0,0.6538729667663574,3126.185566348,0.00024300000222865492,0.012040247209370136,0.6808480620384216,0.011529632844030857,0.7068274617195129,130.25537109375,-0.5218109488487244,10.719030380249023,16.232439041137695,2970.39013671875,1746506739.2815907,0.6800105571746826,6.331739902496338,6.993464469909668,0.6538729667663574,-0.0378497838973999,0.3660721480846405,2.331205368041992,43.20000076293945,0.046918898820877075,1.0103232860565186
NaN,0.7148874402046204,0.6878999471664429,1.00790274143219,400000.0,40,-0.009395059198141098,0.7148874402046204,19,73.85271453857422,20,80.98908996582031,1000,137.0,154.8418426513672,1.0516382455825806,1.00790274143219,0,0,0.6878999471664429,3283.330387797,0.00023999999393709004,0.012302101589739323,0.5690231323242188,0.011531580239534378,0.6941834092140198,129.16404724121094,-0.34737810492515564,11.47282886505127,12.590335845947266,3125.2880859375,1746506894.2018087,0.7148874402046204,4.694486141204834,7.043622970581055,0.6878999471664429,0.17443284392356873,0.09366822242736816,0.7537984848022461,46.15999984741211,0.03752383962273598,1.00790274143219
NaN,0.7495558261871338,0.7213999032974243,1.009800910949707,420000.0,40,-0.0027796365320682526,0.7495558261871338,20,70.61468505859375,21,86.45417022705078,1000,107.44999694824219,157.06890869140625,1.0402911901474,1.009800910949707,0,0,0.7213999032974243,3444.571855223,0.00023700000019744039,0.01218496449291706,0.6453609466552734,0.013364835642278194,0.686775803565979,127.33264923095703,-0.50254225730896,9.8790864944458,13.48170280456543,3282.438720703125,1746507051.346401,0.7495558261871338,5.279232025146484,6.641863822937012,0.7213999032974243,-0.15516415238380432,-0.0019127540290355682,-1.5937423706054688,43.380001068115234,0.034744203090667725,1.009800910949707
NaN,0.7839444875717163,0.754612922668457,1.0094330310821533,440000.0,40,0.00045757368206977844,0.7839444875717163,21,72.08550262451172,22,89.08258819580078,1000,116.4000015258789,161.1681365966797,1.0210180282592773,1.0094330310821533,0,0,0.754612922668457,3605.148317235,0.00023400000645779073,0.01205634605139494,0.5932008028030396,0.012579229660332203,0.6737901568412781,124.09400939941406,-0.4695282280445099,8.85119342803955,13.734947204589844,3443.681884765625,1746507212.588098,0.7839444875717163,5.426072597503662,6.126211166381836,0.754612922668457,0.03301402926445007,-0.29052358865737915,-1.02789306640625,41.439998626708984,0.0352017767727375,1.0094330310821533
NaN,0.8184042572975159,0.7883604764938354,1.0067301988601685,460000.0,40,0.010106436908245087,0.8184042572975159,22,73.45661163330078,23,87.0554428100586,1000,162.4499969482422,160.51211547851562,1.002786636352539,1.0067301988601685,0,0,0.7883604764938354,3762.167512789,0.00023099999816622585,0.01265643909573555,0.7188669443130493,0.013883763924241066,0.6615680456161499,124.60118865966797,-0.3400644361972809,13.513136863708496,14.772098541259766,3604.26806640625,1746507373.164431,0.8184042572975159,5.472009181976318,6.133630275726318,0.7883604764938354,0.129463791847229,0.13848695158958435,4.661943435668945,47.540000915527344,0.04530821368098259,1.0067301988601685
NaN,0.8527967929840088,0.821509599685669,1.0089540481567383,480000.0,40,-0.006728809326887131,0.8527967929840088,23,72.03996276855469,24,84.91852569580078,1000,102.0,156.95852661132812,0.991294264793396,1.0089540481567383,0,0,0.821509599685669,3913.522307754,0.0002280000044265762,0.012013064697384834,0.6282014846801758,0.011248690076172352,0.6541169285774231,127.42219543457031,-0.5138670802116394,9.572442054748535,13.488815307617188,3761.2900390625,1746507530.1841996,0.8527967929840088,5.713467121124268,6.000044345855713,0.821509599685669,-0.17380264401435852,-0.05933369696140289,-3.940694808959961,44.959999084472656,0.03857940435409546,1.0089540481567383
NaN,0.8869197964668274,0.8536721467971802,1.0113102197647095,500000.0,40,-0.002902977168560028,0.8869197964668274,24,67.62320709228516,25,83.6667709350586,1000,79.9000015258789,151.29005432128906,0.9654385447502136,1.0113102197647095,0,0,0.8536721467971802,4064.87106174,0.00022499999613501132,0.012889724224805832,0.5608716011047363,0.01486002467572689,0.6376824975013733,132.1964111328125,-0.5772576928138733,7.781229496002197,12.516937255859375,3912.640625,1746507681.5388796,0.8869197964668274,4.927221775054932,5.6485466957092285,0.8536721467971802,-0.06339061260223389,0.14926579594612122,-1.791212558746338,40.959999084472656,0.03567642718553543,1.0113102197647095
NaN,0.9207732081413269,0.8851024508476257,1.011266827583313,520000.0,40,-0.0017030686140060425,0.9207732081413269,25,67.00859069824219,26,84.26348876953125,1000,86.4000015258789,151.2721405029297,0.9396809935569763,1.011266827583313,0,0,0.8851024508476257,4220.338311339,0.00022200000239536166,0.013495134189724922,0.661987841129303,0.01366504468023777,0.6215919256210327,132.21205139160156,-0.5442610383033752,7.941590309143066,12.483308792114258,4063.979248046875,1746507832.8873036,0.9207732081413269,5.394962310791016,5.774097442626953,0.8851024508476257,0.03299665451049805,-0.08514587581157684,0.16036081314086914,40.310001373291016,0.03397335857152939,1.011266827583313
NaN,0.9543720483779907,0.9165228605270386,1.0112560987472534,540000.0,40,0.019652508199214935,0.9543720483779907,26,69.78270721435547,27,85.62480163574219,1000,116.80000305175781,155.40757751464844,0.9156942963600159,1.0112560987472534,0,0,0.9165228605270386,4374.491657597,0.00021899999410379678,0.013556868769228458,0.7196184396743774,0.015061348676681519,0.6074076294898987,128.69384765625,-0.44839411973953247,9.356621742248535,13.399462699890137,4219.4609375,1746507988.354692,0.9543720483779907,5.60685396194458,6.296703338623047,0.9165228605270386,0.09586691856384277,-0.18241819739341736,1.4150314331054688,39.939998626708984,0.053625866770744324,1.0112560987472534
NaN,0.9873507022857666,0.9471986293792725,1.010847806930542,560000.0,40,-0.009372614324092865,0.9873507022857666,27,70.09993743896484,28,83.99142456054688,1000,81.75,154.09141540527344,0.8976857662200928,1.010847806930542,0,0,0.9471986293792725,4528.830697644,0.00021600000036414713,0.012840992771089077,0.6092923879623413,0.013142446987330914,0.596647322177887,129.7930908203125,-0.5209317803382874,7.46163272857666,11.789690017700195,4373.61279296875,1746508142.5079594,0.9873507022857666,5.159679412841797,5.865152359008789,0.9471986293792725,-0.07253766059875488,-0.22264203429222107,-1.894989013671875,33.20000076293945,0.04425325244665146,1.010847806930542
NaN,1.0197635889053345,0.9775469303131104,1.0101680755615234,580000.0,40,-0.004533734172582626,1.0197635889053345,28,71.39823150634766,29,82.88135528564453,1000,96.6500015258789,154.27964782714844,0.8814689517021179,1.0101680755615234,0,0,0.9775469303131104,4681.802563018,0.00021300000662449747,0.0131559232249856,0.7168808579444885,0.013780727982521057,0.5870851874351501,129.63473510742188,-0.501986026763916,7.008439064025879,12.652649879455566,4527.9541015625,1746508296.8474102,1.0197635889053345,5.564858436584473,5.862923622131348,0.9775469303131104,0.018945753574371338,0.021822992712259293,-0.45319366455078125,32.88999938964844,0.03971951827406883,1.0101680755615234
NaN,1.0519969463348389,1.0083439350128174,1.0022081136703491,600000.0,40,0.002813447266817093,1.0519969463348389,29,71.54917907714844,30,81.3475570678711,1000,131.8000030517578,152.8967742919922,0.878538966178894,1.0022081136703491,0,0,1.0083439350128174,4836.774392181,0.0002099999983329326,0.01337831187993288,0.541192889213562,0.01400354877114296,0.5850622653961182,130.8072052001953,-0.19169770181179047,11.13752269744873,9.787442207336426,4680.91015625,1746508449.8187206,1.0519969463348389,4.144230842590332,6.242818832397461,1.0083439350128174,0.31028832495212555,-0.14781183004379272,4.129083633422852,38.04999923706055,0.042532965540885925,1.0022081136703491
NaN,1.084311604499817,1.0397461652755737,1.0037802457809448,620000.0,40,-0.004154045134782791,1.084311604499817,30,72.66082000732422,31,82.18152618408203,1000,142.35000610351562,154.84242248535156,0.8788076639175415,1.0037802457809448,0,0,1.0397461652755737,4992.775624688,0.00020700000459328294,0.0131526505574584,0.645523190498352,0.013711619190871716,0.5850309729576111,129.16357421875,-0.26396846771240234,11.664546012878418,12.177010536193848,4835.82861328125,1746508604.790519,1.084311604499817,5.063243389129639,6.331563949584961,1.0397461652755737,-0.07227076590061188,0.3407309651374817,0.5270233154296875,41.97999954223633,0.038378920406103134,1.0037802457809448
NaN,1.1165307760238647,1.0707805156707764,1.0101449489593506,640000.0,40,-0.0007088333368301392,1.1165307760238647,31,74.8199691772461,32,81.11837005615234,1000,98.0999984741211,155.9384002685547,0.870311439037323,1.0101449489593506,0,0,1.0707805156707764,5142.320578395,0.00020399999630171806,0.013590271584689617,0.6279827356338501,0.015249659307301044,0.5803365111351013,128.25576782226562,-0.43268078565597534,7.982536315917969,11.541196823120117,4991.896484375,1746508760.7918346,1.1165307760238647,4.740690231323242,5.859643459320068,1.0707805156707764,-0.168712317943573,-0.003953404724597931,-3.682009696960449,39.099998474121094,0.037670087069272995,1.0101449489593506
NaN,1.1486645936965942,1.1010594367980957,1.0122153759002686,660000.0,40,8.099153637886047e-05,1.1486645936965942,32,69.0134048461914,33,80.47122192382812,1000,78.9000015258789,149.48471069335938,0.8504519462585449,1.0122153759002686,0,0,1.1010594367980957,5291.956650069,0.0002010000025620684,0.013694924302399158,0.6540207862854004,0.015549758449196815,0.5689308643341064,133.79295349121094,-0.6270850300788879,7.543108940124512,13.10761547088623,5141.4443359375,1746508910.3375053,1.1486645936965942,5.428184986114502,5.768851280212402,1.1010594367980957,-0.1944042444229126,-0.09859226644039154,-0.43942737579345703,39.0,0.037751078605651855,1.0122153759002686
NaN,1.1806989908218384,1.1307584047317505,1.0102412700653076,680000.0,40,0.0024520307779312134,1.1806989908218384,33,68.93937683105469,34,80.6028823852539,1000,82.80000305175781,149.5423126220703,0.8294605612754822,1.0102412700653076,0,0,1.1307584047317505,5446.806594355,0.00019799999427050352,0.013009180314838886,0.5831197500228882,0.013860339298844337,0.5572031736373901,133.74142456054688,-0.5745288133621216,6.827136039733887,12.541656494140625,5291.04443359375,1746509059.9728825,1.1806989908218384,5.1899943351745605,5.649781703948975,1.1307584047317505,0.05255621671676636,0.12698277831077576,-0.715972900390625,38.529998779296875,0.04020310938358307,1.0102412700653076
NaN,1.2127693891525269,1.1613565683364868,1.0034006834030151,700000.0,40,-0.0019014105200767517,1.2127693891525269,34,73.84882354736328,35,80.9224624633789,1000,147.9499969482422,154.7713623046875,0.8216893076896667,1.0034006834030151,0,0,1.1613565683364868,5593.858504509,0.00019500000053085387,0.013380609452724457,0.6000013947486877,0.015727117657661438,0.5529114603996277,129.22286987304688,-0.23228956758975983,9.934030532836914,12.381134033203125,5445.91064453125,1746509214.8227315,1.2127693891525269,5.487178325653076,5.854057788848877,1.1613565683364868,0.34223924577236176,-0.10056398808956146,3.1068944931030273,40.45000076293945,0.03830169886350632,1.0034006834030151
NaN,1.2442455291748047,1.1905927658081055,1.01235032081604,720000.0,40,-0.0004472807049751282,1.2442455291748047,35,66.00810241699219,36,80.97521209716797,1000,51.849998474121094,146.98336791992188,0.8056842684745789,1.01235032081604,0,0,1.1905927658081055,5745.654341836,0.00019200000679120421,0.013350915163755417,0.5499529242515564,0.014332786202430725,0.544463038444519,136.06980895996094,-0.5974060297012329,6.229093074798584,10.3561372756958,5592.9716796875,1746509361.8746731,1.2442455291748047,4.663723468780518,5.528191089630127,1.1905927658081055,-0.3651164621114731,0.1886942982673645,-3.70493745803833,30.6299991607666,0.03785441815853119,1.0123502016067505
NaN,1.2751743793487549,1.2189821004867554,1.0133864879608154,740000.0,40,0.004390101879835129,1.2751743793487549,36,67.8163833618164,37,83.91692352294922,1000,67.0,151.73338317871094,0.7805458903312683,1.0133864879608154,0,0,1.2189821004867554,5895.169232297,0.00018899999849963933,0.014074036851525307,0.7347938418388367,0.01861526630818844,0.5317885875701904,131.81015014648438,-0.5715997815132141,6.080935955047607,11.169455528259277,5744.77490234375,1746509513.6709657,1.2751743793487549,3.745795249938965,5.765775203704834,1.2189821004867554,0.0258062481880188,-0.10876411199569702,-0.14815711975097656,30.31999969482422,0.04224452003836632,1.0133864879608154
NaN,1.3054770231246948,1.2464816570281982,1.011211633682251,760000.0,40,-0.003576088696718216,1.3054770231246948,37,67.93360137939453,38,81.52432250976562,1000,61.70000076293945,149.45797729492188,0.7589120864868164,1.011211633682251,0,0,1.2464816570281982,6047.317113793,0.00018600000475998968,0.013834946788847446,0.6203544735908508,0.014943419955670834,0.5205830931663513,133.81687927246094,-0.5132943987846375,5.142862319946289,9.658544540405273,5894.29443359375,1746509663.1855986,1.3054770231246948,3.393347978591919,5.852801322937012,1.2464816570281982,0.05830538272857666,0.041108712553977966,-0.9380736351013184,28.260000228881836,0.0386684313416481,1.011211633682251
NaN,1.3350789546966553,1.27299165725708,1.0124741792678833,780000.0,40,0.004367612302303314,1.3350789546966553,38,66.9359130859375,39,85.1182632446289,1000,54.20000076293945,152.0542449951172,0.7371832132339478,1.0124741792678833,0,0,1.27299165725708,6207.102830516,0.0001829999964684248,0.01384039781987667,0.6373540759086609,0.014016985893249512,0.5096184611320496,131.53201293945312,-0.4834088683128357,4.821080684661865,8.674190521240234,6046.404296875,1746509815.3332064,1.3350789546966553,3.2031493186950684,5.708880424499512,1.27299165725708,0.029885530471801758,0.08435650169849396,-0.32178163528442383,26.209999084472656,0.043036043643951416,1.0124740600585938
NaN,1.363621473312378,1.2995988130569458,1.0107353925704956,800000.0,40,0.0015114210546016693,1.363621473312378,39,70.4039077758789,40,89.2895278930664,1000,93.0,159.69349670410156,0.7286788821220398,1.0107353925704956,0,0,1.2995988130569458,6360.254233513,0.00018000000272877514,0.01394837349653244,0.6917534470558167,0.013375390321016312,0.5056963562965393,125.23992156982422,-0.33043426275253296,7.757318496704102,9.453747749328613,6206.1943359375,1746509975.1189742,1.363621473312378,3.4236085414886475,5.389257907867432,1.2995988130569458,0.15297460556030273,0.0769636258482933,2.9362378120422363,20.270000457763672,0.044547464698553085,1.0107353925704956
NaN,1.3912906646728516,1.3251231908798218,1.0093297958374023,820000.0,40,-0.0023360662162303925,1.3912906646728516,40,67.82516479492188,41,85.26246643066406,1000,47.099998474121094,153.08770751953125,0.7229281663894653,1.0093297958374023,0,0,1.3251231908798218,6509.554670264,0.00017699999443721026,0.013204425573348999,0.7415656447410583,0.0139170465990901,0.5033736824989319,130.64405822753906,-0.45938214659690857,4.547330379486084,7.813939094543457,6359.37255859375,1746510128.2703633,1.3912906646728516,2.781352996826172,5.475218296051025,1.3251231908798218,-0.1289478838443756,0.09032660722732544,-3.2099881172180176,21.299999237060547,0.04221139848232269,1.0093297958374023
NaN,1.4181004762649536,1.3500434160232544,1.0110363960266113,840000.0,40,0.018848221749067307,1.4181004762649536,41,67.96469116210938,42,81.27181243896484,1000,60.900001525878906,149.236572265625,0.7104172110557556,1.0110363960266113,0,0,1.3500434160232544,6669.219808512,0.0001740000006975606,0.013757763430476189,0.7711247801780701,0.014299928210675716,0.497681200504303,134.01541137695312,-0.45601463317871094,4.847451210021973,8.761445999145508,6508.673828125,1746510277.5712986,1.4181004762649536,3.0717103481292725,5.451950550079346,1.3500434160232544,0.003367513418197632,0.07011739909648895,0.30012083053588867,20.280000686645508,0.06105962023139,1.0110362768173218
NaN,1.444527268409729,1.3751862049102783,1.0047473907470703,860000.0,40,-0.004785850644111633,1.444527268409729,42,68.18064880371094,43,91.42137145996094,1000,89.94999694824219,159.60206604003906,0.7037513852119446,1.0047473907470703,0,0,1.3751862049102783,6823.160993151,0.00017100000695791095,0.014231492765247822,0.77919602394104,0.016903726384043694,0.4948883652687073,125.3116683959961,-0.1879231184720993,6.965575218200684,7.241397857666016,6668.33740234375,1746510437.2360578,1.444527268409729,3.2728676795959473,5.635094165802002,1.3751862049102783,0.26809151470661163,-0.024081580340862274,2.118124008178711,25.329999923706055,0.056273769587278366,1.0047473907470703
NaN,1.4705736637115479,1.3995740413665771,1.010010838508606,880000.0,40,-0.011460669338703156,1.4705736637115479,43,65.7144546508789,44,88.1559066772461,1000,53.45000076293945,153.8704071044922,0.6976553201675415,1.010010838508606,0,0,1.3995740413665771,6976.057234123,0.00016799999866634607,0.013183069415390491,0.6931703090667725,0.013190136291086674,0.49166443943977356,129.97950744628906,-0.44851112365722656,4.958106994628906,8.245102882385254,6822.2724609375,1746510591.1771894,1.4705736637115479,3.3311617374420166,5.612636566162109,1.3995740413665771,-0.26058800518512726,-0.055114131420850754,-2.0074682235717773,24.75,0.04481310024857521,1.010010838508606
NaN,1.4959744215011597,1.424041748046875,1.006321668624878,900000.0,40,0.0049980320036411285,1.4959744215011597,44,71.19477844238281,45,81.64273071289062,1000,81.44999694824219,152.83755493164062,0.6871033310890198,1.006321668624878,0,0,1.424041748046875,7128.28272106,0.00016500000492669642,0.013697085902094841,0.9439195394515991,0.014884212985634804,0.48674941062927246,130.85789489746094,-0.3345566391944885,5.776978015899658,8.932522773742676,6975.18212890625,1746510744.0711913,1.4959744215011597,3.8749921321868896,6.142695426940918,1.424041748046875,0.11395448446273804,-0.042039163410663605,0.818871021270752,20.75,0.04981113225221634,1.006321668624878
NaN,1.5209133625030518,1.4485838413238525,1.0050268173217773,920000.0,40,-0.002141721546649933,1.5209133625030518,45,66.93113708496094,46,85.20926666259766,1000,81.1500015258789,152.1405029296875,0.6951526403427124,1.0050268173217773,0,0,1.4485838413238525,7277.042447804,0.00016199999663513154,0.013881422579288483,0.718999981880188,0.014873739331960678,0.491340309381485,131.45742797851562,-0.21660523116588593,6.304354190826416,7.232567310333252,7127.37841796875,1746510896.2986097,1.5209133625030518,3.0802042484283447,6.070124626159668,1.4485838413238525,0.1179514080286026,0.040523990988731384,0.5273761749267578,22.18000030517578,0.047669410705566406,1.0050268173217773
NaN,1.5453095436096191,1.4723727703094482,1.0102880001068115,940000.0,40,-0.004146095365285873,1.5453095436096191,46,67.74402618408203,47,80.94700622558594,1000,50.79999923706055,148.69110107421875,0.6884205937385559,1.0102880001068115,0,0,1.4723727703094482,7424.487988189,0.00015900000289548188,0.0132316704839468,0.7313048839569092,0.013029483146965504,0.4878644645214081,134.50704956054688,-0.4107116162776947,4.553116798400879,7.594491481781006,7276.15625,1746511045.0586252,1.5453095436096191,2.877622365951538,5.823972702026367,1.4723727703094482,-0.19410638511180878,0.17048951983451843,-1.751237392425537,20.5,0.04352331534028053,1.0102880001068115
NaN,1.568807601928711,1.4956579208374023,1.0098587274551392,960000.0,40,0.011640667915344238,1.568807601928711,47,67.26557922363281,48,80.12297821044922,1000,56.849998474121094,147.3886260986328,0.6724318861961365,1.0098587274551392,0,0,1.4956579208374023,7571.949356764,0.000155999994603917,0.013956058770418167,0.6545860171318054,0.014973301440477371,0.4807143807411194,135.6956787109375,-0.32688039541244507,4.446115970611572,6.8092498779296875,7423.61376953125,1746511192.5046756,1.568807601928711,2.240283250808716,5.52725076675415,1.4956579208374023,0.08383122086524963,-0.037264611572027206,-0.10700082778930664,15.430000305175781,0.05516398325562477,1.0098587274551392
NaN,1.5915255546569824,1.5183597803115845,1.0117295980453491,980000.0,40,-0.005733370780944824,1.5915255546569824,48,65.24867248535156,49,82.15763092041016,1000,52.04999923706055,147.40635681152344,0.6589756608009338,1.0117295980453491,0,0,1.5183597803115845,7719.763945195,0.00015300000086426735,0.013504188507795334,0.6154506802558899,0.016513673588633537,0.4745844602584839,135.6793670654297,-0.5444067716598511,3.9119129180908203,9.352689743041992,7571.07470703125,1746511339.9660482,1.5915255546569824,3.024136781692505,5.454469203948975,1.5183597803115845,-0.217526376247406,-0.1128615215420723,-0.534203052520752,15.75,0.04943061247467995,1.0117295980453491
NaN,1.6134048700332642,1.5403406620025635,1.006531000137329,1000000.0,40,-0.0060312338173389435,1.6134048700332642,49,66.0162124633789,50,81.7414321899414,1000,45.099998474121094,147.7576904296875,0.6554059386253357,1.006531000137329,0,0,1.5403406620025635,7869.717791503,0.0001500000071246177,0.013106955215334892,0.5525603890419006,0.012569733895361423,0.47337862849235535,135.35675048828125,-0.33697301149368286,3.476039409637451,5.929272651672363,7718.88818359375,1746511487.7803884,1.6134048700332642,1.8096749782562256,4.460395336151123,1.5403406620025635,0.2074337601661682,-0.053416717797517776,-0.43587350845336914,14.109999656677246,0.043399378657341,1.006531000137329
NaN,1.6344685554504395,1.5624252557754517,1.0048795938491821,1020000.0,40,0.010527707636356354,1.6344685554504395,50,68.36834716796875,51,81.52142333984375,1000,71.05000305175781,149.8898162841797,0.6603278517723083,1.0048795938491821,0,0,1.5624252557754517,8019.088551494,0.00014699999883305281,0.014004199765622616,0.7132919430732727,0.015065876767039299,0.4760206937789917,133.4313507080078,-0.2718924880027771,4.931312084197998,7.2998576164245605,7868.8349609375,1746511637.734023,1.6344685554504395,2.3577756881713867,4.69044828414917,1.5624252557754517,0.06508052349090576,-0.04599232226610184,1.4552726745605469,13.390000343322754,0.05392708629369736,1.0048795938491821
NaN,1.6549897193908691,1.5840567350387573,1.0086067914962769,1040000.0,40,-0.013013657182455063,1.6549897193908691,51,68.0860824584961,52,81.2271957397461,1000,51.79999923706055,149.31332397460938,0.6577321290969849,1.0086067914962769,0,0,1.5840567350387573,8166.680110757,0.00014400000509340316,0.01305177342146635,0.5484460592269897,0.01381087489426136,0.47476503252983093,133.94651794433594,-0.37363630533218384,4.254637718200684,6.899096965789795,8018.212890625,1746511787.105246,1.6549897193908691,2.089850664138794,4.2306084632873535,1.5840567350387573,-0.10174381732940674,0.344116747379303,-0.6766743659973145,15.579999923706055,0.040913429111242294,1.0086067914962769
NaN,1.674866795539856,1.6047470569610596,1.013310432434082,1060000.0,40,0.014693081378936768,1.674866795539856,52,65.56641387939453,53,81.95073699951172,1000,33.75,147.5172119140625,0.6411891579627991,1.013310432434082,0,0,1.6047470569610596,8316.943419603,0.00014099999680183828,0.013307652436196804,0.7560060620307922,0.01430292148143053,0.4676683843135834,135.577392578125,-0.5106487274169922,3.529367685317993,7.429990768432617,8165.7880859375,1746511934.6962936,1.674866795539856,2.543059825897217,4.492222785949707,1.6047470569610596,-0.13701242208480835,0.23341001570224762,-0.7252700328826904,13.75,0.05560651049017906,1.013310432434082
NaN,1.6940836906433105,1.6257966756820679,1.007454752922058,1080000.0,40,-0.01393914595246315,1.6940836906433105,53,68.21697998046875,54,81.96324920654297,1000,74.25,150.1802978515625,0.6424343585968018,1.007454752922058,0,0,1.6257966756820679,8466.545590057,0.00013800000306218863,0.01393833663314581,0.6820446252822876,0.013482099398970604,0.4683639109134674,133.1732635498047,-0.29091745615005493,4.508089065551758,7.820765495300293,8316.0419921875,1746512084.9595907,1.6940836906433105,2.4765918254852295,4.303015232086182,1.6257966756820679,0.21973127126693726,-0.015661973506212234,0.9787213802337646,12.8100004196167,0.04166736453771591,1.007454752922058
NaN,1.7129948139190674,1.6469755172729492,1.0044885873794556,1100000.0,40,0.011669449508190155,1.7129948139190674,54,67.9274673461914,55,81.6016616821289,1000,67.25,149.52919006347656,0.6455218195915222,1.0044885873794556,0,0,1.6469755172729492,8616.414679956,0.00013499999477062374,0.014132163487374783,0.7585204839706421,0.015028971247375011,0.4699322283267975,133.75314331054688,-0.3262001872062683,4.772759437561035,7.5393266677856445,8465.6552734375,1746512234.5616748,1.7129948139190674,2.1886017322540283,4.816256046295166,1.6469755172729492,-0.03528273105621338,0.3222813606262207,0.26467037200927734,16.010000228881836,0.05333681404590607,1.0044885873794556
NaN,1.7317259311676025,1.6680097579956055,1.0076923370361328,1120000.0,40,-0.007777277380228043,1.7317259311676025,55,67.20186614990234,56,82.59725952148438,1000,58.150001525878906,149.79916381835938,0.6427937150001526,1.0076923370361328,0,0,1.6680097579956055,8767.691650166,0.0001320000010309741,0.013042690232396126,0.6092236042022705,0.013675601221621037,0.4689413905143738,133.5120849609375,-0.31749698519706726,3.867183208465576,6.59849214553833,8615.5283203125,1746512384.430955,1.7317259311676025,2.110044240951538,4.544007778167725,1.6680097579956055,0.00870320200920105,0.13622145354747772,-0.905576229095459,17.0,0.045559536665678024,1.0076923370361328
NaN,1.7502633333206177,1.6888225078582764,1.0090606212615967,1140000.0,40,0.0031082741916179657,1.7502633333206177,56,69.11973571777344,57,82.07657623291016,1000,54.849998474121094,151.19638061523438,0.6325144171714783,1.0090606212615967,0,0,1.6888225078582764,8914.911163196,0.0001289999927394092,0.013396951369941235,0.6742913126945496,0.014596681110560894,0.46475377678871155,132.27828979492188,-0.4340030252933502,4.269506454467773,7.9795241355896,8766.79296875,1746512535.70782,1.7502633333206177,2.396914005279541,4.937231540679932,1.6888225078582764,-0.11650604009628296,-0.042203135788440704,0.40232324600219727,16.559999465942383,0.04866781085729599,1.0090606212615967
NaN,1.7687146663665771,1.7091487646102905,1.0075490474700928,1160000.0,40,-0.008187979459762573,1.7687146663665771,57,64.96176147460938,58,82.17899322509766,1000,45.25,147.1407928466797,0.6291069984436035,1.0075490474700928,0,0,1.7091487646102905,9064.990197089,0.00012599999899975955,0.013120374642312527,0.5891643166542053,0.014699999243021011,0.4639495313167572,135.92422485351562,-0.389367014169693,4.063070297241211,6.687300205230713,8914.013671875,1746512682.927423,1.7687146663665771,2.1814441680908203,4.620655059814453,1.7091487646102905,0.04463601112365723,0.08915996551513672,-0.2064361572265625,17.450000762939453,0.04047983139753342,1.0075490474700928
NaN,1.7871226072311401,1.729308843612671,1.008666753768921,1180000.0,40,0.004504002630710602,1.7871226072311401,58,68.65998840332031,59,81.33899688720703,1000,53.849998474121094,149.9990234375,0.6221242547035217,1.008666753768921,0,0,1.729308843612671,9211.639364234,0.0001230000052601099,0.013621295802295208,0.7425576448440552,0.014714444056153297,0.46138113737106323,133.33419799804688,-0.43779686093330383,3.688183069229126,8.141947746276855,9064.0927734375,1746512833.006379,1.7871226072311401,2.47930908203125,5.139995098114014,1.729308843612671,-0.04842984676361084,0.18752099573612213,-0.37488722801208496,17.729999542236328,0.04498383402824402,1.0086666345596313
NaN,1.8054320812225342,1.7490885257720947,1.0110180377960205,1200000.0,40,-0.00012454017996788025,1.8054320812225342,59,64.97174835205078,60,81.60330200195312,1000,46.20000076293945,146.57508850097656,0.6206981539726257,1.0110180377960205,0,0,1.7490885257720947,9360.379121022,0.00011999999696854502,0.012991610914468765,0.6629078388214111,0.013144122436642647,0.4609772562980652,136.44883728027344,-0.3799654543399811,3.8583145141601562,6.452358245849609,9210.7490234375,1746512979.6556349,1.8054320812225342,2.0169553756713867,4.887636184692383,1.7490885257720947,0.057831406593322754,0.0639423280954361,0.17013144493103027,16.989999771118164,0.04485929384827614,1.011017918586731
NaN,1.8235114812850952,1.7686420679092407,1.0076141357421875,1220000.0,40,-0.005259871482849121,1.8235114812850952,60,66.6744384765625,61,81.99754333496094,1000,49.70000076293945,148.67202758789062,0.614913284778595,1.0076141357421875,0,0,1.7686420679092407,9508.579324819,0.00011700000322889537,0.012991013936698437,0.6073323488235474,0.012421981431543827,0.459031879901886,134.52430725097656,-0.299452543258667,4.335946559906006,5.95156192779541,9359.4931640625,1746513128.3953993,1.8235114812850952,2.1248040199279785,4.493566989898682,1.7686420679092407,0.08051291108131409,-0.05099949985742569,0.4776320457458496,15.380000114440918,0.03959942236542702,1.0076141357421875
NaN,1.8413877487182617,1.7879611253738403,1.0084527730941772,1240000.0,40,0.006368234753608704,1.8413877487182617,61,66.15770721435547,62,81.9832763671875,1000,48.5,148.14105224609375,0.61054927110672,1.0084527730941772,0,0,1.7879611253738403,9656.87078801,0.0001140000022132881,0.013004914857447147,0.7485883831977844,0.014307595789432526,0.45791253447532654,135.0064697265625,-0.41315221786499023,4.747654438018799,7.189545154571533,9507.703125,1746513276.5960062,1.8413877487182617,2.610734462738037,4.396175861358643,1.7879611253738403,-0.11369967460632324,-0.17153383791446686,0.41170787811279297,15.350000381469727,0.04596765711903572,1.0084526538848877
NaN,1.8593471050262451,1.808064579963684,1.0022337436676025,1260000.0,40,-0.003457963466644287,1.8593471050262451,62,66.69251251220703,63,81.5313491821289,1000,79.94999694824219,148.22390747070312,0.6197588443756104,1.0022337436676025,0,0,1.808064579963684,9803.374724752,0.00011100000119768083,0.01381654478609562,0.603016197681427,0.015023783780634403,0.4623626470565796,134.93099975585938,-0.09121298044919968,4.38914155960083,5.635806083679199,9655.9853515625,1746513424.88705,1.8593471050262451,2.175055742263794,4.117963790893555,1.808064579963684,0.32193923741579056,0.09835174679756165,-0.35851287841796875,18.100000381469727,0.042509693652391434,1.0022337436676025
NaN,1.8773101568222046,1.827247977256775,1.0130062103271484,1280000.0,40,-0.007535420358181,1.8773101568222046,63,64.63330841064453,64,81.81237030029297,1000,28.549999237060547,146.4457550048828,0.6105702519416809,1.0130062103271484,0,0,1.827247977256775,9953.177103141,0.00010800000018207356,0.01279493235051632,0.6494243741035461,0.013712288811802864,0.45925116539001465,136.56935119628906,-0.5666667819023132,3.647732973098755,7.606301784515381,9802.5009765625,1746513571.391745,1.8773101568222046,2.3902034759521484,3.7326440811157227,1.827247977256775,-0.47545380145311356,-0.1903964728116989,-0.7414085865020752,17.25,0.034974273294210434,1.0130062103271484
NaN,1.895426630973816,1.8477648496627808,1.0074594020843506,1300000.0,40,0.005012795329093933,1.895426630973816,64,68.03044891357422,65,81.70541381835938,1000,96.44999694824219,149.7359161376953,0.6142588257789612,1.0074594020843506,0,0,1.8477648496627808,10097.731340644,0.0001049999991664663,0.013666598126292229,0.7511237859725952,0.013183297589421272,0.4616343080997467,133.56849670410156,-0.07961402833461761,6.041256904602051,7.203418731689453,9952.29296875,1746513721.1933672,1.895426630973816,2.8130650520324707,3.8122174739837646,1.8477648496627808,0.4870527535676956,0.42339026927948,2.393523931503296,18.739999771118164,0.03998706862330437,1.0074594020843506
NaN,1.9135339260101318,1.8672266006469727,1.009647011756897,1320000.0,40,-0.003141060471534729,1.9135339260101318,65,63.28589630126953,66,81.20885467529297,1000,25.5,144.4947967529297,0.6146639585494995,1.009647011756897,0,0,1.8672266006469727,10242.283100673,0.00010199999815085903,0.011947153136134148,0.38109710812568665,0.011669979430735111,0.46287858486175537,138.41329956054688,-0.3675076961517334,3.278625726699829,4.760629653930664,10096.853515625,1746513865.7481084,1.9135339260101318,1.2683894634246826,3.5777204036712646,1.8672266006469727,-0.2878936678171158,-0.26737233996391296,-2.7626311779022217,17.100000381469727,0.03684600815176964,1.009647011756897
NaN,1.9314993619918823,1.8858691453933716,1.008697271347046,1340000.0,40,-0.0016120225191116333,1.9314993619918823,66,63.173057556152344,67,81.29935455322266,1000,29.5,144.4724578857422,0.6064736843109131,1.008697271347046,0,0,1.8858691453933716,10389.880742502,9.899999713525176e-05,0.01210610568523407,0.4853423833847046,0.011647457256913185,0.460490882396698,138.4346923828125,-0.3950279951095581,2.9234070777893066,5.553645133972168,10241.3876953125,1746514010.2993505,1.9314993619918823,1.7274720668792725,3.1786675453186035,1.8858691453933716,-0.027520298957824707,-0.17475071549415588,-0.35521864891052246,15.630000114440918,0.035233985632658005,1.008697271347046
NaN,1.94902503490448,1.904079556465149,1.0074127912521362,1360000.0,40,0.0011851228773593903,1.94902503490448,67,66.29630279541016,68,81.23028564453125,1000,38.650001525878906,147.5266571044922,0.605648934841156,1.0074127912521362,0,0,1.904079556465149,10535.952369362,9.600000339560211e-05,0.012802653014659882,0.3687574565410614,0.012262638658285141,0.4620869755744934,135.5687255859375,-0.29939723014831543,3.656125545501709,5.215149402618408,10388.9921875,1746514157.8968253,1.94902503490448,1.3732699155807495,2.868046760559082,1.904079556465149,0.09563076496124268,0.13189107179641724,0.7327184677124023,12.369999885559082,0.036419108510017395,1.0074127912521362
NaN,1.9662232398986816,1.9217830896377563,1.0083904266357422,1380000.0,40,-0.0018968507647514343,1.9662232398986816,68,63.8568229675293,69,82.14291381835938,1000,35.0,145.99977111816406,0.6015421152114868,1.0083904266357422,0,0,1.9217830896377563,10679.188276223,9.300000237999484e-05,0.012479851953685284,0.5150555372238159,0.01300700381398201,0.4609866440296173,136.98651123046875,-0.3307413160800934,2.9303324222564697,5.070492744445801,10535.0634765625,1746514303.9685838,1.9662232398986816,1.4596222639083862,2.529839515686035,1.9217830896377563,-0.031344085931777954,0.002750679850578308,-0.7257931232452393,13.020000457763672,0.03452225774526596,1.0083904266357422
NaN,1.9825927019119263,1.9385595321655273,1.0123934745788574,1400000.0,40,0.002823229879140854,1.9825927019119263,69,61.552825927734375,70,81.61548614501953,1000,21.049999237060547,143.16835021972656,0.5916301608085632,1.0123934745788574,0,0,1.9385595321655273,10826.727852835,9.000000136438757e-05,0.012556490488350391,0.5651759505271912,0.011037806048989296,0.45798611640930176,139.6956787109375,-0.5399928689002991,2.343095064163208,6.5988359451293945,10678.302734375,1746514447.2045193,1.9825927019119263,1.9532111883163452,2.147453546524048,1.9385595321655273,-0.2092515528202057,-0.05317386984825134,-0.5872373580932617,7.639999866485596,0.037345487624406815,1.0123934745788574
NaN,1.998633861541748,1.9556400775909424,1.0070089101791382,1420000.0,40,0.011808481067419052,1.998633861541748,70,66.14093780517578,71,81.33759307861328,1000,54.599998474121094,147.47860717773438,0.5880302786827087,1.0070089101791382,0,0,1.9556400775909424,10972.449137724,8.70000003487803e-05,0.012232493609189987,0.49543553590774536,0.01162378303706646,0.45725786685943604,135.61289978027344,-0.233154296875,3.256627321243286,5.306623458862305,10825.849609375,1746514594.7445753,1.998633861541748,2.073211669921875,2.7769112586975098,1.9556400775909424,0.3068385720252991,0.1131073534488678,0.9135322570800781,11.779999732971191,0.04915396869182587,1.0070089101791382
NaN,2.014561891555786,1.9727352857589722,1.0049899816513062,1440000.0,40,-0.005456887185573578,2.014561891555786,71,64.04774475097656,72,81.61194610595703,1000,46.650001525878906,145.6597442626953,0.6008084416389465,1.0049899816513062,0,0,1.9727352857589722,11118.870557005,8.399999933317304e-05,0.01285475492477417,0.49984708428382874,0.013571369461715221,0.4640437662601471,137.30630493164062,-0.2804032564163208,3.5368406772613525,5.500215530395508,10971.568359375,1746514740.4658844,2.014561891555786,2.407426595687866,3.0123980045318604,1.9727352857589722,-0.0472489595413208,0.24353018403053284,0.2802133560180664,13.539999961853027,0.04369708150625229,1.0049899816513062
NaN,2.0304343700408936,1.9895776510238647,1.0075722932815552,1460000.0,40,-0.0038790516555309296,2.0304343700408936,72,64.33229064941406,73,82.0330810546875,1000,38.650001525878906,146.36541748046875,0.611916184425354,1.0075722932815552,0,0,1.9895776510238647,11267.357752524,8.099999831756577e-05,0.012498205527663231,0.4316498041152954,0.010964221321046352,0.4705791771411896,136.64430236816406,-0.3185313940048218,3.6541202068328857,5.212304592132568,11117.998046875,1746514886.8876147,2.0304343700408936,1.8680062294006348,3.2045397758483887,1.9895776510238647,-0.03812813758850098,-0.2505582571029663,0.1172795295715332,13.930000305175781,0.03981802985072136,1.0075722932815552
NaN,2.0462021827697754,2.005683183670044,1.0086255073547363,1480000.0,40,-0.006628621369600296,2.0462021827697754,73,63.713565826416016,74,84.6865463256836,1000,23.850000381469727,148.40017700195312,0.6119241118431091,1.0086255073547363,0,0,2.005683183670044,11411.411487244,7.79999973019585e-05,0.011516002006828785,0.3916689455509186,0.009862217120826244,0.4722744822502136,134.77073669433594,-0.418069452047348,2.8966856002807617,5.097635746002197,11266.4521484375,1746515035.3738384,2.0462021827697754,2.0304510593414307,3.0714054107666016,2.005683183670044,-0.09953805804252625,0.26668694615364075,-0.757434606552124,13.329999923706055,0.03318940848112106,1.0086255073547363
NaN,2.0619592666625977,2.0209951400756836,1.008692979812622,1500000.0,40,-0.0031325314193964005,2.0619592666625977,74,62.27339172363281,75,81.70970916748047,1000,20.149999618530273,143.98313903808594,0.60833340883255,1.008692979812622,0,0,2.0209951400756836,11558.536256743,7.500000356230885e-05,0.011547083966434002,0.26909178495407104,0.01021552924066782,0.4721660912036896,138.9051513671875,-0.3204457461833954,2.519124984741211,3.7272424697875977,11410.5244140625,1746515179.4277484,2.0619592666625977,1.5736230611801147,2.721733331680298,2.0209951400756836,0.09762370586395264,0.12334510684013367,-0.3775606155395508,14.079999923706055,0.030056877061724663,1.008692979812622
NaN,2.077420711517334,2.0363926887512207,1.005792260169983,1520000.0,40,0.008580019697546959,2.077420711517334,75,65.46796417236328,76,81.59120178222656,1000,42.849998474121094,147.05923461914062,0.6187845468521118,1.005792260169983,0,0,2.0363926887512207,11704.099017232,7.200000254670158e-05,0.012635565362870693,0.3915407359600067,0.01159634254872799,0.47821083664894104,135.99961853027344,-0.30869990587234497,3.6634416580200195,5.437516212463379,11557.6552734375,1746515326.5525331,2.077420711517334,2.1755669116973877,2.2123308181762695,2.0363926887512207,0.011745840311050415,-0.14685729146003723,1.1443166732788086,11.25,0.03863689675927162,1.005792260169983
NaN,2.0923917293548584,2.051523447036743,1.006334662437439,1540000.0,40,0.0007816888391971588,2.0923917293548584,76,63.86107635498047,77,81.64351654052734,1000,32.900001525878906,145.504638671875,0.6225543022155762,1.006334662437439,0,0,2.051523447036743,11851.526938126,6.900000153109431e-05,0.01136493869125843,0.418498694896698,0.009747244417667389,0.4812164902687073,137.45266723632812,-0.37242183089256287,2.9422993659973145,5.522843360900879,11703.22265625,1746515472.1158016,2.0923917293548584,2.0244765281677246,2.076158046722412,2.051523447036743,-0.0637219250202179,0.0653621107339859,-0.7211422920227051,9.069999694824219,0.03941858559846878,1.0063345432281494
NaN,2.1068642139434814,2.0666143894195557,1.006525993347168,1560000.0,40,0.008189700543880463,2.1068642139434814,77,65.06261444091797,78,82.29046630859375,1000,38.400001525878906,147.35311889648438,0.6238686442375183,1.006525993347168,0,0,2.0666143894195557,11999.596795677,6.600000051548705e-05,0.01179069746285677,0.47322359681129456,0.010757580399513245,0.48318904638290405,135.72837829589844,-0.2907477021217346,3.1013646125793457,4.946796894073486,11850.6328125,1746515619.5432465,2.1068642139434814,1.8416166305541992,2.4999077320098877,2.0666143894195557,0.08167412877082825,0.05094316601753235,0.15906524658203125,8.510000228881836,0.04760828614234924,1.006525993347168
NaN,2.1208205223083496,2.0816330909729004,1.004788875579834,1580000.0,40,-0.007584132254123688,2.1208205223083496,78,65.54056549072266,79,82.46096801757812,1000,37.20000076293945,148.00157165527344,0.6355063915252686,1.004788875579834,0,0,2.0816330909729004,12146.63523286,6.299999949987978e-05,0.01148013211786747,0.3657020330429077,0.009809616953134537,0.48933595418930054,135.13369750976562,-0.24713538587093353,2.706127166748047,4.315710067749023,11998.7109375,1746515767.6130884,2.1208205223083496,1.3179411888122559,2.650567054748535,2.0816330909729004,0.043612316250801086,0.0908636823296547,-0.39523744583129883,7.860000133514404,0.040024153888225555,1.0047887563705444
NaN,2.135481357574463,2.098839521408081,1.0028034448623657,1600000.0,40,0.0024751797318458557,2.135481357574463,79,65.33271026611328,80,81.63290405273438,1000,101.25,146.96566772460938,0.6436123251914978,1.0028034448623657,0,0,2.098839521408081,12291.880114089,5.999999848427251e-05,0.011894299648702145,0.4062783122062683,0.012218320742249489,0.49538737535476685,136.08621215820312,0.11052589863538742,5.371984958648682,4.821229457855225,12145.7451171875,1746515914.651175,2.135481357574463,1.3246546983718872,3.1985440254211426,2.098839521408081,0.35766128450632095,-0.10734976083040237,2.6658577919006348,18.84000015258789,0.04249933362007141,1.0028034448623657
NaN,2.15067458152771,2.1152942180633545,1.0058534145355225,1620000.0,40,0.0004718564450740814,2.15067458152771,80,62.19287872314453,81,82.98857879638672,1000,23.799999237060547,145.18150329589844,0.6476810574531555,1.0058534145355225,0,0,2.1152942180633545,12437.021249394,5.700000110664405e-05,0.01109339203685522,0.361110121011734,0.009260876104235649,0.49775609374046326,137.75860595703125,-0.3294043242931366,3.116177558898926,4.232246398925781,12291.0009765625,1746516059.896779,2.15067458152771,1.4444398880004883,3.1386947631835938,2.1152942180633545,-0.439930222928524,-0.11643943935632706,-2.255807399749756,17.780000686645508,0.04297119006514549,1.0058534145355225
NaN,2.166402578353882,2.1312925815582275,1.006046175956726,1640000.0,40,-0.009260416030883789,2.166402578353882,81,63.43644714355469,82,81.64820861816406,1000,29.850000381469727,145.08470153808594,0.6438166499137878,1.006046175956726,0,0,2.1312925815582275,12582.556856356,5.400000009103678e-05,0.01134768221527338,0.3725666403770447,0.010119244456291199,0.49710607528686523,137.8505096435547,-0.351203054189682,3.1349904537200928,4.8516998291015625,12436.1455078125,1746516205.0349367,2.166402578353882,1.593726634979248,2.9442107677459717,2.1312925815582275,-0.02179872989654541,0.011515215039253235,0.018812894821166992,18.209999084472656,0.033710774034261703,1.006046175956726
NaN,2.1826670169830322,2.146848201751709,1.0064901113510132,1660000.0,40,0.0029648393392562866,2.1826670169830322,82,64.37718200683594,83,81.10481262207031,1000,28.899999618530273,145.48204040527344,0.640203595161438,1.0064901113510132,0,0,2.146848201751709,12728.086605277,5.0999999075429514e-05,0.010870195925235748,0.2921695411205292,0.009048312902450562,0.4967414140701294,137.47401428222656,-0.3506925404071808,3.065570592880249,4.740604877471924,12581.6826171875,1746516350.5737443,2.1826670169830322,1.7011492252349854,2.3534374237060547,2.146848201751709,0.0005105137825012207,-0.24203220009803772,-0.06941986083984375,18.639999389648438,0.03667561337351799,1.0064901113510132
NaN,2.1996238231658936,2.1622650623321533,1.005614161491394,1680000.0,40,-0.003160037100315094,2.1996238231658936,83,63.36009216308594,84,82.09624481201172,1000,35.900001525878906,145.4563751220703,0.6375393271446228,1.005614161491394,0,0,2.1622650623321533,12875.201747961,4.8000001697801054e-05,0.011190188117325306,0.4552983343601227,0.010203280486166477,0.4969257712364197,137.49826049804688,-0.2902892231941223,3.5878102779388428,4.539368629455566,12727.197265625,1746516496.1028287,2.1996238231658936,1.9510142803192139,2.376599073410034,2.1622650623321533,0.06040331721305847,0.07902977615594864,0.5222396850585938,20.520000457763672,0.033515576273202896,1.005614161491394
NaN,2.2160351276397705,2.1770968437194824,1.0080941915512085,1700000.0,40,0.00978095456957817,2.2160351276397705,84,65.6435775756836,85,81.4144058227539,1000,23.299999237060547,147.0580291748047,0.6303115487098694,1.0080941915512085,0,0,2.1770968437194824,13023.203509211,4.5000000682193786e-05,0.010959271341562271,0.32626715302467346,0.010324588045477867,0.4957078993320465,136.00074768066406,-0.374233603477478,2.918637990951538,4.54633092880249,12874.3271484375,1746516643.218642,2.2160351276397705,1.4918220043182373,2.021132707595825,2.1770968437194824,-0.08394438028335571,0.0062753260135650635,-0.6691722869873047,9.59000015258789,0.04329653084278107,1.008094072341919
NaN,2.232398271560669,2.192728042602539,1.003446102142334,1720000.0,40,-0.003337949514389038,2.232398271560669,85,65.79344177246094,86,82.139404296875,1000,59.20000076293945,147.93289184570312,0.6314290165901184,1.003446102142334,0,0,2.192728042602539,13171.78900344,4.199999966658652e-05,0.011204415932297707,0.2607787847518921,0.009595668874680996,0.49728110432624817,135.19644165039062,-0.1333014965057373,4.898380756378174,4.529622554779053,13022.3154296875,1746516791.2195482,2.232398271560669,1.6789158582687378,2.264500856399536,2.192728042602539,0.24093210697174072,-0.07756602764129639,1.9797427654266357,13.619999885559082,0.03995858132839203,1.003446102142334
NaN,2.24932861328125,2.2093489170074463,1.0022392272949219,1740000.0,40,-0.010377176105976105,2.24932861328125,86,67.04798126220703,87,81.47298431396484,1000,66.3499984741211,148.52101135253906,0.6392273306846619,1.0022392272949219,0,0,2.2093489170074463,13318.393077487,3.899999865097925e-05,0.010807900689542294,0.30700746178627014,0.010278425179421902,0.5007443428039551,134.6610870361328,-0.07071058452129364,6.520089626312256,4.1794891357421875,13170.908203125,1746516939.805697,2.24932861328125,1.1158711910247803,2.099597215652466,2.2093489170074463,0.06259091198444366,0.5677950382232666,1.621708869934082,19.18000030517578,0.029581405222415924,1.0022392272949219
NaN,2.2668304443359375,2.2258458137512207,1.00373113155365,1760000.0,40,0.005948863923549652,2.2668304443359375,87,64.43843841552734,88,82.09191131591797,1000,38.5,146.5303955078125,0.6503791809082031,1.00373113155365,0,0,2.2258458137512207,13464.986268175,3.600000127335079e-05,0.010112048126757145,0.3447969853878021,0.007720718160271645,0.5066011548042297,136.49044799804688,-0.22389133274555206,3.7686398029327393,3.9863460063934326,13317.50390625,1746517086.4093425,2.2668304443359375,1.0407179594039917,2.124338150024414,2.2258458137512207,-0.15318074822425842,-0.07468120753765106,-2.7514498233795166,19.65999984741211,0.035530269145965576,1.00373113155365
NaN,2.2847001552581787,2.2421023845672607,1.00328528881073,1780000.0,40,0.0047045424580574036,2.2847001552581787,88,64.09999084472656,89,82.42179870605469,1000,34.900001525878906,146.52183532714844,0.6586050391197205,1.00328528881073,0,0,2.2421023845672607,13614.346277796,3.300000025774352e-05,0.010154763236641884,0.39828619360923767,0.008037642575800419,0.5117718577384949,136.49842834472656,-0.23266609013080597,3.1054296493530273,3.973085641860962,13464.09765625,1746517233.0025005,2.2847001552581787,1.0989323854446411,2.1792783737182617,2.2421023845672607,-0.008774757385253906,0.025451447814702988,-0.6632101535797119,18.229999542236328,0.04023481160402298,1.00328528881073
NaN,2.3030269145965576,2.2586865425109863,1.005061149597168,1800000.0,40,0.003261260688304901,2.3030269145965576,89,67.8569107055664,90,81.42919921875,1000,49.29999923706055,149.28614807128906,0.6603067517280579,1.005061149597168,0,0,2.2586865425109863,13760.873346562,2.9999999242136255e-05,0.010018494911491871,0.5716289281845093,0.007985053583979607,0.5136407613754272,133.9709014892578,-0.36033251881599426,4.459921360015869,6.449211120605469,13613.4580078125,1746517382.3625014,2.3030269145965576,1.7541314363479614,2.5466604232788086,2.2586865425109863,-0.1276664286851883,0.12870949506759644,1.3544917106628418,19.309999465942383,0.04349607229232788,1.005061149597168
NaN,2.321638584136963,2.275773048400879,1.0033738613128662,1820000.0,40,-0.0014301501214504242,2.321638584136963,90,64.8581314086914,91,81.59278869628906,1000,54.650001525878906,146.45098876953125,0.664162814617157,1.0033738613128662,0,0,2.275773048400879,13908.515034108,2.700000004551839e-05,0.009820109233260155,0.3863981068134308,0.007532188203185797,0.5151015520095825,136.564453125,-0.24512659013271332,4.259833335876465,5.410623073577881,13759.98046875,1746517528.8893259,2.321638584136963,1.6419191360473633,2.5209262371063232,2.275773048400879,0.11520592868328094,-0.1920768767595291,-0.2000880241394043,18.079999923706055,0.04206592217087746,1.0033738613128662
NaN,2.3403360843658447,2.2932848930358887,1.005345344543457,1840000.0,40,0.0031189173460006714,2.3403360843658447,91,65.63299560546875,92,81.94269561767578,1000,53.70000076293945,147.5757293701172,0.6689586639404297,1.005345344543457,0,0,2.2932848930358887,14052.61476073,2.4000000848900527e-05,0.009630551561713219,0.5493980646133423,0.007154660765081644,0.5164777040481567,135.5236358642578,-0.3263256549835205,5.111788272857666,6.297504425048828,13907.6318359375,1746517676.531338,2.3403360843658447,2.2613959312438965,3.201861619949341,2.2932848930358887,-0.08119906485080719,-0.09582924097776413,0.8519549369812012,16.459999084472656,0.04518483951687813,1.0053452253341675
NaN,2.3590190410614014,2.310250997543335,1.0050287246704102,1860000.0,40,-0.006348837167024612,2.3590190410614014,92,62.79130935668945,93,81.2418441772461,1000,28.950000762939453,144.033203125,0.6708632707595825,1.0050287246704102,0,0,2.310250997543335,14197.075428784,2.099999983329326e-05,0.008482172153890133,0.45358648896217346,0.0057935165241360664,0.5175977349281311,138.85687255859375,-0.4292285740375519,3.5621137619018555,5.899013996124268,14051.73046875,1746517820.6309865,2.3590190410614014,2.2722578048706055,3.4800174236297607,2.310250997543335,-0.10290291905403137,-0.01040300726890564,-1.5496745109558105,15.569999694824219,0.038836002349853516,1.0050287246704102
NaN,2.3778867721557617,2.3274149894714355,1.0020270347595215,1880000.0,40,0.0013321340084075928,2.3778867721557617,93,62.756893157958984,94,81.6435317993164,1000,46.95000076293945,144.4004669189453,0.6789481043815613,1.0020270347595215,0,0,2.3274149894714355,14343.062112476,1.8000000636675395e-05,0.008909097872674465,0.3830797076225281,0.006413992960005999,0.5232790112495422,138.5037078857422,-0.2296287715435028,3.3991732597351074,4.834067344665527,14196.1982421875,1746517965.0921283,2.3778867721557617,1.7952656745910645,3.2794196605682373,2.3274149894714355,0.19959980249404907,-0.03749416396021843,-0.16294050216674805,17.290000915527344,0.04016813635826111,1.0020270347595215
NaN,2.396984815597534,2.344219446182251,1.0044420957565308,1900000.0,40,0.004608750343322754,2.396984815597534,94,64.10092163085938,95,81.81922912597656,1000,32.70000076293945,145.92019653320312,0.6836941838264465,1.0044420957565308,0,0,2.344219446182251,14490.633636361,1.4999999621068127e-05,0.009187286719679832,0.294360876083374,0.007052888162434101,0.5269497036933899,137.06121826171875,-0.36876291036605835,4.134698867797852,5.265515327453613,14342.1796875,1746518111.0783494,2.396984815597534,1.7190359830856323,2.963651180267334,2.344219446182251,-0.13913413882255554,0.006430014967918396,0.7355256080627441,17.799999237060547,0.04477688670158386,1.0044420957565308
NaN,2.416165351867676,2.3612117767333984,1.0044413805007935,1920000.0,40,0.0006788112223148346,2.416165351867676,95,66.06474304199219,96,81.42151641845703,1000,45.900001525878906,147.48631286621094,0.6837832927703857,1.0044413805007935,0,0,2.3612117767333984,14639.416184529,1.2000000424450263e-05,0.008669821545481682,0.2316133826971054,0.006255731917917728,0.5274911522865295,135.60580444335938,-0.27049580216407776,3.656954765319824,5.305312633514404,14489.73046875,1746518258.6499503,2.416165351867676,1.989684820175171,2.8427276611328125,2.3612117767333984,0.09826710820198059,-0.23845912516117096,-0.47774410247802734,16.6200008392334,0.0454556979238987,1.0044413805007935
NaN,2.4354708194732666,2.379183053970337,1.000557541847229,1940000.0,40,-0.007103145122528076,2.4354708194732666,96,66.3182144165039,97,82.38970184326172,1000,66.94999694824219,148.7079620361328,0.688552737236023,1.000557541847229,0,0,2.379183053970337,14784.602921212,9.000000318337698e-06,0.00824460107833147,0.29396265745162964,0.005210638977587223,0.5307081937789917,134.49179077148438,-0.19000059366226196,5.917101860046387,6.086333751678467,14638.525390625,1746518407.432466,2.4354708194732666,2.029576063156128,2.299325942993164,2.379183053970337,0.0804952085018158,0.12980398535728455,2.2601470947265625,17.010000228881836,0.03835255280137062,1.0005574226379395
NaN,2.4550158977508545,2.397019624710083,1.001767873764038,1960000.0,40,-0.002919711172580719,2.4550158977508545,97,63.87195587158203,98,81.23600006103516,1000,40.20000076293945,145.1080322265625,0.6938226222991943,1.001767873764038,0,0,2.397019624710083,14930.050587292,6.000000212225132e-06,0.007168500684201717,0.33488744497299194,0.004433077294379473,0.5335450768470764,137.82835388183594,-0.33790692687034607,4.468242645263672,5.825143814086914,14783.70703125,1746518552.6190202,2.4550158977508545,2.2605199813842773,2.1271066665649414,2.397019624710083,-0.1479063332080841,0.190022811293602,-1.4488592147827148,18.079999923706055,0.0354328416287899,1.001767873764038
NaN,2.474445104598999,2.413757562637329,1.0031263828277588,1980000.0,40,-0.007054556161165237,2.474445104598999,98,62.573951721191406,99,82.79370880126953,1000,15.100000381469727,145.36770629882812,0.6973558664321899,1.0031263828277588,0,0,2.413757562637329,15075.758458753,3.000000106112566e-06,0.0070540932938456535,0.27466973662376404,0.004002710804343224,0.5352725386619568,137.58213806152344,-0.511579155921936,2.9686102867126465,5.4607439041137695,14929.15234375,1746518698.0667365,2.474445104598999,2.011009693145752,1.8018710613250732,2.413757562637329,-0.17367222905158997,-0.010708563029766083,-1.4996323585510254,15.09000015258789,0.028378285467624664,1.0031263828277588
NaN,2.4934847354888916,2.429866075515747,1.0026472806930542,2000000.0,40,0.013244695961475372,2.4934847354888916,99,64.20207214355469,100,81.43266296386719,1000,24.25,145.63479614257812,0.6988592147827148,1.0026472806930542,0,0,2.429866075515747,15076.158812842,0.0,0.006451800465583801,0.41673514246940613,0.002986229956150055,0.5363539457321167,137.32981872558594,-0.49470096826553345,2.762725830078125,5.908505916595459,15074.8671875,1746518843.7746117,2.4934847354888916,1.8820953369140625,2.1754000186920166,2.429866075515747,0.016878187656402588,-0.18285366892814636,-0.20588445663452148,12.550000190734863,0.04162298142910004,1.0026472806930542
