Loss/Loss_pi,_step,Time/Total,Train/PolicyRatio/Std,Metrics/LagrangeMultiplier/Max,Loss/Loss_pi/Delta,Misc/AcceptanceStep,Metrics/LagrangeMultiplier/Min,Train/Epoch,Train/KL,Train/LR,_runtime,Time/Update,Value/reward,Train/PolicyStd,Train/StopIter,Misc/gradient_norm,Loss/Loss_cost_critic,TotalEnvSteps,Loss/Loss_reward_critic,Misc/xHx,Loss/Loss_reward_critic/Delta,Value/Adv,Time/Epoch,Metrics/EpLen,Train/PolicyRatio,Misc/Alpha,Misc/H_inv_g,Metrics/EpRet,Loss/Loss_cost_critic/Delta,Value/cost,Metrics/EpCost,Time/FPS,Metrics/LagrangeMultiplier,Misc/FinalStepNorm,_timestamp,Train/PolicyRatio/Min,Train/PolicyRatio/Max,Metrics/LagrangeMultiplier/Std,Train/Entropy,Time/Rollout
-0.005924558732658625,1,110.21593475341797,0.00019581426749937236,0.03599999472498894,-0.005924558732658625,1,0.03599999472498894,0,0.0002504548756405711,0,219.529958916,15.693989753723145,0.1488094925880432,0.9935925006866455,10,0.04055066406726837,4.676331520080566,20000.0,0.009964772500097752,0.004275225568562746,0.009964772500097752,-1.4114379887075756e-08,110.21464538574219,1000,0.9997231364250183,2.1628928184509277,0.15077663958072662,-0.4370388984680176,4.676331520080566,-0.009965052828192711,49.400001525878906,181.46408081054688,0.03599999472498894,0.3261137008666992,1743320601.5431554,0.9997231364250183,0.9997231364250183,0,1.4124979972839355,94.5206069946289
-0.0087667778134346,2,217.70004272460938,0.0008341704378835857,0.07102178037166595,-0.002842219080775976,1,0.07102178037166595,1,0.0002546774921938777,0,326.44327327,14.676513671875,0.13347667455673218,0.9972500801086426,10,0.04814286530017853,4.086089134216309,40000.0,0.008899735286831856,0.005301263183355331,-0.0010650372132658958,-6.103515470812226e-09,107.37877655029297,1000,1.0011796951293945,1.942338466644287,0.17764727771282196,-0.04679189994931221,-0.5902423858642578,1.3308711051940918,59.25,186.2565460205078,0.07102178037166595,0.3450511395931244,1743320709.0576766,1.0011796951293945,1.0011796951293945,0,1.4161676168441772,92.70223236083984
-0.007219923194497824,3,324.5897521972656,0.0002553256053943187,0.10611364990472794,0.0015468546189367771,1,0.10611364990472794,2,0.000312462798319757,0,435.993576241,13.351298332214355,0.12834271788597107,0.9949992299079895,10,0.05232919380068779,5.615694522857666,60000.0,0.006082821637392044,0.00456555001437664,-0.0028169136494398117,-2.6702879907247734e-09,106.744873046875,1000,0.9996388554573059,2.092993974685669,0.15776416659355164,0.11550533771514893,1.5296053886413574,1.44743013381958,59.483333587646484,187.3626251220703,0.10611364990472794,0.3301994502544403,1743320815.9709957,0.9996389150619507,0.9996389150619507,0,1.4137088060379028,93.39354705810547
-0.008032135665416718,4,434.1964416503906,0.00036954355891793966,0.14124980568885803,-0.0008122124709188938,1,0.14124980568885803,3,0.0002914730866905302,0,545.061533634,14.607084274291992,0.11772209405899048,0.9861353039741516,10,0.050683535635471344,5.1191511154174805,80000.0,0.012932579033076763,0.00560019863769412,0.006849757395684719,-1.5258788677030566e-09,109.43869018554688,1000,1.0005226135253906,1.889787197113037,0.18545211851596832,0.3985423743724823,-0.49654340744018555,2.5649526119232178,59.61249923706055,182.75071716308594,0.14124980568885803,0.3504650294780731,1743320925.5210333,1.0005226135253906,1.0005226135253906,0,1.4040125608444214,94.8315658569336
-0.009518652223050594,5,543.2684936523438,0.00039634897257201374,0.1765429824590683,-0.0014865165576338768,1,0.1765429824590683,4,0.0003275649796705693,0,654.523720599,14.973306655883789,0.1362573206424713,0.9806079268455505,10,0.05056171119213104,5.047969341278076,100000.0,0.018236322328448296,0.007416233420372009,0.0053037432953715324,0.0,108.96126556396484,1000,1.0005604028701782,1.642188549041748,0.19763077795505524,0.7748929858207703,-0.0711817741394043,2.888810157775879,69.12999725341797,183.5514678955078,0.1765429824590683,0.32454702258110046,1743321034.589087,1.0005605220794678,1.0005605220794678,0,1.3981643915176392,93.98789978027344
-0.01021976862102747,6,652.750732421875,0.0005060431431047618,0.2120225578546524,-0.0007011163979768753,1,0.2120225578546524,5,0.0003003880847245455,0,764.881286723,15.063002586364746,0.15281669795513153,0.9876208305358887,10,0.12380686402320862,4.382099151611328,120000.0,0.017081234604120255,0.011003151535987854,-0.001155087724328041,-3.814697002724188e-09,109.37401580810547,1000,0.9992843270301819,1.3482059240341187,0.23526407778263092,1.3412292003631592,-0.665870189666748,4.056737422943115,76.86000061035156,182.85879516601562,0.2120225578546524,0.3171844184398651,1743321144.0514503,0.9992843866348267,0.9992843866348267,0,1.4049367904663086,94.31098175048828
-0.011714648455381393,7,763.0924682617188,0.0008328779367730021,0.2477129101753235,-0.0014948798343539238,1,0.2477129101753235,6,0.0003383381408639252,0,873.025978877,15.528070449829102,0.19922083616256714,0.9866141676902771,10,0.08235646039247513,4.518739700317383,140000.0,0.01812957040965557,0.01373516209423542,0.0010483358055353165,1.0681151962899094e-08,110.25548553466797,1000,1.0011777877807617,1.2066961526870728,0.25910305976867676,1.88603937625885,0.1366405487060547,5.4825358390808105,84.63999938964844,181.39688110351562,0.2477129101753235,0.3126586675643921,1743321254.4089239,1.0011777877807617,1.0011777877807617,0,1.4029169082641602,94.72737884521484
-0.011248867027461529,8,871.2300415039062,0.0009420382557436824,0.28361621499061584,0.00046578142791986465,1,0.28361621499061584,7,0.0003452597593422979,0,982.820708516,14.800077438354492,0.2729957103729248,0.9777807593345642,10,0.11182582378387451,4.742059230804443,160000.0,0.044149789959192276,0.013064621947705746,0.026020219549536705,4.577636492086867e-09,108.03456115722656,1000,0.9986677169799805,1.23727548122406,0.24770453572273254,3.029566764831543,0.22331953048706055,5.572932243347168,88.04000091552734,185.12594604492188,0.28361621499061584,0.30647873878479004,1743321362.5537047,0.9986677169799805,0.9986677169799805,0,1.392468810081482,93.23445892333984
-0.010673455893993378,9,980.8445434570312,0.0007361649768427014,0.319681316614151,0.0005754111334681511,1,0.319681316614151,8,0.00032832191209308803,0,1093.069986475,14.928230285644531,0.24041074514389038,0.9666380882263184,10,0.09371554851531982,2.7192769050598145,180000.0,0.02518576756119728,0.011500606313347816,-0.018964022397994995,1.5258788677030566e-09,109.50442504882812,1000,1.001041054725647,1.3187255859375,0.2311050444841385,3.6453564167022705,-2.022782325744629,5.362987518310547,86.5199966430664,182.64102172851562,0.319681316614151,0.30476412177085876,1743321472.34824,1.0010411739349365,1.0010411739349365,0,1.3811861276626587,94.57614135742188
-0.009514396078884602,10,1091.1961669921875,0.0003290263994131237,0.35558077692985535,0.001159059815108776,1,0.35558077692985535,9,0.000298442377243191,0,1202.034541119,15.189019203186035,0.2539721131324768,0.9671685099601746,10,0.08116170763969421,1.9353920221328735,200000.0,0.0271966103464365,0.009951924905180931,0.0020108427852392197,1.5258788677030566e-09,110.06078338623047,1000,0.9995346665382385,1.4176244735717773,0.21470031142234802,4.007156848907471,-0.7838848829269409,4.869170665740967,71.54000091552734,181.71775817871094,0.35558077692985535,0.304364413022995,1743321582.5977106,0.9995347261428833,0.9995347261428833,0,1.382301926612854,94.8717269897461
-0.008094477467238903,11,1200.2470703125,0.0005118032568134367,0.3909616470336914,0.0014199186116456985,1,0.3909616470336914,10,0.0003402463044039905,0,1311.148649395,13.12983512878418,0.337199330329895,0.9564213156700134,10,0.07823579013347626,1.7011152505874634,220000.0,0.04126664623618126,0.007845471613109112,0.014070035889744759,-1.602172794434864e-08,108.86286926269531,1000,0.9992761611938477,1.5966333150863647,0.17901331186294556,4.615756988525391,-0.23427677154541016,5.356837272644043,58.63999938964844,183.71737670898438,0.3909616470336914,0.28581860661506653,1743321691.562311,0.9992761611938477,0.9992761611938477,0,1.371172308921814,95.73300170898438
-0.009988117031753063,12,1309.3419189453125,0.0003880881704390049,0.42535239458084106,-0.0018936395645141602,1,0.42535239458084106,11,0.00031537513132207096,0,1422.103066395,15.565081596374512,0.44147783517837524,0.9455323815345764,10,0.11383815854787827,1.7652913331985474,240000.0,0.0649324283003807,0.011834505014121532,0.023665782064199448,-7.629394005448376e-09,108.99425506591797,1000,1.0005488395690918,1.2999892234802246,0.22652918100357056,5.481356620788574,0.06417608261108398,4.769585132598877,44.13999938964844,183.49591064453125,0.42535239458084106,0.29448550939559937,1743321800.6763608,1.0005488395690918,1.0005488395690918,0,1.3576725721359253,93.42914581298828
-0.013308691792190075,13,1420.3330078125,0.0011116934474557638,0.4587143063545227,-0.0033205747604370117,1,0.4587143063545227,12,0.00038040545769035816,0,1531.607905556,15.414291381835938,0.3700571656227112,0.9289140701293945,10,0.12334764003753662,2.17423677444458,260000.0,0.029284074902534485,0.01824101433157921,-0.03564835339784622,-7.629394005448376e-09,110.8698959350586,1000,0.9984278678894043,1.0471054315567017,0.25945615768432617,5.4043192863464355,0.4089454412460327,3.7298805713653564,39.689998626708984,180.39161682128906,0.4587143063545227,0.27167797088623047,1743321911.6309335,0.9984278678894043,0.9984278678894043,0,1.3407907485961914,95.45558166503906
-0.009871323592960835,14,1529.7664794921875,0.0006090500392019749,0.49087411165237427,0.0034373681992292404,1,0.49087411165237427,13,0.0003083986521232873,0,1641.67668146,15.195539474487305,0.44282543659210205,0.9192360043525696,10,0.13275383412837982,1.492374300956726,280000.0,0.05879386514425278,0.011194217018783092,0.029509790241718292,-1.2207030941624453e-08,109.3536376953125,1000,0.9991386532783508,1.3366507291793823,0.22464758157730103,6.132409572601318,-0.681862473487854,4.948528289794922,32.970001220703125,182.8928680419922,0.49087411165237427,0.30027535557746887,1743322021.1355503,0.9991387128829956,0.9991387128829956,0,1.3301841020584106,94.1580581665039
-0.009520395658910275,15,1639.9075927734375,0.0004971080343239009,0.5218448638916016,0.00035092793405056,1,0.5218448638916016,14,0.0003206555265933275,0,1752.473976708,15.605443954467773,0.5345394611358643,0.9063431620597839,10,0.10744789242744446,1.2099292278289795,300000.0,0.07408680766820908,0.00993557833135128,0.015292942523956299,-6.103515470812226e-09,109.98627471923828,1000,1.000702977180481,1.418790340423584,0.21467022597789764,7.38408088684082,-0.2824450731277466,3.8409745693206787,29.979999542236328,181.84088134765625,0.5218448638916016,0.30457204580307007,1743322131.204459,1.0007030963897705,1.0007030963897705,0,1.3155790567398071,94.38079071044922
-0.011074512265622616,16,1750.6614990234375,0.0010553570464253426,0.5517886877059937,-0.0015541166067123413,1,0.5517886877059937,15,0.0003395208332221955,0,1860.263671125,15.290498733520508,0.6807711124420166,0.9057410359382629,10,0.17753377556800842,1.3767826557159424,320000.0,0.04991218075156212,0.013054185546934605,-0.024174626916646957,0.0,110.67523193359375,1000,1.0014925003051758,1.2377699613571167,0.22759531438350677,7.913757801055908,0.1668534278869629,3.774738311767578,29.979999542236328,180.7089080810547,0.5517886877059937,0.2817106544971466,1743322242.0017197,1.0014925003051758,1.0014925003051758,0,1.315222144126892,95.38470458984375
-0.012814570218324661,17,1858.39892578125,0.0005642058094963431,0.5809733271598816,-0.0017400579527020454,1,0.5809733271598816,16,0.0003342231793794781,0,1970.591733748,13.641783714294434,0.7993959188461304,0.9053646922111511,10,0.16511976718902588,1.3322750329971313,340000.0,0.05613960325717926,0.01854037120938301,0.006227422505617142,2.2888182460434336e-09,107.60907745361328,1000,1.0007978677749634,1.0386176109313965,0.2802254855632782,8.217608451843262,-0.044507622718811035,3.630016326904297,32.34000015258789,185.85794067382812,0.5809733271598816,0.2910471260547638,1743322349.791405,1.000797986984253,1.000797986984253,0,1.3149276971817017,93.96726989746094
-0.009532418102025986,18,1968.756591796875,0.0004015189770143479,0.6092116236686707,0.0032821521162986755,1,0.6092116236686707,17,0.0003103363560512662,0,2079.155262109,15.25776481628418,0.8204553723335266,0.8910350203514099,10,0.1072218269109726,1.4035439491271973,360000.0,0.06633317470550537,0.011371338739991188,0.01019357144832611,0.0,110.17913055419922,1000,1.0005677938461304,1.3261998891830444,0.22719796001911163,9.184636116027832,0.07126891613006592,4.1943769454956055,27.1200008392334,181.5225830078125,0.6092116236686707,0.3013099133968353,1743322460.1195643,1.0005677938461304,1.0005677938461304,0,1.2986681461334229,94.92134094238281
-0.012150917202234268,19,2077.373779296875,4.158489537076093e-05,0.6368956565856934,-0.0026184991002082825,1,0.6368956565856934,18,0.0003095853899139911,0,2189.424028077,14.766098976135254,0.7787511944770813,0.8825421333312988,10,0.18186168372631073,1.7667236328125,380000.0,0.06323760002851486,0.017219776287674904,-0.003095574676990509,-2.2888182460434336e-09,108.46829986572266,1000,0.9999411702156067,1.0777080059051514,0.2703823447227478,9.493990898132324,0.36317968368530273,4.183466911315918,31.8799991607666,184.3856658935547,0.6368956565856934,0.2913932204246521,1743322568.6826785,0.9999412298202515,0.9999412298202515,0,1.2885854244232178,93.70215606689453
-0.0103882672265172,20,2187.642333984375,0.00032076562638394535,0.6642065644264221,0.0017626499757170677,1,0.6642065644264221,19,0.00030303531093522906,0,2297.318176373,15.538541793823242,0.7559520602226257,0.8818885684013367,10,0.094762422144413,1.7576429843902588,400000.0,0.06058567389845848,0.011350225657224655,-0.0026519261300563812,-6.866454960174906e-09,110.17371368408203,1000,1.0004535913467407,1.3274328708648682,0.22817891836166382,9.218738555908203,-0.009080648422241211,3.9582695960998535,33.709999084472656,181.53150939941406,0.6642065644264221,0.30289220809936523,1743322678.9516368,1.0004537105560303,1.0004537105560303,0,1.2880926132202148,94.63512420654297
-0.012165501713752747,21,2295.52880859375,0.00042059746920131147,0.6913981437683105,-0.0017772344872355461,1,0.6913981437683105,20,0.0003090236277785152,0,2408.675312446,14.130111694335938,0.8429126739501953,0.870318591594696,10,0.19731806218624115,1.638596773147583,420000.0,0.05589109659194946,0.020265530794858932,-0.004694577306509018,3.051757735406113e-09,107.7922134399414,1000,0.9994052052497864,0.9934268593788147,0.2982887029647827,9.443258285522461,-0.11904621124267578,4.051025867462158,37.25,185.5421600341797,0.6913981437683105,0.29632797837257385,1743322786.8458614,0.9994052648544312,0.9994052648544312,0,1.2755993604660034,93.66207122802734
-0.011338810436427593,22,2406.896728515625,1.2926560657433583e-06,0.7182952761650085,0.0008266912773251534,1,0.7182952761650085,21,0.0003187079855706543,0,2519.179754455,15.79600715637207,0.8181761503219604,0.8622826933860779,10,0.09907525777816772,1.3969125747680664,440000.0,0.06882136315107346,0.01596814952790737,0.012930266559123993,0.0,111.26505279541016,1000,0.999998152256012,1.1191481351852417,0.27370378375053406,9.3980712890625,-0.2416841983795166,3.678269624710083,33.59000015258789,179.75096130371094,0.7182952761650085,0.3063150644302368,1743322898.2031376,0.9999982118606567,0.9999982118606567,0,1.2656747102737427,95.46900939941406
-0.010035528801381588,23,2517.400634765625,0.00018465939501766115,0.7448142170906067,0.0013032816350460052,1,0.7448142170906067,22,0.00034567390684969723,0,2628.643412602,15.864593505859375,0.9351763725280762,0.8550460934638977,10,0.14276210963726044,1.1041388511657715,460000.0,0.062399011105298996,0.012299275025725365,-0.00642235204577446,-3.051757735406113e-09,110.41419982910156,1000,1.0002611875534058,1.2751904726028442,0.2176934778690338,9.045879364013672,-0.2927737236022949,3.8001747131347656,31.31999969482422,181.13612365722656,0.7448142170906067,0.27760064601898193,1743323008.7076,1.0002611875534058,1.0002611875534058,0,1.2570644617080688,94.54957580566406
-0.011254634708166122,24,2626.86572265625,3.7061148759676144e-05,0.7708547115325928,-0.0012191059067845345,1,0.7708547115325928,23,0.0003210446739103645,0,2737.283824829,15.704778671264648,0.998663067817688,0.8448380827903748,10,0.16773881018161774,1.2464932203292847,480000.0,0.053938064724206924,0.015489492565393448,-0.008460946381092072,3.8146971692576415e-10,109.3764877319336,1000,0.9999475479125977,1.1363085508346558,0.26066717505455017,8.774263381958008,0.14235436916351318,3.4975180625915527,28.709999084472656,182.8546600341797,0.7708547115325928,0.2961983382701874,1743323118.1710944,0.9999475479125977,0.9999475479125977,0,1.245615839958191,93.67167663574219
-0.012068496085703373,25,2735.5,0.0003860651340801269,0.7964503765106201,-0.0008138613775372505,1,0.7964503765106201,24,0.00034169561695307493,0,2846.848471065,14.479328155517578,0.9210821986198425,0.8377501368522644,10,0.15467068552970886,1.1765263080596924,500000.0,0.06796574592590332,0.016942931339144707,0.014027681201696396,6.103515470812226e-09,108.54264831542969,1000,1.0005459785461426,1.0864771604537964,0.259937584400177,8.823014259338379,-0.06996691226959229,3.093770742416382,28.219999313354492,184.25938415527344,0.7964503765106201,0.2824162542819977,1743323226.8114123,1.0005459785461426,1.0005459785461426,0,1.2377876043319702,94.06327819824219
-0.010993984527885914,26,2845.090087890625,0.0008266401709988713,0.8215900659561157,0.001074511557817459,1,0.8215900659561157,25,0.00031556730391457677,0,2956.603571155,15.212846755981445,1.0611989498138428,0.8335497975349426,10,0.16635078191757202,1.3530348539352417,520000.0,0.06754552572965622,0.015086272731423378,-0.00042022019624710083,-1.0681151962899094e-08,109.49417877197266,1000,1.0011690855026245,1.1513937711715698,0.2564238905906677,9.12889289855957,0.17650854587554932,3.2119059562683105,27.079999923706055,182.65811157226562,0.8215900659561157,0.29524487257003784,1743323336.3767288,1.0011690855026245,1.0011690855026245,0,1.2321783304214478,94.28130340576172
-0.013393706642091274,27,2954.822265625,4.777303729497362e-06,0.846346914768219,-0.0023997221142053604,1,0.846346914768219,26,0.00035234226379543543,0,3068.042044544,15.40909481048584,0.7699692845344543,0.8303523063659668,10,0.15118999779224396,1.1916836500167847,540000.0,0.043607864528894424,0.020464617758989334,-0.023937661200761795,-3.051757735406113e-09,109.67060089111328,1000,1.0000066757202148,0.9885828495025635,0.2789038419723511,8.617116928100586,-0.16135120391845703,3.447096109390259,27.299999237060547,182.36427307128906,0.846346914768219,0.275719553232193,1743323446.1313128,1.0000066757202148,1.0000066757202148,0,1.2275938987731934,94.26148223876953
-0.014820399694144726,28,3066.266845703125,0.0005108197801746428,0.8712018132209778,-0.0014266930520534515,1,0.8712018132209778,27,0.0003532909322530031,0,3176.858373959,15.656012535095215,0.9227184653282166,0.8240079879760742,10,0.1792754828929901,2.0189452171325684,560000.0,0.0540086105465889,0.02937372401356697,0.010400746017694473,-1.7166137400437265e-09,111.35054016113281,1000,0.9992775917053223,0.8251547813415527,0.3307764232158661,8.53280258178711,0.8272615671157837,3.748042106628418,34.209999084472656,179.6129608154297,0.8712018132209778,0.2729417681694031,1743323557.5698562,0.9992775917053223,0.9992775917053223,0,1.2200895547866821,95.69450378417969
-0.016139304265379906,29,3175.0908203125,8.019144297577441e-05,0.896351158618927,-0.00131890457123518,1,0.896351158618927,28,0.0003220226208213717,0,3286.550499537,14.142586708068848,0.9227015376091003,0.8250961303710938,10,0.1665857881307602,2.028423547744751,580000.0,0.07232200354337692,0.02915995568037033,0.018313392996788025,-9.53674295089968e-09,108.73933410644531,1000,1.0001134872436523,0.828173816204071,0.358209490776062,8.795539855957031,0.009478330612182617,4.30178689956665,37.38999938964844,183.92608642578125,0.896351158618927,0.2966597080230713,1743323666.386529,1.0001134872436523,1.0001134872436523,0,1.2209237813949585,94.5967025756836
-0.018008120357990265,30,3284.765380859375,0.0009330750326626003,0.9222378730773926,-0.0018688160926103592,1,0.9222378730773926,29,0.0003181043721269816,0,3393.76287996,15.646060943603516,0.9460089802742004,0.8228473663330078,10,0.36180996894836426,2.3015546798706055,600000.0,0.058682188391685486,0.04200561344623566,-0.013639815151691437,-9.918212917625624e-09,109.59500122070312,1000,1.0013195276260376,0.6900193691253662,0.4220523238182068,8.403014183044434,0.2731311321258545,4.494358539581299,45.25,182.49008178710938,0.9222378730773926,0.29122427105903625,1743323776.0780718,1.0013196468353271,1.0013196468353271,0,1.2175875902175903,93.94889068603516
-0.013213686645030975,31,3391.991943359375,0.0009289165027439594,0.9487440586090088,0.0047944337129592896,1,0.9487440586090088,30,0.00034026874345727265,0,3504.611411397,13.070094108581543,0.9512566328048706,0.8170337677001953,10,0.22735507786273956,1.4802908897399902,620000.0,0.05750002712011337,0.023580599576234818,-0.001182161271572113,1.525878801089675e-08,107.12811279296875,1000,0.9986863136291504,0.9209530353546143,0.3127625286579132,7.904543399810791,-0.8212637901306152,4.871366024017334,44.439998626708984,186.69236755371094,0.9487440586090088,0.28803959488868713,1743323883.2907958,0.9986863136291504,0.9986863136291504,0,1.2105388641357422,94.05799102783203
-0.015439013950526714,32,3502.83056640625,0.0008011272875592113,0.9758618474006653,-0.002225327305495739,1,0.9758618474006653,31,0.0003193187585566193,0,3614.606671062,15.57827091217041,1.0917984247207642,0.8123458027839661,10,0.1667765974998474,1.6958624124526978,640000.0,0.04902014136314392,0.030599908903241158,-0.008479885756969452,-3.051757735406113e-09,110.75846862792969,1000,1.0011329650878906,0.8084531426429749,0.3629794418811798,8.692391395568848,0.21557152271270752,4.182445526123047,45.31999969482422,180.57310485839844,0.9758618474006653,0.29345187544822693,1743323994.1391542,1.0011329650878906,1.0011329650878906,0,1.203275203704834,95.18016815185547
-0.018893036991357803,33,3612.822265625,0.0011053712805733085,1.0036582946777344,-0.003454023040831089,1,1.0036582946777344,32,0.0003100346657447517,0,3725.00071335,15.267326354980469,1.156624436378479,0.8207877278327942,10,0.26400649547576904,1.8046022653579712,660000.0,0.061261482536792755,0.0397302471101284,0.012241341173648834,-4.577636492086867e-09,109.8980484008789,1000,1.0015631914138794,0.7095031142234802,0.40726161003112793,8.955269813537598,0.10873985290527344,4.205313205718994,47.540000915527344,181.9868621826172,1.0036582946777344,0.28895336389541626,1743324104.1343648,1.001563310623169,1.001563310623169,0,1.212636947631836,94.63069152832031
-0.011306140571832657,34,3723.219970703125,0.0009409424383193254,1.0317721366882324,0.0075868964195251465,1,1.0317721366882324,33,0.00033291627187281847,0,3835.085170884,15.297292709350586,1.2465407848358154,0.8189225196838379,10,0.15416255593299866,1.2289159297943115,680000.0,0.06451496481895447,0.01490778662264347,0.0032534822821617126,0.0,110.30020141601562,1000,1.0013307332992554,1.1582659482955933,0.25063472986221313,9.392784118652344,-0.5756863355636597,4.3615241050720215,42.400001525878906,181.32333374023438,1.0317721366882324,0.29030168056488037,1743324214.528444,1.0013307332992554,1.0013307332992554,0,1.2099908590316772,95.00286102294922
-0.012257789261639118,35,3833.298095703125,0.00021393744100350887,1.0597208738327026,-0.0009516486898064613,1,1.0597208738327026,34,0.0003180478815920651,0,3944.869364948,15.71119499206543,1.1476496458053589,0.8114035129547119,10,0.12063482403755188,1.2177451848983765,700000.0,0.0639936551451683,0.016977934166789055,-0.0005213096737861633,-7.629394005448376e-09,109.98821258544922,1000,1.0003026723861694,1.085356593132019,0.27379950881004333,9.87282943725586,-0.011170744895935059,4.234354019165039,34.7400016784668,181.83767700195312,1.0597208738327026,0.29717010259628296,1743324324.6127038,1.0003026723861694,1.0003026723861694,0,1.2005127668380737,94.27696228027344
-0.02199973724782467,36,3943.099609375,0.00039219047175720334,1.0880274772644043,-0.00974194798618555,1,1.0880274772644043,35,0.00037168635753914714,0,4053.951420167,15.443848609924316,1.2006750106811523,0.8043455481529236,10,0.2692253589630127,2.1580424308776855,720000.0,0.06244128197431564,0.05784649774432182,-0.0015523731708526611,6.866454960174906e-09,109.70012664794922,1000,1.0005546808242798,0.5879987478256226,0.4714265763759613,9.924774169921875,0.9402972459793091,3.7749695777893066,42.97999954223633,182.31520080566406,1.0880274772644043,0.2771982252597809,1743324434.3974814,1.0005548000335693,1.0005548000335693,0,1.1922022104263306,94.25625610351562
-0.014892980456352234,37,4052.17529296875,0.00012790164328180254,1.116557240486145,0.007106756791472435,1,1.116557240486145,36,0.0003017858834937215,0,4162.172925785,15.720276832580566,1.044203758239746,0.8030408024787903,10,0.2774677276611328,1.5411081314086914,740000.0,0.05589944124221802,0.028271488845348358,-0.006541840732097626,-9.918212917625624e-09,108.99974822998047,1000,1.0001808404922485,0.8410863280296326,0.35877126455307007,9.663069725036621,-0.6169342994689941,3.81398868560791,41.209999084472656,183.48666381835938,1.116557240486145,0.3017576038837433,1743324543.4796607,1.000180959701538,1.000180959701538,0,1.1904367208480835,93.27943420410156
-0.015388205647468567,38,4160.4130859375,0.00017094762006308883,1.1450074911117554,-0.000495225191116333,1,1.1450074911117554,37,0.0003385524032637477,0,4271.963026745,14.2684326171875,0.9798229336738586,0.7979208827018738,10,0.41333094239234924,1.5063585042953491,760000.0,0.04597332701086998,0.03429263457655907,-0.009926114231348038,-5.340575981449547e-09,108.1556625366211,1000,1.000241756439209,0.763685405254364,0.35992833971977234,9.53934097290039,-0.034749627113342285,4.026022434234619,36.470001220703125,184.91867065429688,1.1450074911117554,0.2748720049858093,1743324651.7011645,1.000241756439209,1.000241756439209,0,1.1834129095077515,93.88719940185547
-0.01761964149773121,39,4270.18701171875,0.0004319770960137248,1.1736152172088623,-0.002231435850262642,1,1.1736152172088623,38,0.0003171154239680618,0,4382.124338,14.11086368560791,1.1184570789337158,0.7913859486579895,10,0.2166353166103363,1.6948325634002686,780000.0,0.0935133844614029,0.03882934898138046,0.04754005745053291,7.629394005448376e-09,109.71073150634766,1000,1.0006109476089478,0.717686653137207,0.4007281959056854,9.72689437866211,0.18847405910491943,4.331098556518555,40.04999923706055,182.29757690429688,1.1736152172088623,0.28759726881980896,1743324761.4906836,1.0006110668182373,1.0006110668182373,0,1.1747231483459473,95.59982299804688
-0.016098283231258392,40,4380.35009765625,0.0005431885947473347,1.2024471759796143,0.0015213582664728165,1,1.2024471759796143,39,0.00035272998502478004,0,4491.200290649,14.407248497009277,1.0530712604522705,0.7887794375419617,10,0.21013949811458588,1.7450400590896606,800000.0,0.06307871639728546,0.028333695605397224,-0.03043466806411743,-7.629394338515283e-10,110.0755386352539,1000,1.0007681846618652,0.8401625156402588,0.334759920835495,9.939775466918945,0.05020749568939209,3.7039852142333984,41.279998779296875,181.6934051513672,1.2024471759796143,0.28125274181365967,1743324871.65219,1.0007681846618652,1.0007681846618652,0,1.1711262464523315,95.66826629638672
-0.015367669053375721,41,4489.3828125,0.0005149782518856227,1.2309612035751343,0.0007306141778826714,1,1.2309612035751343,40,0.0003790841728914529,0,4599.555038889,14.478707313537598,1.0765048265457153,0.7905012965202332,10,0.33222126960754395,1.7571874856948853,820000.0,0.0680479109287262,0.02848297357559204,0.004969194531440735,-8.201598511448083e-09,108.95002746582031,1000,0.9992716908454895,0.8379579782485962,0.31992360949516296,10.356882095336914,0.01214742660522461,3.562883138656616,32.84000015258789,183.57040405273438,1.2309612035751343,0.26808252930641174,1743324980.7278476,0.9992717504501343,0.9992717504501343,0,1.1711890697479248,94.4712905883789
-0.013824835419654846,42,4597.78271484375,0.00011452704347902909,1.259354829788208,0.0015428336337208748,1,1.259354829788208,41,0.0003485373454168439,0,4708.976010304,14.64596176147461,1.0553947687149048,0.7816045880317688,10,0.19360420107841492,1.4820903539657593,840000.0,0.06808513402938843,0.02424837462604046,3.7223100662231445e-05,1.5258788677030566e-09,108.26789855957031,1000,1.0001620054244995,0.9081834554672241,0.3140178322792053,10.655821800231934,-0.275097131729126,4.1566925048828125,35.290000915527344,184.72695922851562,1.259354829788208,0.2851857841014862,1743325089.0824842,1.0001620054244995,1.0001620054244995,0,1.1579493284225464,93.62189483642578
-0.011713802814483643,43,4707.20849609375,0.00017204343748744577,1.2873270511627197,0.0021110326051712036,1,1.2873270511627197,42,0.00034105568192899227,0,4817.987107819,14.951045989990234,1.050981044769287,0.7760329246520996,10,0.17487476766109467,1.1425997018814087,860000.0,0.08147526532411575,0.0171674694865942,0.013390131294727325,6.103515470812226e-09,109.33922576904297,1000,0.9997566342353821,1.0793485641479492,0.26136982440948486,11.215100288391113,-0.3394906520843506,3.621112108230591,30.329999923706055,182.91697692871094,1.2873270511627197,0.2821091413497925,1743325198.5041015,0.9997566938400269,0.9997566938400269,0,1.1505632400512695,94.38815307617188
-0.011417355388402939,44,4816.2021484375,0.00026375497691333294,1.314630389213562,0.00029644742608070374,1,1.314630389213562,43,0.00032899618963710964,0,4927.867141976,14.729825973510742,1.0460805892944336,0.7752853035926819,10,0.2424689382314682,0.9572281241416931,880000.0,0.05912569910287857,0.015765998512506485,-0.022349566221237183,-9.155272984173735e-09,108.91964721679688,1000,0.9996269345283508,1.1263000965118408,0.2506467401981354,10.306026458740234,-0.18537157773971558,3.6355905532836914,25.889999389648438,183.62161254882812,1.314630389213562,0.28230345249176025,1743325307.5149534,0.9996269941329956,0.9996269941329956,0,1.1495741605758667,94.18978881835938
-0.013888624496757984,45,4926.0712890625,0.0008714844007045031,1.3413742780685425,-0.0024712691083550453,1,1.3413742780685425,44,0.00032837485196068883,0,5038.386686849,15.305105209350586,1.0572680234909058,0.7756578326225281,10,0.2241179198026657,1.5979301929473877,900000.0,0.05847581848502159,0.02503657154738903,-0.0006498806178569794,3.051757735406113e-09,109.77090454101562,1000,1.0012325048446655,0.8937734961509705,0.3222976326942444,10.034034729003906,0.6407020688056946,3.1364526748657227,26.420000076293945,182.19764709472656,1.3413742780685425,0.28806108236312866,1743325417.3948562,1.0012325048446655,1.0012325048446655,0,1.149879813194275,94.46575927734375
-0.014044280163943768,46,5036.62060546875,0.0008798014023341238,1.3675050735473633,-0.00015565566718578339,1,1.3675050735473633,45,0.00034071283880621195,0,5148.049985258,15.529870986938477,0.9849554896354675,0.7765602469444275,10,0.22865062952041626,1.2006824016571045,920000.0,0.06925516575574875,0.02130395732820034,0.010779347270727158,1.5258788677030566e-09,110.44000244140625,1000,1.0012441873550415,0.9689129590988159,0.300400972366333,9.811332702636719,-0.3972477912902832,3.5749664306640625,24.739999771118164,181.0937957763672,1.3675050735473633,0.2910623848438263,1743325527.9148343,1.001244306564331,1.001244306564331,0,1.1507707834243774,94.91010284423828
-0.013777981512248516,47,5146.27734375,0.0006352373166009784,1.3929485082626343,0.00026629865169525146,1,1.3929485082626343,46,0.00034244253765791655,0,5257.418776035,15.201900482177734,1.1265186071395874,0.7756211161613464,10,0.27325865626335144,1.1517306566238403,940000.0,0.050965454429388046,0.024097668007016182,-0.018289711326360703,-1.2969969986897922e-08,109.58570861816406,1000,1.0008983612060547,0.911018967628479,0.3048461377620697,9.410360336303711,-0.04895174503326416,3.985111713409424,22.729999542236328,182.50555419921875,1.3929485082626343,0.2777206003665924,1743325637.578004,1.0008983612060547,1.0008983612060547,0,1.149846076965332,94.38375854492188
-0.01635705679655075,48,5255.6279296875,0.0004652450152207166,1.4179800748825073,-0.0025790752843022346,1,1.4179800748825073,47,0.00033306656405329704,0,5367.583604772,13.803620338439941,1.2101304531097412,0.7729234099388123,10,0.16693557798862457,1.3014060258865356,960000.0,0.06746251881122589,0.0348670557141304,0.016497064381837845,-6.103515470812226e-09,109.26900482177734,1000,1.0006580352783203,0.7573685646057129,0.3710153102874756,8.951008796691895,0.1496753692626953,4.362629413604736,25.559999465942383,183.03451538085938,1.4179800748825073,0.28099533915519714,1743325746.946519,1.0006580352783203,1.0006580352783203,0,1.1473697423934937,95.46533966064453
-0.017085717990994453,49,5365.81494140625,0.00019050374976359308,1.4428448677062988,-0.0007286611944437027,1,1.4428448677062988,48,0.0003252250317018479,0,5475.751842661,15.285964012145996,1.0530107021331787,0.7720444798469543,10,0.1713324338197708,1.4555782079696655,980000.0,0.09206096827983856,0.03442645072937012,0.02459844946861267,-6.294250454175199e-09,110.08238983154297,1000,1.0002694129943848,0.7621996998786926,0.3750087320804596,9.528753280639648,0.15417218208312988,3.6583127975463867,28.31999969482422,181.68209838867188,1.4428448677062988,0.2858315408229828,1743325857.111536,1.0002694129943848,1.0002694129943848,0,1.147071123123169,94.79640197753906
-0.01449356134980917,50,5473.9765625,8.794642781140283e-05,1.4672836065292358,0.0025921566411852837,1,1.4672836065292358,49,0.00033106503542512655,0,5585.899861092,14.911725997924805,1.1010963916778564,0.7710270881652832,10,0.24796713888645172,1.106213092803955,1000000.0,0.07409646362066269,0.02921278215944767,-0.017964504659175873,4.577636492086867e-09,108.08320617675781,1000,0.9998756051063538,0.8274246454238892,0.3434607982635498,9.386249542236328,-0.34936511516571045,4.481243133544922,24.350000381469727,185.04263305664062,1.4672836065292358,0.284187912940979,1743325965.2796376,0.9998756647109985,0.9998756647109985,0,1.1467267274856567,93.17143249511719
-0.013474625535309315,51,5584.1337890625,0.0005905054276809096,1.4912738800048828,0.001018935814499855,1,1.4912738800048828,50,0.000339158927090466,0,5694.791309835,15.544656753540039,1.01991868019104,0.7718352675437927,10,0.16169774532318115,0.9370959401130676,1020000.0,0.06151928752660751,0.022628040984272957,-0.012577176094055176,1.0681151962899094e-08,110.06964874267578,1000,1.0008350610733032,0.9401375651359558,0.2931259274482727,9.278646469116211,-0.16911715269088745,3.4778945446014404,23.360000610351562,181.70314025878906,1.4912738800048828,0.27557870745658875,1743326075.4278169,1.0008351802825928,1.0008351802825928,0,1.1470249891281128,94.52496337890625
-0.013838407583534718,52,5693.02880859375,0.00016527184925507754,1.5147703886032104,-0.00036378204822540283,1,1.5147703886032104,51,0.0003678041393868625,0,5805.254213729,13.79458236694336,1.0840561389923096,0.7725892663002014,10,0.18813946843147278,0.9837004542350769,1040000.0,0.07271012663841248,0.024187758564949036,0.011190839111804962,-3.814697002724188e-09,108.82014465332031,1000,0.9997662901878357,0.9093207716941833,0.297322154045105,9.323128700256348,0.04660451412200928,3.922102451324463,22.049999237060547,183.7895050048828,1.5147703886032104,0.2703612148761749,1743326184.3193693,0.9997662901878357,0.9997662901878357,0,1.1468056440353394,95.0255126953125
-0.00913079734891653,53,5803.4716796875,0.00037656803033314645,1.5375641584396362,0.004707610234618187,1,1.5375641584396362,52,0.00033964638714678586,0,5916.458025489,15.467063903808594,1.079162836074829,0.7700950503349304,10,0.08770500123500824,0.7663803100585938,1060000.0,0.07337023317813873,0.009911647066473961,0.0006601065397262573,6.103515470812226e-09,110.37358856201172,1000,1.0005325078964233,1.4205020666122437,0.1970779001712799,9.330026626586914,-0.21732014417648315,4.173876762390137,18.540000915527344,181.20277404785156,1.5375641584396362,0.2799495458602905,1743326294.7819295,1.0005325078964233,1.0005325078964233,0,1.1436351537704468,94.90648651123047
-0.016454463824629784,54,5914.67822265625,0.0001817091106204316,1.5598413944244385,-0.007323666475713253,1,1.5598413944244385,53,0.0003409320779610425,0,6026.492750373,15.655144691467285,0.9130493998527527,0.764136016368866,10,0.17952796816825867,1.2417820692062378,1080000.0,0.06344182044267654,0.035229988396167755,-0.009928412735462189,-4.577636492086867e-09,111.11088562011719,1000,0.9997429847717285,0.7534573078155518,0.37962475419044495,8.936807632446289,0.47540175914764404,3.281015634536743,20.010000228881836,180.0003662109375,1.5598413944244385,0.286031037569046,1743326405.985841,0.9997429847717285,0.9997429847717285,0,1.1353836059570312,95.4557113647461
-0.02172624133527279,55,6024.72216796875,0.000981852994300425,1.5825294256210327,-0.005271777510643005,1,1.5825294256210327,54,0.0003377200337126851,0,6136.564188536,15.06808853149414,0.7311776876449585,0.7557125091552734,10,0.2239924669265747,2.0587809085845947,1100000.0,0.056504812091588974,0.057805322110652924,-0.00693700835108757,-4.959106458812812e-09,109.95269012451172,1000,1.0013885498046875,0.5882081389427185,0.491251677274704,8.595621109008789,0.8169988393783569,2.5976860523223877,31.549999237060547,181.89642333984375,1.5825294256210327,0.28895822167396545,1743326516.020521,1.0013885498046875,1.0013885498046875,0,1.1239503622055054,94.88456726074219
-0.01878358982503414,56,6134.796875,0.0012341159163042903,1.6056499481201172,0.0029426515102386475,1,1.6056499481201172,55,0.00031811941880732775,0,6247.746667241,15.194150924682617,0.9240180850028992,0.7519844174385071,10,0.25214383006095886,1.4331393241882324,1120000.0,0.05293019115924835,0.04238841310143471,-0.003574620932340622,-1.0681151962899094e-08,109.993408203125,1000,1.0017452239990234,0.686896562576294,0.424085408449173,8.320180892944336,-0.6256415843963623,3.849932909011841,32.2599983215332,181.82908630371094,1.6056499481201172,0.29130280017852783,1743326626.0920699,1.0017452239990234,1.0017452239990234,0,1.1193856000900269,94.79922485351562
-0.013348636217415333,57,6245.9794921875,2.0961042537237518e-05,1.6291780471801758,0.005434953607618809,1,1.6291780471801758,56,0.0003274549380876124,0,6356.815516904,15.505498886108398,0.9313752055168152,0.7534021735191345,10,0.2254955768585205,1.26950204372406,1140000.0,0.06412459164857864,0.025718264281749725,0.011194400489330292,9.155272984173735e-09,111.10590362548828,1000,0.9999703764915466,0.8818486928939819,0.32382646203041077,8.273492813110352,-0.16363728046417236,2.7523250579833984,32.380001068115234,180.00843811035156,1.6291780471801758,0.28556594252586365,1743326737.274441,0.9999703764915466,0.9999703764915466,0,1.1209534406661987,95.60034942626953
-0.019069312140345573,58,6355.02880859375,0.00010553570609772578,1.6533079147338867,-0.005720675922930241,1,1.6533079147338867,57,0.0003394575323909521,0,6465.932841527,15.281670570373535,0.9626097679138184,0.750384509563446,10,0.26786738634109497,1.3205499649047852,1160000.0,0.05366615206003189,0.05324240028858185,-0.010458439588546753,1.0490417423625331e-08,108.97128295898438,1000,0.9998507499694824,0.6128950715065002,0.4465143084526062,7.788722038269043,0.0510479211807251,3.3455917835235596,35.43000030517578,183.5345916748047,1.6533079147338867,0.2736664116382599,1743326846.343275,0.9998507499694824,0.9998507499694824,0,1.1174362897872925,93.68959045410156
-0.01486184448003769,59,6464.15234375,0.0002305713715031743,1.6776930093765259,0.004207467660307884,1,1.6776930093765259,58,0.0003542487393133342,0,6576.212830346,14.955582618713379,1.021782636642456,0.7472178936004639,10,0.18093016743659973,1.055444598197937,1180000.0,0.08659279346466064,0.02663397043943405,0.032926641404628754,7.629394005448376e-09,109.02436065673828,1000,1.000326156616211,0.8665566444396973,0.3120400607585907,8.112021446228027,-0.26510536670684814,3.087751865386963,31.469999313354492,183.4452362060547,1.6776930093765259,0.27040040493011475,1743326955.4604726,1.000326156616211,1.000326156616211,0,1.1131819486618042,94.0687484741211
-0.011588402092456818,60,6574.423828125,0.0002586130576673895,1.7014483213424683,0.0032734423875808716,1,1.7014483213424683,59,0.0003293590561952442,0,6688.236029988,15.620735168457031,0.9711728692054749,0.743907630443573,10,0.16601696610450745,0.9024320840835571,1200000.0,0.06016071140766144,0.019633272662758827,-0.026432082056999207,1.5258788677030566e-09,110.17708587646484,1000,1.0003657341003418,1.00929594039917,0.2786339819431305,8.172679901123047,-0.15301251411437988,3.3054234981536865,20.139999389648438,181.5259552001953,1.7014483213424683,0.2812241315841675,1743327065.7403617,1.0003657341003418,1.0003657341003418,0,1.1085716485977173,94.55630493164062
-0.01851567067205906,61,6686.4697265625,0.0001536393101559952,1.7249062061309814,-0.0069272685796022415,1,1.7249062061309814,60,0.00029014504980295897,0,6794.514959573,15.539609909057617,0.9675709009170532,0.7419238686561584,10,0.21747474372386932,1.2905462980270386,1220000.0,0.05377408489584923,0.043519943952560425,-0.00638662651181221,6.103515470812226e-09,111.94235229492188,1000,0.9997827410697937,0.6779080033302307,0.44963857531547546,8.092066764831543,0.38811421394348145,2.739961624145508,23.520000457763672,178.66339111328125,1.7249062061309814,0.30481359362602234,1743327177.76401,0.9997827410697937,0.9997827410697937,0,1.1057095527648926,96.4027099609375
-0.014488930813968182,62,6792.72607421875,0.0010076469043269753,1.748039960861206,0.0040267398580908775,1,1.748039960861206,61,0.00033009133767336607,0,6901.764291052,11.755304336547852,1.2570520639419556,0.7454361915588379,10,0.21596583724021912,0.9207760691642761,1240000.0,0.07525550574064255,0.026765352115035057,0.02148142084479332,6.103515470812226e-09,106.18148040771484,1000,1.0014251470565796,0.8644272089004517,0.32834291458129883,8.169468879699707,-0.36977022886276245,2.921722650527954,22.709999084472656,188.3567657470703,1.748039960861206,0.2838285565376282,1743327284.0426927,1.0014251470565796,1.0014251470565796,0,1.1097098588943481,94.42613983154297
-0.014774220995604992,63,6899.97900390625,1.5736077330075204e-06,1.7706509828567505,-0.0002852901816368103,1,1.7706509828567505,62,0.0003615724272094667,0,7011.134352172,12.261962890625,1.0177392959594727,0.7493694424629211,10,0.17756032943725586,0.9055076241493225,1260000.0,0.07411935180425644,0.026936713606119156,-0.0011361539363861084,-5.340575981449547e-09,107.15027618408203,1000,0.9999977946281433,0.8616732358932495,0.30486440658569336,8.465603828430176,-0.015268445014953613,2.762946844100952,19.719999313354492,186.65374755859375,1.7706509828567505,0.26269349455833435,1743327391.2920005,0.9999977946281433,0.9999977946281433,0,1.1151149272918701,94.8882827758789
-0.020943215116858482,64,7009.373046875,0.0005648239748552442,1.7931718826293945,-0.0061689941212534904,1,1.7931718826293945,63,0.0003485428460408002,0,7123.456410549,15.14177417755127,1.1809784173965454,0.7485691905021667,10,0.3079392910003662,1.6622239351272583,1280000.0,0.07987958937883377,0.06153193861246109,0.0057602375745773315,-2.8991697931246563e-08,109.29534149169922,1000,1.0007988214492798,0.5701178908348083,0.47745421528816223,8.079459190368652,0.7567163109779358,2.5013909339904785,24.40999984741211,182.99041748046875,1.7931718826293945,0.2722052037715912,1743327500.6625504,1.0007989406585693,1.0007989406585693,0,1.1142834424972534,94.15351867675781
-0.02171044610440731,65,7121.6728515625,5.5521453759865835e-05,1.8160853385925293,-0.0007672309875488281,1,1.8160853385925293,64,0.0002976848045364022,0,7232.917114311,15.70689868927002,1.2139596939086914,0.7481880784034729,10,0.2269415706396103,2.215830087661743,1300000.0,0.08387142419815063,0.060645587742328644,0.003991834819316864,-1.1444091896350983e-08,112.23249053955078,1000,0.9999215006828308,0.5742689371109009,0.5183965563774109,9.238073348999023,0.5536061525344849,3.0330605506896973,30.290000915527344,178.20152282714844,1.8160853385925293,0.2976990342140198,1743327612.9840834,0.9999215006828308,0.9999215006828308,0,1.1137970685958862,96.52556610107422
-0.016268743202090263,66,7231.15380859375,0.0010018025059252977,1.839090347290039,0.005441702902317047,1,1.839090347290039,65,0.00035257593845017254,0,7343.705186788,15.490530014038086,1.1537768840789795,0.7496039271354675,10,0.26356956362724304,1.2848854064941406,1320000.0,0.07502096146345139,0.03137296438217163,-0.00885046273469925,-1.5258788677030566e-09,109.38432312011719,1000,1.001416802406311,0.7984305620193481,0.3397383987903595,9.89757251739502,-0.9309446811676025,3.7424354553222656,26.8700008392334,182.84156799316406,1.839090347290039,0.27125751972198486,1743327722.445369,1.0014169216156006,1.0014169216156006,0,1.1154643297195435,93.89376068115234
-0.016133977100253105,67,7341.9345703125,0.00045903539285063744,1.8623170852661133,0.0001347661018371582,1,1.8623170852661133,66,0.0003585939994081855,0,7454.328335832,15.328231811523438,0.7538195252418518,0.7443892955780029,10,0.2101801186800003,1.097440242767334,1340000.0,0.056551847606897354,0.03474726155400276,-0.01846911385655403,-3.814697002724188e-09,110.71321105957031,1000,0.9993508458137512,0.7586730122566223,0.3567822277545929,9.373783111572266,-0.18744516372680664,3.024186849594116,28.510000228881836,180.64691162109375,1.8623170852661133,0.2706810534000397,1743327833.2330534,0.999350905418396,0.999350905418396,0,1.1080673933029175,95.38494873046875
-0.024291330948472023,68,7452.55712890625,0.001034929882735014,1.886125087738037,-0.008157353848218918,1,1.886125087738037,67,0.00037021085154265165,0,7562.651321787,15.647035598754883,0.8121802806854248,0.7372717261314392,10,0.44750770926475525,1.2297154664993286,1360000.0,0.05102124065160751,0.08884309977293015,-0.005530606955289841,1.0681151962899094e-08,110.54176330566406,1000,0.9985364079475403,0.4744638502597809,0.5481655597686768,9.060379981994629,0.13227522373199463,3.3843765258789062,33.220001220703125,180.92709350585938,1.886125087738037,0.26008474826812744,1743327943.8561733,0.9985364675521851,0.9985364675521851,0,1.0985050201416016,94.89469146728516
-0.013528863899409771,69,7560.88232421875,9.002567094285041e-05,1.9101024866104126,0.010762467049062252,1,1.9101024866104126,68,0.00033590587554499507,0,7672.868195558,13.899639129638672,1.0049585103988647,0.7365656495094299,10,0.15180827677249908,1.0135221481323242,1380000.0,0.059691090136766434,0.021504122763872147,0.00866984948515892,-1.2207030941624453e-08,108.24261474609375,1000,1.0001273155212402,0.9643929600715637,0.29249870777130127,8.899068832397461,-0.2161933183670044,2.416445732116699,28.670000076293945,184.77011108398438,1.9101024866104126,0.2820836901664734,1743328052.179164,1.0001273155212402,1.0001273155212402,0,1.0981892347335815,94.34294891357422
-0.012127169407904148,70,7671.1005859375,0.00036471072235144675,1.9337666034698486,0.0014016944915056229,1,1.9337666034698486,69,0.0003249369910918176,0,7783.436532782,15.522795677185059,0.8282199501991272,0.7401630282402039,10,0.17302082479000092,0.8828827738761902,1400000.0,0.06458769738674164,0.017374731600284576,0.0048966072499752045,7.057189943537878e-09,110.13951110839844,1000,0.9994842410087585,1.0728914737701416,0.26587238907814026,7.699367523193359,-0.13063937425613403,2.2977497577667236,22.81999969482422,181.58787536621094,1.9337666034698486,0.2852522134780884,1743328162.3959937,0.9994842410087585,0.9994842410087585,0,1.1041313409805298,94.6166763305664
-0.013475611805915833,71,7781.673828125,0.0008188008796423674,1.957055687904358,-0.0013484423980116844,1,1.957055687904358,70,0.0003525162464939058,0,7893.991214225,15.11569595336914,0.9412180781364441,0.7371285557746887,10,0.1442541927099228,0.8484876751899719,1420000.0,0.05603303015232086,0.02322147600352764,-0.008554667234420776,-3.814697002724188e-09,110.49320220947266,1000,0.9988420605659485,0.9280470609664917,0.293111652135849,7.3878068923950195,-0.03439509868621826,2.550015449523926,21.610000610351562,181.00662231445312,1.957055687904358,0.27202141284942627,1743328272.9644995,0.9988421201705933,0.9988421201705933,0,1.0998061895370483,95.3774642944336
-0.010977085679769516,72,7892.224609375,0.0006137705058790743,1.979818344116211,0.0024985261261463165,1,1.979818344116211,71,0.00031977344769984484,0,8004.171155116,15.1362943649292,1.2087675333023071,0.7363783717155457,10,0.12479941546916962,0.8536966443061829,1440000.0,0.07671760767698288,0.01477002538740635,0.020684577524662018,1.5258788677030566e-09,110.47948455810547,1000,1.0008679628372192,1.1636549234390259,0.24218890070915222,8.231051445007324,0.0052089691162109375,2.285393476486206,19.270000457763672,181.0290985107422,1.979818344116211,0.2818242907524109,1743328383.5192459,1.0008680820465088,1.0008680820465088,0,1.0991610288619995,95.3431625366211
-0.02098824270069599,73,8002.3994140625,0.00010542331438045949,2.0020639896392822,-0.010011157020926476,1,2.0020639896392822,72,0.0003708202566485852,0,8113.73047,14.832256317138672,0.837380051612854,0.7394970059394836,10,0.28033173084259033,1.2491188049316406,1460000.0,0.04997635260224342,0.06402979791164398,-0.026741255074739456,0.0,110.09814453125,1000,0.9998509287834167,0.5588868260383606,0.4631255567073822,8.198921203613281,0.39542216062545776,2.0604803562164307,18.700000762939453,181.65609741210938,2.0020639896392822,0.2588347792625427,1743328493.6991787,0.9998509287834167,0.9998509287834167,0,1.1025573015213013,95.2658462524414
-0.015755029395222664,74,8111.951171875,0.00046631271834485233,2.0238921642303467,0.005233213305473328,1,2.0238921642303467,73,0.00035913308965973556,0,8222.920328137,14.413124084472656,0.8218474388122559,0.7427186965942383,10,0.31863072514533997,1.1947200298309326,1480000.0,0.05893474817276001,0.03618806600570679,0.008958395570516586,2.2888182460434336e-09,109.47088623046875,1000,1.000659465789795,0.7434166073799133,0.3544880151748657,8.560420036315918,-0.05439877510070801,2.363814115524292,19.209999084472656,182.6969757080078,2.0238921642303467,0.26353228092193604,1743328603.2582233,1.000659465789795,1.000659465789795,0,1.1048778295516968,95.05773162841797
-0.018545614555478096,75,8221.1376953125,0.00029974838253110647,2.0455260276794434,-0.002790585160255432,1,2.0455260276794434,74,0.000382080499548465,0,8331.572868008,14.40726089477539,0.9661540985107422,0.7423874735832214,10,0.23468714952468872,1.2876354455947876,1500000.0,0.07266382873058319,0.041851580142974854,0.013729080557823181,4.577636492086867e-09,109.09489440917969,1000,0.9995760917663574,0.6912879347801208,0.3634186387062073,9.09278678894043,0.09291541576385498,2.430490732192993,21.280000686645508,183.32662963867188,2.0455260276794434,0.25122693181037903,1743328712.4480476,0.9995760917663574,0.9995760917663574,0,1.1038031578063965,94.6875991821289
-0.021398156881332397,76,8329.7939453125,0.00043192089651711285,2.0675437450408936,-0.0028525423258543015,1,2.0675437450408936,75,0.0003342056879773736,0,8439.771485123,13.467487335205078,0.977520227432251,0.7396928668022156,10,0.3107128441333771,1.5301474332809448,1520000.0,0.06673970818519592,0.05715155601501465,-0.005924120545387268,9.155272984173735e-09,108.5608901977539,1000,1.0006108283996582,0.5915628671646118,0.48957619071006775,8.907936096191406,0.24251198768615723,2.4386823177337646,27.809999465942383,184.22840881347656,2.0675437450408936,0.28961509466171265,1743328821.1005085,1.0006108283996582,1.0006108283996582,0,1.1000264883041382,95.09336853027344
-0.012905522249639034,77,8437.9609375,0.00031874259002506733,2.0899159908294678,0.008492634631693363,1,2.0899159908294678,76,0.00032349134562537074,0,8550.300560469,13.101343154907227,0.9617874026298523,0.7369041442871094,10,0.15068835020065308,1.1374980211257935,1540000.0,0.06033684313297272,0.02623341977596283,-0.006402865052223206,8.77380390562621e-09,108.07498931884766,1000,1.0004507303237915,0.873147189617157,0.33030202984809875,8.67182731628418,-0.39264941215515137,3.4946954250335693,27.81999969482422,185.0566864013672,2.0899159908294678,0.2884022891521454,1743328929.2992332,1.000450849533081,1.000450849533081,0,1.0957542657852173,94.97361755371094
-0.0223425030708313,78,8548.5224609375,0.0002933420764748007,2.1130545139312744,-0.009436980821192265,1,2.1130545139312744,77,0.00039185950299724936,0,8658.601673374,14.840191841125488,0.9092601537704468,0.741239070892334,10,0.4314332902431488,1.538360834121704,1560000.0,0.0655018538236618,0.0596812479197979,0.005165010690689087,4.577636492086867e-09,110.43682861328125,1000,1.0004148483276367,0.5788899064064026,0.42358288168907166,9.010555267333984,0.40086281299591064,2.4368512630462646,33.06999969482422,181.0989990234375,2.1130545139312744,0.24520784616470337,1743329039.828521,1.0004148483276367,1.0004148483276367,0,1.0997486114501953,95.59661865234375
-0.014914066530764103,79,8656.81640625,0.00022011894907336682,2.136854410171509,0.007428436540067196,1,2.136854410171509,78,0.00036103290040045977,0,8768.633102693,15.00460433959961,0.8592873215675354,0.741778552532196,10,0.1747601181268692,1.0580195188522339,1580000.0,0.07898210734128952,0.0311132725328207,0.013480253517627716,-6.103515470812226e-09,108.20780944824219,1000,1.000311255455017,0.8017557263374329,0.3354993760585785,8.940013885498047,-0.4803413152694702,2.5446813106536865,32.65999984741211,184.82955932617188,2.136854410171509,0.26898854970932007,1743329148.1291587,1.000311255455017,1.000311255455017,0,1.0987783670425415,93.2031478881836
-0.016945596784353256,80,8766.84765625,5.866841456736438e-05,2.1612606048583984,-0.0020315302535891533,1,2.1612606048583984,79,0.00033510918729007244,0,8878.509081302,15.23271369934082,0.8854267597198486,0.7415172457695007,10,0.2081691175699234,1.1548326015472412,1600000.0,0.06157585233449936,0.03422282263636589,-0.01740625500679016,7.629394338515283e-10,109.93191528320312,1000,0.9999170303344727,0.7644639611244202,0.37279602885246277,8.767120361328125,0.09681308269500732,2.8775086402893066,32.720001220703125,181.9307861328125,2.1612606048583984,0.2849891185760498,1743329258.1608071,0.9999170303344727,0.9999170303344727,0,1.0984525680541992,94.69917297363281
-0.01592610776424408,81,8876.7314453125,0.0005454363999888301,2.185765027999878,0.0010194890201091766,1,2.185765027999878,80,0.0003657679772004485,0,8988.933798306,15.664113998413086,1.0674771070480347,0.7375588417053223,10,0.18677569925785065,1.5739951133728027,1620000.0,0.081037238240242,0.03587708994746208,0.019461385905742645,1.5258788677030566e-09,109.78807830810547,1000,0.9992286562919617,0.7466315031051636,0.3540422022342682,9.674190521240234,0.4191625118255615,3.0038676261901855,27.31999969482422,182.1691436767578,2.185765027999878,0.2643390893936157,1743329368.0368676,0.9992286562919617,0.9992286562919617,0,1.0937260389328003,94.12393951416016
-0.011746578849852085,82,8987.1455078125,0.0011762904468923807,2.210280418395996,0.0041795289143919945,1,2.210280418395996,81,0.000347152934409678,0,9098.411375128,15.492376327514648,0.971889853477478,0.7310245633125305,10,0.16007156670093536,0.7792219519615173,1640000.0,0.07781561464071274,0.021231327205896378,-0.0032216235995292664,1.5258788677030566e-09,110.32510375976562,1000,1.0016635656356812,0.9705687761306763,0.28487643599510193,9.384800910949707,-0.7947731614112854,2.034202814102173,26.329999923706055,181.28240966796875,2.210280418395996,0.276492178440094,1743329478.461774,1.0016635656356812,1.0016635656356812,0,1.085070013999939,94.83267211914062
-0.009958099573850632,83,9096.595703125,0.0003419233253225684,2.2339653968811035,0.0017884792760014534,1,2.2339653968811035,82,0.0003546799998730421,0,9208.477661231,15.069145202636719,0.9342654347419739,0.7304477095603943,10,0.1735612452030182,0.6527649164199829,1660000.0,0.08251797407865524,0.012138745747506618,0.004702359437942505,0.0,109.35579681396484,1000,0.999516487121582,1.2835947275161743,0.21198122203350067,9.429591178894043,-0.12645703554153442,2.208432912826538,16.549999237060547,182.88926696777344,2.2339653968811035,0.27209797501564026,1743329587.9390967,0.999516487121582,0.999516487121582,0,1.0850324630737305,94.28661346435547
-0.01836262084543705,84,9206.6953125,0.0006796319503337145,2.2571568489074707,-0.008404521271586418,1,2.2571568489074707,83,0.0003347272868268192,0,9318.368382288,14.909745216369629,0.9689617156982422,0.7323415875434875,10,0.2477751225233078,1.0072578191757202,1680000.0,0.07215149700641632,0.05054960399866104,-0.010366477072238922,9.155272984173735e-09,109.97026824951172,1000,1.000961184501648,0.629007875919342,0.4470348656177521,9.382974624633789,0.3544929027557373,2.0856223106384277,19.40999984741211,181.86734008789062,2.2571568489074707,0.2811884582042694,1743329698.005398,1.000961184501648,1.000961184501648,0,1.087485432624817,95.06049346923828
-0.012505718506872654,85,9316.5888671875,0.00077558628981933,2.279627561569214,0.005856902338564396,1,2.279627561569214,84,0.000348421570379287,0,9428.191064566,15.59896183013916,1.0584232807159424,0.7314043045043945,10,0.20684470236301422,0.7291336059570312,1700000.0,0.0646366998553276,0.018303290009498596,-0.007514797151088715,1.5258788677030566e-09,109.79867553710938,1000,0.9989030957221985,1.0453225374221802,0.2522381544113159,9.199517250061035,-0.27812421321868896,2.3786685466766357,16.229999542236328,182.1515655517578,2.279627561569214,0.2636702358722687,1743329807.8961828,0.9989031553268433,0.9989031553268433,0,1.086699366569519,94.1996841430664
-0.015157975256443024,86,9426.400390625,0.0001807818771339953,2.301379680633545,-0.0026522567495703697,1,2.301379680633545,85,0.0003579550248105079,0,9537.389903768,15.437016487121582,0.9155004024505615,0.7309229969978333,10,0.3116064667701721,0.7332525849342346,1720000.0,0.06404617428779602,0.02879493124783039,-0.0005905255675315857,1.5258788677030566e-09,109.7209243774414,1000,0.9997443556785583,0.8334065675735474,0.3169577717781067,8.402798652648926,0.004118978977203369,2.2151644229888916,15.420000076293945,182.2806396484375,2.301379680633545,0.26415467262268066,1743329917.718973,0.9997443556785583,0.9997443556785583,0,1.0865955352783203,94.28386688232422
-0.0163315050303936,87,9535.6123046875,0.00012770495959557593,2.322815418243408,-0.0011735297739505768,1,2.322815418243408,86,0.0003299250965937972,0,9647.268497152,15.180829048156738,1.2602545022964478,0.7303391098976135,10,0.19626542925834656,1.1130497455596924,1740000.0,0.09539580345153809,0.03411905840039253,0.031349629163742065,-4.577636492086867e-09,109.11385345458984,1000,0.9998194575309753,0.7656254768371582,0.3721316158771515,9.032142639160156,0.37979716062545776,1.9934008121490479,19.06999969482422,183.29478454589844,2.322815418243408,0.28491345047950745,1743330026.9174535,0.9998194575309753,0.9998194575309753,0,1.0858640670776367,93.9329833984375
-0.01107813697308302,88,9645.5029296875,0.00044670040369965136,2.34393048286438,0.005253368057310581,1,2.34393048286438,87,0.00037239622906781733,0,9757.253995186,15.660547256469727,0.8768859505653381,0.728849470615387,10,0.12981751561164856,0.6528292298316956,1760000.0,0.07414662837982178,0.014429822564125061,-0.02124917507171631,-6.103515470812226e-09,109.8009033203125,1000,1.0006316900253296,1.1772924661636353,0.22650957107543945,9.108990669250488,-0.4602205157279968,1.9802263975143433,18.610000610351562,182.14785766601562,2.34393048286438,0.26666802167892456,1743330136.796455,1.0006316900253296,1.0006316900253296,0,1.0827001333236694,94.14031219482422
-0.01220696046948433,89,9755.458984375,6.24897365923971e-05,2.364398717880249,-0.00112882349640131,1,2.364398717880249,88,0.000328811293002218,0,9867.389352817,14.989256858825684,1.025263786315918,0.7220497131347656,10,0.16457416117191315,0.8018500804901123,1780000.0,0.06572945415973663,0.021288638934493065,-0.008417174220085144,-3.814697002724188e-09,109.8814926147461,1000,1.0000883340835571,0.9692614674568176,0.2847331166267395,8.791062355041504,0.14902085065841675,1.8666043281555176,14.609999656677246,182.0142822265625,2.364398717880249,0.2759808301925659,1743330246.781726,1.0000884532928467,1.0000884532928467,0,1.0732035636901855,94.89220428466797
-0.011272451840341091,90,9865.6083984375,0.0019410590175539255,2.3848049640655518,0.0009345086291432381,1,2.3848049640655518,89,0.0003431621880736202,0,9976.846682722,15.550857543945312,0.8578723669052124,0.7220566868782043,10,0.2519474923610687,0.8325849175453186,1800000.0,0.060931988060474396,0.022259244695305824,-0.0047974660992622375,1.0299681996173149e-08,110.04114532470703,1000,1.0027450323104858,0.9478937983512878,0.290750116109848,8.558976173400879,0.0307348370552063,1.5573170185089111,20.280000686645508,181.7501983642578,2.3848049640655518,0.27560025453567505,1743330356.9171433,1.0027450323104858,1.0027450323104858,0,1.0726686716079712,94.49024963378906
-0.017848370596766472,91,9975.0771484375,0.00030213670106604695,2.405332565307617,-0.006575918756425381,1,2.405332565307617,90,0.00033933931263163686,0,10086.781859602,15.487159729003906,0.7950551509857178,0.7221233248710632,10,0.27361437678337097,1.0740063190460205,1820000.0,0.07363610714673996,0.04554329439997673,0.012704119086265564,-4.577636492086867e-09,109.37657165527344,1000,0.99957275390625,0.6626783013343811,0.4231400489807129,8.337113380432129,0.2414214015007019,1.7199357748031616,22.15999984741211,182.85452270507812,2.405332565307617,0.280405730009079,1743330466.3744917,0.99957275390625,0.99957275390625,0,1.0723434686660767,93.8893814086914
-0.02086605131626129,92,10085.005859375,0.00032587943132966757,2.425835132598877,-0.0030176807194948196,1,2.425835132598877,91,0.0003761997213587165,0,10194.120854865,15.023336410522461,0.6189563274383545,0.7225997447967529,10,0.31123650074005127,1.0368974208831787,1840000.0,0.05555463209748268,0.06126368045806885,-0.01808147504925728,3.051757735406113e-09,109.8497543334961,1000,1.0004609823226929,0.57136470079422,0.4550401270389557,7.20797872543335,-0.0371088981628418,1.5767717361450195,20.610000610351562,182.06686401367188,2.425835132598877,0.25999385118484497,1743330576.309503,1.0004609823226929,1.0004609823226929,0,1.0725767612457275,94.82637786865234
-0.020633654668927193,93,10192.337890625,0.00026164762675762177,2.4466631412506104,0.00023239664733409882,1,2.4466631412506104,92,0.0003310534229967743,0,10304.693358886,13.53873348236084,0.6542494297027588,0.7240888476371765,10,0.2816070020198822,1.5212007761001587,1860000.0,0.04380536824464798,0.05700724199414253,-0.011749263852834702,-9.155272984173735e-09,107.24385070800781,1000,1.0003700256347656,0.5923112034797668,0.479408323764801,6.582492828369141,0.48430335521698,1.5225565433502197,24.350000381469727,186.49087524414062,2.4466631412506104,0.28395891189575195,1743330683.6485288,1.0003700256347656,1.0003700256347656,0,1.074331521987915,93.70509338378906
-0.014380582608282566,94,10302.9150390625,0.0009095852146856487,2.4679007530212402,0.006253072060644627,1,2.4679007530212402,93,0.0003728177398443222,0,10416.152006359,15.485586166381836,0.6781530976295471,0.7223389744758606,10,0.25076013803482056,0.9744209051132202,1880000.0,0.03746465593576431,0.03490060567855835,-0.006340712308883667,6.866454960174906e-09,110.48261260986328,1000,1.0012863874435425,0.75700443983078,0.34193962812423706,6.1011457443237305,-0.5467798709869385,1.4958264827728271,25.549999237060547,181.02395629882812,2.4679007530212402,0.2588497996330261,1743330794.2216244,1.0012863874435425,1.0012863874435425,0,1.0712947845458984,94.99700164794922
-0.01393328607082367,95,10414.37890625,0.001220853766426444,2.489051342010498,0.00044729653745889664,1,2.489051342010498,94,0.0003538276068866253,0,10526.254227993,15.441723823547363,0.7753021121025085,0.7201530337333679,10,0.25095346570014954,0.8675787448883057,1900000.0,0.05651480332016945,0.022817101329565048,0.019050147384405136,-4.577636492086867e-09,111.37113952636719,1000,1.001726508140564,0.9362345933914185,0.2936132848262787,6.08210563659668,-0.10684216022491455,1.6199771165847778,20.5,179.57974243164062,2.489051342010498,0.2748909294605255,1743330905.6799505,1.001726508140564,1.001726508140564,0,1.0677050352096558,95.92938232421875
-0.02179587446153164,96,10524.47265625,0.00012273162428755313,2.510152578353882,-0.00786258839070797,1,2.510152578353882,95,0.0003373116487637162,0,10636.877082075,14.871068000793457,0.6949273347854614,0.7174665927886963,10,0.33813074231147766,1.0425395965576172,1920000.0,0.044778358191251755,0.06115823984146118,-0.011736445128917694,-4.577636492086867e-09,110.01103973388672,1000,1.000173568725586,0.5718570351600647,0.49662700295448303,5.863051891326904,0.17496085166931152,1.6007513999938965,20.75,181.79994201660156,2.510152578353882,0.28399965167045593,1743331015.78192,1.000173568725586,1.000173568725586,0,1.0639830827713013,95.13993835449219
-0.025239145383238792,97,10635.095703125,0.0005607216735370457,2.531630039215088,-0.0034432709217071533,1,2.531630039215088,96,0.0003930885868612677,0,10748.853056543,15.226436614990234,0.7711067795753479,0.7155739665031433,10,0.4868408143520355,1.609325885772705,1940000.0,0.05031502991914749,0.07827520370483398,0.005536671727895737,-6.103515470812226e-09,110.53054809570312,1000,0.9992070198059082,0.5054786801338196,0.5098864436149597,6.125326156616211,0.5667862892150879,1.9993230104446411,25.229999542236328,180.94546508789062,2.531630039215088,0.2577367424964905,1743331126.4046767,0.9992070198059082,0.9992070198059082,0,1.060499668121338,95.30406188964844
-0.016760630533099174,98,10747.0302734375,0.00017117240349762142,2.5533106327056885,0.008478514850139618,1,2.5533106327056885,97,0.0003224668325856328,0,10859.760080524,15.638423919677734,0.8565566539764404,0.7128515243530273,10,0.31103044748306274,1.3089022636413574,1960000.0,0.06591209769248962,0.036950476467609406,0.015597067773342133,-2.2888182460434336e-09,111.84220886230469,1000,0.9997579455375671,0.7357070446014404,0.3965163230895996,6.768149375915527,-0.30042362213134766,2.1958060264587402,23.690000534057617,178.8233642578125,2.5533106327056885,0.29171985387802124,1743331238.3807619,0.9997579455375671,0.9997579455375671,0,1.056678056716919,96.2037582397461
-0.01989518664777279,99,10858.0009765625,0.0004353488620836288,2.5753889083862305,-0.0031345561146736145,1,2.5753889083862305,98,0.00031151168514043093,0,10969.405889066,15.708206176757812,0.8560156226158142,0.7074847221374512,10,0.3354683220386505,1.321860671043396,1980000.0,0.05052250251173973,0.055115263909101486,-0.015389595180749893,6.103515470812226e-09,110.83332824707031,1000,1.0006157159805298,0.6023917198181152,0.4935615658760071,7.199368476867676,0.012958407402038574,1.99405038356781,25.940000534057617,180.45114135742188,2.5753889083862305,0.29731741547584534,1743331349.2883427,1.0006158351898193,1.0006158351898193,0,1.049436092376709,95.12509155273438
-0.0164385624229908,100,10967.6220703125,0.0014143920270726085,2.5977659225463867,0.00345662422478199,1,2.5977659225463867,99,0.0003568594984244555,0,10969.816861691,14.893030166625977,0.807227611541748,0.7057936787605286,10,0.27308759093284607,0.8927129507064819,2000000.0,0.05846501141786575,0.030010351911187172,0.007942508906126022,-7.629394338515283e-10,109.55845642089844,1000,1.0020002126693726,0.8163555860519409,0.33437439799308777,7.406213760375977,-0.42914772033691406,2.4289042949676514,25.229999542236328,182.5509490966797,2.5977659225463867,0.2729684114456177,1743331458.9337063,1.0020002126693726,1.0020002126693726,0,1.0464754104614258,94.66539001464844
