Misc/Alpha,Misc/H_inv_g,Time/Rollout,_step,Metrics/LagrangeMultiplier/Max,Loss/Loss_cost_critic/Delta,Train/StopIter,Misc/AcceptanceStep,Time/FPS,Train/PolicyRatio/Min,Train/Epoch,_runtime,Loss/Loss_pi,Misc/xHx,Train/PolicyStd,Value/reward,Train/LR,Loss/Loss_pi/Delta,Misc/FinalStepNorm,Value/cost,Metrics/EpLen,Metrics/LagrangeMultiplier/Min,Train/PolicyRatio/Max,TotalEnvSteps,Value/Adv,Time/Epoch,Time/Total,Metrics/EpCost,Metrics/LagrangeMultiplier/Std,Train/Entropy,Misc/gradient_norm,Metrics/LagrangeMultiplier,Loss/Loss_reward_critic,Train/PolicyRatio,Loss/Loss_cost_critic,Train/PolicyRatio/Std,Train/KL,_timestamp,Metrics/EpRet,Loss/Loss_reward_critic/Delta,Time/Update
2.6913492679595947,0.09047450125217438,108.15025329589844,1,0.035999998450279236,0.3590101897716522,10,1,167.51051330566406,1.0007699728012085,0,212.819060999,-0.004883995745331049,0.0027611388359218836,0.999671459197998,0.0767204686999321,0,-0.004883995745331049,0.24349848926067352,0.2218797653913498,1000,0.035999998450279236,1.0007699728012085,20000,-7.629394338515283e-10,119.39549255371094,119.39632415771484,3.25,0,1.4184247255325317,0.06509796530008316,0.035999998450279236,0.005664163269102573,1.0007699728012085,0.3590101897716522,0.0005444248672574759,0.00035851934808306396,1746898708.4650323,-1.0940711498260498,0.005664163269102573,11.245213508605957
1.879157304763794,0.1864008754491806,81.32512664794922,2,0.06804764270782471,0.7486696541309357,10,1,215.93820190429688,1.0001271963119507,1,305.760288172,-0.007824252359569073,0.005663735326379538,1.023777723312378,0.0482037216424942,0,-0.0029402566142380238,0.35027655959129333,0.24774517118930817,1000,0.06804764270782471,1.0001271963119507,40000,3.433227480087453e-09,92.61909484863281,212.06735229492188,9.925000190734863,0,1.4419456720352173,0.05983174592256546,0.06804764270782471,0.0036283759400248528,1.0001271963119507,1.107679843902588,8.985715976450592e-05,0.0002374254254391417,1746898801.1354039,-0.5643212199211121,-0.0020357873290777206,11.293949127197266
2.126816749572754,0.1683691293001175,81.57438659667969,3,0.10124820470809937,0.29268431663513184,10,1,215.30645751953125,1.000280737876892,2,398.930365859,-0.007454123347997665,0.004421492572873831,1.0432919263839722,0.040552522987127304,0,0.0003701290115714073,0.3580903112888336,0.43359246850013733,1000,0.10124820470809937,1.000280737876892,60000,1.5258788677030566e-09,92.89085388183594,305.00848388671875,11.533333778381348,0,1.460680603981018,0.0598980151116848,0.10124820470809937,0.002843285910785198,1.000280737876892,1.4003641605377197,0.00019853976846206933,0.0002559922286309302,1746898894.076599,-0.3775181472301483,-0.0007850900292396545,11.316437721252441
2.1098415851593018,0.1604326069355011,81.77888488769531,4,0.135203018784523,-0.5627824664115906,10,1,214.7826385498047,0.9999942183494568,3,491.851105614,-0.007415952626615763,0.004492926876991987,1.0513495206832886,0.030687116086483,0,3.8170721381902695e-05,0.3384873867034912,0.6671808362007141,1000,0.135203018784523,0.9999942183494568,80000,-1.5258788677030566e-09,93.11739349365234,398.1771240234375,12.074999809265137,0,1.467409610748291,0.04672873020172119,0.135203018784523,0.0034248128067702055,0.9999942183494568,0.8375816941261292,4.1023413359653205e-06,0.00030362902907654643,1746898987.2466393,-0.23653897643089294,0.0005815268959850073,11.338481903076172
2.3554670810699463,0.1379639357328415,81.46821594238281,5,0.16966447234153748,0.5154891610145569,10,1,215.58297729492188,1.0004732608795166,4,583.998687505,-0.006484209094196558,0.003604746423661709,1.0500825643539429,0.02572072483599186,0,0.0009317435324192047,0.32496950030326843,0.8831872940063477,1000,0.16966447234153748,1.0004732608795166,100000,6.103515470812226e-09,92.7717056274414,490.9993896484375,12.470000267028809,0,1.4658461809158325,0.0630977675318718,0.16966447234153748,0.00467677554115653,1.000473141670227,1.353070855140686,0.00033458980033174157,0.0003246956621296704,1746899080.1672924,-0.10762939602136612,0.0012519627343863249,11.30345630645752
2.1410233974456787,0.11766823381185532,80.5200424194336,6,0.2045205533504486,-0.6897780895233154,10,1,217.76463317871094,0.9993118643760681,5,675.493131027,-0.0065925768576562405,0.0043630097061395645,1.0549291372299194,0.03304986655712128,0,-0.00010836776345968246,0.25193044543266296,0.868741512298584,1000,0.2045205533504486,0.9993118643760681,120000,-1.1444091230217168e-09,91.84227752685547,582.9923706054688,13.350000381469727,0,1.4708818197250366,0.15217325091362,0.2045205533504486,0.009682291187345982,0.9993118643760681,0.6632927656173706,0.00048659939784556627,0.000395762239350006,1746899172.3150373,0.15378503501415253,0.005005515646189451,11.322206497192383
2.033184051513672,0.1358465850353241,80.1209945678711,7,0.2396644949913025,0.14277499914169312,10,1,218.71914672851562,0.9997236728668213,6,767.731403139,-0.0068091354332864285,0.004838109482079744,1.0480159521102905,0.04814787954092026,0,-0.000216558575630188,0.2762010991573334,0.6170551180839539,1000,0.2396644949913025,0.9997236728668213,140000,-3.814697002724188e-09,91.44146728515625,674.7396850585938,13.289999961853027,0,1.4638816118240356,0.14623834192752838,0.2396644949913025,0.011032822541892529,0.9997236728668213,0.8060677647590637,0.00019539278582669795,0.00041595351649448276,1746899263.8095508,0.1422908455133438,0.001350531354546547,11.320446014404297
2.765749216079712,0.1109645739197731,80.87406158447266,8,0.2751149833202362,0.2622808814048767,10,1,216.95457458496094,1.0002381801605225,7,859.722898071,-0.005089864134788513,0.0026145847514271736,1.03008234500885,0.07285451889038086,0,0.0017192712984979153,0.30690017342567444,0.8203736543655396,1000,0.2751149833202362,1.0002381801605225,160000,7.629394338515283e-10,92.1852035522461,766.9773559570312,14.5600004196167,0,1.4468306303024292,0.08344407379627228,0.2751149833202362,0.009313385002315044,1.000238060951233,1.0683486461639404,0.00016836261784192175,0.0003322920820210129,1746899356.0476298,0.05557207018136978,-0.0017194375395774841,11.311100006103516
2.4086551666259766,0.11445701867341995,80.60765838623047,9,0.31089675426483154,0.4945414066314697,10,1,217.52703857421875,0.9988646507263184,8,951.252362541,-0.00560717424377799,0.003447303082793951,1.0472211837768555,0.05974063649773598,0,-0.0005173101089894772,0.27568748593330383,0.8905271291732788,1000,0.31089675426483154,0.9988646507263184,180000,1.5258788677030566e-09,91.94259643554688,858.9736328125,16.149999618530273,0,1.4638442993164062,0.1056489571928978,0.31089675426483154,0.0063033257611095905,0.9988646507263184,1.5628900527954102,0.0008027850417420268,0.00033378490479663014,1746899448.0392299,-0.002369074849411845,-0.003010059241205454,11.334905624389648
2.9042515754699707,0.1241622269153595,80.16887664794922,10,0.3470519185066223,0.007431626319885254,10,1,218.6267852783203,0.9999523162841797,9,1042.645250451,-0.004786116536706686,0.002371153561398387,1.0567988157272339,0.044555507600307465,0,0.0008210577070713043,0.3605983257293701,0.9300394654273987,1000,0.3470519185066223,0.9999523162841797,200000,0.0,91.4801025390625,950.5015869140625,19.25,0,1.4733020067214966,0.036951031535863876,0.3470519185066223,0.00790629256516695,0.9999523162841797,1.5703216791152954,3.371747880009934e-05,0.00020082562696188688,1746899539.5687613,-0.1424250602722168,0.0016029668040573597,11.311193466186523
2.513975143432617,0.1258394569158554,79.70869445800781,11,0.38356924057006836,-0.7249031066894531,10,1,218.9536895751953,1.0021867752075195,10,1134.149513602,-0.005589727312326431,0.0031645114067941904,1.061874270439148,0.02826090157032013,0,-0.0008036107756197453,0.316357284784317,0.9991329908370972,1000,0.38356924057006836,1.0021867752075195,220000,-3.051757735406113e-09,91.34351348876953,1041.8953857421875,20.18000030517578,0,1.4782787561416626,0.09575677663087845,0.38356924057006836,0.009398615919053555,1.0021867752075195,0.8454185724258423,0.0015462273731827736,0.00030646438244730234,1746899630.9615552,-0.3167251646518707,0.0014923233538866043,11.634797096252441
2.3013832569122314,0.1483873575925827,80.12908935546875,12,0.42045992612838745,0.7077186107635498,10,1,218.6896514892578,1.0001497268676758,11,1225.506156906,-0.005847317632287741,0.0037761644925922155,1.0684376955032349,0.05409407988190651,0,-0.00025759031996130943,0.34149619936943054,1.746795654296875,1000,0.42045992612838745,1.0001497268676758,240000,-7.629394338515283e-10,91.45380401611328,1133.3990478515625,22.1200008392334,0,1.4843956232070923,0.0635707825422287,0.42045992612838745,0.011275360360741615,1.0001497268676758,1.553137183189392,0.00010587288124952465,0.00025907979579642415,1746899722.465871,-0.23561301827430725,0.0018767444416880608,11.324688911437988
2.8885746002197266,0.10199137032032013,79.96481323242188,13,0.45752787590026855,-0.7659177184104919,10,1,219.03684997558594,0.999522864818573,12,1317.230692238,-0.004643866792321205,0.0023969614412635565,1.0800451040267944,0.04369179531931877,0,0.0012034508399665356,0.2946096956729889,1.618270754814148,1000,0.45752787590026855,0.999522864818573,260000,-7.629394338515283e-10,91.308837890625,1224.7574462890625,19.290000915527344,0,1.4953640699386597,0.11990231275558472,0.45752787590026855,0.008443101309239864,0.999522864818573,0.7872194647789001,0.000337399571435526,0.00029477899079211056,1746899813.822506,-0.23270772397518158,-0.002832259051501751,11.343994140625
2.311923027038574,0.13214221596717834,80.33039855957031,14,0.4945657551288605,-0.05971837043762207,10,1,218.22726440429688,0.9994398951530457,13,1408.967196712,-0.005391956772655249,0.0037418128922581673,1.092085838317871,0.040023911744356155,0,-0.0007480899803340435,0.30550262331962585,0.8588674068450928,1000,0.4945657551288605,0.9994398951530457,280000,6.103515470812226e-09,91.6475830078125,1316.453369140625,17.360000610351562,0,1.5065499544143677,0.07992634922266006,0.4945657551288605,0.008995793759822845,0.9994398951530457,0.7275010943412781,0.0003960960893891752,0.00029336652369238436,1746899905.5470948,-0.21657705307006836,0.0005526924505829811,11.31714916229248
2.1545774936676025,0.15750744938850403,80.3857650756836,15,0.5314953923225403,0.4193400740623474,10,1,218.16921997070312,1.000028371810913,14,1500.247840204,-0.006014631595462561,0.004308287985622883,1.0936118364334106,0.022612517699599266,0,-0.000622674822807312,0.3393620252609253,1.1594715118408203,1000,0.5314953923225403,1.000028371810913,300000,2.2888182460434336e-09,91.67195892333984,1408.201171875,16.639999389648438,0,1.507647156715393,0.08680901676416397,0.5314953923225403,0.008875727653503418,1.0000282526016235,1.1468411684036255,1.9949548004660755e-05,0.00022438437736127526,1746899997.2835584,-0.18295890092849731,-0.00012006610631942749,11.28616714477539
2.3056037425994873,0.13612492382526398,79.88361358642578,16,0.5683507919311523,-0.47237998247146606,10,1,219.26510620117188,1.0009502172470093,15,1591.641997554,-0.005841989070177078,0.0037623527459800243,1.0840154886245728,-0.00016574386972934008,0,0.0001726425252854824,0.31385013461112976,1.0935574769973755,1000,0.5683507919311523,1.0009502172470093,320000,1.5258788677030566e-09,91.21378326416016,1499.4794921875,16.81999969482422,0,1.4987293481826782,0.06910672783851624,0.5683507919311523,0.009080193936824799,1.0009502172470093,0.6744611859321594,0.0006718207732774317,0.00031184687395580113,1746900088.5641289,0.03425266221165657,0.00020446628332138062,11.330141067504883
2.329273223876953,0.13229027390480042,80.02435302734375,17,0.6047144532203674,0.009873688220977783,10,1,218.97842407226562,0.9997255802154541,16,1683.292105958,-0.005782727152109146,0.0036862767301499844,1.1042884588241577,0.0318094901740551,0,5.926191806793213e-05,0.30814018845558167,1.0363291501998901,1000,0.6047144532203674,0.9997255802154541,340000,-3.051757735406113e-09,91.33320617675781,1590.879150390625,13.640000343322754,0,1.5165077447891235,0.1099511906504631,0.6047144532203674,0.007822999730706215,0.9997255802154541,0.6843348741531372,0.00019404408521950245,0.0002793649327941239,1746900179.958273,-0.019487638026475906,-0.0012571942061185837,11.308817863464355
2.065950632095337,0.1584056317806244,80.24517059326172,18,0.6412297487258911,0.43310272693634033,10,1,218.37710571289062,1.0001271963119507,17,1774.471340661,-0.006480759475380182,0.0046858591958880424,1.1127084493637085,0.024089014157652855,0,-0.0006980323232710361,0.3272581994533539,1.3238093852996826,1000,0.6412297487258911,1.0001271963119507,360000,8.392333938900265e-09,91.5846939086914,1682.5267333984375,17.979999542236328,0,1.5239067077636719,0.09577062726020813,0.6412297487258911,0.008404902182519436,1.0001271963119507,1.1174376010894775,8.985715976450592e-05,0.0002459100214764476,1746900271.6083508,0.020084233954548836,0.000581902451813221,11.339483261108398
2.5428521633148193,0.12468526512384415,79.77117919921875,19,0.6779342293739319,-0.12458068132400513,10,1,219.51657104492188,1.0000041723251343,18,1866.221094462,-0.005334110464900732,0.0030930456705391407,1.1143912076950073,-0.01168731041252613,0,0.0011466490104794502,0.31705620884895325,0.9416821002960205,1000,0.6779342293739319,1.0000041723251343,380000,3.051757735406113e-09,91.10929870605469,1773.699462890625,18.56999969482422,0,1.5256322622299194,0.09373422712087631,0.6779342293739319,0.012854368425905704,1.0000041723251343,0.9928569197654724,2.8684637527476298e-06,0.00027326756389811635,1746900362.787674,0.159917950630188,0.004449466243386269,11.338090896606445
2.363555431365967,0.1468355506658554,80.36442565917969,20,0.7143315076828003,-0.1293519139289856,10,1,218.11502075195312,0.999549150466919,19,1958.003150203,-0.005392932798713446,0.0035801164340227842,1.1101816892623901,0.010047695599496365,0,-5.882233381271362e-05,0.34705397486686707,1.590409278869629,1000,0.7143315076828003,0.999549150466919,400000,-7.629394338515283e-10,91.69474792480469,1865.4647216796875,14.970000267028809,0,1.522465705871582,0.04736247658729553,0.7143315076828003,0.007244844920933247,0.999549150466919,0.8635050058364868,0.0003187987604178488,0.0002100639685522765,1746900454.5374656,0.20010524988174438,-0.005609523504972458,11.330294609069824
1.6935938596725464,0.19067727029323578,80.3470458984375,21,0.7506112456321716,0.29273438453674316,10,1,218.15060424804688,0.9995030164718628,20,2049.674837353,-0.007525571156293154,0.006972858682274818,1.1041030883789062,0.04254541173577309,0,-0.002132638357579708,0.32292985916137695,1.1521161794662476,1000,0.7506112456321716,0.9995030164718628,420000,-4.577636492086867e-09,91.6797866821289,1957.1998291015625,16.030000686645508,0,1.5173715353012085,0.09033676981925964,0.7506112456321716,0.00864897109568119,0.999502956867218,1.15623939037323,0.0003514485142659396,0.00026587420143187046,1746900546.3193903,0.21029892563819885,0.0014041261747479439,11.332711219787598
1.6144286394119263,0.20042000710964203,80.2943344116211,22,0.7868906855583191,-0.11320078372955322,10,1,218.3361053466797,1.0004568099975586,21,2140.758388023,-0.0075686308555305,0.00767346890643239,1.0906000137329102,0.029807189479470253,0,-4.305969923734665e-05,0.3235637843608856,1.6385819911956787,1000,0.7868906855583191,1.0004568099975586,440000,-3.051757735406113e-09,91.60189819335938,2048.908935546875,16.790000915527344,0,1.5048900842666626,0.11711478978395462,0.7868906855583191,0.008722621016204357,1.0004568099975586,1.0430386066436768,0.00032306963112205267,0.0002732084831222892,1746900637.9910445,0.21151146292686462,7.364992052316666e-05,11.307524681091309
2.650240182876587,0.12022442370653152,79.70528411865234,23,0.8225092887878418,-0.4652290344238281,10,1,219.72836303710938,1.0002975463867188,22,2232.656350082,-0.004986589774489403,0.0028474624268710613,1.0761466026306152,0.03679852932691574,0,0.0025820410810410976,0.3186235725879669,1.4300554990768433,1000,0.8225092887878418,1.0002975463867188,460000,-6.103515470812226e-09,91.02147674560547,2139.994873046875,12.430000305175781,0,1.4913393259048462,0.05293596163392067,0.8225092887878418,0.007998242042958736,1.0002975463867188,0.5778095722198486,0.0002103970618918538,0.0002942832070402801,1746900729.074663,0.180740624666214,-0.0007243789732456207,11.316158294677734
1.6457642316818237,0.19739331305027008,80.5201416015625,24,0.8576781153678894,0.6430811882019043,10,1,217.7909393310547,0.9992117881774902,23,2324.998864347,-0.007985458709299564,0.007384041789919138,1.0726547241210938,0.03724855184555054,0,-0.0029988689348101616,0.32486283779144287,1.6062473058700562,1000,0.8576781153678894,0.9992117881774902,480000,7.629394005448376e-09,91.83119201660156,2231.88720703125,13.210000038146973,0,1.4879074096679688,0.11000936478376389,0.8576781153678894,0.006459380500018597,0.9992117881774902,1.220890760421753,0.000557321822270751,0.0002721897035371512,1746900820.9727433,0.07137295603752136,-0.0015388615429401398,11.311014175415039
1.988018274307251,0.14997343719005585,80.98824310302734,25,0.8925262093544006,-0.2547070384025574,10,1,216.73434448242188,0.9996086359024048,24,2416.407968876,-0.006981730926781893,0.005060441326349974,1.0755352973937988,0.04145636036992073,0,0.0010037277825176716,0.2981499433517456,2.141570806503296,1000,0.8925262093544006,0.9996086359024048,500000,-1.5258788677030566e-09,92.27886962890625,2324.233642578125,13.649999618530273,0,1.491096019744873,0.11221831291913986,0.8925262093544006,0.006505539640784264,0.99960857629776,0.9661837220191956,0.00027676430181600153,0.00031752322684042156,1746900913.3151152,0.09680768847465515,4.615914076566696e-05,11.290599822998047
2.012619972229004,0.15079158544540405,80.01763153076172,26,0.9268884658813477,-0.09856140613555908,10,1,218.96853637695312,1.0013599395751953,25,2508.515181578,-0.0068925837986171246,0.004937482066452503,1.0727442502975464,0.02540450729429722,0,8.914712816476822e-05,0.303486168384552,2.1383752822875977,1000,0.9268884658813477,1.0013599395751953,520000,-1.525878801089675e-08,91.33732604980469,2415.634765625,12.430000305175781,0,1.4885951280593872,0.09379953145980835,0.9268884658813477,0.010598752647638321,1.0013599395751953,0.8676223158836365,0.0009616786846891046,0.0003187155816704035,1746901004.7243054,0.03638933598995209,0.004093213006854057,11.319666862487793
1.7798868417739868,0.18805769085884094,80.70889282226562,27,0.9609682559967041,0.04322671890258789,10,1,217.28790283203125,1.0004104375839233,26,2599.903346841,-0.007667338941246271,0.006313126999884844,1.0685489177703857,0.01037232019007206,0,-0.0007747551426291466,0.3347214162349701,1.2881282567977905,1000,0.9609682559967041,1.0004104375839233,540000,-1.525878801089675e-08,92.04378509521484,2507.750244140625,13.260000228881836,0,1.4844001531600952,0.07578841596841812,0.9609682559967041,0.0075992499478161335,1.0004104375839233,0.9108490347862244,0.00029019510839134455,0.000273144367383793,1746901096.8315,0.1657153069972992,-0.0029995026998221874,11.334855079650879
2.4516358375549316,0.127704918384552,79.99657440185547,28,0.994560718536377,-0.3935455083847046,10,1,219.01553344726562,1.0002663135528564,27,2692.084589272,-0.005894599948078394,0.0033274898305535316,1.0658308267593384,0.008313444443047047,0,0.0017727389931678772,0.3130859434604645,1.4156368970870972,1000,0.994560718536377,1.0002663135528564,560000,6.103515470812226e-09,91.3177261352539,2599.1328125,11.890000343322754,0,1.4820446968078613,0.08435945212841034,0.994560718536377,0.00953646283596754,1.000266194343567,0.5173035264015198,0.00018825592997018248,0.00029609689954668283,1746901188.219577,0.24581634998321533,0.0019372128881514072,11.321111679077148
2.2336599826812744,0.15035806596279144,80.78279876708984,29,1.0274944305419922,0.16118645668029785,10,1,217.1277313232422,0.9991731643676758,28,2783.520577004,-0.005750782787799835,0.004008619114756584,1.0609344244003296,0.005691286642104387,0,0.00014381716027855873,0.3358488082885742,1.1278005838394165,1000,1.0274944305419922,0.9991731643676758,580000,1.4114379887075756e-08,92.11167907714844,2691.3134765625,10.649999618530273,0,1.4778603315353394,0.05788217484951019,1.0274944305419922,0.0076509322971105576,0.9991731643676758,0.6784899830818176,0.0005846610874868929,0.00024366562138311565,1746901280.400926,0.14684756100177765,-0.0018855305388569832,11.328848838806152
2.1034610271453857,0.1498584747314453,80.0252914428711,30,1.0595656633377075,-0.16968190670013428,10,1,218.9006805419922,0.9994346499443054,29,2875.284382915,-0.006168880965560675,0.004520225338637829,1.0541263818740845,-0.002050943672657013,0,-0.00041809817776083946,0.3152214586734772,1.9757963418960571,1000,1.0595656633377075,0.9994346499443054,600000,-3.051757735406113e-09,91.36563873291016,2782.749755859375,9.220000267028809,0,1.4713529348373413,0.11989802122116089,1.0595656633377075,0.0081679942086339,0.9994346499443054,0.5088080763816833,0.00039974882383830845,0.00028605025727301836,1746901371.836967,0.17781934142112732,0.0005170619115233421,11.340303421020508
1.5775816440582275,0.17439435422420502,80.33926391601562,31,1.0912525653839111,0.26515132188796997,10,1,218.0724639892578,1.0006556510925293,30,2966.948802643,-0.008057317696511745,0.008036107756197453,1.0697780847549438,-0.018267065286636353,0,-0.0018884367309510708,0.2751213312149048,1.9999703168869019,1000,1.0912525653839111,1.0006556510925293,620000,1.678466787780053e-08,91.71263885498047,2874.532470703125,11.149999618530273,0,1.4857784509658813,0.13926438987255096,1.0912525653839111,0.006190232466906309,1.0006556510925293,0.7739593982696533,0.0004636153462342918,0.0003201718791387975,1746901463.6007159,0.20801497995853424,-0.0019777617417275906,11.373322486877441
2.0004305839538574,0.13352110981941223,80.30374908447266,32,1.1220788955688477,-0.3973594605922699,10,1,218.33120727539062,0.9999023675918579,31,3057.651972195,-0.005864198785275221,0.0049978382885456085,1.085886836051941,-0.00472137751057744,0,0.0021931189112365246,0.26709967851638794,1.374884009361267,1000,1.1220788955688477,0.9999023675918579,640000,-1.6403197022896165e-08,91.60394287109375,2966.1875,8.550000190734863,0,1.5007206201553345,0.16775326430797577,1.1220788955688477,0.008660736493766308,0.9999023079872131,0.3765999376773834,6.906464113853872e-05,0.0003369629557710141,1746901555.2652347,0.25321274995803833,0.0024705040268599987,11.300149917602539
1.7251464128494263,0.18628521263599396,79.3268814086914,33,1.1529604196548462,0.3187452256679535,10,1,220.6790313720703,1.0007712841033936,32,3149.460186818,-0.00752227520570159,0.006720126140862703,1.0726535320281982,-0.005460682790726423,0,-0.0016580764204263687,0.3213692605495453,0.8141626715660095,1000,1.1529604196548462,1.0007712841033936,660000,6.103515470812226e-09,90.6293716430664,3056.876708984375,12.630000114440918,0,1.4885755777359009,0.10888510197401047,1.1529604196548462,0.00921943224966526,1.000771164894104,0.6953451633453369,0.0005453240009956062,0.00028832745738327503,1746901645.968364,0.18753495812416077,0.0005586957558989525,11.302458763122559
1.2531572580337524,0.2558140456676483,80.45252227783203,34,1.1843830347061157,0.5643327236175537,10,1,218.02980041503906,0.9995438456535339,33,3241.820910414,-0.011037833988666534,0.012735571712255478,1.0715067386627197,-0.009993811137974262,0,-0.003515558782964945,0.3205752670764923,0.9711011648178101,1000,1.1843830347061157,0.9995438456535339,680000,0.0,91.7305908203125,3148.680419921875,15.239999771118164,0,1.4876781702041626,0.17519108951091766,1.1843830347061157,0.009780815802514553,0.9995438456535339,1.2596778869628906,0.00032259197905659676,0.00028116381145082414,1746901737.7764492,0.29687267541885376,0.0005613835528492928,11.278031349182129
2.918283700942993,0.10924584418535233,80.92399597167969,35,1.2161779403686523,-0.855294942855835,10,1,216.67111206054688,0.9998926520347595,34,3333.226579252,-0.004726258572191,0.0023484057746827602,1.079333782196045,-0.015474586747586727,0,0.0063115754164755344,0.318810373544693,0.8920489549636841,1000,1.2161779403686523,0.9998926520347595,700000,6.103515470812226e-09,92.30580139160156,3241.06396484375,14.640000343322754,0,1.4949451684951782,0.059695031493902206,1.2161779403686523,0.005591703113168478,0.9998926520347595,0.40438294410705566,7.592052861582488e-05,0.0002765131648629904,1746901830.1373131,0.24921031296253204,-0.004189112689346075,11.381772994995117
2.1617324352264404,0.15842419862747192,79.91866302490234,36,1.247894048690796,0.186082661151886,10,1,218.97190856933594,1.000362753868103,35,3425.271535693,-0.005697688553482294,0.004279816057533026,1.0983532667160034,-0.0221153125166893,0,-0.0009714299812912941,0.3424707353115082,1.2547372579574585,1000,1.247894048690796,1.000362753868103,720000,-3.433227480087453e-09,91.33592224121094,3332.4560546875,12.449999809265137,0,1.5124855041503906,0.0634130910038948,1.247894048690796,0.009955327026546001,1.000362753868103,0.5904656052589417,0.0002564776223152876,0.00021850387565791607,1746901921.5429592,0.14495474100112915,0.004363623913377523,11.417228698730469
2.429657459259033,0.1274503916501999,80.6042251586914,37,1.2796156406402588,-0.13708308339118958,10,1,217.45089721679688,1.0010679960250854,36,3518.249036491,-0.00532122515141964,0.003387962933629751,1.1067167520523071,-0.02963276021182537,0,0.0003764634020626545,0.30966079235076904,0.9621455073356628,1000,1.2796156406402588,1.0010679960250854,740000,7.629394338515283e-10,91.97479248046875,3424.499267578125,12.8100004196167,0,1.520079255104065,0.07238626480102539,1.2796156406402588,0.005811041221022606,1.0010679960250854,0.4533825218677521,0.0007551591261290014,0.00027123093605041504,1746902013.5878997,-0.16054517030715942,-0.0041442858055233955,11.370534896850586
1.334220051765442,0.2385069727897644,81.51700592041016,38,1.3111964464187622,0.09304091334342957,10,1,215.24630737304688,1.0002861022949219,37,3610.751928528,-0.010766847990453243,0.011235041543841362,1.1184979677200317,-0.002979739336296916,0,-0.005445622839033604,0.3182207942008972,1.3972514867782593,1000,1.3111964464187622,1.0002861022949219,760000,7.629394338515283e-10,92.91680908203125,3517.487548828125,12.039999961853027,0,1.530462622642517,0.12499473989009857,1.3111964464187622,0.005596508271992207,1.0002861022949219,0.5464234352111816,0.00020224870240781456,0.0002695599978324026,1746902106.565336,-0.07715706527233124,-0.00021453294903039932,11.399767875671387
3.4299428462982178,0.08315964043140411,81.02465057373047,39,1.3416951894760132,-0.2286953330039978,10,1,216.39541625976562,1.0004222393035889,38,3703.295373926,-0.004047039430588484,0.0017000185325741768,1.108157992362976,0.004393944516777992,0,0.0067198085598647594,0.285232812166214,1.008766531944275,1000,1.3416951894760132,1.0004222393035889,780000,-1.5258788677030566e-09,92.42340087890625,3609.976806640625,7.449999809265137,0,1.5211328268051147,0.06152470409870148,1.3416951894760132,0.007136609870940447,1.0004221200942993,0.31772810220718384,0.0002985120809171349,0.0003550945548340678,1746902199.0682776,-0.08328914642333984,0.0015401015989482403,11.398716926574707
1.575277328491211,0.19812630116939545,81.08294677734375,40,1.3723201751708984,0.6633991003036499,10,1,216.2615966796875,1.0011768341064453,39,3795.828832272,-0.008262991905212402,0.008059635758399963,1.1071003675460815,-0.018027860671281815,0,-0.0042159524746239185,0.31210386753082275,0.5919476747512817,1000,1.3723201751708984,1.0011768341064453,800000,6.103515470812226e-09,92.48059844970703,3702.531494140625,12.630000114440918,0,1.5203660726547241,0.12810121476650238,1.3723201751708984,0.0070331706665456295,1.0011768341064453,0.9811272025108337,0.0008321473724208772,0.0002927543537225574,1746902291.6115956,-0.000957353098783642,-0.00010343920439481735,11.397613525390625
1.1137655973434448,0.27514490485191345,81.07771301269531,41,1.403519868850708,0.2729608416557312,10,1,216.2869110107422,0.9993346929550171,40,3888.44886851,-0.011703521944582462,0.016122860834002495,1.09255850315094,0.010680822655558586,0,-0.00344053003937006,0.30644693970680237,1.8781037330627441,1000,1.403519868850708,0.9993346929550171,820000,7.629394338515283e-10,92.46977233886719,3795.062744140625,14.949999809265137,0,1.5072021484375,0.21263401210308075,1.403519868850708,0.007474948652088642,0.9993346333503723,1.254088044166565,0.00047049930435605347,0.00030637605232186615,1746902384.1450348,0.06176256015896797,0.0004417779855430126,11.392026901245117
2.1939847469329834,0.14745348691940308,80.83755493164062,42,1.435262680053711,-0.4118207097053528,10,1,216.0846405029297,1.0002686977386475,41,3981.077520558,-0.00582747021690011,0.0041549112647771835,1.0713143348693848,0.0357600636780262,0,0.005876051727682352,0.32351070642471313,2.0764589309692383,1000,1.435262680053711,1.0002686977386475,840000,-1.5258788677030566e-09,92.55632781982422,3887.68310546875,15.109999656677246,0,1.4877344369888306,0.0803334042429924,1.435262680053711,0.009629573673009872,1.000268578529358,0.8422673344612122,0.0001898856135085225,0.00026956244255416095,1746902476.7652528,0.21916115283966064,0.0021546250209212303,11.718741416931152
3.2515509128570557,0.10195041447877884,81.19502258300781,43,1.466900110244751,-0.35357391834259033,10,1,216.0478973388672,1.0000152587890625,42,4073.243822096,-0.003982815425843,0.0018916752887889743,1.0568631887435913,0.0015881353756412864,0,0.0018446547910571098,0.3314969539642334,1.5253691673278809,1000,1.466900110244751,1.0000152587890625,860000,6.866454960174906e-09,92.57205963134766,3980.321044921875,12.119999885559082,0,1.4741970300674438,0.05810888484120369,1.466900110244751,0.006598792038857937,1.0000152587890625,0.4886934161186218,1.0846079931070562e-05,0.0002609425282571465,1746902569.3939629,0.2064085751771927,-0.0030307816341519356,11.3770112991333
3.5937082767486572,0.09352678805589676,80.6995620727539,44,1.4984854459762573,-0.10276329517364502,10,1,217.15724182128906,1.0007084608078003,43,4166.242583462,-0.0038588792085647583,0.001548608299344778,1.0461071729660034,0.020106934010982513,0,0.0001239362172782421,0.33610799908638,0.783550500869751,1000,1.4984854459762573,1.0007084608078003,880000,9.155272984173735e-09,92.09916687011719,4072.474853515625,12.300000190734863,0,1.4638028144836426,0.04468204453587532,1.4984854459762573,0.007201462518423796,1.0007084608078003,0.3859301209449768,0.0005009293090552092,0.0002751088177319616,1746902661.5601983,0.1905067414045334,0.0006026704795658588,11.399566650390625
2.407289505004883,0.1374109387397766,81.53028106689453,45,1.5293128490447998,0.08204323053359985,10,1,215.19876098632812,1.0013129711151123,44,4259.103876513,-0.005563755985349417,0.003451215336099267,1.0477875471115112,0.024394042789936066,0,-0.0017048767767846584,0.33078792691230774,1.066102147102356,1000,1.5293128490447998,1.0013129711151123,900000,3.051757735406113e-09,92.93733215332031,4165.47998046875,8.920000076293945,0,1.4649564027786255,0.050535693764686584,1.5293128490447998,0.007913588546216488,1.0013128519058228,0.46797335147857666,0.0009282983955927193,0.00025396092678420246,1746902754.5588596,0.130072683095932,0.0007121260277926922,11.407029151916504
2.1541011333465576,0.1449676752090454,81.406005859375,46,1.558725357055664,0.05016744136810303,10,1,215.5274658203125,0.9990787506103516,45,4351.798224016,-0.006296922918409109,0.004310194402933121,1.0565760135650635,0.027979351580142975,0,-0.0007331669330596924,0.3122750222682953,1.297066330909729,1000,1.558725357055664,0.9990787506103516,920000,1.0681151962899094e-08,92.79560089111328,4258.3359375,5.670000076293945,0,1.4730173349380493,0.10659069567918777,1.558725357055664,0.005688916426151991,0.9990787506103516,0.5181407928466797,0.0006514497799798846,0.00029145379085093737,1746902847.420259,0.09577029198408127,-0.002224672120064497,11.389564514160156
1.6324189901351929,0.19547614455223083,81.23699188232422,47,1.5873225927352905,0.5665417909622192,10,1,215.88919067382812,1.000960350036621,46,4444.621794659,-0.008002067916095257,0.007505267392843962,1.0740782022476196,0.05775308981537819,0,-0.0017051449976861477,0.31909894943237305,0.9542089700698853,1000,1.5873225927352905,1.000960350036621,940000,0.0,92.64012145996094,4351.0419921875,7.650000095367432,0,1.4893499612808228,0.07058098167181015,1.5873225927352905,0.007309323642402887,1.000960350036621,1.084682583808899,0.0006790138431824744,0.00026782412896864116,1746902940.1145666,0.1630522906780243,0.0016204072162508965,11.403095245361328
2.0938167572021484,0.1527918130159378,81.39154815673828,48,1.6154232025146484,-0.5302634835243225,10,1,215.61537170410156,1.0011959075927734,47,4537.213229875,-0.006298577878624201,0.0045619625598192215,1.0744891166687012,0.054842595010995865,0,0.001703490037471056,0.31991803646087646,1.0697839260101318,1000,1.6154232025146484,1.0011959075927734,960000,0.0,92.75776672363281,4443.8544921875,8.65999984741211,0,1.4892020225524902,0.06665784865617752,1.6154232025146484,0.006540725007653236,1.0011959075927734,0.5544191002845764,0.0008456343784928322,0.0002713997382670641,1746903032.9380565,0.33815237879753113,-0.000768598634749651,11.366182327270508
2.169506788253784,0.13708436489105225,81.14948272705078,49,1.6432216167449951,-0.05041027069091797,10,1,216.17604064941406,1.0001568794250488,48,4629.95157107,-0.006164292339235544,0.004249197896569967,1.0643354654312134,0.04328291490674019,0,0.00013428553938865662,0.297405481338501,0.9006913900375366,1000,1.6432216167449951,1.0001568794250488,980000,-1.2207030941624453e-08,92.51719665527344,4536.43896484375,9.260000228881836,0,1.4790323972702026,0.0939372330904007,1.6432216167449951,0.009543332271277905,1.0001568794250488,0.5040088295936584,0.00011093050852650777,0.0003311499021947384,1746903125.5294662,0.3533080220222473,0.003002607263624668,11.367663383483887
1.2328852415084839,0.24994055926799774,81.25518798828125,50,1.6709433794021606,0.21053028106689453,10,1,215.82122802734375,1.0001214742660522,49,4721.969642105,-0.011907592415809631,0.013157833367586136,1.0778199434280396,0.04390304535627365,0,-0.005743300076574087,0.30814802646636963,0.947485625743866,1000,1.6709433794021606,1.0001214742660522,1000000,-3.051757735406113e-09,92.6692886352539,4629.181640625,10.079999923706055,0,1.4916399717330933,0.13005521893501282,1.6709433794021606,0.008043319918215275,1.0001214742660522,0.714539110660553,8.581106521887705e-05,0.0002889784809667617,1746903218.267903,0.3840353488922119,-0.0015000123530626297,11.414073944091797
1.2640554904937744,0.25660350918769836,80.66944122314453,51,1.6993738412857056,0.6868698000907898,10,1,217.4926300048828,1.0006303787231445,50,4814.151423144,-0.010089490562677383,0.012516917660832405,1.0787514448165894,0.07994458824396133,0,0.001818101853132248,0.32436108589172363,0.916262686252594,1000,1.6993738412857056,1.0006303787231445,1020000,1.5258788677030566e-09,91.95714569091797,4721.20654296875,13.539999961853027,0,1.492385983467102,0.10862639546394348,1.6993738412857056,0.008353358134627342,1.0006303787231445,1.4014089107513428,0.0004457450704649091,0.00026534622884355485,1746903310.2859514,0.6236646771430969,0.0003100382164120674,11.287673950195312
2.1117806434631348,0.14836542308330536,80.783935546875,52,1.7277438640594482,-0.9155043661594391,10,1,217.18539428710938,0.9994086027145386,51,4906.107474441,-0.006409817840903997,0.00448467954993248,1.0677694082260132,0.07897066324949265,0,0.003679672721773386,0.3133152425289154,1.3712563514709473,1000,1.7277438640594482,0.9994086027145386,1040000,4.577636492086867e-09,92.08722686767578,4813.35498046875,10.390000343322754,0,1.4819035530090332,0.1243884488940239,1.7277438640594482,0.006297239102423191,0.9994085431098938,0.4859045445919037,0.00041820912156254053,0.00029524063575081527,1746903402.4676616,0.6432507038116455,-0.002056119032204151,11.30325698852539
1.744810700416565,0.1632678061723709,80.5895767211914,53,1.7561694383621216,0.17775318026542664,10,1,217.64349365234375,1.0006606578826904,52,4998.4215358,-0.007446998730301857,0.0065695056691765785,1.0570658445358276,0.08064261823892593,0,-0.0010371808893978596,0.2848714292049408,1.7690078020095825,1000,1.7561694383621216,1.0006606578826904,1060000,-3.8146971692576415e-10,91.89340209960938,4905.34326171875,10.84000015258789,0,1.4716511964797974,0.14439047873020172,1.7561694383621216,0.006584093905985355,1.0006605386734009,0.6636577248573303,0.00046704328269697726,0.0003505738568492234,1746903494.4238296,0.5827159285545349,0.0002868548035621643,11.303791046142578
1.6344059705734253,0.1905045509338379,80.96151733398438,54,1.7846430540084839,-0.03998154401779175,10,1,216.8014373779297,0.9993561506271362,53,5090.710654952,-0.008639507927000523,0.007487029302865267,1.062729001045227,0.07079382240772247,0,-0.0011925091966986656,0.31136178970336914,2.311192274093628,1000,1.7846430540084839,0.9993561506271362,1080000,0.0,92.25031280517578,4997.65625,10.800000190734863,0,1.4771971702575684,0.09638826549053192,1.7846430540084839,0.005122060887515545,0.9993560910224915,0.6236761808395386,0.000455298344604671,0.000315427576424554,1746903586.7379134,0.5886486172676086,-0.0014620330184698105,11.288763046264648
1.8441767692565918,0.17314286530017853,80.91023254394531,55,1.8126779794692993,-0.13042673468589783,10,1,216.88800048828125,0.9994807243347168,54,5182.395607794,-0.007242606487125158,0.005880634766072035,1.0736525058746338,0.08025985956192017,0,0.0013969014398753643,0.31930607557296753,2.5288195610046387,1000,1.8126779794692993,0.9994807243347168,1100000,1.0681151962899094e-08,92.21349334716797,5089.93505859375,8.699999809265137,0,1.4871529340744019,0.07641340047121048,1.8126779794692993,0.0054191406816244125,0.9994807243347168,0.49324944615364075,0.0003671833546832204,0.0002793869352899492,1746903679.0267391,0.6779121160507202,0.00029707979410886765,11.303234100341797
2.008631944656372,0.14356522262096405,80.30884552001953,56,1.8395015001296997,0.07031163573265076,10,1,218.3133087158203,0.9998887777328491,55,5274.686924587,-0.00635765353217721,0.004957107827067375,1.084036946296692,0.09034866094589233,0,0.0008849529549479485,0.28836971521377563,1.9092453718185425,1000,1.8395015001296997,0.9998887777328491,1120000,4.577636492086867e-09,91.61145782470703,5181.6259765625,5.320000171661377,0,1.4954453706741333,0.13231222331523895,1.8395015001296997,0.005781231913715601,0.9998887181282043,0.5635610818862915,7.867412205087021e-05,0.000315446755848825,1746903770.7119002,0.5040900707244873,0.00036209123209118843,11.302584648132324
1.0131535530090332,0.30351966619491577,80.88655853271484,57,1.866798758506775,1.6458929777145386,10,1,216.86090087890625,1.0016546249389648,56,5366.378153441,-0.012275956571102142,0.01948404870927334,1.0800143480300903,0.0695251002907753,0,-0.0059183030389249325,0.3075120151042938,1.7202283143997192,1000,1.866798758506775,1.0016546249389648,1140000,3.051757735406113e-09,92.22502136230469,5273.91943359375,11.800000190734863,0,1.4922035932540894,0.30259037017822266,1.866798758506775,0.004920401144772768,1.0016546249389648,2.20945405960083,0.00117005268111825,0.00029081839602440596,1746903863.0032728,0.5359140634536743,-0.000860830768942833,11.338427543640137
1.6402971744537354,0.19043795764446259,80.3117904663086,58,1.894221305847168,-1.7003526091575623,10,1,218.28439331054688,1.0012118816375732,57,5458.569277869,-0.00875863153487444,0.007433345541357994,1.0780718326568604,0.0791855901479721,0,0.003517325036227703,0.31237486004829407,1.642425775527954,1000,1.894221305847168,1.0012118816375732,1160000,1.2207030941624453e-08,91.62359619140625,5365.60791015625,10.489999771118164,0,1.491403579711914,0.12710466980934143,1.894221305847168,0.007045799400657415,1.0012117624282837,0.5091014504432678,0.00085687346290797,0.00029339693719521165,1746903954.6944776,0.45630744099617004,0.0021253982558846474,11.311775207519531
2.6421940326690674,0.1213456317782402,80.84620666503906,59,1.9216235876083374,0.02221006155014038,10,1,217.10459899902344,0.9998752474784851,58,5550.795509145,-0.004929323215037584,0.00286483159288764,1.0815832614898682,0.0827876403927803,0,0.003829308319836855,0.32061871886253357,1.4504802227020264,1000,1.9216235876083374,0.9998752474784851,1180000,-1.0299681996173149e-08,92.12149810791016,5457.80078125,9.899999618530273,0,1.4954370260238647,0.08002248406410217,1.9216235876083374,0.005619711708277464,0.9998752474784851,0.5313115119934082,8.822740346658975e-05,0.00023922737454995513,1746904046.885665,0.4992418587207794,-0.0014260876923799515,11.27525520324707
1.3658312559127808,0.23059391975402832,80.82341766357422,60,1.9493193626403809,0.0997573733329773,10,1,217.1029510498047,0.999137818813324,59,5642.532271612,-0.010049386881291866,0.010721003636717796,1.084112524986267,0.06766987591981888,0,-0.005120063666254282,0.31495237350463867,1.0626600980758667,1000,1.9493193626403809,0.999137818813324,1200000,-4.577636492086867e-09,92.1221923828125,5549.99072265625,11.180000305175781,0,1.4978042840957642,0.11349835991859436,1.9493193626403809,0.0042387982830405235,0.999137818813324,0.6310688853263855,0.0006096682045608759,0.00029305426869541407,1746904139.1118994,0.5066753625869751,-0.0013809134252369404,11.298747062683105
2.2157669067382812,0.1395685374736786,80.36432647705078,61,1.9773370027542114,-0.0999801754951477,10,1,218.1326141357422,0.9995321035385132,60,5733.821823367,-0.006194410379976034,0.004073622636497021,1.0954047441482544,0.05905377119779587,0,0.003854976501315832,0.3092513382434845,0.9804804921150208,1000,1.9773370027542114,0.9995321035385132,1220000,-7.629394338515283e-10,91.68734741210938,5641.78125,11.399999618530273,0,1.5078126192092896,0.1128072515130043,1.9773370027542114,0.004343997687101364,0.9995320439338684,0.5310887098312378,0.0003309089515823871,0.00027423203573562205,1746904230.8486574,0.4923342168331146,0.0001051994040608406,11.322996139526367
1.8553738594055176,0.16860073804855347,79.93711853027344,62,2.004366397857666,0.12524813413619995,10,1,219.2062530517578,1.0006933212280273,61,5826.145006206,-0.007047412451356649,0.00580986961722374,1.116973876953125,0.06750928610563278,0,-0.0008530020713806152,0.31281739473342896,1.7269384860992432,1000,2.004366397857666,1.0006933212280273,1240000,-8.77380390562621e-09,91.23827362060547,5733.07080078125,6.150000095367432,0,1.5276036262512207,0.08969974517822266,2.004366397857666,0.007626840844750404,1.0006933212280273,0.6563368439674377,0.00049025216139853,0.00028018924058414996,1746904322.1380851,0.5246077179908752,0.0032828431576490402,11.301118850708008
1.4225376844406128,0.21746332943439484,80.98110961914062,63,2.0309793949127197,0.04515039920806885,10,1,216.7455596923828,1.0010031461715698,62,5918.556578278,-0.008459272794425488,0.009883299469947815,1.1272956132888794,0.06981676071882248,0,-0.0014118603430688381,0.30934980511665344,1.1949619054794312,1000,2.0309793949127197,1.0010031461715698,1260000,6.103515470812226e-09,92.27409362792969,5825.39501953125,8.020000457763672,0,1.5373016595840454,0.14314530789852142,2.0309793949127197,0.004524800460785627,1.0010031461715698,0.7014872431755066,0.0007093033636920154,0.0003033527173101902,1746904414.4614694,0.5794667601585388,-0.003102040383964777,11.292957305908203
3.303046703338623,0.09423451870679855,80.94831085205078,64,2.0571160316467285,-0.3940843641757965,10,1,216.5452423095703,1.0005812644958496,63,6011.205823241,-0.004040879663079977,0.0018331506289541721,1.1240406036376953,0.06007925420999527,0,0.0044183931313455105,0.31126102805137634,1.0618305206298828,1000,2.0571160316467285,1.0005812644958496,1280000,0.0,92.35945892333984,5917.8037109375,7.590000152587891,0,1.534703254699707,0.08968888223171234,2.0571160316467285,0.005245289299637079,1.0005812644958496,0.3074028789997101,0.00041101608076132834,0.0002973697555717081,1746904506.8729382,0.6462954878807068,0.0007204888388514519,11.411114692687988
3.6282172203063965,0.0820908471941948,81.2113265991211,65,2.082425117492676,-0.10469134151935577,10,1,215.9803466796875,1.000390887260437,64,6103.866250525,-0.003933821339160204,0.00151928944978863,1.1227474212646484,0.07589758187532425,0,0.0001070583239197731,0.29784342646598816,1.0333833694458008,1000,2.082425117492676,1.000390887260437,1300000,1.2588500908350397e-08,92.60102081298828,6010.45556640625,6.010000228881836,0,1.5339897871017456,0.07299651205539703,2.082425117492676,0.0053252256475389,1.000390887260437,0.2027115374803543,0.0002763709344435483,0.00031532885623164475,1746904599.522056,0.5414725542068481,7.993634790182114e-05,11.38965892791748
2.0721371173858643,0.15172435343265533,81.32289123535156,66,2.1070003509521484,0.40950576961040497,10,1,215.95851135253906,0.9996708631515503,65,6195.897036004,-0.006038355175405741,0.004657920449972153,1.124299168586731,0.07452485710382462,0,-0.002104533836245537,0.31439366936683655,1.6854844093322754,1000,2.1070003509521484,0.9996708631515503,1320000,1.0299681996173149e-08,92.61038208007812,6103.11572265625,6.039999961853027,0,1.5358253717422485,0.1119399443268776,2.1070003509521484,0.005079026333987713,0.9996708035469055,0.6122173070907593,0.00023276299179997295,0.0002840358065441251,1746904692.1825378,0.537834107875824,-0.0002461993135511875,11.28746223449707
2.505164623260498,0.12910863757133484,80.66334533691406,67,2.1307051181793213,-0.34872353076934814,10,1,217.43463134765625,0.9989590048789978,66,6287.527521927,-0.004903862718492746,0.003186809364706278,1.109824299812317,0.04857849329710007,0,0.0011344924569129944,0.3234384059906006,0.6590383052825928,1000,2.1307051181793213,0.9989590048789978,1340000,-7.057189943537878e-09,91.9816665649414,6195.14697265625,5.230000019073486,0,1.5229822397232056,0.07202733308076859,2.1307051181793213,0.005665787495672703,0.9989590048789978,0.26349377632141113,0.000736108748242259,0.00028177903732284904,1746904784.2134066,0.49401673674583435,0.0005867611616849899,11.318302154541016
1.3406280279159546,0.23864229023456573,80.27384185791016,68,2.153780221939087,0.13357117772102356,10,1,218.38426208496094,1.000179648399353,67,6378.317570169,-0.009989204816520214,0.011127894744277,1.112744927406311,0.056802015751600266,0,-0.005085342098027468,0.3199305534362793,1.3175595998764038,1000,2.153780221939087,1.000179648399353,1360000,-6.103515470812226e-09,91.58169555664062,6286.77734375,5.800000190734863,0,1.5255934000015259,0.15520982444286346,2.153780221939087,0.006899878848344088,1.000179648399353,0.3970649540424347,0.00012694636825472116,0.00026960443938151,1746904875.8438127,0.5342864394187927,0.0012340913526713848,11.307828903198242
4.171205520629883,0.06926034390926361,79.4404525756836,69,2.1763057708740234,-0.19029082357883453,10,1,220.40699768066406,0.9997240900993347,68,6469.858728049,-0.003262281185016036,0.0011494841892272234,1.1205954551696777,0.04476098343729973,0,0.006726923631504178,0.28889912366867065,0.6066610217094421,1000,2.1763057708740234,0.9997240900993347,1380000,-1.5258788677030566e-09,90.74121856689453,6377.56787109375,5.849999904632568,0,1.5327367782592773,0.05765233933925629,2.1763057708740234,0.005870532244443893,0.9997240900993347,0.20677413046360016,0.0001951118028955534,0.00032546441070735455,1746904966.6338456,0.3825428783893585,-0.0010293466039001942,11.300743103027344
2.5116734504699707,0.12606370449066162,80.0472640991211,70,2.19844651222229,0.008802235126495361,10,1,218.6000518798828,1.000105857849121,69,6562.452599734,-0.0049341400153934956,0.0031703137792646885,1.1133471727371216,0.034802861511707306,0,-0.0016718588303774595,0.31663087010383606,0.7029948830604553,1000,2.19844651222229,1.000105857849121,1400000,9.155272984173735e-09,91.49128723144531,6469.1083984375,6.239999771118164,0,1.5262938737869263,0.06926921755075455,2.19844651222229,0.006916291546076536,1.000105857849121,0.21557636559009552,7.48528036638163e-05,0.0002908137103077024,1746905058.1750307,0.34974586963653564,0.0010457593016326427,11.443991661071777
1.6441242694854736,0.1774013191461563,81.1692123413086,71,2.220241069793701,0.19631622731685638,10,1,216.10931396484375,1.0007286071777344,70,6654.579446142,-0.007972575724124908,0.007398779504001141,1.1314371824264526,0.038066912442445755,0,-0.003038435708731413,0.2916698157787323,0.6148618459701538,1000,2.220241069793701,1.0007286071777344,1420000,-3.051757735406113e-09,92.5457534790039,6561.7021484375,6.21999979019165,0,1.5423158407211304,0.12460879236459732,2.220241069793701,0.004954703617841005,1.0007286071777344,0.4118925929069519,0.0005152030498720706,0.0002904265420511365,1746905150.7689843,0.4062618911266327,-0.001961587928235531,11.376520156860352
2.683422803878784,0.11399272084236145,80.70291137695312,72,2.2415995597839355,-0.17644718289375305,10,1,217.2351837158203,1.0002262592315674,71,6747.919713317,-0.005076782777905464,0.0027774753980338573,1.1452003717422485,0.034615807235240936,0,0.0028957929462194443,0.30589067935943604,0.4288816452026367,1000,2.2415995597839355,1.0002262592315674,1440000,1.5258788677030566e-09,92.06611633300781,6653.81787109375,5.739999771118164,0,1.5544058084487915,0.10304752737283707,2.2415995597839355,0.0073505281470716,1.0002261400222778,0.23544541001319885,0.0001599332463229075,0.0003254686016589403,1746905242.8957522,0.3772847354412079,0.0023958245292305946,11.363183975219727
3.632256507873535,0.08409406244754791,81.918701171875,73,2.261823892593384,-0.09239089488983154,10,1,214.37814331054688,0.9997131824493408,72,6840.641176955,-0.003684474853798747,0.0015159122413024306,1.1369445323944092,0.068228580057621,0,0.0013923079241067171,0.3054511845111847,0.42310264706611633,1000,2.261823892593384,0.9997131824493408,1460000,-4.577636492086867e-09,93.29309844970703,6747.17041015625,3.049999952316284,0,1.5472062826156616,0.04711705446243286,2.261823892593384,0.0031603770330548286,0.9997131824493408,0.1430545151233673,0.00020281063916627318,0.0003059071896132082,1746905336.236081,0.2881428599357605,-0.004190151114016771,11.374372482299805
1.7463797330856323,0.18471670150756836,81.27532196044922,74,2.2813007831573486,0.1541038155555725,10,1,215.81015014648438,0.999500036239624,73,6932.690497112,-0.007470177486538887,0.0065577058121562,1.1343964338302612,0.053190577775239944,0,-0.00378570263274014,0.3225855231285095,0.6908296346664429,1000,2.2813007831573486,0.999500036239624,1480000,1.5258788677030566e-09,92.6740493774414,6839.8916015625,4.03000020980835,0,1.54502534866333,0.12611617147922516,2.2813007831573486,0.005798288155347109,0.999500036239624,0.2971583306789398,0.00035352775012142956,0.00028055760776624084,1746905428.957587,0.39548319578170776,0.00263791112229228,11.398704528808594
1.1129857301712036,0.2567734718322754,80.61277770996094,75,2.300687313079834,-0.0020470023155212402,10,1,217.39222717285156,1.0005099773406982,74,7025.245846064,-0.009388144128024578,0.016145464032888412,1.1246991157531738,0.05132979899644852,0,-0.001917966641485691,0.2857851982116699,0.5671169757843018,1000,2.300687313079834,1.0005099773406982,1500000,4.577636492086867e-09,91.9996109008789,6931.939453125,6.099999904632568,0,1.5363655090332031,0.20917893946170807,2.300687313079834,0.004995595198124647,1.0005098581314087,0.2951113283634186,0.00036060845013707876,0.0003335984074510634,1746905521.0067847,0.43047645688056946,-0.0008026929572224617,11.386805534362793
1.4485820531845093,0.21957455575466156,81.15340423583984,76,2.319817304611206,0.21938297152519226,10,1,216.21363830566406,0.9977148771286011,75,7118.542969623,-0.008805668912827969,0.009531105868518353,1.1135592460632324,0.04117121919989586,0,0.0005824752151966095,0.31807175278663635,1.0520910024642944,1000,2.319817304611206,0.9977148771286011,1520000,1.5258788677030566e-09,92.50110626220703,7024.48974609375,5.449999809265137,0,1.5264259576797485,0.15036867558956146,2.319817304611206,0.004431709181517363,0.9977148175239563,0.5144942998886108,0.0016158539801836014,0.0002841494570020586,1746905613.5621576,0.4524247646331787,-0.0005638860166072845,11.347673416137695
1.6235805749893188,0.20316612720489502,81.83897399902344,77,2.3396694660186768,0.17656826972961426,10,1,214.48458862304688,1.0004029273986816,76,7211.40186837,-0.007899490185081959,0.007587203290313482,1.1174298524856567,0.08459237962961197,0,0.0009061787277460098,0.32985660433769226,1.0284109115600586,1000,2.3396694660186768,1.0004029273986816,1540000,-4.577636492086867e-09,93.24678802490234,7117.7919921875,8.84000015258789,0,1.5299391746520996,0.1174638420343399,2.3396694660186768,0.004672555718570948,1.0004029273986816,0.6910625696182251,0.00028491270495578647,0.00023815405438654125,1746905706.8593102,0.37526145577430725,0.00024084653705358505,11.407790184020996
1.8540705442428589,0.1592971831560135,81.39907836914062,78,2.3601996898651123,-0.17597705125808716,10,1,215.5260467529297,0.9993531107902527,77,7304.424218813,-0.007054191082715988,0.0058180405758321285,1.1277652978897095,0.0349266342818737,0,0.0008452991023659706,0.29534822702407837,0.8899429440498352,1000,2.3601996898651123,0.9993531107902527,1560000,6.103515470812226e-09,92.79621124267578,7210.638671875,8.90999984741211,0,1.5391463041305542,0.1327117681503296,2.3601996898651123,0.004214167129248381,0.9993531107902527,0.5150855183601379,0.0004574337799567729,0.00030037248507142067,1746905799.7182217,0.4393217861652374,-0.000458388589322567,11.397113800048828
1.7452753782272339,0.18293622136116028,81.5859603881836,79,2.3814148902893066,0.2188584804534912,10,1,215.15716552734375,0.9997985363006592,78,7397.245584263,-0.007608834188431501,0.00656600808724761,1.1428295373916626,0.058191172778606415,0,-0.0005546431057155132,0.31927406787872314,0.8475872874259949,1000,2.3814148902893066,0.9997985363006592,1580000,0.0,92.95530700683594,7303.65625,9.149999618530273,0,1.552405834197998,0.10706663131713867,2.3814148902893066,0.003914486616849899,0.9997985363006592,0.7339439988136292,0.00014245635247789323,0.00025676513905636966,1746905892.7405581,0.40638506412506104,-0.00029968051239848137,11.369318962097168
1.3991248607635498,0.21820637583732605,81.3836669921875,80,2.4028148651123047,-0.19355839490890503,10,1,215.5801239013672,1.0003862380981445,79,7490.37738723,-0.008905227296054363,0.010216840542852879,1.1440995931625366,0.060840290039777756,0,-0.0012963931076228619,0.30529797077178955,0.8678541779518127,1000,2.4028148651123047,1.0003862380981445,1600000,-3.051757735406113e-09,92.77293395996094,7396.49560546875,7.570000171661377,0,1.5535308122634888,0.15269921720027924,2.4028148651123047,0.003909808583557606,1.0003862380981445,0.5403856039047241,0.0002731677668634802,0.0003328953171148896,1746905985.5619037,0.37651634216308594,-4.678033292293549e-06,11.389241218566895
1.62165367603302,0.18170838057994843,81.3096923828125,81,2.4244985580444336,0.031000196933746338,10,1,214.8580322265625,0.9985267519950867,80,7582.489011576,-0.008839094080030918,0.007605244405567646,1.151387333869934,0.06824256479740143,0,6.613321602344513e-05,0.294668048620224,1.2606818675994873,1000,2.4244985580444336,0.9985267519950867,1620000,-2.479553229406406e-09,93.084716796875,7489.62939453125,7.960000038146973,0,1.5597972869873047,0.08024626225233078,2.4244985580444336,0.005943540018051863,0.9985267519950867,0.5713858008384705,0.0010417858138680458,0.0003189573180861771,1746906078.693789,0.37177783250808716,0.002033731434494257,11.775006294250488
2.4577109813690186,0.11697966605424881,80.6657485961914,82,2.4455113410949707,-0.20222961902618408,10,1,217.24278259277344,1.001366376876831,81,7674.061155757,-0.005861539393663406,0.00331106036901474,1.1752045154571533,0.05141206830739975,0,0.0029775546863675117,0.2875022292137146,0.7484418153762817,1000,2.4455113410949707,1.001366376876831,1640000,-3.814697002724188e-09,92.06289672851562,7581.7392578125,4.679999828338623,0,1.5802119970321655,0.07138792425394058,2.4455113410949707,0.006332537159323692,1.0013662576675415,0.3691561818122864,0.0009661181247793138,0.0003093059058301151,1746906170.8053756,0.386897474527359,0.0003889971412718296,11.39712142944336
4.42824649810791,0.07121358066797256,80.14616394042969,83,2.465838670730591,-0.23738664388656616,10,1,218.5285186767578,1.0000789165496826,82,7767.646496647,-0.003062218427658081,0.0010199107928201556,1.1843727827072144,0.054660364985466,0,0.0027993209660053253,0.31535130739212036,0.5334822535514832,1000,2.465838670730591,1.0000789165496826,1660000,0.0,91.521240234375,7673.30859375,4.389999866485596,0,1.5879406929016113,0.037744905799627304,2.465838670730591,0.00599501421675086,1.000078797340393,0.13176953792572021,5.58025531063322e-05,0.0002807682612910867,1746906262.3774326,0.38227707147598267,-0.0003375229425728321,11.375038146972656
2.157301187515259,0.14865681529045105,82.12458038330078,84,2.485466480255127,0.13422247767448425,10,1,213.935302734375,1.0009698867797852,83,7859.41693494,-0.005107584875077009,0.004297416191548109,1.1755294799804688,0.0777641087770462,0,-0.002045366447418928,0.32069751620292664,0.5277491211891174,1000,2.485466480255127,1.0009698867797852,1680000,9.155272984173735e-09,93.48621368408203,7766.84619140625,4.099999904632568,0,1.5802639722824097,0.07211867719888687,2.485466480255127,0.003465079003944993,1.0009698867797852,0.26599201560020447,0.0006858135457150638,0.0002834828046616167,1746906355.9628363,0.4380495548248291,-0.002529935212805867,11.361604690551758
2.7413382530212402,0.1179114580154419,80.34272766113281,85,2.504140853881836,-0.0897306352853775,10,1,218.049072265625,1.000420093536377,84,7951.702221599,-0.005029391497373581,0.0026613567024469376,1.174517273902893,0.07408899068832397,0,7.819337770342827e-05,0.3232352137565613,0.5709595680236816,1000,2.504140853881836,1.000420093536377,1700000,-5.340575981449547e-09,91.72247314453125,7858.66650390625,3.0,0,1.579146385192871,0.0709584578871727,2.504140853881836,0.004263151437044144,1.000420093536377,0.17626138031482697,0.0002970509813167155,0.00027542386669665575,1746906447.733261,0.39052727818489075,0.0007980724330991507,11.379721641540527
3.202955722808838,0.098612941801548,80.81597137451172,86,2.5216379165649414,-0.06111804395914078,10,1,216.8923797607422,0.9989595413208008,85,8044.250009755,-0.004068032372742891,0.0019495119340717793,1.1680787801742554,0.0576494000852108,0,0.0009613591246306896,0.3158528804779053,0.2647235691547394,1000,2.5216379165649414,0.9989595413208008,1720000,-3.051757735406113e-09,92.21163177490234,7950.92724609375,1.940000057220459,0,1.5737190246582031,0.05597497895359993,2.5216379165649414,0.0043984344229102135,0.9989595413208008,0.11514333635568619,0.000735743495170027,0.00027710519498214126,1746906539.994569,0.2956780195236206,0.0001352829858660698,11.395630836486816
3.0564815998077393,0.10292872041463852,81.15245056152344,87,2.5381531715393066,0.027390144765377045,10,1,216.16062927246094,1.0007961988449097,86,8136.346280438,-0.004108181688934565,0.002140840981155634,1.1695770025253296,0.07895459979772568,0,-4.014931619167328e-05,0.31459975242614746,0.3902483284473419,1000,2.5381531715393066,1.0007961988449097,1740000,1.2969969986897922e-08,92.52378845214844,8043.5009765625,2.2100000381469727,0,1.5753130912780762,0.07061044126749039,2.5381531715393066,0.006148891057819128,1.0007961988449097,0.14253348112106323,0.0005629694787785411,0.00029715007985942066,1746906632.5664282,0.20848335325717926,0.0017504566349089146,11.371301651000977
1.7360392808914185,0.1789422184228897,80.64234161376953,88,2.5545992851257324,0.5638779997825623,10,1,217.280029296875,0.9991341829299927,87,8228.622256909,-0.007093007210642099,0.006636058446019888,1.1625171899795532,0.04160373657941818,0,-0.002984825521707535,0.3106507360935211,0.22567178308963776,1000,2.5545992851257324,0.9991341829299927,1760000,1.5258788677030566e-09,92.047119140625,8135.595703125,4.909999847412109,0,1.5694103240966797,0.12039671838283539,2.5545992851257324,0.004640392027795315,0.9991341233253479,0.7064114809036255,0.000612253206782043,0.00030503288144245744,1746906724.6626647,0.15680989623069763,-0.0015084990300238132,11.404755592346191
2.253617286682129,0.14426730573177338,80.87431335449219,89,2.5707929134368896,-0.42251232266426086,10,1,216.86610412597656,0.9995405077934265,88,8321.563412381,-0.005604211241006851,0.003937935456633568,1.1516033411026,0.06663677096366882,0,0.0014887959696352482,0.32512328028678894,0.2645985186100006,1000,2.5707929134368896,0.9995405077934265,1780000,-6.103515470812226e-09,92.22280883789062,8227.8681640625,4.260000228881836,0,1.5600372552871704,0.08960816264152527,2.5707929134368896,0.0039156279526650906,0.9995405077934265,0.2838991582393646,0.0003249240980949253,0.0002560233697295189,1746906816.9385853,0.017017032951116562,-0.0007247640751302242,11.348469734191895
1.2964659929275513,0.23379211127758026,81.5264892578125,90,2.587585210800171,0.6367700397968292,10,1,215.31854248046875,0.9990620017051697,89,8413.838580619,-0.009773903526365757,0.011898916214704514,1.1402226686477661,0.09128199517726898,0,-0.004169692285358906,0.3031035363674164,0.8154360055923462,1000,2.587585210800171,0.9990620017051697,1800000,-2.2888182460434336e-09,92.88563537597656,8320.8125,6.980000019073486,0,1.5500160455703735,0.10708913952112198,2.587585210800171,0.005397898610681295,0.9990620017051697,0.9206691980361938,0.000663279031869024,0.0002909323666244745,1746906909.879733,0.22747255861759186,0.0014822706580162048,11.359119415283203
2.110037326812744,0.15659520030021667,80.78020477294922,91,2.605039358139038,-0.4897291958332062,10,1,216.85446166992188,0.9999749064445496,90,8506.73487317,-0.005036096554249525,0.004492093808948994,1.1210929155349731,0.06215638294816017,0,0.004737806972116232,0.33042171597480774,0.7301313877105713,1000,2.605039358139038,0.9999749064445496,1820000,0.0,92.22775268554688,8413.0888671875,7.360000133514404,0,1.5329939126968384,0.0718611553311348,2.605039358139038,0.00532941147685051,0.9999749064445496,0.43094000220298767,1.7786069292924367e-05,0.0002666474611032754,1746907002.1548488,0.39075297117233276,-6.848713383078575e-05,11.447525024414062
2.1411049365997314,0.15084318816661835,81.44965362548828,92,2.623220682144165,-0.05968794226646423,10,1,215.40936279296875,1.0008848905563354,91,8599.094415921,-0.005882419645786285,0.004362677223980427,1.1112850904464722,0.06819400936365128,0,-0.0008463230915367603,0.32297107577323914,0.4642535150051117,1000,2.623220682144165,1.0008848905563354,1840000,7.629394338515283e-10,92.84647369384766,8505.9853515625,7.769999980926514,0,1.5241819620132446,0.09242412447929382,2.623220682144165,0.004851301200687885,1.0008848905563354,0.37125205993652344,0.0006256839842535555,0.00026181686553172767,1746907095.051209,0.49568167328834534,-0.00047811027616262436,11.39678955078125
0.6996793746948242,0.4309670627117157,80.94783020019531,93,2.644303560256958,1.5447156429290771,10,1,216.65806579589844,1.0001420974731445,92,8691.355783124,-0.019551528617739677,0.04085373133420944,1.114806056022644,0.07295852899551392,0,-0.013669108971953392,0.30153876543045044,0.4727100133895874,1000,2.644303560256958,1.0001420974731445,1860000,-1.3732909920349812e-08,92.31135559082031,8598.3447265625,15.460000038146973,0,1.5274561643600464,0.30005818605422974,2.644303560256958,0.0035694236867129803,1.0001420974731445,1.9159677028656006,0.0001004219229798764,0.0002992919471580535,1746907187.4108272,0.5023462772369385,-0.001281877513974905,11.363507270812988
1.716088056564331,0.16802343726158142,80.5969467163086,94,2.667900323867798,-1.3812305331230164,10,1,216.88986206054688,1.000476598739624,93,8783.451601984,-0.007806090172380209,0.00679125776514411,1.1283429861068726,0.03720088675618172,0,0.011745438445359468,0.28834301233291626,0.8799141645431519,1000,2.667900323867798,1.000476598739624,1880000,-6.103515470812226e-09,92.21269989013672,8690.6064453125,15.229999542236328,0,1.5395946502685547,0.16913922131061554,2.667900323867798,0.003390733152627945,1.0004764795303345,0.5347371697425842,0.0003368938050698489,0.00032484589610248804,1746907279.6721911,0.5905144214630127,-0.00017869053408503532,11.615734100341797
2.0177667140960693,0.1550094038248062,80.66499328613281,95,2.6931490898132324,-0.12089267373085022,10,1,217.2769775390625,1.0005286931991577,94,8874.646177907,-0.0063743689097464085,0.0049123261123895645,1.1346973180770874,0.050022635608911514,0,0.0014317212626338005,0.31277281045913696,0.4584077000617981,1000,2.6931490898132324,1.0005286931991577,1900000,1.3732909920349812e-08,92.04840850830078,8782.7021484375,13.130000114440918,0,1.5451608896255493,0.11136500537395477,2.6931490898132324,0.0037073330022394657,1.0005286931991577,0.413844496011734,0.0003738706582225859,0.0002630396920721978,1746907371.767991,0.3976092040538788,0.00031659984961152077,11.383394241333008
0.8468900918960571,0.35249871015548706,79.69451141357422,96,2.7209839820861816,0.31587252020835876,10,1,219.42779541015625,0.9992103576660156,95,8966.922450374,-0.015261013992130756,0.027885327115654945,1.1292495727539062,0.05382280424237251,0,-0.008886645082384348,0.29852765798568726,0.5626730918884277,1000,2.7209839820861816,0.9992103576660156,1920000,6.103515470812226e-09,91.14615631103516,8873.8955078125,17.200000762939453,0,1.540401577949524,0.270478218793869,2.7209839820861816,0.005291244015097618,0.9992103576660156,0.7297170162200928,0.0005583895253948867,0.0002959623816423118,1746907462.9624598,0.26888033747673035,0.0015839110128581524,11.451622009277344
1.5875325202941895,0.19016146659851074,80.84215545654297,97,2.7509453296661377,-0.2904524505138397,10,1,216.8560333251953,1.000341773033142,96,9059.508059477,-0.008106318302452564,0.007935680449008942,1.1213918924331665,0.04175341874361038,0,0.007154695689678192,0.30188751220703125,0.9500242471694946,1000,2.7509453296661377,1.000341773033142,1940000,3.051757735406113e-09,92.22708129882812,8966.171875,16.610000610351562,0,1.5334903001785278,0.14918740093708038,2.7509453296661377,0.005820870399475098,1.000341773033142,0.43926456570625305,0.0002416981296846643,0.0003128051175735891,1746907555.2387133,0.3080516755580902,0.0005296263843774796,11.384905815124512
2.289634943008423,0.14366421103477478,81.16377258300781,98,2.7802681922912598,-0.014039397239685059,10,1,216.1285858154297,1.0003235340118408,97,9151.805748306,-0.005625263322144747,0.003815016243606806,1.1203278303146362,0.046449434012174606,0,0.0024810549803078175,0.3289386034011841,0.6217978596687317,1000,2.7802681922912598,1.0003235340118408,1960000,6.38961772381208e-09,92.53750610351562,9058.7578125,7.440000057220459,0,1.5325335264205933,0.09579992294311523,2.7802681922912598,0.004321943502873182,1.0003234148025513,0.425225168466568,0.0002287169045303017,0.0002656790893524885,1746907647.8243103,0.23787717521190643,-0.0014989268966019154,11.373708724975586
2.8806521892547607,0.10574045032262802,80.85037231445312,99,2.80899715423584,-0.18916422128677368,10,1,216.85092163085938,0.9997720122337341,98,9244.428794796,-0.004683122504502535,0.002410163637250662,1.1265028715133667,0.03340320289134979,0,0.0009421408176422119,0.3046014606952667,0.4618626832962036,1000,2.80899715423584,0.9997720122337341,1980000,1.0681151962899094e-08,92.22925567626953,9151.0361328125,7.360000133514404,0,1.5379033088684082,0.12837430834770203,2.80899715423584,0.0039185876958072186,0.9997720122337341,0.2360609471797943,0.00016122574743349105,0.000305648660287261,1746907740.1221104,0.27422085404396057,-0.00040335580706596375,11.378856658935547
0.8119184374809265,0.38187095522880554,81.32112884521484,100,2.8413381576538086,1.8771170675754547,10,1,216.06809997558594,1.00180983543396,99,9245.103738292,-0.016733020544052124,0.03033926710486412,1.1451433897018433,0.08405636996030807,0,-0.01204989803954959,0.31004807353019714,0.43691250681877136,1000,2.8413381576538086,1.00180983543396,2000000,-6.866454960174906e-09,92.56341552734375,9243.66796875,22.799999237060547,0,1.554317831993103,0.2910383939743042,2.8413381576538086,0.00457302900031209,1.0018097162246704,2.113178014755249,0.0012797469971701503,0.0002732998109422624,1746907832.7452292,0.3432346284389496,0.0006544413045048714,11.242268562316895
