Time/Rollout,_step,Metrics/LagrangeMultiplier/Max,Loss/Loss_cost_critic/Delta,Train/StopIter,Safety/shield_adv_c,Time/FPS,Train/PolicyRatio/Min,Train/Epoch,_runtime,Safety/EpCostShield,Loss/Loss_pi,Train/PolicyStd,Safety/ShieldLagrangeMultiplier/Std,Safety/ShieldLagrangeMultiplier/Max,Value/reward,Train/LR,Loss/Loss_pi/Delta,Value/cost,Metrics/EpLen,Metrics/LagrangeMultiplier/Min,Train/PolicyRatio/Max,Safety/ShieldLagrangeMultiplier/Min,TotalEnvSteps,Value/Adv,Time/Epoch,Time/Total,Metrics/EpCost,Safety/shield_violation,Metrics/LagrangeMultiplier/Std,Train/Entropy,Metrics/LagrangeMultiplier,Loss/Loss_reward_critic,Safety/ShieldLagrangeMultiplier,Train/PolicyRatio,Loss/Loss_cost_critic,Train/PolicyRatio/Std,Train/KL,_timestamp,Metrics/EpRet,Loss/Loss_reward_critic/Delta,Time/Update
122.67511749267578,1,0.03599999472498894,15.273561477661133,40,NaN,80.49102783203125,1.0041958093643188,0,469.529477976,104.6500015258789,-0.4444247782230377,0.9811774492263794,0,0.04500000178813934,0.21325214207172394,0.0002969999914057553,-0.4444247782230377,-0.07523617893457413,1000,0.03599999472498894,1.0041958093643188,0.04500000178813934,20000.0,-0.5546505451202393,248.4748992919922,248.47573852539062,46.0,-0.015817543491721153,0,1.3998554944992065,0.03599999472498894,0.007182927802205086,0.04500000178813934,1.0041958093643188,15.273561477661133,0.010371599346399307,0.012468394823372364,1746593780.9427233,-1.077898621559143,0.007182927802205086,125.7996826171875
93.2397689819336,2,0.07095874845981598,1.7088165283203125,40,NaN,90.8184814453125,1.005819320678711,1,690.64091373,91.05000305175781,-0.39233484864234924,0.9499789476394653,0,0.07978928834199905,0.16449369490146637,0.00029399999766610563,0.05208992958068848,0.6287973523139954,1000,0.07095874845981598,1.005819320678711,0.07978928834199905,40000.0,-0.1712251454591751,220.21949768066406,468.7611083984375,44.275001525878906,1.4178035259246826,0,1.3675265312194824,0.07095874845981598,0.007727839983999729,0.07978928834199905,1.0058192014694214,16.982378005981445,0.011435303837060928,0.012056577950716019,1746594001.2239172,-0.5017993450164795,0.0005449121817946434,126.97966003417969
93.49336242675781,3,0.10603193938732147,-1.7366609573364258,40,NaN,90.47933959960938,1.0056794881820679,2,911.80334205,109.30000305175781,-0.38305968046188354,0.9149709343910217,0,0.11475032567977905,0.1584564745426178,0.000291000003926456,0.009275168180465698,2.672816514968872,1000,0.10603193938732147,1.0056794881820679,0.11475032567977905,60000.0,-0.3652346134185791,221.04493713378906,689.8687744140625,52.28333282470703,4.116492748260498,0,1.3300248384475708,0.10603193938732147,0.007338809315115213,0.11475032567977905,1.0056794881820679,15.24571704864502,0.011325331404805183,0.011168929748237133,1746594222.3354158,-0.0707622542977333,-0.00038903066888451576,127.551513671875
93.4723129272461,4,0.14122052490711212,1.2287797927856445,40,NaN,90.45813751220703,1.0069942474365234,3,1131.920597271,138.60000610351562,-0.33311811089515686,0.8899199962615967,0,0.14983518421649933,0.16069631278514862,0.0002880000101868063,0.049941569566726685,2.0792932510375977,1000,0.14122052490711212,1.0069942474365234,0.14983518421649933,80000.0,0.25572291016578674,221.0967559814453,911.0308837890625,55.162498474121094,4.893218517303467,0,1.3021918535232544,0.14122052490711212,0.010734427720308304,0.14983518421649933,1.0069942474365234,16.474496841430664,0.011475065723061562,0.013384890742599964,1746594443.4978533,0.30015063285827637,0.0033956184051930904,127.6243667602539
92.70635986328125,5,0.17641523480415344,-7.92973518371582,40,NaN,90.88780212402344,1.0106756687164307,4,1356.771457151,65.0999984741211,-0.40926551818847656,0.8562658429145813,0,0.1836368888616562,0.17631986737251282,0.0002849999873433262,-0.0761474072933197,3.1736536026000977,1000,0.17641523480415344,1.0106756687164307,0.1836368888616562,100000.0,-0.0637621209025383,220.05152893066406,1131.146728515625,51.5,6.546379566192627,0,1.26366126537323,0.17641523480415344,0.02121351659297943,0.1836368888616562,1.0106756687164307,8.544761657714844,0.012553012929856777,0.013063108548521996,1746594663.6151023,0.8289987444877625,0.010479088872671127,127.34507751464844
96.74462890625,6,0.21172186732292175,-0.8268108367919922,40,NaN,88.97010803222656,1.0097124576568604,5,1578.263159063,96.25,-0.3823854923248291,0.8252875208854675,0,0.21753628551959991,0.16854733228683472,0.00028199999360367656,0.02688002586364746,3.575561761856079,1000,0.21172186732292175,1.0097124576568604,0.21753628551959991,120000.0,-0.039188969880342484,224.7946014404297,1356.00830078125,56.0,6.086883544921875,0,1.2268595695495605,0.21172186732292175,0.010386683978140354,0.21753628551959991,1.0097124576568604,7.717950820922852,0.012269040569663048,0.011993479914963245,1746594888.4659688,1.2369554042816162,-0.010826832614839077,128.04989624023438
94.29255676269531,7,0.2472214549779892,4.440398216247559,40,NaN,90.32147216796875,1.0108424425125122,6,1800.413550681,134.10000610351562,-0.315735787153244,0.8008302450180054,0,0.25199568271636963,0.21650871634483337,0.0002789999998640269,0.06664970517158508,3.574249267578125,1000,0.2472214549779892,1.0108424425125122,0.25199568271636963,140000.0,-0.2917213439941406,221.43128967285156,1577.495361328125,62.08000183105469,6.863154888153076,0,1.1967612504959106,0.2472214549779892,0.021333400160074234,0.25199568271636963,1.0108424425125122,12.15834903717041,0.012753975577652454,0.013652288354933262,1746595109.9576247,1.7431793212890625,0.01094671618193388,127.1386489868164
94.61386108398438,8,0.2827947437763214,-0.16158580780029297,40,NaN,90.0528564453125,1.011593222618103,7,2022.416689743,154.89999389648438,-0.2724899351596832,0.783663272857666,0,0.28697142004966736,0.20381543040275574,0.00027600000612437725,0.04324585199356079,3.9575226306915283,1000,0.2827947437763214,1.011593222618103,0.28697142004966736,160000.0,-0.011148087680339813,222.091796875,1799.647216796875,58.56999969482422,7.818382740020752,0,1.17511785030365,0.2827947437763214,0.02554072067141533,0.28697142004966736,1.011593222618103,11.996763229370117,0.013020187616348267,0.011947142891585827,1746595332.108048,2.3594369888305664,0.004207320511341095,127.47787475585938
94.204833984375,9,0.31829118728637695,0.1387948989868164,40,NaN,90.11341094970703,1.0110092163085938,8,2246.237860181,117.0999984741211,-0.3669250011444092,0.7617608904838562,0,0.32198241353034973,0.25590574741363525,0.0002730000123847276,-0.09443506598472595,4.992408275604248,1000,0.31829118728637695,1.0110092163085938,0.32198241353034973,180000.0,-0.31508415937423706,221.9425506591797,2021.6494140625,54.060001373291016,9.702898025512695,0,1.1467832326889038,0.31829118728637695,0.02606959082186222,0.32198241353034973,1.0110092163085938,12.135558128356934,0.013324195519089699,0.01579207368195057,1746595554.1111362,2.726851463317871,0.0005288701504468918,127.7376480102539
95.50680541992188,10,0.3536498248577118,-3.502775192260742,40,NaN,89.38258361816406,1.0160459280014038,9,2469.116834359,59.849998474121094,-0.470031201839447,0.7421514987945557,0,0.3556669056415558,0.2490336149930954,0.0002699999895412475,-0.10310620069503784,4.6195783615112305,1000,0.3536498248577118,1.0160459280014038,0.3556669056415558,200000.0,-0.09255213290452957,223.75723266601562,2245.4677734375,51.84000015258789,9.031871795654297,0,1.120670199394226,0.3536498248577118,0.01880025491118431,0.3556669056415558,1.0160459280014038,8.632782936096191,0.014288082718849182,0.014671056531369686,1746595777.9322844,2.8381905555725098,-0.00726933591067791,128.25035095214844
94.41792297363281,11,0.38884276151657104,4.987116813659668,40,NaN,89.7599868774414,1.0086145401000977,10,2689.128654304,140.10000610351562,-0.27649661898612976,0.7180280685424805,0,0.3899635374546051,0.28911903500556946,0.00026699999580159783,0.19353458285331726,4.848413944244385,1000,0.38884276151657104,1.0086145401000977,0.3899635374546051,220000.0,0.11319674551486969,222.81642150878906,2468.347900390625,50.349998474121094,8.496615409851074,0,1.0876269340515137,0.38884276151657104,0.03417252376675606,0.3899635374546051,1.0086145401000977,13.61989974975586,0.014207642525434494,0.01762387342751026,1746596000.8112915,3.6333587169647217,0.015372268855571747,128.3984375
94.41029357910156,12,0.4236523509025574,-3.47409725189209,39,NaN,90.93501281738281,1.014697551727295,11,2911.247389093,89.19999694824219,-0.39295098185539246,0.6996732950210571,0,0.42385295033454895,0.28896939754486084,0.0002640000020619482,-0.1164543628692627,4.163789749145508,1000,0.4236523509025574,1.014697551727295,0.42385295033454895,240000.0,-0.13347354531288147,219.93728637695312,2688.34716796875,44.470001220703125,8.798884391784668,0,1.0616583824157715,0.4236523509025574,0.02549045719206333,0.42385295033454895,1.014697551727295,10.14580249786377,0.015108421444892883,0.020040150731801987,1746596220.823144,4.031764030456543,-0.008682066574692726,125.52690887451172
94.72567749023438,13,0.45797890424728394,-0.9522514343261719,40,NaN,90.06652069091797,1.0152082443237305,12,3132.117191895,95.55000305175781,-0.4444144666194916,0.676858127117157,0,0.4575570821762085,0.3481324017047882,0.0002610000083222985,-0.05146348476409912,5.405373573303223,1000,0.45797890424728394,1.0152082443237305,0.4575570821762085,260000.0,0.49667102098464966,222.05810546875,2910.47900390625,40.93000030517578,11.185068130493164,0,1.0285024642944336,0.45797890424728394,0.02170683816075325,0.4575570821762085,1.0152082443237305,9.193551063537598,0.014851290732622147,0.017848530784249306,1746596442.94193,3.906599998474121,-0.0037836190313100815,127.33232116699219
93.52651977539062,14,0.49216151237487793,2.2929039001464844,40,NaN,90.57530975341797,1.0097277164459229,13,3321.383309724,142.0,-0.31160449981689453,0.6606473922729492,0,0.4919207692146301,0.4384002089500427,0.0002579999854788184,0.13280996680259705,4.757087707519531,1000,0.49216151237487793,1.0097277164459229,0.4919207692146301,280000.0,-0.017500251531600952,220.81072998046875,3131.351318359375,46.25,10.78777027130127,0,1.0042977333068848,0.49216151237487793,0.025371503084897995,0.4919207692146301,1.0097277164459229,11.486454963684082,0.01469764206558466,0.017592620104551315,1746596663.8117685,4.166684627532959,0.003664664924144745,127.2841567993164
94.19154357910156,15,0.5263615250587463,-0.5086383819580078,30,NaN,105.70264434814453,1.0163224935531616,14,3544.047412573,105.94999694824219,-0.4657785892486572,0.6441166996955872,0,0.5262212753295898,0.5319042205810547,0.00025499999173916876,-0.1541740894317627,5.454987525939941,1000,0.5263615250587463,1.0163224935531616,0.5262212753295898,300000.0,0.18750812113285065,189.21002197265625,3320.619140625,49.27000045776367,12.79501724243164,0,0.9788427948951721,0.5263615250587463,0.04319024458527565,0.5262212753295898,1.0163224935531616,10.977816581726074,0.01534506119787693,0.020460238680243492,1746596853.0777688,4.621533393859863,0.017818741500377655,95.01841735839844
95.8004150390625,16,0.5607655644416809,0.4777364730834961,40,NaN,89.84649658203125,1.007460117340088,15,3727.502235523,169.4499969482422,-0.25704213976860046,0.638219952583313,0,0.561397910118103,0.4854695200920105,0.0002519999979995191,0.20873644948005676,4.846546173095703,1000,0.5607655644416809,1.007460117340088,0.561397910118103,320000.0,-0.15143360197544098,222.60189819335938,3543.2822265625,53.779998779296875,12.154359817504883,0,0.9696514010429382,0.5607655644416809,0.025908337906003,0.561397910118103,1.007460117340088,11.45555305480957,0.014650169759988785,0.017057860270142555,1746597075.7419713,4.318465709686279,-0.01728190667927265,126.80142974853516
94.98406982421875,17,0.5951505899429321,-0.9333896636962891,28,NaN,109.05380249023438,1.0172892808914185,16,3941.794744257,65.44999694824219,-0.572749137878418,0.620904266834259,0,0.5953980088233948,0.6056704521179199,0.00024900000425986946,-0.3157069981098175,5.17960786819458,1000,0.5951505899429321,1.0172892808914185,0.5953980088233948,340000.0,0.20987538993358612,183.39572143554688,3726.73583984375,49.22999954223633,12.394282341003418,0,0.9420432448387146,0.5951505899429321,0.033730387687683105,0.5953980088233948,1.0172892808914185,10.522163391113281,0.015171993523836136,0.020627453923225403,1746597259.196786,4.679980754852295,0.007822049781680107,88.41157531738281
95.16841125488281,18,0.6297953724861145,-2.2134361267089844,38,NaN,93.35726165771484,1.0149290561676025,17,4142.297664039,99.75,-0.47142845392227173,0.6063234210014343,0,0.629207193851471,0.5313251614570618,0.0002460000105202198,0.10132068395614624,4.586571216583252,1000,0.6297953724861145,1.0149290561676025,0.629207193851471,360000.0,0.0194970965385437,214.2307891845703,3941.026123046875,55.79999923706055,11.870660781860352,0,0.918267548084259,0.6297953724861145,0.02078498713672161,0.629207193851471,1.0149290561676025,8.308727264404297,0.01580018736422062,0.02047988586127758,1746597473.4892137,4.6749958992004395,-0.012945400550961494,119.06230926513672
94.3921127319336,19,0.6648569107055664,3.0839195251464844,34,NaN,99.7791519165039,1.0160664319992065,18,4327.546112025,161.39999389648438,-0.3072025775909424,0.591154158115387,0,0.6639211773872375,0.5637321472167969,0.00024300000222865492,0.16422587633132935,5.737395763397217,1000,0.6648569107055664,1.0160664319992065,0.6639211773872375,380000.0,-0.1622108817100525,200.4426727294922,4141.52978515625,61.04999923706055,13.365692138671875,0,0.8931018710136414,0.6648569107055664,0.027114270254969597,0.6639211773872375,1.0160664319992065,11.392646789550781,0.016100294888019562,0.02034548483788967,1746597673.9922087,4.848573684692383,0.006329283118247986,106.05050659179688
94.53980255126953,20,0.7003584504127502,1.2903661727905273,29,NaN,107.99798583984375,1.01442289352417,19,4514.249403669,105.8499984741211,-0.45382454991340637,0.5797707438468933,0,0.6984450221061707,0.6018912196159363,0.00023999999393709004,-0.146621972322464,4.907674789428711,1000,0.7003584504127502,1.01442289352417,0.6984450221061707,400000.0,0.05766681581735611,185.1886444091797,4326.779296875,63.63999938964844,12.448695182800293,0,0.8736904263496399,0.7003584504127502,0.05002857372164726,0.6984450221061707,1.01442289352417,12.683012962341309,0.015689963474869728,0.020014585927128792,1746597859.2406535,4.970548629760742,0.022914303466677666,90.64875793457031
94.98760223388672,21,0.735786497592926,-1.568288803100586,29,NaN,107.15641784667969,1.017783284187317,20,4690.949139849,76.1500015258789,-0.5103734135627747,0.5651195645332336,0,0.7321276664733887,0.5384172797203064,0.00023700000019744039,-0.056548863649368286,4.928480625152588,1000,0.735786497592926,1.017783284187317,0.7321276664733887,420000.0,-0.09153085201978683,186.64303588867188,4513.482421875,52.279998779296875,11.257472038269043,0,0.8480444550514221,0.735786497592926,0.04148433730006218,0.7321276664733887,1.017783284187317,11.114724159240723,0.0163591131567955,0.020009571686387062,1746598045.9439418,5.510665416717529,-0.008544236421585083,91.65538024902344
94.01426696777344,22,0.7715042233467102,4.0578765869140625,26,NaN,113.23149871826172,1.0103667974472046,21,4879.007711956,121.80000305175781,-0.34202319383621216,0.5567925572395325,0,0.7660927772521973,0.5899789333343506,0.00023400000645779073,0.1683502197265625,4.709865570068359,1000,0.7715042233467102,1.0103667974472046,0.7660927772521973,440000.0,-0.17168879508972168,176.62930297851562,4690.17041015625,61.04999923706055,11.30626392364502,0,0.8332014679908752,0.7715042233467102,0.0435066744685173,0.7660927772521973,1.0103667974472046,15.172600746154785,0.015599304810166359,0.02020871452987194,1746598222.6437309,5.534515380859375,0.002022337168455124,82.61497497558594
94.13323974609375,23,0.8073270916938782,-2.4364013671875,29,NaN,106.38304138183594,1.011721134185791,22,5049.659759023,109.5999984741211,-0.40050238370895386,0.5463882088661194,0,0.800054669380188,0.6045276522636414,0.00023099999816622585,-0.0584791898727417,5.148423671722412,1000,0.8073270916938782,1.011721134185791,0.800054669380188,460000.0,0.03153706341981888,187.9998779296875,4878.2412109375,57.5099983215332,11.637594223022461,0,0.8143009543418884,0.8073270916938782,0.03674566000699997,0.800054669380188,1.011721134185791,12.736199378967285,0.015451767481863499,0.02055618166923523,1746598410.7022662,5.928297519683838,-0.006761014461517334,93.8665771484375
93.82869720458984,24,0.8428787589073181,5.3750810623168945,24,NaN,117.23597717285156,1.0066676139831543,23,5228.697354762,136.6999969482422,-0.3186110854148865,0.5407826900482178,0,0.8345480561256409,0.6733981370925903,0.0002280000044265762,0.08189129829406738,5.339787006378174,1000,0.8428787589073181,1.0066676139831543,0.8345480561256409,480000.0,-0.0808723047375679,170.59609985351562,5048.896484375,49.18000030517578,12.419099807739258,0,0.8039106130599976,0.8428787589073181,0.04855925589799881,0.8345480561256409,1.0066674947738647,18.11128044128418,0.015681063756346703,0.02172333560883999,1746598581.3542829,6.249334812164307,0.01181359589099884,76.76731872558594
95.51515197753906,25,0.8780509233474731,-8.457763671875,26,NaN,111.74546813964844,1.0111247301101685,24,5418.41796304,89.80000305175781,-0.5074082016944885,0.5301565527915955,0,0.868520975112915,0.6159234642982483,0.00022499999613501132,-0.18879711627960205,5.238589286804199,1000,0.8780509233474731,1.0111247301101685,0.868520975112915,500000.0,-0.045944906771183014,178.97816467285156,5227.9296875,46.13999938964844,12.378487586975098,0,0.784105658531189,0.8780509233474731,0.035909876227378845,0.868520975112915,1.0111247301101685,9.65351676940918,0.014982378110289574,0.020263463258743286,1746598760.3919086,5.771866321563721,-0.012649379670619965,83.46295928955078
94.36695098876953,26,0.9132202863693237,1.0908966064453125,30,NaN,105.4536361694336,1.0134313106536865,25,5586.472057356,118.5999984741211,-0.41163837909698486,0.5215516686439514,0,0.9026773571968079,0.6633591055870056,0.00022200000239536166,0.09576982259750366,5.356928825378418,1000,0.9132202863693237,1.0134313106536865,0.9026773571968079,520000.0,-0.22864940762519836,189.65679931640625,5417.64794921875,53.20000076293945,12.506839752197266,0,0.767786979675293,0.9132202863693237,0.03282633423805237,0.9026773571968079,1.0134313106536865,10.744413375854492,0.016042351722717285,0.020904915407299995,1746598950.1124403,5.6493754386901855,-0.003083541989326477,95.28980255126953
94.47382354736328,27,0.9483354687690735,2.9966840744018555,23,NaN,119.04777526855469,1.0090750455856323,26,5772.383563047,128.64999389648438,-0.3682395815849304,0.5149131417274475,0,0.9371975660324097,0.6760168075561523,0.00021899999410379678,0.04339879751205444,5.52168607711792,1000,0.9483354687690735,1.0090750455856323,0.9371975660324097,540000.0,-0.08334200084209442,167.99977111816406,5585.7109375,52.06999969482422,12.938711166381836,0,0.7549241781234741,0.9483354687690735,0.032491881400346756,0.9371975660324097,1.0090750455856323,13.741097450256348,0.015464858151972294,0.020040135830640793,1746599118.1665218,5.358804225921631,-0.0003344528377056122,73.5259017944336
93.55926513671875,28,0.9834290742874146,-1.5716276168823242,29,NaN,107.6122817993164,1.0161714553833008,27,5926.636107559,89.69999694824219,-0.5606569051742554,0.5042497515678406,0,0.9711841940879822,0.660847008228302,0.00021600000036414713,-0.19241732358932495,7.015158653259277,1000,0.9834290742874146,1.0161714553833008,0.9711841940879822,560000.0,0.3118692636489868,185.85240173339844,5771.6171875,52.630001068115234,13.160490989685059,0,0.7338689565658569,0.9834290742874146,0.04149181768298149,0.9711841940879822,1.0161714553833008,12.169469833374023,0.016799412667751312,0.020661896094679832,1746599304.0780942,5.585404872894287,0.008999936282634735,92.2930679321289
94.3697738647461,29,1.0182287693023682,-0.20086383819580078,19,NaN,129.7111358642578,1.0160433053970337,28,6103.410966125,65.1500015258789,-0.5665202736854553,0.49282076954841614,0,1.0040795803070068,0.6438881754875183,0.00021300000662449747,-0.005863368511199951,5.738068580627441,1000,1.0182287693023682,1.0160433053970337,1.0040795803070068,580000.0,-0.15155576169490814,154.18878173828125,5925.8642578125,46.880001068115234,11.455998420715332,0,0.7108017802238464,1.0182287693023682,0.045320093631744385,1.0040795803070068,1.0160431861877441,11.968605995178223,0.015581316314637661,0.020200487226247787,1746599458.3306334,5.374764919281006,0.0038282759487628937,59.818939208984375
94.69453430175781,30,1.0528125762939453,-1.2442264556884766,26,NaN,113.17461395263672,1.0133720636367798,29,6264.46488052,94.75,-0.4222208261489868,0.48528337478637695,0,1.0367584228515625,0.6843718886375427,0.0002099999983329326,0.1442994475364685,5.058300971984863,1000,1.0528125762939453,1.0133720636367798,1.0367584228515625,600000.0,0.14718499779701233,176.71807861328125,6102.64697265625,47.720001220703125,11.065587043762207,0,0.6954746842384338,1.0528125762939453,0.03358244150876999,1.0367584228515625,1.0133720636367798,10.724379539489746,0.016475442796945572,0.02079843170940876,1746599635.1054168,5.453005313873291,-0.011737652122974396,82.02347564697266
94.8233413696289,31,1.087046504020691,-0.9800167083740234,21,NaN,124.22521209716797,1.0145254135131836,30,6442.180047896,87.30000305175781,-0.5354676842689514,0.47793304920196533,0,1.0690661668777466,0.6779507994651794,0.00020700000459328294,-0.1132468581199646,6.323472499847412,1000,1.087046504020691,1.0145254135131836,1.0690661668777466,620000.0,0.03576695919036865,160.99790954589844,6263.701171875,44.540000915527344,12.5210599899292,0,0.6802031993865967,1.087046504020691,0.0491085946559906,1.0690661668777466,1.0145254135131836,9.744362831115723,0.015850430354475975,0.02080719545483589,1746599796.1593943,5.552286148071289,0.015526153147220612,66.17449188232422
94.4976806640625,32,1.1205644607543945,-0.6180629730224609,26,NaN,112.57576751708984,1.0137579441070557,31,6603.742204722,65.30000305175781,-0.5030198693275452,0.4717472493648529,0,1.1004691123962402,0.6839834451675415,0.00020399999630171806,0.03244781494140625,5.174459457397461,1000,1.1205644607543945,1.0137579441070557,1.1004691123962402,640000.0,0.16609109938144684,177.6581268310547,6441.416015625,36.91999816894531,10.214390754699707,0,0.6670491099357605,1.1205644607543945,0.04680154472589493,1.1004691123962402,1.0137579441070557,9.126299858093262,0.015719378367066383,0.020160431042313576,1746599973.8746276,5.63062858581543,-0.0023070499300956726,83.16038513183594
94.58855438232422,33,1.153066635131836,-1.9246058464050293,21,NaN,123.83831024169922,1.0155887603759766,32,6784.525464895,70.05000305175781,-0.41552892327308655,0.46528908610343933,0,1.1311967372894287,0.6581727266311646,0.0002010000025620684,0.08749094605445862,4.333637237548828,1000,1.153066635131836,1.0155887603759766,1.1311967372894287,660000.0,-0.2467096894979477,161.50091552734375,6602.97314453125,30.299999237060547,9.212512969970703,0,0.6531515717506409,1.153066635131836,0.038162969052791595,1.1311967372894287,1.0155887603759766,7.201694011688232,0.015824930742383003,0.02027701586484909,1746600135.4367003,5.404994964599609,-0.008638575673103333,66.91227722167969
94.51779174804688,34,1.1849079132080078,1.4257683753967285,27,NaN,110.66524505615234,1.0107330083847046,33,6971.757887272,83.69999694824219,-0.38858285546302795,0.4622628390789032,0,1.161696195602417,0.674235999584198,0.00019799999427050352,0.026946067810058594,4.583168983459473,1000,1.1849079132080078,1.0107330083847046,1.161696195602417,680000.0,-0.18106329441070557,180.72520446777344,6783.76171875,34.47999954223633,9.601713180541992,0,0.6465772390365601,1.1849079132080078,0.04171992093324661,1.161696195602417,1.0107330083847046,8.627462387084961,0.01632898487150669,0.020073436200618744,1746600316.2200332,5.313311576843262,0.003556951880455017,86.20735168457031
94.84762573242188,35,1.2159065008163452,-1.031141757965088,29,NaN,106.86277770996094,1.0177059173583984,34,7142.303316578,67.5999984741211,-0.5258148908615112,0.4561021029949188,0,1.1915571689605713,0.6240517497062683,0.00019500000053085387,-0.13723203539848328,5.5593438148498535,1000,1.2159065008163452,1.0177059173583984,1.1915571689605713,700000.0,0.028660327196121216,187.15589904785156,6970.97412109375,30.18000030517578,10.562407493591309,0,0.6332026124000549,1.2159065008163452,0.040113236755132675,1.1915571689605713,1.0177059173583984,7.596320629119873,0.016576413065195084,0.020039279013872147,1746600503.4523072,5.449883937835693,-0.0016066841781139374,92.3082046508789
94.23672485351562,36,1.245923638343811,1.8639779090881348,24,NaN,117.31088256835938,1.0144113302230835,35,7315.190064105,68.0,-0.4784969389438629,0.44943735003471375,0,1.2208635807037354,0.6301006078720093,0.00019200000679120421,0.047317951917648315,4.978859901428223,1000,1.245923638343811,1.0144113302230835,1.2208635807037354,720000.0,-0.22386643290519714,170.48716735839844,7141.53857421875,26.469999313354492,9.788883209228516,0,0.6184236407279968,1.245923638343811,0.029146242886781693,1.2208635807037354,1.0144113302230835,9.460298538208008,0.01672624796628952,0.02198904938995838,1746600673.9978614,5.148021221160889,-0.010966993868350983,76.2503890991211
94.01020812988281,37,1.275251865386963,-1.0609979629516602,25,NaN,115.71919250488281,1.0137356519699097,36,7485.208684162,75.9000015258789,-0.37392234802246094,0.4476231634616852,0,1.249904751777649,0.5834750533103943,0.00018899999849963933,0.10457459092140198,4.179574966430664,1000,1.275251865386963,1.0137356519699097,1.249904751777649,740000.0,-0.1193561851978302,172.83216857910156,7314.42724609375,29.469999313354492,8.829314231872559,0,0.6144675612449646,1.275251865386963,0.03354208543896675,1.249904751777649,1.0137356519699097,8.399300575256348,0.016873933374881744,0.0203532837331295,1746600846.8845778,4.950777053833008,0.004395842552185059,78.82190704345703
94.15544128417969,38,1.303922176361084,-2.889227867126465,24,NaN,117.68737030029297,1.0183221101760864,37,7638.942933002,40.70000076293945,-0.534169614315033,0.4370272159576416,0,1.2776684761047363,0.5761001110076904,0.00018600000475998968,-0.16024726629257202,3.451125383377075,1000,1.303922176361084,1.0183221101760864,1.2776684761047363,760000.0,0.026348043233156204,169.9417724609375,7484.423828125,28.75,8.63528060913086,0,0.5904176831245422,1.303922176361084,0.033812906593084335,1.2776684761047363,1.0183219909667969,5.510072708129883,0.016672881320118904,0.020827626809477806,1746601016.903119,4.831172943115234,0.00027082115411758423,75.78627014160156
93.8072509765625,39,1.3317313194274902,1.699328899383545,19,NaN,130.15072631835938,1.0149476528167725,38,7793.593246914,48.599998474121094,-0.45518243312835693,0.42800986766815186,0,1.3045281171798706,0.6142210960388184,0.0001829999964684248,0.07898718118667603,3.4003875255584717,1000,1.3317313194274902,1.0149476528167725,1.3045281171798706,780000.0,0.18524661660194397,153.66798400878906,7638.16943359375,24.5,8.029712677001953,0,0.5694049596786499,1.3317313194274902,0.036855388432741165,1.3045281171798706,1.0149476528167725,7.209401607513428,0.016136573627591133,0.0208505280315876,1746601170.6375024,4.636143684387207,0.00304248183965683,59.86067199707031
94.44248962402344,40,1.3589136600494385,2.4898476600646973,19,NaN,129.37083435058594,1.0030773878097534,39,7952.642832163,93.05000305175781,-0.23594586551189423,0.4297177791595459,0,1.331902027130127,0.5357145667076111,0.00018000000272877514,0.2192365676164627,3.532892942428589,1000,1.3589136600494385,1.0030773878097534,1.331902027130127,800000.0,-0.13367241621017456,154.5943603515625,7792.83056640625,26.65999984741211,8.568586349487305,0,0.5734584331512451,1.3589136600494385,0.03522874787449837,1.331902027130127,1.0030773878097534,9.699249267578125,0.016140474006533623,0.021298326551914215,1746601325.2878273,4.2980756759643555,-0.0016266405582427979,60.15180206298828
94.81854248046875,41,1.3860456943511963,1.032073974609375,20,NaN,125.79161834716797,1.007245421409607,40,8110.364732617,120.1500015258789,-0.12449850142002106,0.4320303201675415,0,1.3604799509048462,0.5659681558609009,0.00017699999443721026,0.11144736409187317,3.8494057655334473,1000,1.3860456943511963,1.007245421409607,1.3604799509048462,820000.0,-0.081536203622818,158.99310302734375,7951.87939453125,34.40999984741211,8.994026184082031,0,0.5790686011314392,1.3860456943511963,0.03009326383471489,1.3604799509048462,1.007245421409607,10.7313232421875,0.015193969011306763,0.02033456601202488,1746601484.336447,4.212859153747559,-0.005135484039783478,64.17449951171875
93.79573822021484,42,1.4140737056732178,3.2144546508789062,20,NaN,126.85335540771484,0.9994910359382629,41,8260.791265833,159.9499969482422,0.2651219069957733,0.43479979038238525,0,1.391093373298645,0.5843391418457031,0.0001740000006975606,0.3896204084157944,2.888625144958496,1000,1.4140737056732178,0.9994910359382629,1.391093373298645,840000.0,-0.039422228932380676,157.66236877441406,8109.59765625,49.439998626708984,6.35090446472168,0,0.5855101943016052,1.4140737056732178,0.0264852624386549,1.391093373298645,0.9994910359382629,13.945777893066406,0.015747537836432457,0.02046450972557068,1746601642.059202,4.082796096801758,-0.00360800139605999,63.86655044555664
93.1981430053711,43,1.443091869354248,-2.6904096603393555,18,NaN,133.00584411621094,1.0063647031784058,42,8431.87025519,78.4000015258789,-0.3072524964809418,0.43542584776878357,0,1.421389102935791,0.5492313504219055,0.00017100000695791095,-0.5723744034767151,3.6961429119110107,1000,1.443091869354248,1.0063647031784058,1.421389102935791,860000.0,-0.03632029518485069,150.3693389892578,8260.02734375,52.65999984741211,8.296738624572754,0,0.5868712663650513,1.443091869354248,0.025820160284638405,1.421389102935791,1.0063647031784058,11.25536823272705,0.014211575500667095,0.020006902515888214,1746601792.4857624,4.003742218017578,-0.0006651021540164948,57.17112350463867
93.7697525024414,44,1.4728823900222778,-4.742243766784668,24,NaN,116.94622802734375,1.0125209093093872,43,8598.640520472,46.400001525878906,-0.4895615577697754,0.4282541573047638,0,1.4504523277282715,0.5677340626716614,0.00016799999866634607,-0.18230906128883362,3.9057905673980713,1000,1.4728823900222778,1.0125209093093872,1.4504523277282715,880000.0,0.2517927885055542,171.01876831054688,8431.103515625,50.790000915527344,8.279886245727539,0,0.5702565312385559,1.4728823900222778,0.02774209715425968,1.4504523277282715,1.0125209093093872,6.513124465942383,0.015885096043348312,0.020008182153105736,1746601963.564769,3.9020724296569824,0.0019219368696212769,77.24897003173828
94.15933990478516,45,1.5033912658691406,1.545741081237793,23,NaN,119.96910095214844,1.013947606086731,44,8746.281069049,65.30000305175781,-0.4521014392375946,0.42274007201194763,0,1.4789866209030151,0.5457516312599182,0.00016500000492669642,0.037460118532180786,3.831369161605835,1000,1.5033912658691406,1.013947606086731,1.4789866209030151,900000.0,-0.1391003429889679,166.7095947265625,8597.8720703125,51.290000915527344,9.220666885375977,0,0.5572522282600403,1.5033912658691406,0.026635613292455673,1.4789866209030151,1.013947606086731,8.058865547180176,0.016217723488807678,0.02098255045711994,1746602130.3350017,4.018679618835449,-0.0011064838618040085,72.55017852783203
94.21036529541016,46,1.5344135761260986,1.4942026138305664,17,NaN,135.51649475097656,1.0057697296142578,45,8929.733228243,99.5,-0.2045188993215561,0.42083001136779785,0,1.5080510377883911,0.4884936511516571,0.00016199999663513154,0.2475825399160385,3.9832687377929688,1000,1.5344135761260986,1.0057697296142578,1.5080510377883911,920000.0,-0.15749460458755493,147.58351135253906,8745.515625,49.11000061035156,8.538259506225586,0,0.5526820421218872,1.5344135761260986,0.029089629650115967,1.5080510377883911,1.0057697296142578,9.553068161010742,0.015671083703637123,0.02018222026526928,1746602277.9756234,4.057791233062744,0.0024540163576602936,53.373043060302734
94.3780288696289,47,1.5649220943450928,-2.7348580360412598,28,NaN,109.0537109375,1.0102390050888062,46,9101.191838802,64.94999694824219,-0.3771340250968933,0.4202316105365753,0,1.5365842580795288,0.5230606198310852,0.00015900000289548188,-0.17261512577533722,3.705657720565796,1000,1.5649220943450928,1.0102390050888062,1.5365842580795288,940000.0,0.13647475838661194,183.39585876464844,8928.970703125,33.25,8.250839233398438,0,0.5510990619659424,1.5649220943450928,0.023275144398212433,1.5365842580795288,1.0102390050888062,6.818210124969482,0.015444940887391567,0.020724736154079437,1746602461.427799,3.942176580429077,-0.005814485251903534,89.01777648925781
94.88478088378906,48,1.5948419570922852,-0.8796963691711426,24,NaN,116.68722534179688,1.0133662223815918,47,9252.404474181,53.29999923706055,-0.3758072555065155,0.4167177975177765,0,1.5642845630645752,0.530007541179657,0.000155999994603917,0.0013267695903778076,3.365431547164917,1000,1.5948419570922852,1.0133662223815918,1.5642845630645752,960000.0,-0.23526285588741302,171.3983612060547,9100.423828125,31.200000762939453,7.261411666870117,0,0.5424449443817139,1.5948419570922852,0.036642540246248245,1.5642845630645752,1.0133662223815918,5.93851375579834,0.01621490903198719,0.020668689161539078,1746602632.88631,4.076766490936279,0.013367395848035812,76.51349639892578
93.28507995605469,49,1.624803900718689,4.179498672485352,18,NaN,132.3169403076172,1.0012849569320679,48,9410.630756384,124.8499984741211,-0.0007445498486049473,0.41782379150390625,0,1.5933476686477661,0.566698431968689,0.00015300000086426735,0.37506270565791056,3.2769856452941895,1000,1.624803900718689,1.0012849569320679,1.5933476686477661,980000.0,0.6626524329185486,151.1522216796875,9251.63671875,39.959999084472656,8.173155784606934,0,0.5452197790145874,1.624803900718689,0.031976718455553055,1.5933476686477661,1.0012849569320679,10.118012428283691,0.015878383070230484,0.02168077416718006,1746602784.0990226,4.22623348236084,-0.00466582179069519,57.86708068847656
94.3923568725586,50,1.6545411348342896,-3.050809860229492,20,NaN,126.45114135742188,1.0142110586166382,49,9574.835726635,39.79999923706055,-0.5560041666030884,0.4128595292568207,0,1.6210944652557373,0.5145562291145325,0.0001500000071246177,-0.5552596167544834,3.893909454345703,1000,1.6545411348342896,1.0142110586166382,1.6210944652557373,1000000.0,0.021255314350128174,158.1638641357422,9409.8603515625,35.77000045776367,8.622239112854004,0,0.5333760976791382,1.6545411348342896,0.024760471656918526,1.6210944652557373,1.0142110586166382,7.067202568054199,0.014888867735862732,0.020692134276032448,1746602942.325282,4.035233974456787,-0.007216246798634529,63.77143859863281
94.57437133789062,51,1.6836124658584595,0.09267807006835938,22,NaN,121.84489440917969,1.012662649154663,50,9768.177435283,53.20000076293945,-0.40252363681793213,0.40852540731430054,0,1.6480876207351685,0.5303265452384949,0.00014699999883305281,0.15348052978515625,3.091783046722412,1000,1.6836124658584595,1.012662649154663,1.6480876207351685,1020000.0,0.04597630724310875,164.1431121826172,9574.0693359375,28.670000076293945,7.54602575302124,0,0.5226722359657288,1.6836124658584595,0.02699330821633339,1.6480876207351685,1.012662649154663,7.159880638122559,0.015791714191436768,0.020340261980891228,1746603106.5301478,3.9728238582611084,0.0022328365594148636,69.56866455078125
95.0361328125,52,1.7119771242141724,-2.2444334030151367,31,NaN,103.47769927978516,1.0120028257369995,51,9944.840108622,47.79999923706055,-0.4384349286556244,0.4043354392051697,0,1.6742322444915771,0.49039697647094727,0.00014400000509340316,-0.03591129183769226,2.938815116882324,1000,1.7119771242141724,1.0120028257369995,1.6742322444915771,1040000.0,-0.10246223211288452,193.2783660888672,9767.40625,27.010000228881836,7.578606128692627,0,0.5124149918556213,1.7119771242141724,0.02878289483487606,1.6742322444915771,1.0120028257369995,4.915447235107422,0.01635514199733734,0.021911773830652237,1746603299.8719862,4.171526908874512,0.0017895866185426712,98.24217987060547
94.76329040527344,53,1.7399022579193115,0.915802001953125,26,NaN,113.25625610351562,1.010374903678894,52,10134.745787459,70.0,-0.271484375,0.40251660346984863,0,1.7003328800201416,0.44203245639801025,0.00014099999680183828,0.1669505536556244,3.3851847648620605,1000,1.7399022579193115,1.010374903678894,1.7003328800201416,1060000.0,-0.09104876220226288,176.59068298339844,9944.060546875,29.790000915527344,7.311173439025879,0,0.5077744722366333,1.7399022579193115,0.024447189643979073,1.7003328800201416,1.010374903678894,5.831249237060547,0.016543444246053696,0.02019556798040867,1746603476.534699,3.9191787242889404,-0.004335705190896988,81.82733154296875
95.39404296875,54,1.767006754875183,0.0155487060546875,30,NaN,105.34825134277344,1.0089483261108398,53,10330.731352113,84.4000015258789,-0.24710094928741455,0.40676429867744446,0,1.7268548011779785,0.46756798028945923,0.00013800000306218863,0.02438342571258545,3.615351915359497,1000,1.767006754875183,1.0089483261108398,1.7268548011779785,1080000.0,0.4915386140346527,189.84652709960938,10133.9794921875,23.600000381469727,8.119077682495117,0,0.5183127522468567,1.767006754875183,0.026403924450278282,1.7268548011779785,1.0089484453201294,5.846797943115234,0.016469785943627357,0.02101213112473488,1746603666.4403572,3.5540640354156494,0.0019567348062992096,94.45242309570312
95.03636169433594,55,1.7934954166412354,-0.9843354225158691,32,NaN,102.08512878417969,1.0174921751022339,54,10495.381977116,45.0,-0.4610765874385834,0.4013923406600952,0,1.752493977546692,0.47030800580978394,0.00013499999477062374,-0.21397563815116882,3.0676510334014893,1000,1.7934954166412354,1.0174921751022339,1.752493977546692,1100000.0,-0.1261255294084549,195.91493225097656,10329.9541015625,25.270000457763672,7.658689022064209,0,0.5049245953559875,1.7934954166412354,0.031875208020210266,1.752493977546692,1.0174921751022339,4.862462520599365,0.016482938081026077,0.020050495862960815,1746603862.4257963,3.7060248851776123,0.005471283569931984,100.87850189208984
94.9785385131836,56,1.8197333812713623,2.241604804992676,22,NaN,121.5211410522461,1.0048155784606934,55,10634.963566633,92.19999694824219,-0.10577721148729324,0.40439581871032715,0,1.7788671255111694,0.4026373028755188,0.0001320000010309741,0.35529937595129013,3.368353843688965,1000,1.8197333812713623,1.0048155784606934,1.7788671255111694,1120000.0,0.05083931237459183,164.58042907714844,10494.6044921875,29.469999313354492,6.995613098144531,0,0.5125044584274292,1.8197333812713623,0.028287643566727638,1.7788671255111694,1.0048155784606934,7.104067325592041,0.015585597604513168,0.02035757713019848,1746604027.076552,3.7591283321380615,-0.003587564453482628,69.60181427001953
95.03236389160156,57,1.846126675605774,3.2079434394836426,14,NaN,143.3395233154297,1.0031017065048218,56,10828.660173808,119.44999694824219,0.031903330236673355,0.4084775745868683,0,1.806725025177002,0.44051116704940796,0.0001289999927394092,0.1376805417239666,2.928502321243286,1000,1.846126675605774,1.0031017065048218,1.806725025177002,1140000.0,0.044908519834280014,139.52886962890625,10634.203125,34.790000915527344,7.582826614379883,0,0.5227135419845581,1.846126675605774,0.03819526731967926,1.806725025177002,1.0031017065048218,10.312010765075684,0.014436960220336914,0.0206195916980505,1746604166.658018,3.7859296798706055,0.009907623752951622,44.49644088745117
92.01006317138672,58,1.8723766803741455,-4.845898628234863,32,NaN,103.28523254394531,1.0162982940673828,57,11012.182368031,34.599998474121094,-0.5545922517776489,0.4037776291370392,0,1.8332222700119019,0.40744510293006897,0.00012599999899975955,-0.5864955820143223,3.4603493213653564,1000,1.8723766803741455,1.0162982940673828,1.8332222700119019,1160000.0,0.06731518357992172,193.63851928710938,10827.89453125,30.649999618530273,7.865499973297119,0,0.5111039280891418,1.8723766803741455,0.041335683315992355,1.8332222700119019,1.0162982940673828,5.46611213684082,0.015754111111164093,0.02026219107210636,1746604360.3547301,3.8788716793060303,0.003140415996313095,101.6283950805664
94.60565948486328,59,1.8984493017196655,-0.8342709541320801,28,NaN,109.01515197753906,1.0112605094909668,58,11194.459647914,60.25,-0.33493098616600037,0.3975040316581726,0,1.8593553304672241,0.460679292678833,0.0001230000052601099,0.21966126561164856,2.9297425746917725,1000,1.8984493017196655,1.0112605094909668,1.8593553304672241,1180000.0,0.31325089931488037,183.4607391357422,11011.4140625,29.860000610351562,7.229700088500977,0,0.4955514967441559,1.8984493017196655,0.03011789545416832,1.8593553304672241,1.0112606287002563,4.63184118270874,0.015689458698034286,0.02061118744313717,1746604543.8768654,4.159801006317139,-0.011217787861824036,88.85501098632812
93.71588897705078,60,1.9241536855697632,-0.26775693893432617,28,NaN,109.76249694824219,1.0160797834396362,59,11395.068256982,36.75,-0.48131051659584045,0.3916846811771393,0,1.884372591972351,0.6191139221191406,0.00011999999696854502,-0.1463795304298401,3.1284401416778564,1000,1.9241536855697632,1.0160797834396362,1.884372591972351,1200000.0,0.3013952970504761,182.21160888671875,11193.6865234375,26.8700008392334,7.174452304840088,0,0.4806111454963684,1.9241536855697632,0.04317712038755417,1.884372591972351,1.0160797834396362,4.364084243774414,0.01589478738605976,0.020104940980672836,1746604726.1541457,4.652085304260254,0.013059224933385849,88.4956283569336
93.64799499511719,61,1.9492928981781006,-0.10683250427246094,34,NaN,99.72687530517578,1.0110664367675781,60,11589.816747991,51.599998474121094,-0.3067551851272583,0.3868466317653656,0,1.9088959693908691,0.5354262590408325,0.00011700000322889537,0.17455533146858215,2.21940541267395,1000,1.9492928981781006,1.0110664367675781,1.9088959693908691,1220000.0,-0.06671557575464249,200.54774475097656,11394.30078125,23.600000381469727,6.062099456787109,0,0.46795931458473206,1.9492928981781006,0.037232108414173126,1.9088959693908691,1.0110664367675781,4.257251739501953,0.015836656093597412,0.02066890336573124,1746604926.7627692,4.596409797668457,-0.0059450119733810425,106.899658203125
93.4498291015625,62,1.9733901023864746,0.30973386764526367,32,NaN,102.7281494140625,1.0170032978057861,61,11769.724457153,33.400001525878906,-0.4879399240016937,0.38066694140434265,0,1.932348608970642,0.5990304350852966,0.0001140000022132881,-0.18118473887443542,2.9227635860443115,1000,1.9733901023864746,1.0170032978057861,1.932348608970642,1240000.0,-0.10138721764087677,194.6885986328125,11589.048828125,16.459999084472656,6.914467811584473,0,0.4517272710800171,1.9733901023864746,0.034716926515102386,1.932348608970642,1.0170032978057861,4.566985607147217,0.01663663052022457,0.020061738789081573,1746605121.511382,4.486229419708252,-0.0025151818990707397,101.23871612548828
94.07682800292969,63,1.9965980052947998,0.7947497367858887,27,NaN,111.20206451416016,1.0096278190612793,62,11942.546568335,59.0,-0.2816965579986572,0.3812939524650574,0,1.9557301998138428,0.41959404945373535,0.00011100000119768083,0.2062433660030365,2.5165631771087646,1000,1.9965980052947998,1.0096278190612793,1.9557301998138428,1260000.0,0.022501233965158463,179.852783203125,11768.9619140625,17.09000015258789,6.482350826263428,0,0.4533727765083313,1.9965980052947998,0.033699069172143936,1.9557301998138428,1.0096278190612793,5.3617353439331055,0.016415638849139214,0.020220091566443443,1746605301.4190624,4.406091213226318,-0.0010178573429584503,85.77589416503906
93.74990844726562,64,2.019062042236328,0.24334287643432617,25,NaN,115.76643371582031,1.0085588693618774,63,12163.953602928,71.6500015258789,-0.2026912271976471,0.3825264871120453,0,1.9794882535934448,0.5129923820495605,0.00010800000018207356,0.07900533080101013,2.9378905296325684,1000,2.019062042236328,1.0085588693618774,1.9794882535934448,1280000.0,-0.2635509669780731,172.76165771484375,11941.7783203125,17.799999237060547,6.609527111053467,0,0.45650607347488403,2.019062042236328,0.027951309457421303,1.9794882535934448,1.008558988571167,5.605078220367432,0.01634891703724861,0.02117474377155304,1746605474.24112,4.389854907989502,-0.005747759714722633,79.01166534423828
94.83019256591797,65,2.041013479232788,-1.51118803024292,40,NaN,90.35769653320312,1.0117497444152832,64,12355.370828264,42.150001525878906,-0.2681838572025299,0.38617634773254395,0,2.002570390701294,0.39822372794151306,0.0001049999991664663,-0.06549263000488281,2.050509452819824,1000,2.041013479232788,1.0117497444152832,2.002570390701294,1300000.0,0.2057272493839264,221.34251403808594,12163.1826171875,19.780000686645508,4.955022811889648,0,0.46606162190437317,2.041013479232788,0.026027735322713852,2.002570390701294,1.0117497444152832,4.093890190124512,0.015730861574411392,0.01966404914855957,1746605695.6481345,3.6792736053466797,-0.0019235741347074509,126.51225280761719
93.1394271850586,66,2.062368154525757,0.40250301361083984,31,NaN,104.51667022705078,1.0164531469345093,65,12571.227250619,43.349998474121094,-0.42304548621177673,0.3826574385166168,0,2.0250906944274902,0.5333908796310425,0.00010199999815085903,-0.15486162900924683,3.460364818572998,1000,2.062368154525757,1.0164531469345093,2.0250906944274902,1320000.0,0.011639202013611794,191.35702514648438,12354.603515625,17.989999771118164,6.934768199920654,0,0.456670880317688,2.062368154525757,0.029962947592139244,2.0250906944274902,1.0164531469345093,4.496393203735352,0.016242463141679764,0.020474456250667572,1746605887.0653455,3.6302475929260254,0.003935212269425392,98.21754455566406
95.11048126220703,67,2.0831079483032227,-1.1569204330444336,38,NaN,92.68163299560547,1.0087530612945557,66,12778.790241512,53.099998474121094,-0.18831291794776917,0.385581374168396,0,2.047457695007324,0.563829243183136,9.899999713525176e-05,0.23473256826400757,2.4574029445648193,1000,2.0831079483032227,1.0087530612945557,2.047457695007324,1340000.0,-0.29932358860969543,215.79248046875,12570.4560546875,16.959999084472656,5.16031551361084,0,0.46425530314445496,2.0831079483032227,0.028722114861011505,2.047457695007324,1.0087530612945557,3.339472770690918,0.01651337742805481,0.02139189839363098,1746606102.9217634,3.323948383331299,-0.001240832731127739,120.68194580078125
93.13323974609375,68,2.1036343574523926,0.8750262260437012,36,NaN,96.38457489013672,1.009947657585144,67,12968.356791146,61.099998474121094,-0.21983177959918976,0.38596758246421814,0,2.0699782371520996,0.48477479815483093,9.600000339560211e-05,-0.03151886165142059,2.2780613899230957,1000,2.1036343574523926,1.009947657585144,2.0699782371520996,1360000.0,0.13834607601165771,207.50209045410156,12778.021484375,21.190000534057617,5.478440284729004,0,0.4654264450073242,2.1036343574523926,0.02662714011967182,2.0699782371520996,1.0099477767944336,4.214498996734619,0.015943391248583794,0.020591646432876587,1746606310.4847403,3.39349365234375,-0.0020949747413396835,114.36876678466797
93.89432525634766,69,2.1238694190979004,1.6021728515625,30,NaN,105.53504180908203,1.0068711042404175,68,13186.873659452,60.099998474121094,-0.22024734318256378,0.3860347270965576,0,2.0926098823547363,0.5343566536903381,9.300000237999484e-05,-0.00041556358337402344,3.135803699493408,1000,2.1238694190979004,1.0068711042404175,2.0926098823547363,1380000.0,-0.0582260899245739,189.51051330566406,12967.59375,19.860000610351562,5.9586873054504395,0,0.46563205122947693,2.1238694190979004,0.03537125885486603,2.0926098823547363,1.0068711042404175,5.816671848297119,0.015416261740028858,0.020616015419363976,1746606500.0512717,3.2105677127838135,0.008744118735194206,95.61613464355469
94.2459716796875,70,2.143773078918457,-1.3814773559570312,39,NaN,91.55110168457031,1.01016366481781,69,13407.58789839,44.75,-0.3456592559814453,0.38355204463005066,0,2.114797353744507,0.474453330039978,9.000000136438757e-05,-0.12541191279888153,2.856151819229126,1000,2.143773078918457,1.01016366481781,2.114797353744507,1400000.0,0.2098572701215744,218.4572296142578,13186.107421875,18.920000076293945,6.163802623748779,0,0.45912787318229675,2.143773078918457,0.039944980293512344,2.114797353744507,1.01016366481781,4.435194492340088,0.015383046120405197,0.020087210461497307,1746606718.5681467,3.6523139476776123,0.0045737214386463165,124.21119689941406
93.38006591796875,71,2.1632416248321533,-1.0151407718658447,40,NaN,90.63999938964844,1.0128945112228394,70,13628.581710005,36.599998474121094,-0.2963786721229553,0.38177233934402466,0,2.136291027069092,0.3669572174549103,8.70000003487803e-05,0.04928058385848999,2.140504837036133,1000,2.1632416248321533,1.0128945112228394,2.136291027069092,1420000.0,0.23741450905799866,220.65313720703125,13406.8203125,17.170000076293945,5.045968532562256,0,0.4543730616569519,2.1632416248321533,0.02704700455069542,2.136291027069092,1.0128945112228394,3.420053720474243,0.01556356716901064,0.018877463415265083,1746606939.2824888,3.4581458568573,-0.012897975742816925,127.27301025390625
94.0950927734375,72,2.182523012161255,0.8385388851165771,40,NaN,90.53018951416016,1.0097535848617554,71,13849.359954769,53.849998474121094,-0.2615014314651489,0.38021624088287354,0,2.1577985286712646,0.5959485769271851,8.399999933317304e-05,0.034877240657806396,2.3023078441619873,1000,2.182523012161255,1.0097535848617554,2.1577985286712646,1440000.0,0.1607435941696167,220.92079162597656,13627.80078125,19.610000610351562,5.752590656280518,0,0.45007580518722534,2.182523012161255,0.029716243967413902,2.1577985286712646,1.0097535848617554,4.25859260559082,0.015335146337747574,0.018469201400876045,1746607160.2762573,3.7681398391723633,0.002669239416718483,126.82562255859375
94.36170959472656,73,2.2011735439300537,-0.31484198570251465,40,NaN,90.61254119873047,1.0123391151428223,72,14069.856049724,38.599998474121094,-0.3060915172100067,0.37851887941360474,0,2.178762435913086,0.46969911456108093,8.099999831756577e-05,-0.04459008574485779,2.2211039066314697,1000,2.2011735439300537,1.0123391151428223,2.178762435913086,1460000.0,0.08487977832555771,220.72000122070312,13848.5947265625,13.930000305175781,5.199432849884033,0,0.44544899463653564,2.2011735439300537,0.030409298837184906,2.178762435913086,1.0123389959335327,3.9437506198883057,0.015319940634071827,0.017746377736330032,1746607381.0544999,3.7582550048828125,0.0006930548697710037,126.35820770263672
94.18656921386719,74,2.2192881107330322,0.7141344547271729,40,NaN,90.7290267944336,1.0082169771194458,73,14291.187454692,72.94999694824219,-0.22324560582637787,0.3794749677181244,0,2.2005069255828857,0.48849156498908997,7.79999973019585e-05,0.08284591138362885,2.8016655445098877,1000,2.2192881107330322,1.0082169771194458,2.2005069255828857,1480000.0,-0.07673966139554977,220.43661499023438,14069.08984375,14.279999732971191,6.993714809417725,0,0.44764629006385803,2.2192881107330322,0.030971774831414223,2.2005069255828857,1.0082169771194458,4.6578850746154785,0.015575910918414593,0.019566331058740616,1746607601.550589,3.8206779956817627,0.0005624759942293167,126.24998474121094
94.53846740722656,75,2.2368574142456055,-1.3971951007843018,40,NaN,90.5608139038086,1.0093588829040527,74,14493.296983425,39.099998474121094,-0.33779820799827576,0.379176527261734,0,2.221713066101074,0.4126420319080353,7.500000356230885e-05,-0.11455260217189789,2.040919065475464,1000,2.2368574142456055,1.0093588829040527,2.221713066101074,1500000.0,0.35292625427246094,220.8460693359375,14289.994140625,13.5,5.584822177886963,0,0.44680875539779663,2.2368574142456055,0.02742009051144123,2.221713066101074,1.0093588829040527,3.2606899738311768,0.014711876399815083,0.016265247017145157,1746607822.8812513,3.5129919052124023,-0.003551684319972992,126.30755615234375
97.26097869873047,76,2.255462646484375,4.682184457778931,33,NaN,99.16511535644531,0.9985354542732239,75,14715.815864133,143.9499969482422,0.2795027196407318,0.3804974853992462,0,2.246154546737671,0.5263763070106506,7.200000254670158e-05,0.6173009276390076,2.223724842071533,1000,2.255462646484375,0.9985354542732239,2.246154546737671,1520000.0,0.19706299901008606,201.68382263183594,14492.17578125,31.790000915527344,6.619889259338379,0,0.4505259096622467,2.255462646484375,0.03037744201719761,2.246154546737671,0.9985354542732239,7.942874431610107,0.01520676352083683,0.020445691421628,1746608024.990495,3.765460729598999,0.002957351505756378,104.42278289794922
95.73077392578125,77,2.2750937938690186,-2.0723180770874023,40,NaN,89.91962432861328,1.007970929145813,76,14935.820091602,65.0,-0.32904052734375,0.3804769814014435,0,2.2707419395446777,0.5611147880554199,6.900000153109431e-05,-0.6085432469844818,3.0483269691467285,1000,2.2750937938690186,1.007970929145813,2.2707419395446777,1540000.0,-0.1148901954293251,222.4208526611328,14715.0224609375,32.83000183105469,7.315247058868408,0,0.4504545331001282,2.2750937938690186,0.0350375771522522,2.2707419395446777,1.007970929145813,5.870556354522705,0.014222178608179092,0.017963247373700142,1746608247.5103986,3.7687461376190186,0.004660135135054588,126.69000244140625
93.68472290039062,78,2.2960634231567383,0.5072669982910156,40,NaN,90.93241119384766,1.0098801851272583,77,15157.634039333,67.9000015258789,-0.26808589696884155,0.37742239236831665,0,2.295572519302368,0.5124231576919556,6.600000051548705e-05,0.06095463037490845,3.129760980606079,1000,2.2960634231567383,1.0098801851272583,2.295572519302368,1560000.0,0.07467709481716156,219.94357299804688,14935.0517578125,37.869998931884766,7.097726345062256,0,0.4425002932548523,2.2960634231567383,0.02735128253698349,2.295572519302368,1.0098801851272583,6.377823352813721,0.014756796881556511,0.019040759652853012,1746608467.5146189,3.778169631958008,-0.007686294615268707,126.25880432128906
94.60257720947266,79,2.318293571472168,-1.9496831893920898,40,NaN,90.19844818115234,1.0091538429260254,78,15380.666690409,61.54999923706055,-0.24562843143939972,0.3756639361381531,0,2.3203980922698975,0.4942498505115509,6.299999949987978e-05,0.022457465529441833,2.6396543979644775,1000,2.318293571472168,1.0091538429260254,2.3203980922698975,1580000.0,0.21605642139911652,221.73330688476562,15156.845703125,38.529998779296875,6.292344570159912,0,0.43788790702819824,2.318293571472168,0.033771928399801254,2.3203980922698975,1.0091538429260254,4.428140163421631,0.014486636966466904,0.01718815416097641,1746608689.3285494,3.897200345993042,0.006420645862817764,127.13066101074219
95.29271697998047,80,2.3421616554260254,0.6254801750183105,40,NaN,89.69588470458984,1.0074020624160767,79,15604.380843469,69.25,-0.21441566944122314,0.37592777609825134,0,2.3455066680908203,0.43822821974754333,5.999999848427251e-05,0.031212761998176575,2.5211663246154785,1000,2.3421616554260254,1.0074020624160767,2.3455066680908203,1600000.0,-0.024961836636066437,222.9756622314453,15379.9033203125,44.880001068115234,6.304018974304199,0,0.4384542405605316,2.3421616554260254,0.020050285384058952,2.3455066680908203,1.0074020624160767,5.053620338439941,0.014192954637110233,0.01617755927145481,1746608912.3612323,3.7831902503967285,-0.013721643015742302,127.68289947509766
95.9976806640625,81,2.36622953414917,0.580866813659668,40,NaN,89.42522430419922,1.0080556869506836,80,15825.251532947,98.8499984741211,-0.06013581156730652,0.3786713182926178,0,2.3719310760498047,0.4954742193222046,5.700000110664405e-05,0.15427985787391663,3.0674972534179688,1000,2.36622953414917,1.0080556869506836,2.3719310760498047,1620000.0,-0.08952012658119202,223.65054321289062,15603.6123046875,28.959999084472656,7.633543968200684,0,0.4455696642398834,2.36622953414917,0.04255368188023567,2.3719310760498047,1.0080556869506836,5.634487152099609,0.01342485100030899,0.013729894533753395,1746609136.0753632,3.9259033203125,0.02250339649617672,127.65277862548828
93.92521667480469,82,2.3902032375335693,-1.6061277389526367,40,NaN,90.57527923583984,1.010911226272583,81,16044.402961856,37.849998474121094,-0.4468982517719269,0.37777650356292725,0,2.397322654724121,0.5238679647445679,5.400000009103678e-05,-0.38676244020462036,2.88132381439209,1000,2.3902032375335693,1.010911226272583,2.397322654724121,1640000.0,-0.19078491628170013,220.810791015625,15824.4833984375,25.540000915527344,6.763871669769287,0,0.4430679678916931,2.3902032375335693,0.028395770117640495,2.397322654724121,1.010911226272583,4.028359413146973,0.013353362679481506,0.014423535205423832,1746609356.9461117,3.7467076778411865,-0.014157911762595177,126.88550567626953
93.10533142089844,83,2.41374135017395,-0.8794460296630859,40,NaN,91.28687286376953,1.0160883665084839,82,16264.174736802,33.29999923706055,-0.5404554605484009,0.373507022857666,0,2.4216129779815674,0.46089208126068115,5.0999999075429514e-05,-0.093557208776474,2.4065356254577637,1000,2.41374135017395,1.0160883665084839,2.4216129779815674,1660000.0,0.013613477349281311,219.0895538330078,16043.6337890625,21.25,7.3013787269592285,0,0.4317929446697235,2.41374135017395,0.02542925253510475,2.4216129779815674,1.0160883665084839,3.1489133834838867,0.014333680272102356,0.014704601839184761,1746609576.0974288,3.5402209758758545,-0.0029665175825357437,125.98411560058594
93.67047882080078,84,2.436694860458374,-0.5331077575683594,40,NaN,91.02992248535156,1.015979290008545,83,16483.909461919,22.850000381469727,-0.4314693808555603,0.36886006593704224,0,2.4445083141326904,0.4216395914554596,4.8000001697801054e-05,0.10898607969284058,1.828051209449768,1000,2.436694860458374,1.015979290008545,2.4445083141326904,1680000.0,-0.3772401511669159,219.70797729492188,16263.4052734375,18.90999984741211,5.258509159088135,0,0.4192604422569275,2.436694860458374,0.027986852452158928,2.4445083141326904,1.015979290008545,2.6158056259155273,0.013401847332715988,0.012913066893815994,1746609795.8692534,3.305507183074951,0.0025575999170541763,126.03741455078125
93.97862243652344,85,2.458751916885376,0.1959209442138672,40,NaN,91.05049896240234,1.0122939348220825,84,16703.959651065,31.100000381469727,-0.418992280960083,0.3656027615070343,0,2.466466188430786,0.42194467782974243,4.5000000682193786e-05,0.012477099895477295,1.9993406534194946,1000,2.458751916885376,1.0122939348220825,2.466466188430786,1700000.0,-0.13407522439956665,219.6583251953125,16483.126953125,14.539999961853027,5.675607681274414,0,0.41046586632728577,2.458751916885376,0.03964436426758766,2.466466188430786,1.0122939348220825,2.8117265701293945,0.013528484851121902,0.01537029817700386,1746610015.6039522,3.560361385345459,0.011657511815428734,125.67963409423828
94.61845397949219,86,2.4798078536987305,-0.390164852142334,40,NaN,90.92086791992188,1.0139915943145752,85,16923.544893873,30.399999618530273,-0.36674267053604126,0.3655889928340912,0,2.487553834915161,0.44747841358184814,4.199999966658652e-05,0.05224961042404175,1.7326656579971313,1000,2.4798078536987305,1.0139915943145752,2.487553834915161,1720000.0,-0.07097240537405014,219.97149658203125,16703.173828125,12.289999961853027,5.186535358428955,0,0.4104689657688141,2.4798078536987305,0.02769852615892887,2.487553834915161,1.0139915943145752,2.4215617179870605,0.013911974616348743,0.01254035159945488,1746610235.6541717,3.2120349407196045,-0.01194583810865879,125.35295104980469
93.37166595458984,87,2.4999196529388428,-0.05034804344177246,40,NaN,91.11012268066406,1.0140701532363892,86,17142.868655608,28.100000381469727,-0.4364854097366333,0.36429816484451294,0,2.5077686309814453,0.5545210242271423,3.899999865097925e-05,-0.06974273920059204,1.9918339252471924,1000,2.4999196529388428,1.0140701532363892,2.5077686309814453,1740000.0,0.3338305950164795,219.51458740234375,16922.765625,11.800000190734863,5.906482219696045,0,0.4067533612251282,2.4999196529388428,0.03432542458176613,2.5077686309814453,1.0140701532363892,2.371213674545288,0.013215544633567333,0.012509413063526154,1746610455.2393577,3.3789684772491455,0.006626898422837257,126.14285278320312
93.1650390625,88,2.5192105770111084,0.900871992111206,40,NaN,91.22881317138672,1.0095632076263428,87,17364.051888102,47.0,-0.24712781608104706,0.3661312460899353,0,2.527941942214966,0.6033226847648621,3.600000127335079e-05,0.18935759365558624,1.7759464979171753,1000,2.5192105770111084,1.0095632076263428,2.527941942214966,1760000.0,-0.2872462868690491,219.22898864746094,17142.068359375,12.130000114440918,5.222318172454834,0,0.411509245634079,2.5192105770111084,0.030881522223353386,2.527941942214966,1.0095632076263428,3.272085666656494,0.013544939458370209,0.013006562367081642,1746610674.5630772,3.780379056930542,-0.0034439023584127426,126.0638427734375
94.09746551513672,89,2.5375542640686035,-1.3888375759124756,40,NaN,90.46137237548828,1.0136592388153076,88,17584.414954967,14.0,-0.44469118118286133,0.36602783203125,0,2.5467727184295654,0.5060887932777405,3.300000025774352e-05,-0.19756336510181427,1.5546563863754272,1000,2.5375542640686035,1.0136592388153076,2.5467727184295654,1780000.0,-0.26765888929367065,221.08883666992188,17363.251953125,9.779999732971191,4.7425971031188965,0,0.41105520725250244,2.5375542640686035,0.03049510344862938,2.5467727184295654,1.0136592388153076,1.8832480907440186,0.012500906363129616,0.011499677784740925,1746610895.7464967,3.764359951019287,-0.00038641877472400665,126.9913101196289
93.18119812011719,90,2.5548956394195557,0.17808198928833008,40,NaN,90.78948211669922,1.0093011856079102,89,17804.601853562,30.850000381469727,-0.28135791420936584,0.36490145325660706,0,2.5650694370269775,0.5351777076721191,2.9999999242136255e-05,0.16333326697349548,1.1852041482925415,1000,2.5548956394195557,1.0093011856079102,2.5650694370269775,1800000.0,0.1157442033290863,220.28982543945312,17583.6328125,8.119999885559082,4.27038049697876,0,0.40804973244667053,2.5548956394195557,0.04058603569865227,2.5650694370269775,1.0093011856079102,2.0613300800323486,0.012423796579241753,0.011650826781988144,1746611116.1095,3.7918126583099365,0.010090932250022888,127.10858154296875
93.63873291015625,91,2.5713508129119873,0.6389846801757812,40,NaN,90.86064910888672,1.0073119401931763,90,18024.934571857,37.29999923706055,-0.19285406172275543,0.3701351583003998,0,2.5831477642059326,0.510918378829956,2.700000004551839e-05,0.08850385248661041,1.2557661533355713,1000,2.5713508129119873,1.0073119401931763,2.5831477642059326,1820000.0,0.0983746349811554,220.11729431152344,17803.826171875,8.319999694824219,3.90762996673584,0,0.42225170135498047,2.5713508129119873,0.03396876901388168,2.5831477642059326,1.0073119401931763,2.70031476020813,0.01231516432017088,0.011894161812961102,1746611336.2963398,3.948535203933716,-0.006617266684770584,126.47845458984375
93.95683288574219,92,2.5879056453704834,2.8020546436309814,40,NaN,90.79950714111328,1.004307508468628,91,18244.475346923,98.6500015258789,0.22628752887248993,0.3775712549686432,0,2.60343599319458,0.49093881249427795,2.4000000848900527e-05,0.41914159059524536,1.1051567792892456,1000,2.5879056453704834,1.004307508468628,2.60343599319458,1840000.0,-0.006364704109728336,220.26551818847656,18024.16015625,18.260000228881836,3.971588373184204,0,0.4421813488006592,2.5879056453704834,0.034605972468853,2.60343599319458,1.004307508468628,5.502369403839111,0.012429961934685707,0.01283086184412241,1746611556.6291122,3.897141218185425,0.0006372034549713135,126.30860137939453
93.98233795166016,93,2.604973793029785,2.094747543334961,40,NaN,91.1269760131836,1.0030885934829712,92,18464.421986202,80.44999694824219,0.09080135822296143,0.38420599699020386,0,2.6250109672546387,0.5136849880218506,2.099999983329326e-05,-0.1354861706495285,1.2397435903549194,1000,2.604973793029785,1.0030885934829712,2.6250109672546387,1860000.0,0.10878317058086395,219.47398376464844,18243.701171875,22.90999984741211,4.243549823760986,0,0.4596797227859497,2.604973793029785,0.029920345172286034,2.6250109672546387,1.0030885934829712,7.597116947174072,0.011309200897812843,0.010059274733066559,1746611776.169848,3.520306348800659,-0.004685627296566963,125.49156188964844
94.14684295654297,94,2.6225626468658447,-4.364950180053711,40,NaN,90.9560546875,1.0080797672271729,93,18683.039163213,15.149999618530273,-0.3986685276031494,0.38568246364593506,0,2.6451597213745117,0.4808719754219055,1.8000000636675395e-05,-0.48946988582611084,1.3217452764511108,1000,2.6225626468658447,1.0080797672271729,2.6451597213745117,1880000.0,-0.21187099814414978,219.8863983154297,18463.654296875,23.469999313354492,4.224223613739014,0,0.46343427896499634,2.6225626468658447,0.029117044061422348,2.6451597213745117,1.0080797672271729,3.2321667671203613,0.009964732453227043,0.008668999187648296,1746611996.1164837,3.672114372253418,-0.0008033011108636856,125.73949432373047
92.7344970703125,95,2.6406424045562744,0.7061767578125,40,NaN,91.51081085205078,1.0056037902832031,94,18904.614566931,46.099998474121094,-0.15580761432647705,0.386189341545105,0,2.6652755737304688,0.5420580506324768,1.4999999621068127e-05,0.24286091327667236,1.466033935546875,1000,2.6406424045562744,1.0056037902832031,2.6652755737304688,1900000.0,-0.2529194951057434,218.55340576171875,18682.267578125,23.6299991607666,4.296254634857178,0,0.464789479970932,2.6406424045562744,0.033076245337724686,2.6652755737304688,1.0056036710739136,3.9383435249328613,0.010675315745174885,0.00927970465272665,1746612214.7336252,3.7174315452575684,0.003959201276302338,125.81883239746094
95.29840087890625,96,2.659029960632324,-2.100184917449951,40,NaN,90.28601837158203,1.0079731941223145,95,19127.096267204,9.5,-0.37669771909713745,0.3899422585964203,0,2.6838741302490234,0.3659771978855133,1.2000000424450263e-05,-0.2208901047706604,1.1134814023971558,1000,2.659029960632324,1.0079731941223145,2.6838741302490234,1920000.0,0.16923415660858154,221.5182342529297,18903.849609375,22.049999237060547,3.6069047451019287,0,0.47447043657302856,2.659029960632324,0.024553602561354637,2.6838741302490234,1.0079731941223145,1.8381586074829102,0.008932024240493774,0.005888009909540415,1746612436.3090317,3.3159186840057373,-0.008522642776370049,126.2197494506836
94.57460021972656,97,2.677013397216797,1.0945329666137695,40,NaN,89.92578125,1.0032517910003662,96,19348.930037585,56.79999923706055,-0.11594067513942719,0.391975075006485,0,2.7030365467071533,0.45432764291763306,9.000000318337698e-06,0.26075704395771027,1.1312599182128906,1000,2.677013397216797,1.0032517910003662,2.7030365467071533,1940000.0,-0.10175315290689468,222.40562438964844,19126.314453125,14.489999771118164,4.5206451416015625,0,0.47987332940101624,2.677013397216797,0.02885892055928707,2.7030365467071533,1.0032517910003662,2.9326915740966797,0.00902342889457941,0.006732925307005644,1746612658.7907808,3.195902109146118,0.004305317997932434,127.83097076416016
94.08158111572266,98,2.694561243057251,2.429433822631836,40,NaN,90.18517303466797,1.0001603364944458,97,19571.245389791,68.3499984741211,0.015747424215078354,0.39584818482398987,0,2.7231762409210205,0.5650234222412109,6.000000212225132e-06,0.13168809935450554,1.063038945198059,1000,2.694561243057251,1.0001603364944458,2.7231762409210205,1960000.0,-0.12893491983413696,221.7659454345703,19348.154296875,13.670000076293945,4.0221476554870605,0,0.48970627784729004,2.694561243057251,0.041158344596624374,2.7231762409210205,1.0001603364944458,5.362125396728516,0.00880074966698885,0.006424135994166136,1746612880.6245615,3.5640954971313477,0.012299424037337303,127.68428039550781
94.89029693603516,99,2.7119617462158203,-0.952479362487793,40,NaN,89.992919921875,1.001967430114746,98,19791.263089988,52.95000076293945,-0.19830289483070374,0.39805886149406433,0,2.743584394454956,0.5646948218345642,3.000000106112566e-06,-0.2140503190457821,1.5888855457305908,1000,2.7119617462158203,1.001967430114746,2.743584394454956,1980000.0,-0.3568806052207947,222.2397003173828,19570.462890625,16.280000686645508,5.3246002197265625,0,0.49514269828796387,2.7119617462158203,0.03349396213889122,2.743584394454956,1.001967430114746,4.409646034240723,0.007075897417962551,0.004140278324484825,1746613102.939962,3.6168813705444336,-0.007664382457733154,127.3493423461914
93.77992248535156,100,2.7294609546661377,1.1394238471984863,40,NaN,90.92898559570312,1.0003596544265747,99,19791.564868047,103.80000305175781,0.3443145453929901,0.399027019739151,0,2.766247034072876,0.6027105450630188,0.0,0.5426174402236938,0.9842497110366821,1000,2.7294609546661377,1.0003596544265747,2.766247034072876,2000000.0,-0.16853059828281403,219.95187377929688,19790.490234375,18.719999313354492,4.075291633605957,0,0.4975358247756958,2.7294609546661377,0.031162232160568237,2.766247034072876,1.0003596544265747,5.549069881439209,0.005974661558866501,0.003331152256578207,1746613322.9575934,3.589376211166382,-0.002331729978322983,126.171875
