Metrics/EpCost,Train/PolicyRatio/Max,Time/Update,Metrics/EpRet,Metrics/EpLen,Train/PolicyRatio/Min,Loss/Loss_reward_critic/Delta,Loss/Loss_reward_critic,Loss/Loss_pi,Time/FPS,Time/Epoch,Value/cost,Metrics/LagrangeMultiplier/Max,Metrics/LagrangeMultiplier/Min,_timestamp,Loss/Loss_pi/Delta,_runtime,Train/StopIter,_step,Train/PolicyStd,Metrics/LagrangeMultiplier/Std,Time/Rollout,Value/reward,Train/KL,TotalEnvSteps,Train/PolicyRatio,Train/LR,Train/PolicyRatio/Std,Loss/Loss_cost_critic/Delta,Train/Epoch,Metrics/LagrangeMultiplier,Train/Entropy,Time/Total,Loss/Loss_cost_critic,Value/Adv
21.899999618530273,0.9989708662033081,50.9177360534668,-0.3508206009864807,1000,0.9989708662033081,0.003932745195925236,0.003932745195925236,-0.00684754503890872,190.7393035888672,104.85516357421875,-0.07231398671865463,0.03599999472498894,0.03599999472498894,1743306029.7508202,-0.00684754503890872,216.709048544,40,1,0.9914528727531433,0,53.93737030029297,-0.02486330270767212,0.006466430611908436,20000.0,0.9989708662033081,0.0002969999914057553,0.009761927649378777,0.570054292678833,0,0.03599999472498894,1.4103367328643799,104.85619354248047,0.570054292678833,-0.06089520826935768
27.899999618530273,0.9979612231254578,50.115257263183594,-0.16069135069847107,1000,0.9979612231254578,-0.001087765907868743,0.002844979288056493,-0.012946955859661102,193.68019104003906,103.26301574707031,-0.01471885945647955,0.07096697390079498,0.07096697390079498,1743306133.115985,-0.006099410820752382,321.253851568,40,2,0.980776309967041,0,53.14772033691406,-0.030261997133493423,0.009268580004572868,40000.0,0.997961163520813,0.00029399999766610563,0.012566917575895786,2.3867287635803223,1,0.07096697390079498,1.3995234966278076,208.1806182861328,2.9567830562591553,-0.01036074385046959
28.383333206176758,1.0004347562789917,50.99285888671875,0.019248994067311287,1000,1.0004347562789917,-0.0003300434909760952,0.0025149357970803976,-0.010698924772441387,191.41232299804688,104.48648071289062,1.4463521242141724,0.10604102164506912,0.10604102164506912,1743306237.6532419,0.002248031087219715,425.844787345,40,3,0.9609595537185669,0,53.49357604980469,-0.023631539195775986,0.01132166013121605,60000.0,1.0004347562789917,0.000291000003926456,0.012837952002882957,-0.48785400390625,2,0.10604102164506912,1.3790560960769653,312.7715148925781,2.4689290523529053,-0.08789811283349991
22.100000381469727,1.000407338142395,51.09418487548828,0.13836529850959778,1000,1.000407338142395,-0.0010902981739491224,0.0014246376231312752,-0.010216264985501766,191.32424926757812,104.53457641601562,0.9622562527656555,0.14077645540237427,0.14077645540237427,1743306342.2516778,0.00048265978693962097,530.737411926,40,4,0.9379200339317322,0,53.44034957885742,-0.0051775178872048855,0.010237431153655052,80000.0,1.0004072189331055,0.0002880000101868063,0.01263593789190054,-1.6565402150154114,3,0.14077645540237427,1.3547285795211792,417.3509826660156,0.8123888373374939,-0.0393311083316803
27.530000686645508,1.0014991760253906,51.04989242553711,0.259770929813385,1000,1.0014991760253906,0.0008224013727158308,0.002247038995847106,-0.008957155048847198,190.78280639648438,104.83125305175781,1.0910776853561401,0.1756935864686966,0.1756935864686966,1743306447.1446493,0.0012591099366545677,635.229824316,40,5,0.9259467124938965,0,53.78132247924805,0.005578546319156885,0.00999764259904623,100000.0,1.0014991760253906,0.0002849999873433262,0.012048936448991299,0.9605451226234436,4,0.1756935864686966,1.341532826423645,522.252197265625,1.7729339599609375,0.37108010053634644
27.270000457763672,1.0003323554992676,50.99700927734375,0.4339545965194702,1000,1.0003323554992676,-0.0002017614897340536,0.0020452775061130524,-0.007564561907202005,191.49786376953125,104.43980407714844,1.247499704360962,0.21071657538414001,0.21071657538414001,1743306551.6362388,0.001392593141645193,738.721880653,40,6,0.9158490896224976,0,53.442752838134766,0.013854779303073883,0.008784722536802292,120000.0,1.0003323554992676,0.00028199999360367656,0.01116545032709837,-0.7895005345344543,5,0.21071657538414001,1.3306413888931274,626.74951171875,0.9834334254264832,-0.016030050814151764
24.079999923706055,1.0001484155654907,50.569725036621094,0.523954451084137,1000,1.0001484155654907,0.001348363934084773,0.0033936414401978254,-0.00807487964630127,193.3492431640625,103.43975830078125,1.4334543943405151,0.2455974817276001,0.2455974817276001,1743306655.1266751,-0.0005103177390992641,842.289276367,40,7,0.9160375595092773,0,52.8699951171875,0.029276739805936813,0.008914146572351456,140000.0,1.0001484155654907,0.0002789999998640269,0.01121441274881363,0.26015371084213257,6,0.2455974817276001,1.3309653997421265,730.2405395507812,1.2435871362686157,-0.17564648389816284
21.809999465942383,1.0012720823287964,50.86904525756836,0.5260103344917297,1000,1.0012720823287964,0.002023526234552264,0.00541716767475009,-0.007215246092528105,193.22515869140625,103.50618743896484,1.2663185596466064,0.2801792025566101,0.2801792025566101,1743306758.6964824,0.0008596335537731647,945.92825651,40,8,0.9010763764381409,0,52.637107849121094,0.03793518245220184,0.009534630924463272,160000.0,1.0012720823287964,0.00027600000612437725,0.010864974930882454,-0.35520416498184204,7,0.2801792025566101,1.314507246017456,833.8006591796875,0.8883829712867737,0.0023703202605247498
22.079999923706055,1.0000972747802734,51.0131721496582,0.536751925945282,1000,1.0000972747802734,-0.00036322232335805893,0.005053945351392031,-0.00892970897257328,193.1353302001953,103.55432891845703,1.2593488693237305,0.31456461548805237,0.31456461548805237,1743306862.332119,-0.0017144628800451756,1049.901856721,40,9,0.8900940418243408,0,52.541114807128906,0.04355154559016228,0.010205434635281563,180000.0,1.0000972747802734,0.0002730000123847276,0.011435807682573795,-0.27565473318099976,8,0.31456461548805237,1.3022511005401611,937.4198608398438,0.6127282381057739,0.1838134229183197
18.860000610351562,1.00260591506958,50.91340255737305,0.45226234197616577,1000,1.00260591506958,0.00010242778807878494,0.005156373139470816,-0.009904162026941776,192.458251953125,103.91864776611328,1.5813602209091187,0.3484719693660736,0.3484719693660736,1743306966.3047824,-0.0009744530543684959,1153.572547786,40,10,0.8777046799659729,0,53.005191802978516,0.06501339375972748,0.009824516251683235,200000.0,1.0026057958602905,0.0002699999895412475,0.01088918000459671,0.8127405643463135,9,0.3484719693660736,1.2882899045944214,1041.4202880859375,1.4254688024520874,0.3945692777633667
15.1899995803833,1.0000274181365967,51.147891998291016,0.46088942885398865,1000,1.0000274181365967,-0.0009406628087162971,0.0042157103307545185,-0.011058635078370571,193.05584716796875,103.59696197509766,1.2311021089553833,0.38155269622802734,0.38155269622802734,1743307069.979381,-0.0011544730514287949,1256.880068429,40,11,0.8618494272232056,0,52.449031829833984,0.05974447727203369,0.010855999775230885,220000.0,1.0000274181365967,0.00026699999580159783,0.011668657884001732,-0.9363154172897339,10,0.38155269622802734,1.2700990438461304,1145.0660400390625,0.4891533851623535,-0.012357696890830994
13.449999809265137,1.0013189315795898,50.56253433227539,0.4315831661224365,1000,1.0013189315795898,0.003298455849289894,0.007514166180044413,-0.009428243152797222,193.72381591796875,103.23975372314453,0.8870318531990051,0.4137182831764221,0.4137182831764221,1743307173.286918,0.001630391925573349,1362.001893325,40,12,0.8521397113800049,0,52.67717361450195,0.06574033200740814,0.01032251212745905,240000.0,1.0013189315795898,0.0002640000020619482,0.011112160980701447,0.040391504764556885,11,0.4137182831764221,1.2588269710540771,1248.3873291015625,0.5295448899269104,-0.10465114563703537
12.329999923706055,1.001711130142212,51.78173828125,0.399685263633728,1000,1.001711130142212,-0.002202688716351986,0.005311477463692427,-0.01108962669968605,190.35740661621094,105.0655288696289,1.03815495967865,0.4449590742588043,0.4449590742588043,1743307278.4023206,-0.0016613835468888283,1466.08100426,40,13,0.8440291285514832,0,53.283748626708984,0.0702359527349472,0.014320557937026024,260000.0,1.001711130142212,0.0002610000083222985,0.011355601251125336,0.07351881265640259,12,0.4449590742588043,1.2491183280944824,1353.5211181640625,0.603063702583313,0.10379666090011597
13.180000305175781,1.0007669925689697,51.21037673950195,0.24373680353164673,1000,1.0007669925689697,0.0021169614046812057,0.007428438868373632,-0.01149778999388218,192.30130004882812,104.00345611572266,1.1584495306015015,0.4755491316318512,0.4755491316318512,1743307382.4878914,-0.00040816329419612885,1571.55205382,40,14,0.8402418494224548,0,52.79302978515625,0.060133643448352814,0.010023536160588264,280000.0,1.0007669925689697,0.0002579999854788184,0.011629038490355015,-0.19404324889183044,13,0.4755491316318512,1.2446376085281372,1457.5721435546875,0.40902045369148254,-0.25903621315956116
7.550000190734863,1.0019124746322632,52.43681335449219,0.18734797835350037,1000,1.0019124746322632,-0.000914847943931818,0.006513590924441814,-0.008840612135827541,189.7520294189453,105.40071868896484,0.5311940312385559,0.5046848058700562,0.5046848058700562,1743307487.958888,0.002657177858054638,1676.229293509,40,15,0.8291736245155334,0,52.9638557434082,0.04870440810918808,0.01164129376411438,300000.0,1.0019124746322632,0.00025499999173916876,0.01135160680860281,-0.15807262063026428,14,0.5046848058700562,1.2312028408050537,1563.057861328125,0.25094783306121826,0.33422011137008667
8.770000457763672,0.9994863271713257,52.13688659667969,-0.11607014387845993,1000,0.9994863271713257,0.00726328045129776,0.013776871375739574,-0.00962652824819088,191.15338134765625,104.62802124023438,0.7574231624603271,0.5327649712562561,0.5327649712562561,1743307592.6368153,-0.0007859161123633385,1781.754311376,40,16,0.8228733539581299,0,52.491092681884766,0.025015315040946007,0.011914047412574291,320000.0,0.9994862675666809,0.0002519999979995191,0.011675260029733181,0.07278779149055481,15,0.5327649712562561,1.2237446308135986,1667.7537841796875,0.32373562455177307,0.04800361394882202
7.710000038146973,1.0004621744155884,51.77555847167969,-0.06569769233465195,1000,1.0004621744155884,-0.006693290546536446,0.007083580829203129,-0.010257426649332047,189.63189697265625,105.46749114990234,0.6053696274757385,0.559742271900177,0.559742271900177,1743307698.1614726,-0.0006308984011411667,1885.342615546,40,17,0.8090084791183472,0,53.69187545776367,0.06323152780532837,0.012510215863585472,340000.0,1.0004621744155884,0.00024900000425986946,0.012186284177005291,-0.0938662588596344,16,0.559742271900177,1.2068734169006348,1773.269775390625,0.22986936569213867,-0.35623180866241455
7.099999904632568,0.9977442622184753,50.73722839355469,-0.04704548418521881,1000,0.9977442622184753,-5.519203841686249e-05,0.007028388790786266,-0.013490450568497181,193.1916046142578,103.524169921875,0.6718538999557495,0.5856435298919678,0.5856435298919678,1743307801.7494268,-0.0032330239191651344,1989.152074431,40,18,0.7988210320472717,0,52.78689956665039,0.07576645165681839,0.013757917098701,360000.0,0.9977442622184753,0.0002460000105202198,0.012509019114077091,0.18469345569610596,17,0.5856435298919678,1.1941637992858887,1876.85107421875,0.41456282138824463,-0.0065775066614151
7.210000038146973,1.0004453659057617,50.709930419921875,0.009671897627413273,1000,1.0004453659057617,-0.0016693477518856525,0.005359041038900614,-0.012200047262012959,192.7914581298828,103.7390365600586,0.8414821028709412,0.6106192469596863,0.6106192469596863,1743307905.5592895,0.0012904033064842224,2092.137541576,40,19,0.792844295501709,0,53.02906036376953,0.07006118446588516,0.012498539872467518,380000.0,1.0004453659057617,0.00024300000222865492,0.012237622402608395,0.05573996901512146,18,0.6106192469596863,1.1866536140441895,1980.659912109375,0.4703027904033661,0.05919394642114639
10.770000457763672,0.9990323185920715,50.63672637939453,0.0344032384455204,1000,0.9990323185920715,1.811189576983452e-05,0.005377152934670448,-0.017135191708803177,194.3074188232422,102.92967987060547,0.688576340675354,0.6354253888130188,0.6354253888130188,1743308008.5447774,-0.004935144446790218,2195.019573126,40,20,0.7887409329414368,0,52.292903900146484,0.05579628795385361,0.01389208622276783,400000.0,0.9990323185920715,0.00023999999393709004,0.013154961168766022,0.34713611006736755,19,0.6354253888130188,1.1813912391662598,2083.654541015625,0.8174389004707336,-0.1669362485408783
10.510000228881836,1.0005195140838623,50.667816162109375,0.18491995334625244,1000,1.0005195140838623,0.0019912966527044773,0.007368449587374926,-0.013736909255385399,194.5314178466797,102.8111572265625,0.857251763343811,0.6600531339645386,0.6600531339645386,1743308111.426503,0.003398282453417778,2297.681004824,40,21,0.7721024751663208,0,52.14330291748047,0.02971760928630829,0.015964718535542488,420000.0,1.0005195140838623,0.00023700000019744039,0.013320552185177803,-0.39009496569633484,20,0.6600531339645386,1.160064458847046,2186.521728515625,0.4273439347743988,-0.14246071875095367
12.039999961853027,0.9997888207435608,50.443695068359375,0.07115232944488525,1000,0.9997888207435608,0.0025044442154467106,0.009872893802821636,-0.015206345357000828,194.9340057373047,102.59882354736328,1.380962610244751,0.6848064064979553,0.6848064064979553,1743308214.0882273,-0.001469436101615429,2401.407781543,40,22,0.7592135667800903,0,52.15508270263672,0.05266943946480751,0.014007925055921078,440000.0,0.9997888207435608,0.00023400000645779073,0.012593152932822704,0.12401822209358215,21,0.6848064064979553,1.1432799100875854,2289.193115234375,0.551362156867981,0.2062133401632309
13.569999694824219,1.0007129907608032,50.66774368286133,-0.0774792805314064,1000,1.0007129907608032,-0.003981675952672958,0.005891217850148678,-0.01695510931313038,192.93182373046875,103.66355895996094,1.009673833847046,0.7099478840827942,0.7099478840827942,1743308317.8147495,-0.001748763956129551,2504.551518914,40,23,0.7609829306602478,0,52.99577331542969,0.0592493899166584,0.013829615898430347,460000.0,1.0007129907608032,0.00023099999816622585,0.013071098364889622,0.09948384761810303,22,0.7099478840827942,1.1456702947616577,2392.919189453125,0.650846004486084,0.04431838542222977
13.319999694824219,0.9989179968833923,50.528465270996094,-0.08320493996143341,1000,0.9989179968833923,0.0012512593530118465,0.007142477203160524,-0.015955714508891106,194.01332092285156,103.08570861816406,0.7772017121315002,0.7354075312614441,0.7354075312614441,1743308420.958672,0.000999394804239273,2607.619732988,40,24,0.7543178796768188,0,52.55720520019531,0.04243161529302597,0.013432309031486511,480000.0,0.9989179968833923,0.0002280000044265762,0.012784670107066631,-0.09244799613952637,23,0.7354075312614441,1.1369086503982544,2496.067626953125,0.5583980083465576,0.3885610103607178
10.579999923706055,0.9991620182991028,50.854610443115234,-0.1002712994813919,1000,0.9991620182991028,0.0011442541144788265,0.008286731317639351,-0.0176190547645092,194.19203186035156,102.99083709716797,1.680540680885315,0.7606890201568604,0.7606890201568604,1743308524.0266342,-0.0016633402556180954,2711.37493854,40,25,0.7377921938896179,0,52.13618850708008,0.03467315807938576,0.015154206193983555,500000.0,0.9991620182991028,0.00022499999613501132,0.013265291228890419,0.028552234172821045,24,0.7606890201568604,1.1146481037139893,2599.115966796875,0.5869502425193787,0.13095349073410034
10.529999732971191,0.9992974400520325,50.70854187011719,-0.012724017724394798,1000,0.9992974400520325,-0.001813928596675396,0.006472802720963955,-0.01318364217877388,192.8731689453125,103.6950912475586,1.0452978610992432,0.7858166694641113,0.7858166694641113,1743308627.7821305,0.004435412585735321,2815.32257323,40,26,0.7261273860931396,0,52.986507415771484,0.035366933792829514,0.01532759703695774,520000.0,0.9992974400520325,0.00022200000239536166,0.012764756567776203,-0.13691547513008118,25,0.7858166694641113,1.0986413955688477,2702.890869140625,0.4500347673892975,0.05444701761007309
9.800000190734863,0.9991346597671509,51.23287582397461,0.0028698157984763384,1000,0.9991346597671509,0.0006890376098453999,0.007161840330809355,-0.014199559576809406,192.51824951171875,103.8862533569336,0.9303709864616394,0.8106867671012878,0.8106867671012878,1743308731.7295043,-0.0010159173980355263,2919.50409337,40,27,0.7182480096817017,0,52.653343200683594,0.037153612822294235,0.017713388428092003,540000.0,0.9991346001625061,0.00021899999410379678,0.013791336677968502,-0.102754145860672,26,0.8106867671012878,1.0877619981765747,2806.83642578125,0.3472806215286255,-0.01786016672849655
8.0,0.9995563626289368,51.02376174926758,0.05677689611911774,1000,0.9995563626289368,-0.001511717215180397,0.005650123115628958,-0.015959354117512703,192.1312713623047,104.09549713134766,1.0975619554519653,0.8349969983100891,0.8349969983100891,1743308835.910863,-0.0017597945407032967,3023.227065695,40,28,0.7035737037658691,0,53.07168960571289,0.04604090750217438,0.01602846570312977,560000.0,0.9995563626289368,0.00021600000036414713,0.01402813196182251,-0.03467145562171936,27,0.8349969983100891,1.0672391653060913,2910.992431640625,0.31260916590690613,-0.25082820653915405
9.779999732971191,1.002897024154663,50.62805938720703,-0.005125627387315035,1000,1.002897024154663,0.000642821192741394,0.006292944308370352,-0.01782534457743168,192.94088745117188,103.65869140625,0.7353213429450989,0.8591576218605042,0.8591576218605042,1743308939.6339984,-0.0018659904599189758,3126.720396044,40,29,0.6947572231292725,0,53.03059005737305,0.01376292109489441,0.01799488253891468,580000.0,1.0028969049453735,0.00021300000662449747,0.013618397526443005,0.5388318598270416,28,0.8591576218605042,1.0545949935913086,3014.737060546875,0.8514410257339478,-0.0370071716606617
9.350000381469727,1.0002574920654297,50.47412872314453,0.06122764199972153,1000,1.0002574920654297,0.0011680969037115574,0.007461041212081909,-0.019211765378713608,193.3734588623047,103.42681121826172,2.4007768630981445,0.8831146955490112,0.8831146955490112,1743309043.1273036,-0.001386420801281929,3229.879447254,40,30,0.6761730909347534,0,52.95264434814453,0.024736016988754272,0.01828586496412754,600000.0,1.0002574920654297,0.0002099999983329326,0.01395375095307827,0.20572781562805176,29,0.8831146955490112,1.027476191520691,3118.229248046875,1.0571688413619995,0.11347062885761261
7.989999771118164,0.9970983266830444,50.67435836791992,-0.010347184725105762,1000,0.9970983266830444,0.00036375224590301514,0.007824793457984924,-0.015493839047849178,193.98951721191406,103.09835815429688,2.271775484085083,0.9066334962844849,0.9066334962844849,1743309146.2863617,0.0037179263308644295,3332.557246596,40,31,0.664155125617981,0,52.423954010009766,0.021313076838850975,0.016727572306990623,620000.0,0.9970983266830444,0.00020700000459328294,0.013793394900858402,-0.5233274698257446,30,0.9066334962844849,1.0095155239105225,3221.3935546875,0.5338413715362549,-0.16229364275932312
9.949999809265137,1.0001834630966187,50.390052795410156,-0.22750785946846008,1000,1.0001834630966187,0.0013866033405065536,0.009211396798491478,-0.021251380443572998,194.90750122070312,102.61277770996094,1.0373910665512085,0.9301580190658569,0.9301580190658569,1743309248.964069,-0.00575754139572382,3435.664789702,40,32,0.6597790122032166,0,52.22268295288086,0.004569865297526121,0.01747012510895729,640000.0,1.0001834630966187,0.00020399999630171806,0.014128386043012142,0.2632746696472168,31,0.9301580190658569,1.0030227899551392,3324.06787109375,0.7971160411834717,-0.10360602289438248
9.029999732971191,1.0002429485321045,50.52073669433594,-0.2730538249015808,1000,1.0002429485321045,-0.000762290321290493,0.008449106477200985,-0.014120460487902164,194.11276245117188,103.03289794921875,1.1682395935058594,0.9535183310508728,0.9535183310508728,1743309352.0716605,0.007130919955670834,3539.113823598,40,33,0.6463794708251953,0,52.512115478515625,-0.013249225914478302,0.015513241291046143,660000.0,1.0002429485321045,0.0002010000025620684,0.013365057297050953,-0.3764954209327698,32,0.9535183310508728,0.9825161099433899,3427.1640625,0.4206206202507019,-0.0058807507157325745
6.25,0.9995362758636475,50.47013854980469,-0.21989856660366058,1000,0.9995362758636475,-0.0011625494807958603,0.007286556996405125,-0.012482494115829468,193.4933624267578,103.36271667480469,1.0244414806365967,0.9761693477630615,0.9761693477630615,1743309455.5206914,0.0016379663720726967,3642.657025698,40,34,0.6347537040710449,0,52.892539978027344,0.023833291605114937,0.016775524243712425,680000.0,0.9995362758636475,0.00019799999427050352,0.01387994084507227,-0.19098390638828278,33,0.9761693477630615,0.9643524885177612,3530.603271484375,0.22963671386241913,-0.1202736422419548
6.610000133514404,1.0015085935592651,50.76650619506836,-0.4478950500488281,1000,1.0015085935592651,0.000367878470569849,0.007654435466974974,-0.014815393835306168,193.26290893554688,103.48596954345703,0.7947054505348206,0.9982641339302063,0.9982641339302063,1743309559.064321,-0.0023328997194767,3747.129681797,40,35,0.6271282434463501,0,52.719417572021484,-0.032640062272548676,0.015086827799677849,700000.0,1.0015085935592651,0.00019500000053085387,0.013906420208513737,0.11617021262645721,34,0.9982641339302063,0.9523112773895264,3634.173583984375,0.34580692648887634,-0.15702930092811584
6.659999847412109,0.9985772371292114,50.965240478515625,-0.30072104930877686,1000,0.9985772371292114,-0.0017661652527749538,0.00588827021420002,-0.011294125579297543,191.54473876953125,104.41425323486328,1.343458652496338,1.01987624168396,1.01987624168396,1743309663.536824,0.003521268256008625,3851.347391031,40,36,0.6128279566764832,0,53.44896697998047,0.06401211023330688,0.016938984394073486,720000.0,0.9985772371292114,0.00019200000679120421,0.01397103350609541,-0.14799213409423828,35,1.01987624168396,0.9292405843734741,3738.6455078125,0.19781479239463806,-0.15298952162265778
5.730000019073486,0.9984564185142517,51.046714782714844,-0.011245832778513432,1000,0.9984564185142517,0.0008183261379599571,0.006706596352159977,-0.01820811815559864,192.02525329589844,104.15296936035156,1.7045644521713257,1.0408583879470825,1.0408583879470825,1743309767.7544467,-0.006913992576301098,3956.308433055,40,37,0.6063550710678101,0,53.10619354248047,0.059825487434864044,0.01653379201889038,740000.0,0.9984564185142517,0.00018899999849963933,0.014446549117565155,0.536122053861618,36,1.0408583879470825,0.9186360239982605,3842.857666015625,0.7339368462562561,-0.13155609369277954
6.96999979019165,1.0016028881072998,51.68238830566406,0.10321135818958282,1000,1.0016028881072998,-0.001312039326876402,0.005394557025283575,-0.01684749685227871,190.7005157470703,104.8764877319336,1.064780592918396,1.06155264377594,1.06155264377594,1743309872.7152457,0.001360621303319931,4060.765237707,40,38,0.5970571041107178,0,53.194061279296875,0.03875608369708061,0.01835271529853344,760000.0,1.0016028881072998,0.00018600000475998968,0.014731810428202152,-0.3250196576118469,37,1.06155264377594,0.9031823873519897,3947.802978515625,0.4089171886444092,-0.13840225338935852
6.429999828338623,0.9972009658813477,51.393550872802734,0.12008601427078247,1000,0.9972009658813477,0.000715755857527256,0.006110312882810831,-0.013592825271189213,191.59414672851562,104.38732147216797,1.115071415901184,1.0818772315979004,1.0818772315979004,1743309977.172197,0.0032546715810894966,4165.44307219,40,39,0.5801771283149719,0,52.99372863769531,0.025747546926140785,0.01993551291525364,780000.0,0.9972009062767029,0.0001829999964684248,0.014441709034144878,-0.19568520784378052,38,1.0818772315979004,0.8744980096817017,4052.27001953125,0.21323198080062866,0.06781089305877686
6.519999980926514,0.9986546635627747,51.16874313354492,0.34979766607284546,1000,0.9986546635627747,-0.0013851309195160866,0.0047251819632947445,-0.014551538974046707,191.25088500976562,104.5746841430664,0.8914996385574341,1.1018974781036377,1.1018974781036377,1743310081.8499162,-0.0009587137028574944,4269.695096498,40,40,0.5747241973876953,0,53.40589141845703,0.04825862497091293,0.01621563546359539,800000.0,0.9986546635627747,0.00018000000272877514,0.014614175073802471,0.07649695873260498,39,1.1018974781036377,0.8650397062301636,4156.91748046875,0.28972893953323364,0.06548703461885452
8.479999542236328,1.0013971328735352,50.78685760498047,0.17706066370010376,1000,1.0013971328735352,0.0013187644071877003,0.006043946370482445,-0.017461268231272697,191.9555206298828,104.19080352783203,1.4465184211730957,1.1220934391021729,1.1220934391021729,1743310186.1020284,-0.0029097292572259903,4373.530175189,40,41,0.5671012997627258,0,53.403900146484375,0.024909209460020065,0.016877921298146248,820000.0,1.0013971328735352,0.00017699999443721026,0.0140798669308424,0.31115633249282837,40,1.1220934391021729,0.851635754108429,4261.20849609375,0.600885272026062,0.27264904975891113
6.590000152587891,1.0022879838943481,50.87574005126953,-0.02614741399884224,1000,1.0022879838943481,-3.441702574491501e-05,0.00600952934473753,-0.01390845887362957,192.7672576904297,103.75205993652344,1.389870285987854,1.1420326232910156,1.1420326232910156,1743310289.9369602,0.0035528093576431274,4476.034503171,40,42,0.5568313002586365,0,52.87628173828125,0.025933727622032166,0.017154265195131302,840000.0,1.0022879838943481,0.0001740000006975606,0.013860446400940418,-0.1680457592010498,41,1.1420326232910156,0.8333811163902283,4365.0205078125,0.4328395128250122,-0.018832795321941376
6.119999885559082,1.0016651153564453,49.674659729003906,-0.0810755267739296,1000,1.0016651153564453,-0.0003433362580835819,0.005666193086653948,-0.014508065767586231,195.2351837158203,102.4405517578125,0.8143159747123718,1.1616406440734863,1.1616406440734863,1743310392.4413643,-0.0005996068939566612,4569.66129322,39,43,0.5462385416030884,0,52.765846252441406,-0.00425255112349987,0.020293960347771645,860000.0,1.0016651153564453,0.00017100000695791095,0.014631103724241257,0.027072429656982422,42,1.1616406440734863,0.8142026662826538,4467.54638671875,0.45991194248199463,-0.0862247496843338
6.829999923706055,0.9995408654212952,40.68767166137695,-0.101323701441288,1000,0.9995408654212952,0.00028750207275152206,0.00595369515940547,-0.014246882870793343,213.765869140625,93.560302734375,0.7490024566650391,1.1811245679855347,1.1811245679855347,1743310486.0680437,0.00026118289679288864,4673.944713618,32,44,0.5334900617599487,0,52.872596740722656,0.013556031510233879,0.020449437201023102,880000.0,0.9995408654212952,0.00016799999866634607,0.014691008254885674,0.11958342790603638,43,1.1811245679855347,0.7905925512313843,4561.16845703125,0.579495370388031,-0.03505738452076912
11.069999694824219,1.0053378343582153,50.72477340698242,-0.08964528143405914,1000,1.0053378343582153,-0.0022309350315481424,0.0037227601278573275,-0.022870825603604317,191.89649963378906,104.22285461425781,0.896133303642273,1.2014795541763306,1.2014795541763306,1743310590.3518882,-0.008623942732810974,4767.485882896,40,45,0.529228925704956,0,53.49803924560547,0.029387203976511955,0.018211523070931435,900000.0,1.0053378343582153,0.00016500000492669642,0.015040384605526924,-0.15894439816474915,44,1.2014795541763306,0.7825978994369507,4665.45751953125,0.42055097222328186,0.22455795109272003
13.34000015258789,1.001018762588501,40.486934661865234,0.08475698530673981,1000,1.001018762588501,0.0003191262949258089,0.004041886422783136,-0.025526273995637894,213.94842529296875,93.48047637939453,1.099547266960144,1.223130226135254,1.223130226135254,1743310683.8928823,-0.002655448392033577,4871.746095576,32,46,0.5234333276748657,0,52.993499755859375,0.06492868810892105,0.02006441354751587,920000.0,1.001018762588501,0.00016199999663513154,0.01493839081376791,0.6142582595348358,45,1.223130226135254,0.7715542316436768,4758.99853515625,1.0348092317581177,-0.09068605303764343
14.260000228881836,1.0003341436386108,50.97549819946289,0.1526578962802887,1000,1.0003341436386108,0.0005724560469388962,0.0046143424697220325,-0.016397980973124504,191.95106506347656,104.19322204589844,0.6901845932006836,1.2461472749710083,1.2461472749710083,1743310788.1529365,0.00912829302251339,4960.591455332,40,47,0.5190741419792175,0,53.217681884765625,0.06898932158946991,0.018364856019616127,940000.0,1.0003341436386108,0.00015900000289548188,0.013844418339431286,-0.6543486416339874,46,1.2461472749710083,0.7631593346595764,4863.25341796875,0.38046059012413025,-0.14127041399478912
14.800000190734863,1.0025674104690552,35.67878341674805,0.07795648276805878,1000,1.0025674104690552,-0.00010118866339325905,0.0045131538063287735,-0.0178811214864254,225.27569580078125,88.78010559082031,0.9717142581939697,1.270505666732788,1.270505666732788,1743310876.9981804,-0.0014831405133008957,5064.446751685,28,48,0.5110912919044495,0,53.10125732421875,0.051703546196222305,0.023107873275876045,960000.0,1.0025674104690552,0.000155999994603917,0.014694737270474434,0.23462262749671936,47,1.270505666732788,0.7475731372833252,4952.1005859375,0.6150832176208496,0.17967841029167175
16.920000076293945,1.0024452209472656,51.010929107666016,0.015329146757721901,1000,1.0024452209472656,0.004978488199412823,0.009491642005741596,-0.017758356407284737,192.68759155273438,103.79495239257812,0.5668975710868835,1.2965012788772583,1.2965012788772583,1743310980.853534,0.00012276507914066315,5165.006334402,40,49,0.5074569582939148,0,52.78398513793945,-0.015558809041976929,0.01793086715042591,980000.0,1.0024452209472656,0.00015300000086426735,0.014872733503580093,-0.21396523714065552,48,1.2965012788772583,0.7404404282569885,5055.95947265625,0.4011179804801941,-0.17815348505973816
10.989999771118164,0.9973690509796143,47.36518478393555,-0.0237763412296772,1000,0.9973690509796143,-0.004093147814273834,0.005398494191467762,-0.015752853825688362,199.01161193847656,100.49664306640625,1.1623780727386475,1.3227084875106812,1.3227084875106812,1743311081.4131413,0.0020055025815963745,5269.44995839,37,50,0.4915943145751953,0,53.131412506103516,0.039088115096092224,0.02189532108604908,1000000.0,0.9973690509796143,0.0001500000071246177,0.01421578973531723,0.162572979927063,49,1.3227084875106812,0.7085079550743103,5156.51708984375,0.5636909604072571,0.011814222671091557
7.630000114440918,1.0006506443023682,51.13374328613281,-0.05535144731402397,1000,1.0006506443023682,-0.0010350747033953667,0.004363419488072395,-0.015399932861328125,191.59422302246094,104.38728332519531,1.2451013326644897,1.3483589887619019,1.3483589887619019,1743311185.8545156,0.0003529209643602371,5374.013247962,40,51,0.48065653443336487,0,53.25347900390625,0.0646963119506836,0.017549457028508186,1020000.0,1.0006506443023682,0.00014699999883305281,0.01390059757977724,-0.19384163618087769,50,1.3483589887619019,0.6860983967781067,5260.96826171875,0.3698493242263794,0.03984285145998001
6.079999923706055,0.9988247156143188,51.12860870361328,0.03442950174212456,1000,0.9988247156143188,-0.0009504721965640783,0.003412947291508317,-0.011203695088624954,191.4215087890625,104.4814682006836,1.4875773191452026,1.3731515407562256,1.3731515407562256,1743311290.420026,0.004196237772703171,5478.013973993,40,52,0.47048652172088623,0,53.352821350097656,0.05562672019004822,0.016011936590075493,1040000.0,0.9988247156143188,0.00014400000509340316,0.013360179960727692,-0.13651196658611298,51,1.3731515407562256,0.6648561954498291,5365.50390625,0.23333735764026642,-0.07012087851762772
5.389999866485596,0.9995713829994202,50.52931594848633,0.2901180386543274,1000,0.9995713829994202,0.0001263124868273735,0.0035392597783356905,-0.014172322116792202,192.4110107421875,103.94415283203125,0.9362497925758362,1.3970091342926025,1.3970091342926025,1743311394.4158173,-0.0029686270281672478,5578.947368404,40,53,0.4660778343677521,0,53.41477966308594,0.07095234096050262,0.019831959158182144,1060000.0,0.9995713829994202,0.00014099999680183828,0.014372508972883224,0.03441132605075836,52,1.3970091342926025,0.6554310917854309,5469.53173828125,0.2677486836910248,0.06891430914402008
4.300000190734863,0.9999448657035828,48.21444320678711,0.41627827286720276,1000,0.9999448657035828,0.0008385989349335432,0.004377858713269234,-0.01647219806909561,198.26217651367188,100.87652587890625,1.262723445892334,1.419759750366211,1.419759750366211,1743311495.3541877,-0.0022998759523034096,5672.429669487,38,54,0.4619596600532532,0,52.66204833984375,0.06340645998716354,0.021043946966528893,1080000.0,0.9999448657035828,0.00013800000306218863,0.014868831261992455,0.07635107636451721,53,1.419759750366211,0.6466241478919983,5570.4599609375,0.344099760055542,0.028201483190059662
4.75,0.9994428157806396,40.45087432861328,0.36909228563308716,1000,0.9994428157806396,-0.00045798299834132195,0.003919875714927912,-0.013213550671935081,214.1363983154297,93.3984146118164,0.9846348762512207,1.4416236877441406,1.4416236877441406,1743311588.8365912,0.00325864739716053,5775.901846231,32,55,0.4528934359550476,0,52.9474983215332,0.09111493080854416,0.020171090960502625,1100000.0,0.9994428157806396,0.00013499999477062374,0.013760200701653957,0.12358707189559937,54,1.4416236877441406,0.6267596483230591,5663.91943359375,0.46768683195114136,0.1448918581008911
7.429999828338623,1.0045762062072754,50.306243896484375,0.30548256635665894,1000,1.0045762062072754,0.0007981392554938793,0.004718014970421791,-0.02142992429435253,193.39064025878906,103.4176254272461,1.089829444885254,1.4633510112762451,1.4633510112762451,1743311692.3083816,-0.00821637362241745,5871.918316017,40,56,0.4456920027732849,0,53.111331939697266,0.07208912074565887,0.01831895299255848,1120000.0,1.0045762062072754,0.0001320000010309741,0.015279154293239117,-0.12478157877922058,55,1.4633510112762451,0.610796332359314,5767.42138671875,0.3429052531719208,0.12412731349468231
10.100000381469727,1.001092553138733,42.924259185791016,0.30790674686431885,1000,1.001092553138733,0.000532213132828474,0.005250228103250265,-0.02151891216635704,208.4411163330078,95.95036315917969,0.8008387088775635,1.4856092929840088,1.4856092929840088,1743311788.3251522,-8.898787200450897e-05,5975.640700292,34,57,0.44297847151756287,0,53.02606201171875,0.044540125876665115,0.0200799647718668,1140000.0,1.001092553138733,0.0001289999927394092,0.015199186280369759,0.08640775084495544,56,1.4856092929840088,0.6046892404556274,5863.423828125,0.4293130040168762,0.1757146418094635
11.069999694824219,1.000550389289856,50.739627838134766,0.20665153861045837,1000,1.000550389289856,-0.0014247274957597256,0.0038255006074905396,-0.021061129868030548,192.934326171875,103.66222381591797,0.9505451321601868,1.5085854530334473,1.5085854530334473,1743311892.047922,0.0004577822983264923,6058.096751508,40,58,0.4359060823917389,0,52.922550201416016,0.047544967383146286,0.02112528868019581,1160000.0,1.000550389289856,0.00012599999899975955,0.014693975448608398,0.23964661359786987,57,1.5085854530334473,0.5885887742042542,5967.154296875,0.6689596176147461,-0.16131088137626648
11.3100004196167,0.9996347427368164,29.147541046142578,0.14503712952136993,1000,0.9996347427368164,0.003099823836237192,0.006925324443727732,-0.017342137172818184,242.73257446289062,82.39520263671875,0.9655802845954895,1.5322723388671875,1.5322723388671875,1743311974.5036201,0.003718992695212364,6161.139275442,23,59,0.4330613315105438,0,53.24762725830078,0.06828836351633072,0.020586447790265083,1180000.0,0.9996347427368164,0.0001230000052601099,0.014843271113932133,-0.013853788375854492,58,1.5322723388671875,0.5820362567901611,6049.6103515625,0.6551058292388916,-0.1318124234676361
12.130000114440918,1.0007191896438599,50.26484680175781,0.18081943690776825,1000,1.0007191896438599,-0.00230966042727232,0.004615664016455412,-0.01612219773232937,194.22071838378906,102.97563171386719,1.0860692262649536,1.5567985773086548,1.5567985773086548,1743312077.5461836,0.0012199394404888153,6265.218056534,40,60,0.4242348372936249,0,52.71073532104492,0.06558458507061005,0.01896320842206478,1200000.0,1.0007191896438599,0.00011999999696854502,0.01505370531231165,-0.28308412432670593,59,1.5567985773086548,0.5614490509033203,6152.646484375,0.37202170491218567,0.4208122491836548
9.1899995803833,0.9993611574172974,50.889549255371094,0.2091553807258606,1000,0.9993611574172974,-0.0006063175387680531,0.004009346477687359,-0.01349070854485035,192.28726196289062,104.01105499267578,0.9270728230476379,1.5813863277435303,1.5813863277435303,1743312181.6248953,0.002631489187479019,6366.705765221,40,61,0.411132276058197,0,53.121463775634766,0.0450337715446949,0.019087737426161766,1220000.0,0.9993610978126526,0.00011700000322889537,0.014120010659098625,-0.022681087255477905,60,1.5813863277435303,0.5300571918487549,6256.7255859375,0.34934061765670776,0.23392890393733978
7.389999866485596,0.999653160572052,48.22874450683594,0.2762819230556488,1000,0.999653160572052,0.0006519882008433342,0.004661334678530693,-0.01625763811171055,197.19537353515625,101.4222640991211,1.4161452054977417,1.6055963039398193,1.6055963039398193,1743312283.112978,-0.002766929566860199,6470.231775162,38,62,0.402792751789093,0,53.19347381591797,0.06739848852157593,0.02056611329317093,1240000.0,0.999653160572052,0.0001140000022132881,0.013974151574075222,0.2046869993209839,61,1.6055963039398193,0.5095936059951782,6358.2138671875,0.5540276169776917,0.10880084335803986
6.239999771118164,1.0020818710327148,50.59563064575195,0.23877190053462982,1000,1.0020818710327148,3.97474505007267e-05,0.00470108212903142,-0.01359357126057148,193.3165740966797,103.4572525024414,0.7735309600830078,1.629184365272522,1.629184365272522,1743312386.638702,0.0026640668511390686,6573.369065365,40,63,0.39722099900245667,0,52.86157989501953,0.04567520692944527,0.017003636807203293,1260000.0,1.0020818710327148,0.00011100000119768083,0.013613448478281498,-0.21783867478370667,62,1.629184365272522,0.495660662651062,6461.73779296875,0.336188942193985,-0.30975911021232605
6.059999942779541,1.000109076499939,50.561710357666016,0.2584128975868225,1000,1.000109076499939,0.0006161588244140148,0.005317240953445435,-0.019395126029849052,194.0355987548828,103.07386779785156,0.8156245946884155,1.65217125415802,1.65217125415802,1743312489.7759695,-0.005801554769277573,6670.99789085,40,64,0.3924981951713562,0,52.512115478515625,0.03871580958366394,0.01811770349740982,1280000.0,1.0001089572906494,0.00010800000018207356,0.014568761922419071,0.028636813163757324,63,1.65217125415802,0.4837002754211426,6564.87939453125,0.3648257553577423,-0.2818341553211212
8.140000343322754,1.0017613172531128,44.509666442871094,0.2715452313423157,1000,1.0017613172531128,-0.0006595170125365257,0.004657723940908909,-0.02491346001625061,204.9789581298828,97.57099151611328,1.0243111848831177,1.6751506328582764,1.6751506328582764,1743312587.4038393,-0.005518333986401558,6775.130062501,35,65,0.3914410471916199,0,53.061283111572266,0.016845952719449997,0.0208820141851902,1300000.0,1.0017613172531128,0.0001049999991664663,0.0155173409730196,0.05865052342414856,64,1.6751506328582764,0.48097577691078186,6662.51806640625,0.42347627878189087,3.82494181394577e-05
8.020000457763672,0.9994049072265625,50.77503204345703,0.190155029296875,1000,0.9994049072265625,0.00011631753295660019,0.004774041473865509,-0.01186106726527214,192.18910217285156,104.06417846679688,0.8061919212341309,1.698101282119751,1.698101282119751,1743312691.5368755,0.01305239275097847,6878.439418181,40,66,0.385087251663208,0,53.28909683227539,0.050167959183454514,0.016455840319395065,1320000.0,0.9994049072265625,0.00010199999815085903,0.01311265118420124,-0.0746329128742218,65,1.698101282119751,0.4645993411540985,6766.63427734375,0.34884336590766907,0.23157095909118652
10.9399995803833,1.0020791292190552,50.879180908203125,0.037801384925842285,1000,1.0020791292190552,6.824126467108727e-05,0.004842282738536596,-0.025907859206199646,193.70916748046875,103.24756622314453,1.1655941009521484,1.7217673063278198,1.7217673063278198,1743312794.8463476,-0.014046791940927505,6982.369427187,40,67,0.3832419216632843,0,52.36834716796875,0.035294659435749054,0.01965227536857128,1340000.0,1.0020791292190552,9.899999713525176e-05,0.015108582563698292,0.36304447054862976,66,1.7217673063278198,0.45979824662208557,6869.951171875,0.7118878364562988,0.25423920154571533
10.390000343322754,0.9970427751541138,50.61256408691406,0.019850611686706543,1000,0.9970427751541138,-0.0014522396959364414,0.003390043042600155,-0.014125172048807144,192.54603576660156,103.87126159667969,1.097998023033142,1.745947241783142,1.745947241783142,1743312898.7763724,0.011782687157392502,7085.149847658,40,68,0.374525785446167,0,53.258663177490234,0.04878832399845123,0.020888809114694595,1360000.0,0.9970427751541138,9.600000339560211e-05,0.013730648905038834,-0.41588959097862244,67,1.745947241783142,0.4367913603782654,6973.884765625,0.2959982454776764,0.054942406713962555
9.699999809265137,0.9992935657501221,50.17253875732422,-0.0066387224942445755,1000,0.9992935657501221,0.0014452566392719746,0.0048352996818721294,-0.01662934198975563,194.69273376464844,102.72596740722656,1.4460572004318237,1.770424246788025,1.770424246788025,1743313001.5519266,-0.0025041699409484863,7138.884046303,40,69,0.3683486580848694,0,52.55337142944336,0.0158286951482296,0.01631641760468483,1380000.0,0.9992935657501221,9.300000237999484e-05,0.013602958992123604,0.10976025462150574,68,1.770424246788025,0.42018958926200867,7076.669921875,0.40575850009918213,0.055606260895729065
10.520000457763672,1.0006312131881714,1.2479257583618164,-0.09383916854858398,1000,1.0006312131881714,0.0009295148774981499,0.005764814559370279,0.0074806432239711285,372.5402526855469,53.68547439575195,0.8412541151046753,1.7953819036483765,1.7953819036483765,1743313055.2910106,0.02410998521372676,7241.400418416,1,70,0.3653023838996887,0,52.437503814697266,0.0451703742146492,0.023057326674461365,1400000.0,1.0006310939788818,9.000000136438757e-05,0.012794796377420425,2.573285937309265,69,1.7953819036483765,0.4119061529636383,7130.40087890625,2.9790444374084473,0.3180379867553711
11.930000305175781,0.9988070726394653,50.27191162109375,-0.1696847379207611,1000,0.9988070726394653,0.0001057824119925499,0.005870596971362829,-0.01950206607580185,195.22381591796875,102.44651794433594,1.6338597536087036,1.8211288452148438,1.8211288452148438,1743313157.807301,-0.026982709299772978,7345.374536709,40,71,0.362347811460495,0,52.17456817626953,0.029745684936642647,0.016824394464492798,1420000.0,0.9988070726394653,8.70000003487803e-05,0.013915847055613995,-2.58440962433815,70,1.8211288452148438,0.4037764072418213,7232.90625,0.39463481307029724,-0.016909778118133545
9.710000038146973,0.9991253018379211,50.78484344482422,-0.15633541345596313,1000,0.9991253018379211,-0.0019912035204470158,0.0038793934509158134,-0.01744808256626129,192.4457244873047,103.92539978027344,1.4064998626708984,1.8470360040664673,1.8470360040664673,1743313261.7821906,0.002053983509540558,7448.92285794,40,72,0.35731878876686096,0,53.14051055908203,0.06536762416362762,0.017732324078679085,1440000.0,0.9991253018379211,8.399999933317304e-05,0.013547834008932114,-0.02375560998916626,71,1.8470360040664673,0.3897964358329773,7336.900390625,0.370879203081131,-0.06162296235561371
10.989999771118164,1.0003283023834229,51.02427673339844,-0.11372079700231552,1000,1.0003283023834229,0.00022007618099451065,0.004099469631910324,-0.017454395070672035,193.25869750976562,103.48822784423828,1.332671880722046,1.8734159469604492,1.8734159469604492,1743313365.329893,-6.312504410743713e-06,7552.7518713,40,73,0.3490307927131653,0,52.46391296386719,0.03353042155504227,0.019489483907818794,1460000.0,1.0003283023834229,8.099999831756577e-05,0.014187534339725971,0.13426253199577332,72,1.8734159469604492,0.3663043677806854,7440.4375,0.5051417350769043,0.2306671142578125
13.149999618530273,1.002557396888733,51.06109619140625,-0.04774223268032074,1000,1.002557396888733,-3.418046981096268e-05,0.004065289162099361,-0.02332930825650692,192.74575805664062,103.76363372802734,1.586806058883667,1.9007596969604492,1.9007596969604492,1743313469.158858,-0.005874913185834885,7656.793975434,40,74,0.34307751059532166,0,52.70249557495117,0.0429002121090889,0.01821582205593586,1480000.0,1.002557396888733,7.79999973019585e-05,0.014738942496478558,0.23959976434707642,73,1.9007596969604492,0.3491029143333435,7544.26171875,0.7447414994239807,0.09346099197864532
9.960000038146973,0.9977307319641113,50.78859329223633,0.09304297715425491,1000,0.9977307319641113,-4.0825922042131424e-05,0.00402446324005723,-0.01680697873234749,192.36866760253906,103.967041015625,1.6664901971817017,1.9281790256500244,1.9281790256500244,1743313573.2007458,0.0065223295241594315,7760.511169177,40,75,0.33789557218551636,0,53.17840576171875,0.033471181988716125,0.018004417419433594,1500000.0,0.9977307319641113,7.500000356230885e-05,0.013657685369253159,-0.32636603713035583,74,1.9281790256500244,0.3338800370693207,7648.2939453125,0.4183754622936249,-0.09136460721492767
9.470000267028809,0.9995285272598267,50.82805633544922,0.2176445722579956,1000,0.9995285272598267,0.00037557631731033325,0.004400039557367563,-0.016726216301321983,192.9937286376953,103.63031005859375,2.119358539581299,1.9555481672286987,1.9555481672286987,1743313676.9180233,8.076243102550507e-05,7863.394429765,40,76,0.33478981256484985,0,52.80221176147461,0.04367223381996155,0.01754527911543846,1520000.0,0.9995285272598267,7.200000254670158e-05,0.013914409093558788,0.32848331332206726,75,1.9555481672286987,0.3246747553348541,7751.99951171875,0.7468587756156921,-0.41468292474746704
12.369999885559082,1.0069407224655151,50.45722198486328,0.28725314140319824,1000,1.0069407224655151,0.0008928831666707993,0.0052929227240383625,-0.01951327733695507,194.5388946533203,102.80720520019531,1.0795027017593384,1.9836071729660034,1.9836071729660034,1743313779.8011842,-0.002787061035633087,7967.029972112,40,77,0.33394572138786316,0,52.34994125366211,0.011378901079297066,0.013099835254251957,1540000.0,1.0069407224655151,6.900000153109431e-05,0.013274801895022392,-0.20631247758865356,76,1.9836071729660034,0.3221585154533386,7854.89306640625,0.5405462980270386,0.2805045545101166
10.520000457763672,0.9983142018318176,51.02119445800781,0.23874451220035553,1000,0.9983142018318176,-4.922691732645035e-05,0.005243695806711912,-0.00723420362919569,193.11972045898438,103.56269836425781,0.8658257126808167,2.0118260383605957,2.0118260383605957,1743313883.4368477,0.01227907370775938,8070.721978433,40,78,0.32949844002723694,0,52.541465759277344,0.02574852667748928,0.014679079875349998,1560000.0,0.9983142018318176,6.600000051548705e-05,0.011682766489684582,-0.38787326216697693,77,2.0118260383605957,0.3087293803691864,7958.5322265625,0.15267303586006165,-0.046380333602428436
9.050000190734863,1.0023678541183472,50.51539611816406,0.23172564804553986,1000,1.0023678541183472,-0.0004767286591231823,0.00476696714758873,-0.018173599615693092,192.9842987060547,103.63536834716797,1.2036978006362915,2.0398192405700684,2.0398192405700684,1743313987.1226022,-0.010939395986497402,8175.324875467,40,79,0.32538437843322754,0,53.119930267333984,0.06747859716415405,0.018530214205384254,1580000.0,1.0023678541183472,6.299999949987978e-05,0.014391585253179073,0.32690173387527466,78,2.0398192405700684,0.2961816191673279,8062.2392578125,0.4795747697353363,0.02011168748140335
7.920000076293945,0.9995354413986206,51.059120178222656,0.12462203204631805,1000,0.9995354413986206,0.00045326724648475647,0.005220234394073486,-0.011004284024238586,191.29615783691406,104.5499267578125,1.041076898574829,2.067322015762329,2.067322015762329,1743314091.7321959,0.007169315591454506,8278.952770607,40,80,0.3210616111755371,0,53.49076461791992,0.032831206917762756,0.016028020530939102,1600000.0,0.9995354413986206,5.999999848427251e-05,0.01300120074301958,-0.17541790008544922,79,2.067322015762329,0.2828008830547333,8166.84130859375,0.3041568696498871,0.005011394619941711
8.170000076293945,1.0009005069732666,50.600440979003906,0.17276111245155334,1000,1.0009005069732666,0.0003065774217247963,0.005526811815798283,-0.015057358890771866,193.16773986816406,103.53695678710938,0.6280990242958069,2.094453811645508,2.094453811645508,1743314195.3596098,-0.004053074866533279,8382.478496568,40,81,0.3164127469062805,0,52.93647384643555,0.06609518826007843,0.01601613499224186,1620000.0,1.0009005069732666,5.700000110664405e-05,0.013274194672703743,0.0054528117179870605,80,2.094453811645508,0.2682115435600281,8270.4345703125,0.30960968136787415,0.14429357647895813
4.289999961853027,0.9998695254325867,50.90500259399414,0.14914259314537048,1000,0.9998695254325867,0.0002493467181921005,0.005776158533990383,-0.012642805464565754,193.33096313476562,103.44954681396484,1.045432448387146,2.12021803855896,2.12021803855896,1743314298.8853965,0.002414553426206112,8486.158762208,40,82,0.3119712471961975,0,52.54450225830078,0.03172653168439865,0.013158234767615795,1640000.0,0.9998695254325867,5.400000009103678e-05,0.012282689101994038,-0.12264315783977509,81,2.12021803855896,0.25407955050468445,8373.978515625,0.18696652352809906,-0.06454883515834808
8.15999984741211,1.0052632093429565,50.715911865234375,0.18223978579044342,1000,1.0052632093429565,-0.0011090976186096668,0.004667060915380716,-0.023407619446516037,192.9988250732422,103.62757873535156,1.2592600584030151,2.1457948684692383,2.1457948684692383,1743314402.5662856,-0.010764813981950283,8589.156753523,40,83,0.3100442588329315,0,52.91162109375,0.03236763924360275,0.01521396730095148,1660000.0,1.0052632093429565,5.0999999075429514e-05,0.013875674456357956,0.6478169709444046,82,2.1457948684692383,0.24785912036895752,8477.6806640625,0.8347834944725037,-0.07067935913801193
10.140000343322754,1.0033626556396484,50.68568420410156,0.02001202665269375,1000,1.0033626556396484,0.0017368006519973278,0.006403861567378044,-0.026105452328920364,194.3145751953125,102.92588806152344,1.2386115789413452,2.1717324256896973,2.1717324256896973,1743314505.5632553,-0.0026978328824043274,8692.998029471,40,84,0.31077611446380615,0,52.24016571044922,0.05397844687104225,0.013493621721863747,1680000.0,1.0033626556396484,4.8000001697801054e-05,0.013067231513559818,-0.10090196132659912,83,2.1717324256896973,0.25022438168525696,8580.6572265625,0.7338815331459045,-0.12574335932731628
10.869999885559082,0.9964635372161865,50.795013427734375,0.08041055500507355,1000,0.9964635372161865,-0.0008102152496576309,0.005593646317720413,-0.01394729781895876,192.7411651611328,103.76610565185547,1.51861572265625,2.198190927505493,2.198190927505493,1743314609.4049106,0.012158154509961605,8795.59941334,40,85,0.3083297312259674,0,52.97105026245117,0.026156384497880936,0.014113500714302063,1700000.0,0.9964635372161865,4.5000000682193786e-05,0.01227925531566143,-0.19307023286819458,84,2.198190927505493,0.24230614304542542,8684.49609375,0.54081130027771,-0.051776688545942307
13.140000343322754,1.0041124820709229,49.43341064453125,0.049011003226041794,1000,1.0041124820709229,-0.0014590965583920479,0.004134549759328365,-0.0170466098934412,195.17430114746094,102.47250366210938,0.8446540236473083,2.2257072925567627,2.2257072925567627,1743314712.0063665,-0.003099312074482441,8899.596849113,40,86,0.30581265687942505,0,53.03905487060547,0.0767202377319336,0.01129615493118763,1720000.0,1.0041124820709229,4.199999966658652e-05,0.012056022882461548,0.25326448678970337,85,2.2257072925567627,0.23413194715976715,8787.044921875,0.7940757870674133,0.02855859138071537
14.529999732971191,1.0007429122924805,49.829769134521484,0.08536092936992645,1000,1.0007429122924805,0.0003837672993540764,0.004518317058682442,-0.016101982444524765,192.63893127441406,103.82117462158203,0.7193323969841003,2.2545225620269775,2.2545225620269775,1743314816.0038128,0.0009446274489164352,9010.188978374,40,87,0.30541762709617615,0,53.991363525390625,0.047485366463661194,0.014232698827981949,1740000.0,1.000742793083191,3.899999865097925e-05,0.011992579326033592,-0.29305094480514526,86,2.2545225620269775,0.23284821212291718,8890.9951171875,0.5010248422622681,-0.08783130347728729
11.270000457763672,0.998261570930481,58.648929595947266,0.1809413582086563,1000,0.998261570930481,0.001445405650883913,0.005963722709566355,-0.011645720340311527,180.95819091796875,110.52276611328125,0.9474029541015625,2.2836718559265137,2.2836718559265137,1743314926.595934,0.004456262104213238,9112.118417023,40,88,0.3040015697479248,0,51.87379837036133,0.07965176552534103,0.011464368551969528,1760000.0,0.998261570930481,3.600000127335079e-05,0.011494944803416729,-0.23478248715400696,87,2.2836718559265137,0.22820568084716797,9001.6943359375,0.2662423551082611,0.05130359157919884
13.140000343322754,1.0038090944290161,49.58958053588867,0.41714122891426086,1000,1.0038090944290161,-0.0014540194533765316,0.004509703256189823,-0.030848292633891106,196.3597412109375,101.85387420654297,0.5730745196342468,2.3136017322540283,2.3136017322540283,1743315028.5252414,-0.01920257229357958,9214.06887125,40,89,0.3050951063632965,0,52.264251708984375,0.11796069145202637,0.01170373149216175,1780000.0,1.0038090944290161,3.300000025774352e-05,0.012490443885326385,0.4269489347934723,88,2.3136017322540283,0.2317989319562912,9103.6171875,0.6931912899017334,0.015478769317269325
12.800000190734863,0.9983558654785156,49.67366027832031,0.43784523010253906,1000,0.9983558654785156,-0.0006059829611331224,0.0039037202950567007,-0.01602446660399437,196.3179931640625,101.87553405761719,1.5047025680541992,2.3441455364227295,2.3441455364227295,1743315130.4757957,0.014823826029896736,9316.69645164,40,90,0.30268561840057373,0,52.20183181762695,0.10512743890285492,0.011921410448849201,1800000.0,0.9983558654785156,2.9999999242136255e-05,0.01096621435135603,-0.2392166554927826,89,2.3441455364227295,0.22383928298950195,9205.568359375,0.4539746344089508,-0.11614898592233658
9.600000381469727,0.9999366998672485,50.30580139160156,0.46736809611320496,1000,0.9999366998672485,0.0003497146535664797,0.00425343494862318,-0.011870152316987514,195.00152587890625,102.56330108642578,1.3500275611877441,2.374417781829834,2.374417781829834,1743315233.1036053,0.004154314287006855,9418.418900315,40,91,0.29837697744369507,0,52.25745391845703,0.133812814950943,0.010083540342748165,1820000.0,0.9999366998672485,2.700000004551839e-05,0.010637170635163784,-0.16456681489944458,90,2.374417781829834,0.2095002382993698,9308.20703125,0.2894078195095062,-0.12390375882387161
8.229999542236328,1.0003641843795776,49.76535415649414,0.3627385199069977,1000,1.0003641843795776,0.0001815357245504856,0.004434970673173666,-0.008143696933984756,196.7416534423828,101.6561508178711,0.8766942620277405,2.404088020324707,2.404088020324707,1743315334.8257895,0.003726455383002758,9523.048944067,40,92,0.2966802418231964,0,51.8907585144043,0.08187726140022278,0.010616264306008816,1840000.0,1.0003641843795776,2.4000000848900527e-05,0.010671313852071762,-0.10600872337818146,91,2.404088020324707,0.20379337668418884,9409.927734375,0.18339909613132477,0.22518333792686462
7.900000095367432,0.9993451833724976,52.38387680053711,0.3092273771762848,1000,0.9993451833724976,0.0012877448461949825,0.0057227155193686485,-0.007946070283651352,191.288330078125,104.55420684814453,1.3091368675231934,2.4331326484680176,2.4331326484680176,1743315439.4557908,0.00019762665033340454,9625.28250669,40,93,0.29389646649360657,0,52.1702766418457,0.07855602353811264,0.00925143901258707,1860000.0,0.9993451833724976,2.099999983329326e-05,0.010608071461319923,-0.017745226621627808,92,2.4331326484680176,0.19437958300113678,9514.546875,0.16565386950969696,0.027323272079229355
4.690000057220459,1.0021259784698486,49.591365814208984,0.31278666853904724,1000,1.0021259784698486,-0.00159009313210845,0.004132622387260199,-0.012691376730799675,195.76365661621094,102.16400909423828,0.9646097421646118,2.4607415199279785,2.4607415199279785,1743315541.6893473,-0.004745306447148323,9726.729177694,40,94,0.2913743257522583,0,52.57259750366211,0.08097829669713974,0.009802509099245071,1880000.0,1.0021259784698486,1.8000000636675395e-05,0.010613594204187393,0.07449659705162048,93,2.4607415199279785,0.18571977317333221,9616.7861328125,0.24015046656131744,0.1152668446302414
4.570000171661377,1.000042200088501,49.40669250488281,0.19790859520435333,1000,1.000042200088501,-0.0007467390969395638,0.003385883290320635,-0.005457139573991299,197.92955017089844,101.04605865478516,0.6821611523628235,2.4870238304138184,2.4870238304138184,1743315643.1360927,0.007234237156808376,9838.113695658,40,95,0.2895646095275879,0,51.63932418823242,0.04887652024626732,0.00724629033356905,1900000.0,1.000042200088501,1.4999999621068127e-05,0.008935821242630482,-0.11503368616104126,94,2.4870238304138184,0.1794731765985489,9717.9052734375,0.12511678040027618,-0.08333489298820496
4.110000133514404,1.0001827478408813,58.9796257019043,0.19562332332134247,1000,1.0001827478408813,0.00017682882025837898,0.003562712110579014,-0.004991461988538504,179.81167602539062,111.22748565673828,0.5417137742042542,2.511981964111328,2.511981964111328,1743315754.520596,0.00046567758545279503,9939.839513996,40,96,0.2874804139137268,0,52.24782180786133,0.07844874262809753,0.007976056076586246,1920000.0,1.0001827478408813,1.2000000424450263e-05,0.009271864779293537,-0.021435894072055817,95,2.511981964111328,0.1722705215215683,9829.53125,0.10368088632822037,-0.020879000425338745
6.650000095367432,1.0012450218200684,49.25896072387695,0.2743297219276428,1000,1.0012450218200684,0.00017616222612559795,0.0037388743367046118,-0.016068238765001297,196.781982421875,101.63532257080078,0.5356332659721375,2.5364603996276855,2.5364603996276855,1743315856.2464714,-0.011076776776462793,10041.796243004,40,97,0.2874460220336914,0,52.376319885253906,0.06889273971319199,0.007969413883984089,1940000.0,1.0012449026107788,9.000000318337698e-06,0.010046456940472126,0.6456698998808861,96,2.5364603996276855,0.17219893634319305,9931.3232421875,0.7493507862091064,-0.2817220687866211
8.920000076293945,1.00026535987854,49.53530502319336,0.27995234727859497,1000,1.00026535987854,0.0005775073077529669,0.004316381644457579,-0.01188671588897705,196.34983825683594,101.8590087890625,0.4737016558647156,2.561140775680542,2.561140775680542,1743315958.203118,0.004181522876024246,10144.982114114,40,98,0.288063108921051,0,52.323665618896484,0.06507709622383118,0.00641609774902463,1960000.0,1.00026535987854,6.000000212225132e-06,0.008580387569963932,-0.10461592674255371,97,2.561140775680542,0.17435559630393982,10033.2734375,0.6447348594665527,-0.09493903070688248
7.239999771118164,0.9994345903396606,51.05310821533203,0.2528880834579468,1000,0.9994345903396606,-0.00011484045535326004,0.004201541189104319,-0.010752834379673004,193.98117065429688,103.10279083251953,1.3250519037246704,2.585543155670166,2.585543155670166,1743316061.3890302,0.0011338815093040466,10246.958576755,40,99,0.28754979372024536,0,52.04964828491211,0.06297168880701065,0.006158747710287571,1980000.0,0.9994345903396606,3.000000106112566e-06,0.008511192165315151,-0.061396121978759766,98,2.585543155670166,0.17257040739059448,10136.47265625,0.583338737487793,-0.30098703503608704
9.079999923706055,1.0008682012557983,49.57127380371094,0.41984325647354126,1000,1.0008682012557983,-0.00032870867289602757,0.003872832516208291,-0.005631952080875635,196.29115295410156,101.88946533203125,1.7348636388778687,2.6102123260498047,2.6102123260498047,1743316163.3655088,0.005120882298797369,10247.655317263,40,100,0.28700464963912964,0,52.31814956665039,0.11734901368618011,0.003726204624399543,2000000.0,1.0008682012557983,0.0,0.006423324812203646,-0.04772919416427612,99,2.6102123260498047,0.1706719994544983,10238.4462890625,0.5356095433235168,0.32694655656814575
