_timestamp,Loss/Loss_pi/Delta,Time/Rollout,Time/FPS,Train/PolicyStd,Metrics/EpCost,Misc/Nu_star,Loss/Loss_cost_critic,Misc/cost_gradient_norm,Train/PolicyRatio/Min,Value/Adv,Train/Entropy,Loss/Loss_reward_critic,Misc/OptimCase,Misc/Alpha,Train/StopIter,Time/Epoch,Loss/Loss_cost_critic/Delta,Misc/H_inv_g,Value/reward,Misc/AcceptanceStep,Misc/r,Misc/gradient_norm,Train/PolicyRatio/Std,TotalEnvSteps,Misc/B,Train/Epoch,Misc/xHx,Value/cost,_step,Train/LR,Misc/FinalStepNorm,Time/Total,Train/PolicyRatio/Max,Time/Update,Loss/Loss_pi,Misc/A,Train/PolicyRatio,Misc/s,_runtime,Misc/q,Metrics/EpLen,Loss/Loss_reward_critic/Delta,Metrics/EpRet,Misc/Lambda_star,Train/KL
1743306012.5629077,-0.003808261128142476,77.3990478515625,232.10537719726562,1.0171113014221191,55.95000076293945,0.9776091575622559,8.254852294921875,0.1094563752412796,1.00103759765625,1.5258788677030566e-09,1.4356690645217896,0.007762059103697538,0,1.7618434429168701,10,86.16776275634766,8.254852294921875,0.18537867069244385,-0.05293610319495201,1,0.0017181654693558812,0.0721924901008606,0.0007336923154070973,20000.0,-149589.359375,0,0.00644309725612402,0.14461389183998108,1,0,0.32885614037513733,86.1685791015625,1.00103759765625,8.76869010925293,-0.003808261128142476,0.006302028428763151,1.00103759765625,0.02092662826180458,171.778573787,0.00644309725612402,1000,0.007762059103697538,0.28974729776382446,0,0.00013049055996816605
1743306097.2025728,-0.002011507051065564,75.83792114257812,236.45823669433594,1.0241849422454834,95.07499694824219,0.5623574256896973,7.020633697509766,0.22532621026039124,0.9999601244926453,1.2207030941624453e-08,1.4427372217178345,0.00449804263189435,0,1.4894325733184814,10,84.58153533935547,-1.2342185974121094,0.2221781462430954,-0.03744779899716377,1,0.00601591169834137,0.08468902111053467,2.8238451704964973e-05,40000.0,-142931.328125,1,0.009015458635985851,0.8100506067276001,2,0,0.32727494835853577,170.83055114746094,0.9999601244926453,8.74359130859375,-0.00581976817920804,0.008443192578852177,0.9999601244926453,0.06324192881584167,256.823856535,0.009015458635985851,1000,-0.0032640164718031883,-0.311432421207428,0,0.00014463800471276045
1743306182.2477946,0.0033317403867840767,76.22350311279297,235.318359375,1.0291211605072021,73.11666870117188,0.8177222609519958,2.339988946914673,0.12285193055868149,0.9988273978233337,0.0,1.4474390745162964,0.0034167044796049595,0,1.1848399639129639,10,84.99124908447266,-4.680644750595093,0.26332059502601624,-0.053494811058044434,1,0.005834215320646763,0.11443769186735153,0.0008291690028272569,60000.0,-178736.984375,2,0.014246569946408272,0.9660603404045105,3,0,0.33984437584877014,255.87945556640625,0.9988273978233337,8.767719268798828,-0.0024880277924239635,0.01310855895280838,0.9988273978233337,0.029910121113061905,342.119406209,0.014246569946408272,1000,-0.0010813381522893906,-0.49255430698394775,0,0.00012926867930218577
1743306267.543368,0.0023069019662216306,76.47813415527344,234.67591857910156,1.0368825197219849,58.29999923706055,1.1223336458206177,1.7860960960388184,0.09919276088476181,1.000821590423584,-1.1444091230217168e-09,1.454999566078186,0.004838038235902786,0,1.395984172821045,10,85.22390747070312,-0.5538928508758545,0.229315847158432,-0.07044153660535812,1,0.005519522819668055,0.08812478184700012,0.0005809521535411477,80000.0,-214067.65625,3,0.010262863710522652,0.8896661996841431,4,0,0.3362850844860077,341.1573791503906,1.000821590423584,8.745757102966309,-0.00018112582620233297,0.008344119414687157,1.000821590423584,0.015877632424235344,427.291349178,0.010262863710522652,1000,0.0014213337562978268,-0.7902167439460754,0,0.00013576881610788405
1743306352.7153118,-0.0020622193114832044,76.3319091796875,235.0322723388672,1.0295013189315796,49.119998931884766,1.3284783363342285,1.215591311454773,0.11289481818675995,0.9989209175109863,0.0,1.4479578733444214,0.0045243799686431885,0,1.092161774635315,10,85.09469604492188,-0.5705047845840454,0.24114136397838593,-0.09190113842487335,1,0.0021776228677481413,0.21614059805870056,0.0007630546460859478,100000.0,-212909.796875,4,0.016767017543315887,0.7217822074890137,5,0,0.3112095892429352,426.32177734375,0.9989209175109863,8.762767791748047,-0.0022433451376855373,0.016348566859960556,0.9989209175109863,0.011332367546856403,512.513797894,0.016767017543315887,1000,-0.0003136582672595978,-0.8587134480476379,0,0.0001804289495339617
1743306437.93774,-0.0024161450564861298,76.3667221069336,234.83506774902344,1.0364168882369995,39.09000015258789,1.1149033308029175,1.0825594663619995,0.06600980460643768,0.99931401014328,1.2588500908350397e-08,1.4546703100204468,0.0059829894453287125,0,0.9668598771095276,10,85.16615295410156,-0.13303184509277344,0.26585981249809265,-0.09710744023323059,1,-0.0002955984091386199,0.24699214100837708,0.0004850540426559746,120000.0,-94967.6328125,5,0.021394528448581696,1.24492609500885,6,0,0.37095722556114197,511.5663146972656,0.99931401014328,8.799408912658691,-0.004659490194171667,0.021389096975326538,0.99931401014328,0.016089973971247673,597.963421132,0.021394528448581696,1000,0.001458609476685524,-1.2671194076538086,0,8.8369422883261e-05
1743306523.3874383,0.002124718390405178,76.59481048583984,234.2124786376953,1.0423334836959839,16.75,1.3529962301254272,1.2390162944793701,0.07270850986242294,1.000176191329956,4.577636492086867e-09,1.460137963294983,0.006359381135553122,0,1.051403284072876,10,85.39254760742188,0.1564568281173706,0.20624104142189026,-0.14207011461257935,1,0.0011635494884103537,0.2724599540233612,0.00012458613491617143,140000.0,-25679.84765625,6,0.018092187121510506,0.5916290283203125,7,0,0.36412811279296875,597.0159912109375,1.000176191329956,8.797718048095703,-0.002534771803766489,0.01796826906502247,1.0001760721206665,0.010925376787781715,683.213776688,0.018092187121510506,1000,0.0003763916902244091,-1.5007208585739136,0,0.00010381796164438128
1743306608.6377816,-0.00039832713082432747,76.4004135131836,234.79115295410156,1.0569998025894165,14.789999961853027,1.3578128814697266,1.220155954360962,0.10318639129400253,1.0013301372528076,-2.6702879907247734e-08,1.4736829996109009,0.006954205222427845,0,1.5471214056015015,10,85.18208312988281,-0.018860340118408203,0.18957184255123138,-0.13580892980098724,1,0.0010136484634131193,0.10264301300048828,0.0009404366719536483,160000.0,-20164.419921875,7,0.008355658501386642,0.18067006766796112,8,0,0.34365761280059814,682.2533569335938,1.0013301372528076,8.781654357910156,-0.0029330989345908165,0.008260942064225674,1.001330018043518,0.010848002508282661,768.653224239,0.008355658501386642,1000,0.0005948240868747234,-2.0619637966156006,0,0.00012728909496217966
1743306694.077188,0.0013741853181272745,76.5868148803711,234.23846435546875,1.0764765739440918,14.0,1.6219956874847412,0.8903059959411621,0.07335726916790009,1.0001933574676514,-1.4495848965623281e-08,1.4915982484817505,0.006079941522330046,0,0.8827953934669495,10,85.3830795288086,-0.3298499584197998,0.2741796374320984,-0.15186868607997894,1,0.001395328901708126,0.2933270335197449,0.0001366119977319613,180000.0,-25782.5078125,8,0.025663135573267937,0.9931642413139343,9,0,0.36930662393569946,767.7061767578125,1.0001933574676514,8.796239852905273,-0.001558913616463542,0.025407027453184128,1.0001932382583618,0.007602037861943245,854.156258297,0.025663135573267937,1000,-0.0008742637000977993,-2.193075656890869,0,9.211112046614289e-05
1743306779.580248,-0.0035563723649829626,76.6496810913086,234.11253356933594,1.078391432762146,20.1299991607666,0.9505429267883301,1.692478895187378,0.14018522202968597,1.000197410583496,-7.629394005448376e-09,1.4934234619140625,0.0063988580368459225,0,1.1799697875976562,10,85.42900848388672,0.8021728992462158,0.2560650706291199,-0.1642737239599228,1,0.00033970363438129425,0.10985895991325378,0.0001395903673255816,200000.0,-18306.298828125,9,0.014364414848387241,0.25025323033332825,10,0,0.36309775710105896,853.1918334960938,1.000197410583496,8.779287338256836,-0.005115285981446505,0.014359201304614544,1.000197410583496,0.02213534712791443,939.730402294,0.014364414848387241,1000,0.00031891651451587677,-2.426373243331909,0,0.0001074134124792181
1743306865.1544445,0.002803096082061529,76.6768569946289,233.89015197753906,1.0598196983337402,22.049999237060547,1.0756611824035645,1.487200140953064,0.1067909300327301,0.9995145797729492,3.6239622414058204e-09,1.4764714241027832,0.007053812500089407,0,1.0300201177597046,10,85.51022338867188,-0.20527875423431396,0.2487214207649231,-0.2240816354751587,1,0.0033320975489914417,0.2540559768676758,0.00034324394073337317,220000.0,-28127.935546875,10,0.018851174041628838,1.099859595298767,11,0,0.3536415100097656,938.77490234375,0.9995145797729492,8.83334732055664,-0.0023121898993849754,0.01820884644985199,0.9995145797729492,0.01728537306189537,1025.193065706,0.018851174041628838,1000,0.0006549544632434845,-2.7725934982299805,0,0.00012039161811117083
1743306950.617127,-0.0030707442201673985,76.603759765625,234.19569396972656,1.069470763206482,19.68000030517578,1.3640528917312622,1.3319494724273682,0.09783759713172913,1.001758337020874,3.051757735406113e-09,1.4859143495559692,0.007625994272530079,0,1.0803059339523315,10,85.39866638183594,-0.1552506685256958,0.19830895960330963,-0.2432224601507187,1,-0.0005998915294185281,0.3455126881599426,0.0012432197108864784,240000.0,-36031.50390625,11,0.017137056216597557,1.0985389947891235,12,0,0.3509131968021393,1024.239013671875,1.001758337020874,8.794885635375977,-0.005382934119552374,0.01710357703268528,1.0017582178115845,0.010748977772891521,1110.761915659,0.017137056216597557,1000,0.0005721817724406719,-3.1264519691467285,0,0.0001237725664395839
1743307036.185933,0.004643358231987804,76.72390747070312,233.89588928222656,1.0831342935562134,18.219999313354492,1.4623161554336548,0.6736494302749634,0.07302338629961014,1.000178575515747,-1.3732909920349812e-08,1.4987808465957642,0.008603962138295174,0,0.8712051510810852,10,85.50813293457031,-0.6583000421524048,0.288542777299881,-0.21800322830677032,1,0.002162701217457652,0.311236172914505,0.00012621576024685055,260000.0,-35493.51953125,12,0.026350507512688637,1.2490712404251099,13,0,0.3797176778316498,1109.814208984375,1.000178575515747,8.784196853637695,-0.0007395758875645697,0.02585042081773281,1.0001784563064575,0.009352914057672024,1196.018509115,0.026350507512688637,1000,0.0009779678657650948,-2.978689670562744,0,9.583555220160633e-05
1743307121.4425054,0.00048642081674188375,76.32752990722656,234.79405212402344,1.0813847780227661,16.350000381469727,1.9855045080184937,0.4336899220943451,0.10271938890218735,0.9997725486755371,4.577636492086867e-09,1.496979832649231,0.009977718815207481,0,1.1457898616790771,10,85.1810302734375,-0.2399595081806183,0.21723303198814392,-0.2634611129760742,1,0.0016624064883217216,0.27327796816825867,0.0001608604652574286,280000.0,-52692.296875,13,0.015234203077852726,0.9939355254173279,14,0,0.3386882245540619,1195.052734375,0.9997725486755371,8.853475570678711,-0.00025315507082268596,0.014689466916024685,0.9997725486755371,0.005073263309895992,1281.718232174,0.015234203077852726,1000,0.0013737566769123077,-3.1058754920959473,0,0.00015437763067893684
1743307207.1422992,-0.00636702572228387,76.73372650146484,233.55372619628906,1.0858783721923828,9.550000190734863,1.6958318948745728,0.652737557888031,0.10883913934230804,1.0006341934204102,-1.9836425835251248e-08,1.5011736154556274,0.010098578408360481,0,1.0803639888763428,10,85.6333999633789,0.2190476357936859,0.20504137873649597,-0.2751213014125824,1,-0.0029744624625891447,0.352506548166275,0.0004483862721826881,300000.0,-13114.1982421875,14,0.017135214060544968,1.3457720279693604,15,0,0.31738585233688354,1280.7607421875,1.0006341934204102,8.899648666381836,-0.006620180793106556,0.015863021835684776,1.0006341934204102,0.006954465992748737,1369.37783471,0.017135214060544968,1000,0.00012085959315299988,-3.5348377227783203,0,0.00013407495862338692
1743307294.8017876,0.0035368597600609064,78.56611633300781,228.29513549804688,1.08515202999115,7.369999885559082,1.6483807563781738,0.5419926047325134,0.07410227507352829,0.9996169805526733,-6.103515470812226e-09,1.5004950761795044,0.010728821158409119,0,1.0576139688491821,10,87.60589599609375,-0.11074495315551758,0.2599097788333893,-0.2591370940208435,1,-0.00018154137069359422,0.15627942979335785,0.00027089184732176363,320000.0,-7379.36376953125,15,0.01788032427430153,1.338318943977356,16,0,0.3444148302078247,1368.4337158203125,0.9996169805526733,9.03976058959961,-0.0030833210330456495,0.017875846475362778,0.9996169209480286,0.007360618561506271,1457.356841557,0.01788032427430153,1000,0.0006302427500486374,-3.486140251159668,0,0.0001182546402560547
1743307382.7808938,0.0008620941080152988,78.90389251708984,227.46728515625,1.0717308521270752,7.340000152587891,1.5492892265319824,0.5219053030014038,0.09641125798225403,1.0003726482391357,2.2888182460434336e-09,1.4879251718521118,0.01210519578307867,0,1.0387650728225708,10,87.92473602294922,-0.02008730173110962,0.2692570686340332,-0.3226489722728729,1,0.0008001020178198814,0.106395423412323,0.0002633896947372705,340000.0,-6465.8525390625,16,0.018535109236836433,0.9946236610412598,17,0,0.3561939001083374,1456.4122314453125,1.0003726482391357,9.020819664001465,-0.0022212269250303507,0.018458280712366104,1.0003725290298462,0.00833229161798954,1544.675271662,0.018535109236836433,1000,0.0013763746246695518,-3.469221830368042,0,0.00010887606185860932
1743307470.0992289,-0.0009754495695233345,78.2997055053711,229.2682342529297,1.0562981367111206,6.139999866485596,1.528128981590271,0.5487778186798096,0.061243388801813126,1.0000715255737305,7.629394005448376e-09,1.4735698699951172,0.012060578912496567,0,1.0264066457748413,10,87.23406982421875,0.02687251567840576,0.22218792140483856,-0.3248017132282257,1,2.12622107937932e-05,0.2948938310146332,5.063247590442188e-05,360000.0,-4401.744140625,17,0.01898413524031639,1.0572876930236816,18,0,0.36348026990890503,1543.7000732421875,1.0000715255737305,8.934343338012695,-0.003196676494553685,0.018984083086252213,1.0000715255737305,0.008564647287130356,1631.872182631,0.01898413524031639,1000,-4.461687058210373e-05,-3.8616912364959717,0,0.0001061696166289039
1743307557.2957122,0.0011220814194530249,78.15901184082031,229.59864807128906,1.0639032125473022,6.329999923706055,2.4780726432800293,0.31750059127807617,0.049083489924669266,1.0007474422454834,9.918212917625624e-09,1.4806818962097168,0.019812509417533875,0,0.8492326140403748,10,87.10852813720703,-0.2312772274017334,0.2404659390449524,-0.4123518466949463,1,9.339401731267571e-05,0.45586156845092773,0.0005284652579575777,380000.0,-12302.8232421875,18,0.027731703594326973,0.6892490386962891,19,0,0.3407909572124481,1630.8909912109375,1.0007474422454834,8.949488639831543,-0.0020745950751006603,0.02772902511060238,1.0007473230361938,0.0032568711321800947,1719.006044016,0.027731703594326973,1000,0.007751930505037308,-4.355374813079834,0,0.00011846929555758834
1743307644.4299607,-0.0019118604250252247,78.09089660644531,229.72276306152344,1.079121470451355,5.230000019073486,3.263267755508423,0.23410269618034363,0.038229309022426605,0.9984113574028015,-1.7356871495621817e-08,1.4949573278427124,0.01546966377645731,0,1.1032108068466187,10,87.06147003173828,-0.08339789509773254,0.18602551519870758,-0.3895578980445862,1,-0.0009373137727379799,0.3350846469402313,0.0011233258992433548,400000.0,-14563.9189453125,19,0.01643284223973751,0.5936377644538879,20,0,0.33717843890190125,1718.05126953125,0.9984113574028015,8.970544815063477,-0.003986455500125885,0.015965057536959648,0.9984113574028015,0.001878115232102573,1806.17706442,0.01643284223973751,1000,-0.004342845641076565,-4.519163608551025,0,0.00012840058479923755
1743307731.6010227,0.001183507265523076,78.1881332397461,229.60414123535156,1.0938400030136108,4.960000038146973,2.640380382537842,0.267770916223526,0.04338528960943222,1.001052737236023,-1.1444091230217168e-09,1.5084670782089233,0.011514747515320778,0,1.0908865928649902,10,87.1064453125,0.03366822004318237,0.20558612048625946,-0.3588625192642212,1,-7.695039676036686e-05,0.2906376123428345,0.0007443695212714374,420000.0,-8575.6162109375,20,0.016806241124868393,0.6832537055015564,21,0,0.3571922183036804,1805.2222900390625,1.001052737236023,8.918292045593262,-0.002802948234602809,0.016804177314043045,1.001052737236023,0.0028687685262411833,1893.71364608,0.016806241124868393,1000,-0.003954916261136532,-4.661279201507568,0,0.00010298070264980197
1743307819.1375947,-0.0027981188613921404,78.54510498046875,228.68360900878906,1.103800892829895,5.900000095367432,0.9879931211471558,0.8055848479270935,0.1468719244003296,0.9992396831512451,-3.8146971692576415e-10,1.5167237520217896,0.012352406047284603,0,1.0098119974136353,10,87.45707702636719,0.5378139317035675,0.2157313972711563,-0.39382416009902954,1,-0.00019760848954319954,0.3196445107460022,0.0005376252229325473,440000.0,-1698.93505859375,21,0.01961321011185646,0.7288193702697754,22,0,0.3378974497318268,1892.742919921875,0.9992396831512451,8.911947250366211,-0.005601067095994949,0.019611304625868797,0.9992396831512451,0.020489055663347244,1980.23267188,0.01961321011185646,1000,0.0008376585319638252,-4.792311191558838,0,0.00012660544598475099
1743307905.6567252,0.0004901913926005363,77.6048583984375,231.35467529296875,1.1088145971298218,9.84000015258789,0.9081248641014099,1.2416343688964844,0.15721870958805084,0.999776303768158,1.907348501362094e-09,1.5210098028182983,0.01086217351257801,0,0.794157087802887,10,86.44735717773438,0.43604952096939087,0.26861438155174255,-0.45437324047088623,1,0.000689326785504818,0.39954376220703125,0.0001581911783432588,460000.0,-3992.539306640625,22,0.03171151503920555,0.8256335854530334,23,0,0.3245698809623718,1979.2713623046875,0.999776303768158,8.84247875213623,-0.005110875703394413,0.03169192001223564,0.999776303768158,0.024251502007246017,2065.70832012,0.03171151503920555,1000,-0.0014902325347065926,-4.911937713623047,0,0.00013759882131125778
1743307991.1322908,0.0010435236617922783,76.61286926269531,234.1671142578125,1.116150975227356,11.720000267028809,1.243162751197815,0.7152370810508728,0.10881026089191437,1.0005286931991577,-9.155272984173735e-09,1.5279699563980103,0.011428161524236202,0,0.9309461712837219,10,85.40908813476562,-0.5263972878456116,0.29272350668907166,-0.3741210997104645,1,-2.9239425202831626e-05,0.13015413284301758,0.0003738706582225859,480000.0,-10614.033203125,23,0.023077070713043213,0.8561527132987976,24,0,0.3592280149459839,2064.750732421875,1.0005286931991577,8.796184539794922,-0.004067352041602135,0.02307700552046299,1.0005286931991577,0.012941173277795315,2151.574190457,0.023077070713043213,1000,0.0005659880116581917,-4.578821659088135,0,0.00010085650865221396
1743308076.9982052,0.00132076651789248,76.93761444091797,233.11709594726562,1.1041020154953003,11.4399995803833,2.5937163829803467,0.41207507252693176,0.04540356621146202,1.0001811981201172,-4.577636492086867e-09,1.517590880393982,0.015113715082406998,0,0.8939437866210938,10,85.79379272460938,-0.30316200852394104,0.21775542199611664,-0.4576972723007202,1,-0.00016459741163998842,0.42975232005119324,0.00012812642671633512,500000.0,-44021.703125,24,0.025027038529515266,0.7871909141540527,25,0,0.3527084290981293,2150.61083984375,1.0001811981201172,8.856160163879395,-0.002746585523709655,0.02501792460680008,1.0001811981201172,0.0029729220550507307,2237.235366536,0.025027038529515266,1000,0.0036855535581707954,-4.500992298126221,0,0.00010844635835383087
1743308162.659434,-0.0014475628267973661,76.7538833618164,233.65573120117188,1.0998328924179077,13.670000076293945,1.1007254123687744,0.6953290104866028,0.12069383263587952,1.000236988067627,-9.918212917625624e-09,1.5136003494262695,0.018090754747390747,0,0.8098651170730591,10,85.59601593017578,0.283253937959671,0.2841948866844177,-0.48989012837409973,1,0.0013717925176024437,0.3798626959323883,0.0001675758685451001,520000.0,-11320.46484375,25,0.030493304133415222,0.8906927704811096,26,0,0.3526388704776764,2236.279052734375,1.000236988067627,8.842111587524414,-0.004194148350507021,0.03037930466234684,1.000236988067627,0.016507137566804886,2323.276179474,0.030493304133415222,1000,0.0029770396649837494,-4.864717960357666,0,0.00012847640027757734
1743308248.7002327,-0.002248347271233797,77.11869049072266,232.72080993652344,1.1026736497879028,12.010000228881836,1.5889941453933716,0.4431629776954651,0.1520802229642868,0.9998170733451843,6.103515470812226e-09,1.5156360864639282,0.011324404738843441,0,0.8885935544967651,10,85.93988800048828,-0.2521660327911377,0.26919329166412354,-0.37076082825660706,1,-0.002878484781831503,0.35715195536613464,0.00012933462858200073,540000.0,-18209.591796875,26,0.02532931976020336,1.0860941410064697,27,0,0.29807087779045105,2322.28369140625,0.9998170733451843,8.821181297302246,-0.006442495621740818,0.02428329363465309,0.9998170733451843,0.007921087555587292,2408.981179797,0.02532931976020336,1000,-0.006766350008547306,-4.691005706787109,0,0.00016689002222847193
1743308334.4051588,0.003273059381172061,76.78728485107422,233.52468872070312,1.1090973615646362,8.359999656677246,1.4854480028152466,0.6932278275489807,0.11939921975135803,1.0012671947479248,-4.577636492086867e-09,1.5218149423599243,0.014398530125617981,0,1.0863138437271118,10,85.64405059814453,0.2500648498535156,0.2403847724199295,-0.3740880787372589,1,0.001144782523624599,0.17901919782161713,0.0008959295810200274,560000.0,-7710.744140625,27,0.016948025673627853,0.5435247421264648,28,0,0.3295964300632477,2408.02880859375,1.0012671947479248,8.856739044189453,-0.003169436240568757,0.0168034378439188,1.0012670755386353,0.00906389020383358,2494.741865339,0.016948025673627853,1000,0.00307412538677454,-4.3853325843811035,0,0.00011373925372026861
1743308420.1659172,-0.005244652507826686,76.89517211914062,233.43270874023438,1.1136060953140259,9.760000228881836,0.9007015824317932,0.8489740490913391,0.2041042298078537,0.9997970461845398,4.1961669694501325e-09,1.5260440111160278,0.012541689909994602,0,1.0500143766403198,10,85.67779541015625,0.1557462215423584,0.2722495198249817,-0.3722935616970062,1,-0.0038357917219400406,0.11178521066904068,0.00014349597040563822,580000.0,-3863.9306640625,28,0.01814008131623268,0.621973991394043,29,0,0.3401324152946472,2493.768310546875,0.9997970461845398,8.782583236694336,-0.008414088748395443,0.017543263733386993,0.9997970461845398,0.024652894586324692,2580.213155731,0.01814008131623268,1000,-0.0018568402156233788,-4.229654312133789,0,0.00013271540228743106
1743308505.637228,0.004011307377368212,76.56111145019531,234.1815643310547,1.1029778718948364,10.0,1.897401213645935,0.35358405113220215,0.08237429708242416,0.9993755221366882,6.866454960174906e-09,1.5162529945373535,0.014533940702676773,0,1.018417239189148,10,85.40382385253906,-0.49538999795913696,0.26519858837127686,-0.32093992829322815,1,-0.001354522886686027,0.129471555352211,0.00044158659875392914,600000.0,-18000.638671875,29,0.01928316429257393,0.6311648488044739,30,0,0.3417118191719055,2579.254150390625,0.9993755221366882,8.842687606811523,-0.004402781371027231,0.018952900543808937,0.9993755221366882,0.005555342882871628,2665.849634917,0.01928316429257393,1000,0.001992250792682171,-3.8747732639312744,0,0.00012112494005123153
1743308591.27372,0.0029605552554130554,76.77606201171875,233.75689697265625,1.0940710306167603,7.78000020980835,2.288668155670166,0.37329497933387756,0.08707462251186371,1.0002254247665405,1.5258788677030566e-09,1.5080240964889526,0.013748950324952602,0,0.9816789031028748,10,85.55897521972656,0.019710928201675415,0.2768896818161011,-0.28763535618782043,1,0.0005256118602119386,0.1431383490562439,0.0001594274799572304,620000.0,-15852.376953125,30,0.02075347676873207,0.5230351090431213,31,0,0.3454868197441101,2664.879638671875,1.0002254247665405,8.782892227172852,-0.0014422261156141758,0.020681122317910194,1.0002254247665405,0.00381823955103755,2751.371537911,0.02075347676873207,1000,-0.0007849903777241707,-3.3948497772216797,0,0.00015093717956915498
1743308676.795603,-0.002636524848639965,76.63053894042969,234.05337524414062,1.1022977828979492,7.03000020980835,2.5051183700561523,0.2657555341720581,0.06497761607170105,0.9996318221092224,-8.392333938900265e-09,1.515892505645752,0.010539770126342773,0,0.93294358253479,10,85.45059204101562,-0.10753944516181946,0.2786644697189331,-0.33556151390075684,1,-0.0014633345417678356,0.18867619335651398,0.0002603551256470382,640000.0,-15507.318359375,31,0.022978363558650017,0.3645119369029999,32,0,0.3259279727935791,2750.407958984375,0.9996318221092224,8.820024490356445,-0.004078750964254141,0.022306449711322784,0.9996318221092224,0.0031869267113506794,2836.975507289,0.022978363558650017,1000,-0.003209180198609829,-3.241114854812622,0,0.00014440607628785074
1743308762.3994982,0.0022255924995988607,76.74368286132812,233.84373474121094,1.1043483018875122,6.010000228881836,2.019700288772583,0.22849048674106598,0.06402171403169632,0.9989783763885498,1.5258788677030566e-09,1.5178531408309937,0.009549664333462715,0,1.060833215713501,10,85.52720642089844,-0.037265047430992126,0.25070634484291077,-0.35810136795043945,1,2.644455526024103e-05,0.17899666726589203,0.0007223969441838562,660000.0,-7367.01708984375,32,0.017771970480680466,0.5007979869842529,33,0,0.36229151487350464,2836.0068359375,0.9989783763885498,8.78349781036377,-0.0018531584646552801,0.017771827057003975,0.9989783763885498,0.0049029248766601086,2922.50400804,0.017771970480680466,1000,-0.0009901057928800583,-3.199131965637207,0,0.00010653683420969173
1743308847.9279573,-0.002717335009947419,76.6455078125,234.06158447265625,1.096828818321228,4.320000171661377,1.079840064048767,0.3906344175338745,0.1476917266845703,0.9991318583488464,1.907348501362094e-09,1.511123776435852,0.010749162174761295,0,0.8908625841140747,10,85.44760131835938,0.16214393079280853,0.288484126329422,-0.3621754050254822,1,-0.0010600411333143711,0.2584473788738251,0.000613854790572077,680000.0,-1088.048828125,33,0.025200454518198967,0.4118213951587677,34,0,0.35043084621429443,2921.531494140625,0.9991318583488464,8.802069664001465,-0.004570493474602699,0.025134939700365067,0.9991318583488464,0.0171518474817276,3008.22723996,0.025200454518198967,1000,0.0011994978412985802,-3.2680628299713135,0,0.0001135098937083967
1743308933.6512663,0.0018523239996284246,76.83181762695312,233.4904327392578,1.0988759994506836,4.289999961853027,2.534360885620117,0.3219316303730011,0.054519716650247574,0.9997023344039917,4.577636492086867e-09,1.513137936592102,0.009454778395593166,0,1.040073275566101,10,85.6566162109375,-0.06870278716087341,0.2735905945301056,-0.34045135974884033,1,-0.00020069736638106406,0.164197638630867,0.00021048137568868697,700000.0,-5910.44287109375,34,0.018488509580492973,0.3798457086086273,35,0,0.3373175859451294,3007.268310546875,0.9997023344039917,8.824772834777832,-0.0027181694749742746,0.018475573509931564,0.9997022747993469,0.0031138071790337563,3093.679856155,0.018488509580492973,1000,-0.001294383779168129,-3.208142042160034,0,0.00013286320609040558
1743309019.1038744,0.0011323622893542051,76.60317993164062,234.20742797851562,1.1019095182418823,4.059999942779541,2.6967506408691406,0.19254936277866364,0.0370345413684845,0.9988030195236206,3.051757735406113e-09,1.5159530639648438,0.01033239159733057,0,1.1892141103744507,10,85.3943862915039,-0.12938226759433746,0.24399007856845856,-0.2989528179168701,1,-0.00016626196156721562,0.07913710922002792,0.0008464211132377386,720000.0,-5993.79931640625,35,0.014141959138214588,0.3256221115589142,36,0,0.37093743681907654,3092.728759765625,0.9988030195236206,8.7911958694458,-0.0015858071856200695,0.014131907373666763,0.9988029599189758,0.002750089392066002,3179.444968453,0.014141959138214588,1000,0.0008776132017374039,-3.133321523666382,0,8.47805495141074e-05
1743309104.869023,0.001604449120350182,76.9462890625,233.398193359375,1.1047019958496094,3.549999952316284,3.532442569732666,0.13166002929210663,0.05298472195863724,1.001023769378662,7.629394005448376e-09,1.5184606313705444,0.010485993698239326,0,1.0984829664230347,10,85.69046783447266,-0.06088933348655701,0.25162509083747864,-0.295320063829422,1,0.0007580335368402302,0.12905558943748474,0.0007239142432808876,740000.0,-7862.775390625,36,0.016574600711464882,0.2776002585887909,37,0,0.341970294713974,3178.479248046875,1.001023769378662,8.744160652160645,1.8641934730112553e-05,0.0162160936743021,1.001023769378662,0.0016027914825826883,3265.017894186,0.016574600711464882,1000,0.00015360210090875626,-3.1414954662323,0,0.00012852426152676344
1743309190.441877,-0.0032631169306114316,76.64433288574219,233.92335510253906,1.0959488153457642,3.359999895095825,2.876532554626465,0.09537602961063385,0.035452909767627716,1.0005873441696167,-7.629394005448376e-09,1.5104819536209106,0.009814209304749966,0,1.1781405210494995,10,85.49809265136719,-0.03628399968147278,0.2395988255739212,-0.2721686363220215,1,-0.0009487980278208852,0.13316844403743744,0.0004152869223617017,760000.0,-4670.7353515625,37,0.014409054070711136,0.30689287185668945,38,0,0.3638255298137665,3264.052001953125,1.0005873441696167,8.853731155395508,-0.003244474995881319,0.014036614447832108,1.0005873441696167,0.0024170721881091595,3350.922887435,0.014409054070711136,1000,-0.0006717843934893608,-2.8668124675750732,0,0.00010539655340835452
1743309276.3469167,0.002473183674737811,77.00215911865234,232.96261596679688,1.0908910036087036,3.0199999809265137,1.8196965456008911,0.38626328110694885,0.0554099902510643,0.9992917776107788,-9.155272984173735e-09,1.5059159994125366,0.008466873317956924,0,1.093432068824768,10,85.8506851196289,0.290887251496315,0.2311764359474182,-0.26647037267684937,1,0.0015036811819300056,0.19614435732364655,0.0005008450825698674,780000.0,-1509.996826171875,38,0.016728082671761513,0.2529616355895996,39,0,0.38260895013809204,3349.977783203125,0.9992917776107788,8.848508834838867,-0.000771291321143508,0.016353731974959373,0.999291718006134,0.006039922125637531,3436.39323138,0.016728082671761513,1000,-0.0013473359867930412,-2.8747828006744385,0,8.248288213508204e-05
1743309361.8172655,0.001241267309524119,76.56117248535156,234.17437744140625,1.0864909887313843,2.380000114440918,3.0027365684509277,0.14887027442455292,0.07282444834709167,1.0006940364837646,2.479553229406406e-09,1.5018763542175293,0.007908922620117664,0,0.991669774055481,10,85.40644073486328,-0.23739300668239594,0.26828712224960327,-0.27091023325920105,1,0.001066666329279542,0.14474771916866302,0.0004907016991637647,800000.0,-2553.61279296875,39,0.020337410271167755,0.4212315082550049,40,0,0.34239518642425537,3435.43701171875,1.0006940364837646,8.845248222351074,0.00046997598838061094,0.019824476912617683,1.000693917274475,0.0022181635722517967,3522.182028422,0.020337410271167755,1000,-0.0005579506978392601,-2.8095507621765137,0,0.00010891712008742616
1743309447.6061003,0.0005240371683612466,76.89762878417969,233.31007385253906,1.0894420146942139,1.9700000286102295,11.474818229675293,0.0678461417555809,0.012236709706485271,1.0012681484222412,-8.77380390562621e-09,1.5045663118362427,0.008371266536414623,0,1.1014918088912964,10,85.72283172607422,-0.08102413266897202,0.24545955657958984,-0.26548221707344055,1,0.00019938882905989885,0.11553827673196793,0.0008966039749793708,820000.0,-25550.169921875,40,0.016484173014760017,0.2805083096027374,41,0,0.313011109828949,3521.22509765625,1.0012681484222412,8.825180053710938,0.0009940131567418575,0.016222437843680382,1.0012680292129517,0.0001518831995781511,3607.986648502,0.016484173014760017,1000,0.0004623439162969589,-2.8618433475494385,0,0.00013939612836111337
1743309533.4106104,-0.0032684658654034138,76.88383483886719,233.26873779296875,1.0964062213897705,2.4100000858306885,2.8067355155944824,0.13867437839508057,0.057218968868255615,1.0001277923583984,-2.2888182460434336e-09,1.5109305381774902,0.009424785152077675,0,0.9838139414787292,10,85.73802185058594,0.07082823663949966,0.2716706693172455,-0.27661776542663574,1,-1.560879172757268e-05,0.15355949103832245,9.04190746950917e-05,840000.0,-2287.722412109375,41,0.02066349796950817,0.32915112376213074,42,0,0.3464079201221466,3607.028076171875,1.0001277923583984,8.854164123535156,-0.0022744527086615562,0.02066340111196041,1.0001277923583984,0.0025387811474502087,3695.032048596,0.02066349796950817,1000,0.0010535186156630516,-2.880251884460449,0,0.0001393189450027421
1743309620.4561033,-0.0019007530063390732,78.15727233886719,229.9247283935547,1.101089596748352,3.6500000953674316,1.3649013042449951,0.3521701991558075,0.08187580108642578,0.9994990825653076,4.577636492086867e-09,1.5149955749511719,0.009174657985568047,0,1.376112937927246,10,86.9849853515625,0.21349582076072693,0.198085755109787,-0.292648583650589,1,-8.365715621039271e-05,0.14452333748340607,0.0003542020858731121,860000.0,-1240.9412841796875,42,0.010561397299170494,0.38693690299987793,43,0,0.36303701996803284,3694.08349609375,0.9994990825653076,8.827692985534668,-0.004175205715000629,0.010560745373368263,0.9994990825653076,0.010735618881881237,3780.668670413,0.010561397299170494,1000,-0.0002501271665096283,-2.986301898956299,0,9.569137182552367e-05
1743309706.0927596,0.0008202351164072752,76.74017333984375,233.7201385498047,1.0961320400238037,2.359999895095825,4.132021903991699,0.13844968378543854,0.04712481424212456,1.0001472234725952,7.629394005448376e-09,1.5102943181991577,0.01030902098864317,0,0.9907912015914917,10,85.57243347167969,-0.21372051537036896,0.25359228253364563,-0.27803340554237366,1,-0.0006780392141081393,0.3934585452079773,0.00010401848703622818,880000.0,-4754.63720703125,43,0.020373493432998657,0.34349340200424194,44,0,0.30685368180274963,3779.712890625,1.0001472234725952,8.832233428955078,-0.0033549705985933542,0.01998102478682995,1.0001472234725952,0.0011713886633515358,3866.509072642,0.020373493432998657,1000,0.0011343630030751228,-2.8153939247131348,0,0.0001757559075485915
1743309791.933153,0.0024398433160968125,76.94638061523438,233.13473510742188,1.074799656867981,3.059999942779541,2.7239532470703125,0.22592438757419586,0.05566709116101265,1.0008944272994995,6.484984993448961e-09,1.490423560142517,0.006937507074326277,0,0.8726664185523987,10,85.78730773925781,0.08747470378875732,0.24043431878089905,-0.2840251326560974,1,0.00012752326438203454,0.49843844771385193,0.0006324275163933635,900000.0,-3473.8388671875,44,0.026262333616614342,0.25094640254974365,45,0,0.3360442519187927,3865.564697265625,1.0008944272994995,8.840900421142578,-0.0009151272824965417,0.026256300508975983,1.0008944272994995,0.0026954361237585545,3952.246987019,0.026262333616614342,1000,-0.0033715139143168926,-2.912477970123291,0,0.00014116214879322797
1743309877.6709785,0.0001999331871047616,76.8279800415039,233.46258544921875,1.0679270029067993,3.930000066757202,2.4349780082702637,0.5229122638702393,0.07163595408201218,0.9979987144470215,2.2888182460434336e-09,1.484443187713623,0.009119740687310696,0,0.9470742344856262,10,85.66683197021484,0.2969878762960434,0.20296601951122284,-0.30389291048049927,1,0.000284027773886919,0.5406284928321838,0.0014150944771245122,920000.0,-4578.7119140625,45,0.022297784686088562,0.27149340510368347,46,0,0.31676530838012695,3951.28369140625,0.9979987144470215,8.838827133178711,-0.0007151940953917801,0.022273868322372437,0.9979987144470215,0.0033731728326529264,4038.046918444,0.022297784686088562,1000,0.002182233612984419,-2.9119455814361572,0,0.00014919716340955347
1743309963.4709694,-0.009354612964671105,76.92894744873047,233.24853515625,1.0742138624191284,4.510000228881836,1.4961737394332886,0.23345965147018433,0.10152459144592285,0.9998921751976013,6.103515470812226e-09,1.4902387857437134,0.009936651214957237,0,0.801243245601654,10,85.74544525146484,-0.28945261240005493,0.27382221817970276,-0.3033812642097473,1,-0.005574128124862909,0.5936374068260193,7.625769649166614e-05,940000.0,-2276.582275390625,46,0.031153088435530663,0.24352200329303741,47,0,0.343597948551178,4037.10009765625,0.9998921751976013,8.81648063659668,-0.010069807060062885,0.02767542190849781,0.9998921751976013,0.008934400975704193,4123.602051552,0.031153088435530663,1000,0.0008169105276465416,-2.95413875579834,0,0.0001320635201409459
1743310049.0260546,0.0036405064165592194,76.70884704589844,233.9550018310547,1.0775871276855469,6.210000038146973,1.008097767829895,0.9513024687767029,0.22276422381401062,1.0000991821289062,7.629394005448376e-09,1.4933490753173828,0.008617272600531578,0,1.0155216455459595,10,85.48652648925781,0.7178428173065186,0.2630658745765686,-0.2685050964355469,1,-0.0018729851581156254,0.3180641829967499,7.007620297372341e-05,960000.0,-1959.5401611328125,47,0.019393285736441612,0.5541878938674927,48,0,0.312366247177124,4122.6435546875,1.0000991821289062,8.777650833129883,-0.006429300643503666,0.01921503059566021,1.0000991821289062,0.019679969176650047,4209.313669495,0.019393285736441612,1000,-0.0013193786144256592,-2.8587093353271484,0,0.00015664237434975803
1743310134.7376392,-0.00020210305228829384,76.8680419921875,233.56993103027344,1.094949722290039,9.0600004196167,1.2405705451965332,1.1536694765090942,0.10997433215379715,0.9989227056503296,-3.051757735406113e-09,1.5092283487319946,0.010308364406228065,0,0.8174912929534912,10,85.62745666503906,0.20236700773239136,0.271936297416687,-0.29031917452812195,1,-0.0012462097220122814,0.48798030614852905,0.0007618183153681457,980000.0,-6316.37744140625,48,0.029927024617791176,0.6025062799453735,49,0,0.3449787497520447,4208.33984375,0.9989227056503296,8.75939655303955,-0.00663140369579196,0.029807517305016518,0.9989226460456848,0.012995310127735138,4294.826519862,0.029927024617791176,1000,0.0016910918056964874,-3.079547643661499,0,0.00011495154467411339
1743310220.2504394,0.004088961984962225,76.6333236694336,234.0667266845703,1.0969234704971313,8.880000114440918,1.715722918510437,0.3050820231437683,0.09023391455411911,1.0007338523864746,9.346008411625917e-09,1.5110588073730469,0.009624508209526539,0,1.1214431524276733,10,85.44571685791016,-0.8485874533653259,0.20825247466564178,-0.27956655621528625,1,-0.0005060862167738378,0.40880173444747925,0.0005189119838178158,1000000.0,-11606.185546875,49,0.01590285822749138,0.42327359318733215,50,0,0.35892453789711,4293.8671875,1.0007338523864746,8.812373161315918,-0.002542441710829735,0.015865160152316093,1.0007338523864746,0.0067941490560770035,4380.67365722,0.01590285822749138,1000,-0.0006838561967015266,-3.0440874099731445,0,0.00012310170859564096
1743310306.097653,-0.0017372211441397667,76.98495483398438,233.2252960205078,1.0986981391906738,9.569999694824219,1.2791392803192139,0.41934603452682495,0.13111692667007446,0.9997056722640991,0.0,1.5128669738769531,0.007643229328095913,0,0.7856469750404358,10,85.75399017333984,0.11426401138305664,0.2434162050485611,-0.2841549217700958,1,1.5976838767528534e-06,0.5837266445159912,0.0002081773418467492,1020000.0,-7492.52880859375,50,0.03240223601460457,0.535495400428772,51,0,0.33872219920158386,4379.6962890625,0.9997056722640991,8.769015312194824,-0.0042796628549695015,0.03240223601460457,0.9997056126594543,0.012223453260958195,4466.002245371,0.03240223601460457,1000,-0.001981278881430626,-2.8719265460968018,0,0.00010573389590717852
1743310391.4262428,-0.0025945808738470078,76.49629211425781,234.59329223632812,1.102805495262146,11.300000190734863,1.0066590309143066,1.4244102239608765,0.2046853005886078,0.9995372295379639,-2.479553229406406e-09,1.5166040658950806,0.010032291524112225,0,0.8669717907905579,10,85.25393676757812,1.0050641894340515,0.2584637701511383,-0.29311567544937134,1,-0.0021333140321075916,0.5230960845947266,0.00032722813193686306,1040000.0,-6469.7919921875,51,0.02660847082734108,0.36327245831489563,52,0,0.29490143060684204,4465.03662109375,0.9995372295379639,8.75761890411377,-0.006874243728816509,0.026377879083156586,0.9995372295379639,0.019736267626285553,4551.664788157,0.02660847082734108,1000,0.0023890621960163116,-2.763331413269043,0,0.00018003130389843136
1743310477.0887885,0.005951173312496394,76.79130554199219,233.66571044921875,1.1097674369812012,8.899999618530273,2.0166313648223877,0.4080093801021576,0.07109092175960541,0.9994711875915527,6.103515470812226e-09,1.5228811502456665,0.009895728901028633,0,0.8992707133293152,10,85.59236145019531,-1.0164008438587189,0.24851717054843903,-0.2631266713142395,1,0.0011506860610097647,0.4949416220188141,0.0003739268286153674,1060000.0,-16106.55078125,52,0.024731412529945374,0.39419806003570557,53,0,0.33167651295661926,4550.70556640625,0.9994711875915527,8.80103588104248,-0.0009230704163201153,0.024462174624204636,0.9994711875915527,0.004917858634144068,4637.235664236,0.024731412529945374,1000,-0.00013656262308359146,-2.775061845779419,0,0.00014329249097499996
1743310562.65956,-0.0011926700244657695,76.635986328125,233.97219848632812,1.1204239130020142,5.840000152587891,2.8314449787139893,0.33555325865745544,0.05525260791182518,0.9989153742790222,-2.2888182460434336e-09,1.532570481300354,0.008958839811384678,0,1.1595559120178223,10,85.48023986816406,-0.07245612144470215,0.2420109659433365,-0.23809826374053955,1,-0.0005218965234234929,0.18139027059078217,0.0007669602637179196,1080000.0,-13671.349609375,53,0.014874633401632309,0.3545096218585968,54,0,0.31562966108322144,4636.25341796875,0.9989153742790222,8.844234466552734,-0.002115740440785885,0.014765450730919838,0.9989153742790222,0.002494663465768099,4723.218612684,0.014874633401632309,1000,-0.0009368890896439552,-2.4594051837921143,0,0.00013807167124468833
1743310648.6426055,0.0014448467991314828,77.15904998779297,232.74978637695312,1.1224675178527832,5.320000171661377,7.962831974029541,0.10903337597846985,0.030249904841184616,0.999820351600647,1.5258788677030566e-09,1.5344101190567017,0.008525131270289421,0,0.9490821361541748,10,85.92919158935547,-0.2265198826789856,0.2957669794559479,-0.2455429881811142,1,2.7414425858296454e-06,0.18092690408229828,0.00012705869448836893,1100000.0,-89728.0625,54,0.022203538566827774,0.09608853608369827,55,0,0.30640873312950134,4722.2734375,0.999820351600647,8.770116806030273,-0.000670893641654402,0.022203514352440834,0.9998202919960022,0.0003154141013510525,4808.822393832,0.022203538566827774,1000,-0.0004337085410952568,-2.426938772201538,0,0.00014412532618734986
1743310734.2463298,-0.0007843328057788312,76.70113372802734,233.8421630859375,1.110106348991394,4.230000019073486,3.682504653930664,0.12461172789335251,0.05194360017776489,1.0003070831298828,1.1444091230217168e-09,1.5233272314071655,0.008172474801540375,0,0.908147931098938,10,85.52777862548828,0.01557835191488266,0.2488725483417511,-0.23940883576869965,1,-0.0002208388177677989,0.5055440664291382,0.00021719677897635847,1120000.0,-12132.1181640625,55,0.024250272661447525,0.27162274718284607,56,0,0.3384600877761841,4807.85595703125,1.0003070831298828,8.826621055603027,-0.0014552264474332333,0.024217205122113228,1.0003070831298828,0.001474824850447476,4894.578073039,0.024250272661447525,1000,-0.0003526564687490463,-2.5065670013427734,0,0.00012524686462711543
1743310820.0021198,-0.001017480157315731,76.82892608642578,233.47911071777344,1.1021044254302979,1.7699999809265137,2.540998697280884,0.10884050279855728,0.0594453327357769,0.9997562170028687,-1.5258788677030566e-09,1.5161499977111816,0.008288122713565826,0,0.9196227788925171,10,85.6607666015625,-0.015771225094795227,0.2834785580635071,-0.2624064087867737,1,-0.00048742309445515275,0.23510882258415222,0.00017240871966350824,1140000.0,-1011.3856811523438,56,0.02364886924624443,0.21316693723201752,57,0,0.33588433265686035,4893.5927734375,0.9997562170028687,8.831823348999023,-0.0024727066047489643,0.023572169244289398,0.9997561573982239,0.0030975600238889456,4980.272073406,0.02364886924624443,1000,0.00011564791202545166,-2.452280044555664,0,0.00012742388935294002
1743310905.696173,-0.004142311867326498,76.800537109375,233.57090759277344,1.093133807182312,8.0,0.8161525130271912,3.0836095809936523,0.206720769405365,0.9993106722831726,-1.678466787780053e-08,1.507907748222351,0.006588871590793133,0,0.8986645340919495,10,85.62710571289062,2.974769078195095,0.2904375493526459,-0.21558579802513123,1,-0.0015649611596018076,0.16837355494499207,0.0004874423611909151,1160000.0,-2131.515869140625,57,0.024764785543084145,0.3861379027366638,58,0,0.33490878343582153,4979.314453125,0.9993106722831726,8.826549530029297,-0.006615018472075462,0.024683218449354172,0.9993106722831726,0.030025288462638855,5066.206902463,0.024764785543084145,1000,-0.0016992511227726936,-2.434490919113159,0,0.00012980813335161656
1743310991.6309185,0.0038207578472793102,77.02972412109375,232.9136962890625,1.0949649810791016,8.369999885559082,1.0975086688995361,0.5945135354995728,0.16364555060863495,0.9991635084152222,-1.907348501362094e-09,1.509565830230713,0.0076496535912156105,0,1.356968641281128,10,85.86872100830078,-2.4890960454940796,0.21217186748981476,-0.2571371793746948,1,0.00246301363222301,0.16104279458522797,0.0005914889043197036,1180000.0,-4219.24560546875,58,0.010861503891646862,0.8086926341056824,59,0,0.33009573817253113,5065.2490234375,0.9991635084152222,8.838971138000488,-0.002794260624796152,0.010496145114302635,0.9991634488105774,0.016604041680693626,5152.183774787,0.010861503891646862,1000,0.0010607820004224777,-2.5892035961151123,0,0.00015443247684743255
1743311077.60783,-0.0013904641382396221,77.06663513183594,232.7917938232422,1.092157006263733,11.5600004196167,0.7549794316291809,1.4784940481185913,0.3719255328178406,1.0001802444458008,-1.1444091896350983e-08,1.5070456266403198,0.006992344744503498,0,0.9330722093582153,10,85.91368103027344,0.8839805126190186,0.27606427669525146,-0.2090919464826584,1,0.0024535227566957474,0.18279875814914703,0.00012739589146804065,1200000.0,-3808.4970703125,59,0.022972024977207184,0.40461084246635437,60,0,0.30364856123924255,5151.228515625,1.0001802444458008,8.847023963928223,-0.004184724763035774,0.022800464183092117,1.0001802444458008,0.035088084638118744,5238.130901108,0.022972024977207184,1000,-0.0006573088467121124,-2.5372047424316406,0,0.00016610413149464875
1743311163.5549653,0.0005146341864019632,77.04194641113281,232.87850952148438,1.0866074562072754,12.039999961853027,1.1343821287155151,0.7125532031059265,0.16248385608196259,1.000751256942749,1.3732909920349812e-08,1.5019868612289429,0.007229830604046583,0,1.1820212602615356,10,85.8816909790039,-0.7659408450126648,0.22246412932872772,-0.27230244874954224,1,0.0006451292429119349,0.23360200226306915,0.0005312188877724111,1220000.0,-9326.9755859375,60,0.014314594678580761,0.18227893114089966,61,0,0.3263666033744812,5237.1748046875,1.000751256942749,8.839719772338867,-0.003670090576633811,0.014287816360592842,1.0007511377334595,0.01554214395582676,5323.665730547,0.014314594678580761,1000,0.0002374858595430851,-2.6287081241607666,0,0.00014456591452471912
1743311249.0897777,-0.0005503094289451838,76.70999908447266,233.99676513671875,1.0840040445327759,11.630000114440918,3.445761203765869,0.2523652911186218,0.0741693302989006,0.9998420476913452,-4.577636492086867e-09,1.4995473623275757,0.008007179945707321,0,0.9027012586593628,10,85.47126770019531,-0.4601879119873047,0.2901202142238617,-0.29978328943252563,1,-0.001053816988132894,0.38251662254333496,0.00011168916535098106,1240000.0,-80297.0625,61,0.024543797597289085,0.0002414890332147479,62,0,0.3227071166038513,5322.7099609375,0.9998420476913452,8.761247634887695,-0.004220400005578995,0.023884516209363937,0.9998419880867004,0.0016844458878040314,5409.405974716,0.024543797597289085,1000,0.000777349341660738,-2.786940813064575,0,0.00013223335554357618
1743311334.8300292,0.004860092420130968,76.86260223388672,233.43565368652344,1.0874496698379517,4.559999942779541,9.025228500366211,0.10188028961420059,0.021611597388982773,0.9998906850814819,2.2888182460434336e-09,1.502689003944397,0.01003593672066927,0,1.160932183265686,10,85.67671966552734,-0.15048500150442123,0.2554909884929657,-0.2718241214752197,1,0.0001708008348941803,0.19765447080135345,7.729734352324158e-05,1260000.0,-84686.859375,62,0.01483938843011856,0.20411354303359985,63,0,0.34339746832847595,5408.44970703125,0.9998906850814819,8.814090728759766,0.0006396924145519733,0.014720574952661991,0.9998906254768372,0.00024552506511099637,5496.187236566,0.01483938843011856,1000,0.0020287567749619484,-2.7616236209869385,0,0.00011317271128064021
1743311421.6112175,-0.0004551062738755718,77.9635238647461,230.63511657714844,1.0889707803726196,4.139999866485596,13.250561714172363,0.06070185452699661,0.012426705099642277,1.0011577606201172,1.678466787780053e-08,1.5040823221206665,0.007549160625785589,0,1.0303765535354614,10,86.7170639038086,-0.04117843508720398,0.24011847376823425,-0.3073408305644989,1,5.348236300051212e-05,0.3775345981121063,0.0008187165949493647,1280000.0,-150466.28125,63,0.01883813366293907,0.08832148462533951,64,0,0.3016343414783478,5495.23193359375,1.0011577606201172,8.75351333618164,0.00018458614067640156,0.01881302334368229,1.0011577606201172,0.00011389988503651693,5581.80821677,0.01883813366293907,1000,-0.0024867760948836803,-2.897601842880249,0,0.00015256230835802853
1743311507.2322028,0.002975207884446718,76.77987670898438,233.7655792236328,1.0881353616714478,0.949999988079071,43.301055908203125,0.034442249685525894,0.004975328221917152,1.0006518363952637,6.103515470812226e-09,1.5028443336486816,0.008304782211780548,0,1.041601300239563,10,85.55579376220703,-0.02625960484147072,0.2872241735458374,-0.3327190577983856,1,0.00010272295185131952,0.31599733233451843,0.0004609179450199008,1300000.0,-84608.515625,64,0.018434304744005203,0.152317076921463,65,0,0.24287539720535278,5580.8515625,1.0006518363952637,8.775895118713379,0.0031597940251231194,0.017445063218474388,1.0006518363952637,1.0656771337380633e-05,5667.300285429,0.018434304744005203,1000,0.0007556215859949589,-2.870739221572876,0,0.00013804137415718287
1743311592.7243645,-0.007446860428899527,76.68661499023438,234.09564208984375,1.078392505645752,2.1700000762939453,1.2150477170944214,0.44473379850387573,0.14550413191318512,0.9997057914733887,-2.2888182460434336e-09,1.4940212965011597,0.007925775833427906,0,1.0252280235290527,10,85.43517303466797,0.41029154881834984,0.2587203085422516,-0.3080989718437195,1,-0.0007638288079760969,0.24357300996780396,0.0002080368431052193,1320000.0,-347.5771484375,65,0.019027812406420708,0.14581255614757538,66,0,0.33824431896209717,5666.35107421875,0.9997057914733887,8.748533248901367,-0.004287066403776407,0.01898474432528019,0.9997057914733887,0.01354699581861496,5753.131295715,0.019027812406420708,1000,-0.00037900637835264206,-2.7715542316436768,0,0.00013963169476483017
1743311678.5553045,0.0007527431007474661,76.93516540527344,233.19427490234375,1.0805648565292358,2.7799999713897705,2.252103090286255,0.19005247950553894,0.07331021875143051,0.9989730715751648,0.0,1.4963186979293823,0.006874517537653446,0,0.9621766209602356,10,85.76539611816406,-0.2546813189983368,0.25111010670661926,-0.2864712178707123,1,-0.0009564503561705351,0.4377133548259735,0.0007261902210302651,1340000.0,-1959.8897705078125,66,0.021603304892778397,0.07917854934930801,67,0,0.3534752428531647,5752.17529296875,0.9989730715751648,8.830211639404297,-0.003534323303028941,0.02137131430208683,0.9989730715751648,0.003943232819437981,5838.619714927,0.021603304892778397,1000,-0.0010512582957744598,-2.72067928314209,0,0.00011912565969396383
1743311764.0436604,0.0008611252997070551,76.59332275390625,234.1271514892578,1.0917845964431763,3.630000114440918,2.7750954627990723,0.24859119951725006,0.07393386214971542,1.000070333480835,1.1444091896350983e-08,1.5065078735351562,0.006761989090591669,0,1.0894876718521118,10,85.42366790771484,0.05853872001171112,0.24444575607776642,-0.24887433648109436,1,-0.0001791655522538349,0.2930099666118622,4.9620903155300766e-05,1360000.0,-5073.84716796875,67,0.016849424690008163,0.16026727855205536,68,0,0.33677467703819275,5837.6630859375,1.000070333480835,8.83032512664795,-0.002673198003321886,0.016837064176797867,1.0000702142715454,0.0025970032438635826,5924.325796447,0.016849424690008163,1000,-0.00011252844706177711,-2.7911455631256104,0,0.00011825333058368415
1743311849.7498105,0.0008400296792387962,76.87825775146484,233.49488830566406,1.1009036302566528,4.130000114440918,2.5357489585876465,0.10091681033372879,0.04247339069843292,1.000832438468933,6.103515470812226e-09,1.5146607160568237,0.007353516761213541,0,1.0386059284210205,10,85.65498352050781,-0.14767438918352127,0.21817359328269958,-0.2980509400367737,1,-0.00015469061327166855,0.3922395408153534,0.0005885947612114251,1380000.0,-5483.79296875,68,0.01854078844189644,-0.014943785034120083,69,0,0.3445412516593933,5923.3828125,1.000832438468933,8.77670669555664,-0.0018331683240830898,0.018533095717430115,1.000832438468933,0.0031103985384106636,6009.949641864,0.01854078844189644,1000,0.000591527670621872,-2.7242343425750732,0,0.00011464073759270832
1743311935.3736107,-0.00044222292490303516,76.73152923583984,233.76473999023438,1.1102237701416016,4.690000057220459,1.7033181190490723,0.2088681310415268,0.1292916089296341,1.0003736019134521,-6.484984993448961e-09,1.523106575012207,0.007475221063941717,0,0.903734028339386,10,85.55610656738281,0.107951320707798,0.27536463737487793,-0.26865604519844055,1,0.0006572816637344658,0.45929154753685,0.00026406405959278345,1400000.0,-3190.83642578125,69,0.024487733840942383,0.31904521584510803,70,0,0.33520373702049255,6008.99365234375,1.0003736019134521,8.82455825805664,-0.002275391248986125,0.024425063282251358,1.0003734827041626,0.006893469020724297,6095.598713735,0.024487733840942383,1000,0.00012170430272817612,-2.8474745750427246,0,0.00011235025158384815
1743312021.02269,0.0015133889392018318,76.72428894042969,233.74374389648438,1.1046710014343262,2.5199999809265137,8.886241912841797,0.06980466842651367,0.017285948619246483,0.9995524287223816,-8.392333938900265e-09,1.5182565450668335,0.009159499779343605,0,1.209123969078064,10,85.56378936767578,-0.13906346261501312,0.2357199490070343,-0.3032834231853485,1,-6.684016261715442e-05,0.2860139310359955,0.0003164666413795203,1420000.0,-25073.04296875,70,0.013680060394108295,0.043354954570531845,71,0,0.337464302778244,6094.62841796875,0.9995524287223816,8.839481353759766,-0.0007620023097842932,0.013662421144545078,0.9995524287223816,0.00025326578179374337,6180.953108089,0.013680060394108295,1000,0.001684278715401888,-2.732254981994629,0,0.00011751051351893693
1743312106.3771815,-0.004266598494723439,76.49873352050781,234.4864501953125,1.1139451265335083,2.440000057220459,2.537224531173706,0.12354134023189545,0.06821368634700775,0.9992923736572266,8.01086397217432e-09,1.5264736413955688,0.007633664179593325,0,1.0745397806167603,10,85.29277038574219,0.053736671805381775,0.26751017570495605,-0.28041014075279236,1,-0.0015466358745470643,0.1866220384836197,0.0005003393162041903,1440000.0,-1916.297607421875,71,0.017321469262242317,0.0634203851222992,72,0,0.3226032853126526,6179.9990234375,0.9992923736572266,8.79401969909668,-0.005028600804507732,0.016551516950130463,0.9992923736572266,0.003106781980022788,6266.416601104,0.017321469262242317,1000,-0.0015258355997502804,-2.599477529525757,0,0.00012730646994896233
1743312191.8405898,0.0029232578817754984,76.57020568847656,234.20066833496094,1.1275404691696167,3.0399999618530273,1.9996577501296997,0.45505744218826294,0.06549803912639618,1.0002554655075073,-7.629394005448376e-09,1.5382156372070312,0.0064796945080161095,0,0.9596911072731018,10,85.3968505859375,0.3315161019563675,0.2789289057254791,-0.2787790596485138,1,-7.05852871760726e-05,0.30691155791282654,0.00018061329319607466,1460000.0,-1847.66748046875,72,0.021715350449085236,0.14358732104301453,73,0,0.3515598773956299,6265.45849609375,1.0002554655075073,8.826620101928711,-0.002105342922732234,0.021714353933930397,1.0002554655075073,0.005001701880246401,6351.833509404,0.021715350449085236,1000,-0.0011539696715772152,-2.4673891067504883,0,0.00010406971705378965
1743312277.2575397,-0.0021285165566951036,76.51862335205078,234.32937622070312,1.139572262763977,3.309999942779541,1.0193334817886353,0.3538755476474762,0.11255534738302231,0.99980628490448,2.2888182460434336e-09,1.5482171773910522,0.00752988550812006,0,1.3059215545654297,10,85.3499526977539,-0.10118189454078674,0.2195727825164795,-0.2289585918188095,1,0.0001529162109363824,0.14923140406608582,0.00013697726535610855,1480000.0,-569.171630859375,73,0.011727230623364449,0.5051500201225281,74,0,0.3732088506221771,6350.8759765625,0.99980628490448,8.831302642822266,-0.004233859479427338,0.01172601617872715,0.9998062252998352,0.019248515367507935,6437.524258703,0.011727230623364449,1000,0.0010501910001039505,-2.3354039192199707,0,8.641923341201618e-05
1743312362.9483347,-0.0018106312490999699,76.80293273925781,233.6055145263672,1.1561236381530762,4.039999961853027,1.3314491510391235,0.5975596308708191,0.1320892572402954,1.0001468658447266,6.484984993448961e-09,1.5622509717941284,0.006604401860386133,0,1.1044820547103882,10,85.61441802978516,0.2436840832233429,0.23890747129917145,-0.2821502089500427,1,-0.0008017385262064636,0.36275434494018555,0.00010384983761468902,1500000.0,-1446.69140625,74,0.01639503799378872,0.18435727059841156,75,0,0.31480395793914795,6436.556640625,1.0001468658447266,8.811464309692383,-0.0060444907285273075,0.016338063403964043,1.0001468658447266,0.011281853541731834,6522.961984658,0.01639503799378872,1000,-0.0009254836477339268,-2.3807320594787598,0,0.0001859108597273007
1743312448.3860765,0.001272150781005621,76.57435607910156,234.26913452148438,1.1654953956604004,5.800000190734863,0.9065421223640442,0.20679587125778198,0.16383112967014313,0.9994206428527832,4.577636492086867e-09,1.570320725440979,0.006320378743112087,0,0.9572805762290955,10,85.37189483642578,-0.3907637596130371,0.2734680771827698,-0.2697021961212158,1,-0.00018924928735941648,0.4137413203716278,0.00040963926585391164,1520000.0,-1382.279052734375,75,0.021824851632118225,0.18798433244228363,76,0,0.3492341637611389,6522.0048828125,0.9994206428527832,8.797520637512207,-0.0047723399475216866,0.021823380142450333,0.9994206428527832,0.024336261674761772,6608.654501182,0.021824851632118225,1000,-0.00028402311727404594,-2.4641525745391846,0,9.915784903569147e-05
1743312534.0785465,0.0004937243647873402,76.84174346923828,233.5822296142578,1.1702251434326172,5.96999979019165,1.2459566593170166,0.32692787051200867,0.1084703579545021,0.9998019933700562,-3.051757735406113e-09,1.5745973587036133,0.005103894975036383,0,0.9551262855529785,10,85.62295532226562,0.12013199925422668,0.23906876146793365,-0.27671143412590027,1,-0.00021359219681471586,0.44383907318115234,0.00014003993419464678,1540000.0,-2766.440673828125,76,0.02192341536283493,0.5370091795921326,77,0,0.34645897150039673,6607.69921875,0.9998019933700562,8.781185150146484,-0.004278615582734346,0.021919874474406242,0.9998019337654114,0.012883201241493225,6693.746826452,0.02192341536283493,1000,-0.0012164837680757046,-2.5003297328948975,0,0.00012304246774874628
1743312619.1708713,0.00094414665363729,76.26051330566406,235.20555114746094,1.171887755393982,4.820000171661377,2.390085220336914,0.19648705422878265,0.06114867702126503,0.9991024732589722,-6.103515470812226e-09,1.576201319694519,0.005795884411782026,0,0.9650335311889648,10,85.0320053100586,-0.130440816283226,0.2789110541343689,-0.30822449922561646,1,-0.0005336224567145109,0.35470208525657654,0.0006346472655422986,1560000.0,-6635.74365234375,77,0.02147558331489563,0.246956005692482,78,0,0.3465311825275421,6692.794921875,0.9991024732589722,8.771468162536621,-0.0033344689290970564,0.02139425091445446,0.9991024136543274,0.0035010790452361107,6779.205778693,0.02147558331489563,1000,0.0006919894367456436,-2.7163994312286377,0,0.00011566784087335691
1743312704.6298306,8.490285836160183e-05,76.66780853271484,234.1746826171875,1.1646867990493774,6.539999961853027,1.2710325717926025,0.5908507704734802,0.104181207716465,1.0008976459503174,-6.866454960174906e-09,1.5707988739013672,0.0051250397227704525,0,0.8889559507369995,10,85.40633392333984,0.39436371624469757,0.26097965240478516,-0.247499018907547,1,-0.0006599694024771452,0.40613675117492676,0.0006346753216348588,1580000.0,-3454.906494140625,78,0.025308670476078987,0.33113324642181396,79,0,0.3459359109401703,6778.26123046875,1.0008976459503174,8.73849868774414,-0.0032495660707354546,0.025273486971855164,1.0008975267410278,0.012379876337945461,6864.397169754,0.025308670476078987,1000,-0.0006708446890115738,-2.6267311573028564,0,0.00011388176790205762
1743312789.8211179,0.006057119928300381,76.40065002441406,234.94422912597656,1.1539214849472046,5.800000190734863,1.9881037473678589,0.462909996509552,0.0940450057387352,0.9998698234558105,1.3732909920349812e-08,1.5619229078292847,0.0047962721437215805,0,0.86514812707901,10,85.1265869140625,-0.12794077396392822,0.2612270712852478,-0.2705921530723572,1,0.0032357466407120228,0.44986966252326965,9.204871457768604e-05,1600000.0,-6648.18115234375,79,0.026720762252807617,0.29829511046409607,80,0,0.32569393515586853,6863.44140625,0.9998698234558105,8.725906372070312,0.002807553857564926,0.02465158700942993,0.9998698234558105,0.005060005933046341,6949.998681566,0.026720762252807617,1000,-0.000328767579048872,-2.481302499771118,0,0.0001344929332844913
1743312875.4227114,-0.006359786028042436,76.80473327636719,233.79579162597656,1.1654983758926392,4.809999942779541,2.530465602874756,0.3034847676753998,0.04474876821041107,0.999374508857727,3.051757735406113e-09,1.5719798803329468,0.0069855800829827785,0,1.4760786294937134,10,85.54473876953125,-0.15942522883415222,0.1989181935787201,-0.2729443907737732,1,-0.00059145299019292,0.17019988596439362,0.00044231710489839315,1620000.0,-7407.29833984375,80,0.009179321117699146,0.2501547336578369,81,0,0.35550346970558167,6949.0498046875,0.999374508857727,8.739981651306152,-0.0035522321704775095,0.009067323058843613,0.9993744492530823,0.003123400965705514,7035.193069252,0.009179321117699146,1000,0.002189307939261198,-2.4249753952026367,0,0.0001226609165314585
1743312960.6171026,-0.001307878876104951,76.30453491210938,234.90283203125,1.1758381128311157,5.909999847412109,1.2922725677490234,1.0606200695037842,0.15991386771202087,1.000996470451355,-4.577636492086867e-09,1.5808995962142944,0.007744218222796917,0,1.1065138578414917,10,85.14158630371094,0.7571353018283844,0.22030754387378693,-0.28176888823509216,1,-0.0011167369084432721,0.3659641742706299,0.0007045828970149159,1640000.0,-2916.421142578125,81,0.016334883868694305,0.4492509365081787,82,0,0.3254817724227905,7034.24951171875,1.000996470451355,8.837031364440918,-0.00486011104658246,0.01623075269162655,1.000996470451355,0.011976262554526329,7120.735870717,0.016334883868694305,1000,0.0007586381398141384,-2.3302528858184814,0,0.0001324293843936175
1743313046.1598873,0.001787474611774087,76.71598052978516,233.94577026367188,1.187156081199646,5.610000133514404,1.8503310680389404,0.27728310227394104,0.09145890176296234,1.0005431175231934,-7.629394005448376e-09,1.5904446840286255,0.007017891854047775,0,1.1337769031524658,10,85.48989868164062,-0.7833369672298431,0.22528831660747528,-0.2501513659954071,1,7.713725790381432e-05,0.3338507413864136,0.00038404209772124887,1660000.0,-5387.57080078125,82,0.015558741986751556,0.44207456707954407,83,0,0.3333030939102173,7119.7919921875,1.0005431175231934,8.773897171020508,-0.0030726364348083735,0.015557723119854927,1.0005431175231934,0.005841581150889397,7206.142867313,0.015558741986751556,1000,-0.0007263263687491417,-2.026479721069336,0,0.00013686313468497247
1743313131.566739,0.002963898063171655,76.50857543945312,234.37002563476562,1.208601951599121,3.119999885559082,5.837266445159912,0.09320192784070969,0.026172127574682236,1.0001771450042725,3.8146971692576415e-10,1.6082415580749512,0.004714576061815023,0,0.8675968647003174,10,85.33515167236328,-0.18408117443323135,0.2662006616592407,-0.20972900092601776,1,0.0002562855079304427,0.36451584100723267,0.00012526048521976918,1680000.0,-16584.318359375,83,0.026570145040750504,0.3514617085456848,84,0,0.3211061954498291,7205.18017578125,1.0001771450042725,8.826541900634766,-0.00010873837163671851,0.026458242908120155,1.000177025794983,0.0005869533633813262,7293.219506533,0.026570145040750504,1000,-0.002303315792232752,-2.018792152404785,0,0.0001421820925315842
1743313218.6435542,-0.0024757127393968403,78.20780944824219,229.84286499023438,1.210465908050537,4.360000133514404,1.3304201364517212,0.46980205178260803,0.12414728850126266,0.9992537498474121,-9.53674250681047e-10,1.6094383001327515,0.0060044098645448685,0,1.2053022384643555,10,87.01597595214844,0.37660012394189835,0.24882322549819946,-0.21686074137687683,1,0.0008259319001808763,0.2375473827123642,0.0005277066375128925,1700000.0,-1682.3466796875,84,0.013766949996352196,0.23755031824111938,85,0,0.3322637975215912,7292.267578125,0.9992537498474121,8.808143615722656,-0.002584451111033559,0.013706577941775322,0.9992537498474121,0.011299311183393002,7378.684507472,0.013766949996352196,1000,0.001289833802729845,-1.8636375665664673,0,0.00012928283831570297
1743313304.108513,0.0018899019341915846,76.55970001220703,234.2156219482422,1.1937822103500366,3.9600000381469727,3.482752561569214,0.13677066564559937,0.03858271986246109,1.000672698020935,-6.103515470812226e-09,1.595625877380371,0.004834183491766453,0,1.0386316776275635,10,85.39140319824219,-0.33303138613700867,0.23873968422412872,-0.21219155192375183,1,7.762589666526765e-05,0.2512531578540802,0.00047569742309860885,1720000.0,-9510.53125,85,0.01853986643254757,0.1474933624267578,86,0,0.34145453572273254,7377.71923828125,1.000672698020935,8.831686019897461,-0.0006945491768419743,0.018536211922764778,1.000672698020935,0.0016488535329699516,7464.44934183,0.01853986643254757,1000,-0.0011702263727784157,-1.8552861213684082,0,0.00013157243665773422
1743313389.8734138,-0.002274473197758198,76.8653335571289,233.3848876953125,1.184843897819519,3.640000104904175,1.2945290803909302,0.4935382902622223,0.19092483818531036,1.001146674156189,-1.602172794434864e-08,1.588410496711731,0.009379482828080654,0,1.5250767469406128,10,85.69535064697266,0.3567676246166229,0.1978006213903427,-0.2016182243824005,1,0.000592470751143992,0.09747086465358734,0.0008108491892926395,1740000.0,-1110.1676025390625,86,0.008598962798714638,0.11547308415174484,87,0,0.31318947672843933,7463.4873046875,1.001146674156189,8.829995155334473,-0.002969022374600172,0.008569550700485706,1.001146674156189,0.011934548616409302,7549.965892081,0.008598962798714638,1000,0.004545299336314201,-1.7581959962844849,0,0.0001548764994367957
1743313475.3899179,0.003604416793677956,76.61557006835938,234.04055786132812,1.1890454292297363,3.640000104904175,5.935487270355225,0.10222272574901581,0.0331602469086647,0.9994422793388367,-8.392333938900265e-09,1.5919990539550781,0.0043058195151388645,0,1.123029112815857,10,85.45526885986328,-0.3913155645132065,0.24626603722572327,-0.14516425132751465,1,0.00032642652513459325,0.11904408037662506,0.000394353992305696,1760000.0,-23339.16015625,87,0.01585797220468521,0.23719941079616547,88,0,0.32282915711402893,7549.0146484375,0.9994422793388367,8.839681625366211,0.0006353944190777838,0.015670277178287506,0.9994422793388367,0.0005676877917721868,7635.919312437,0.01585797220468521,1000,-0.00507366331294179,-1.8397283554077148,0,0.00014665830531157553
1743313561.3434033,-0.007953291351441294,77.06346893310547,232.86634826660156,1.1932021379470825,5.079999923706055,1.284980058670044,0.5151904225349426,0.18221499025821686,1.0007941722869873,-4.577636492086867e-09,1.5955194234848022,0.005504685919731855,0,0.7271925210952759,10,85.88617706298828,0.4129676967859268,0.47396907210350037,-0.17545026540756226,1,-0.002817976288497448,0.3906800150871277,0.0005614522378891706,1780000.0,-2130.522216796875,88,0.037820830941200256,0.16959181427955627,89,0,0.30108457803726196,7634.9609375,1.0007941722869873,8.822684288024902,-0.00731789693236351,0.03716523200273514,1.0007940530776978,0.012112585827708244,7721.710654523,0.037820830941200256,1000,0.0011988664045929909,-1.8064571619033813,0,0.00016469416732434183
1743313647.1347184,0.0060193376848474145,76.89918518066406,233.31320190429688,1.1825226545333862,3.859999895095825,2.5488367080688477,0.2696176767349243,0.06899576634168625,1.0000474452972412,-5.340575981449547e-09,1.5864661931991577,0.005348000209778547,0,1.3019353151321411,10,85.7216796875,-0.2455727458000183,0.21815381944179535,-0.17920474708080292,1,1.4837365597486496e-05,0.194367915391922,3.3436524972785264e-05,1800000.0,-4839.79345703125,89,0.011799151077866554,0.3501577377319336,90,0,0.3285562992095947,7720.748046875,1.0000474452972412,8.822471618652344,-0.0012985592475160956,0.011799079366028309,1.0000473260879517,0.0030785382259637117,7807.55074225,0.011799151077866554,1000,-0.0001566857099533081,-1.8389265537261963,0,0.00012925046030431986
1743313732.974813,-0.000620707985945046,76.94220733642578,233.15606689453125,1.173681616783142,3.690000057220459,3.063225746154785,0.1658126562833786,0.05658423900604248,0.9995128512382507,3.051757735406113e-09,1.5788856744766235,0.005113622173666954,0,1.3054219484329224,10,85.77944946289062,-0.10380502045154572,0.22283485531806946,-0.16938406229019165,1,-0.00010972511518048123,0.11334814876317978,0.000344452157150954,1820000.0,-6388.21337890625,90,0.011736206710338593,0.3410373032093048,91,0,0.32968831062316895,7806.60107421875,0.9995128512382507,8.837224006652832,-0.0019192672334611416,0.01173055823892355,0.9995128512382507,0.002131424378603697,7893.369334216,0.011736206710338593,1000,-0.00023437803611159325,-1.6389461755752563,0,0.00011752772115869448
1743313818.7934022,0.0024318157229572535,76.91252136230469,233.25155639648438,1.1716371774673462,2.309999942779541,7.008597373962402,0.08041588962078094,0.02963552065193653,0.9994522333145142,9.155272984173735e-09,1.5771937370300293,0.00848283339291811,0,1.2393677234649658,10,85.74433898925781,-0.08539676666259766,0.2281644642353058,-0.14787612855434418,1,0.00015965045895427465,0.1590765118598938,0.0003873576351907104,1840000.0,-13105.55859375,91,0.013020548038184643,0.3373050391674042,92,0,0.3019683063030243,7892.40478515625,0.9994522333145142,8.831795692443848,0.0005125484894961119,0.012957948260009289,0.9994521737098694,0.00040715245995670557,7979.26018735,0.013020548038184643,1000,0.003369211219251156,-1.494197130203247,0,0.0001759974256856367
1743313904.6841726,0.0006901941960677505,77.01568603515625,233.0563201904297,1.1863727569580078,3.180000066757202,1.7088314294815063,0.27946022152900696,0.11578487604856491,0.9990540742874146,-5.7220459481754915e-09,1.5896211862564087,0.004433016292750835,0,1.1255217790603638,10,85.81616973876953,0.199044331908226,0.25061026215553284,-0.12249113619327545,1,0.002906518755480647,0.1513073742389679,0.0006688985740765929,1860000.0,-1476.4434814453125,92,0.01578781008720398,0.2907150983810425,93,0,0.3202168941497803,7978.29541015625,0.9990540742874146,8.800458908081055,0.0012027426855638623,0.014554379507899284,0.9990540146827698,0.0068490589037537575,8064.906095324,0.01578781008720398,1000,-0.0040498171001672745,-1.3768023252487183,0,0.0001536274648969993
1743313990.3301163,-0.007969882455654442,76.78028869628906,233.68087768554688,1.1825246810913086,2.119999885559082,2.4044244289398193,0.3262383043766022,0.07834716886281967,0.9986890554428101,3.8146971692576415e-10,1.5864087343215942,0.005339952185750008,0,1.191615343093872,10,85.58680725097656,0.046778082847595215,0.26692160964012146,-0.14336533844470978,1,-0.0030090999789536,0.12230580300092697,0.0009269777801819146,1880000.0,-1299.14404296875,93,0.014085020869970322,0.2066022902727127,94,0,0.3312423825263977,8063.95556640625,0.9986890554428101,8.806489944458008,-0.00676713977009058,0.011467648670077324,0.9986889958381653,0.0034594449680298567,8152.490680261,0.014085020869970322,1000,0.0009069358929991722,-1.3799906969070435,0,0.0001314705441473052
1743314077.914755,0.0049707075813785195,78.69880676269531,228.5490264892578,1.1704741716384888,2.4000000953674316,2.110812187194824,0.22183042764663696,0.07698967307806015,1.0006704330444336,-1.9836425835251248e-08,1.576295256614685,0.004679807461798191,0,1.2096900939941406,10,87.50858306884766,-0.10440787672996521,0.22961482405662537,-0.1528221219778061,1,-9.354786016047001e-05,0.14779862761497498,0.00047406775411218405,1900000.0,-1283.172119140625,94,0.013667258433997631,0.2303830087184906,95,0,0.34294456243515015,8151.52392578125,1.0006704330444336,8.80975341796875,-0.0017964321887120605,0.013665309175848961,1.0006704330444336,0.00448879599571228,8237.92431254,0.013667258433997631,1000,-0.0006601447239518166,-1.436098337173462,0,0.0001302157761529088
1743314163.348398,0.002984323655255139,76.56104278564453,234.29095458984375,1.1611860990524292,2.200000047683716,2.8745977878570557,0.08197015523910522,0.049820031970739365,0.9997318983078003,6.103515470812226e-09,1.5683711767196655,0.005032782908529043,0,1.1868131160736084,10,85.36394500732422,-0.13986027240753174,0.24308611452579498,-0.18347285687923431,1,0.0013287977781146765,0.1919412910938263,0.000189576530829072,1920000.0,-1999.70166015625,95,0.014199236407876015,0.17459768056869507,96,0,0.34870803356170654,8236.96484375,0.9997318983078003,8.802879333496094,0.0011878914665430784,0.013469708152115345,0.9997318387031555,0.002420326927676797,8323.470825235,0.014199236407876015,1000,0.0003529754467308521,-1.5245248079299927,0,0.00011552571959327906
1743314248.8948727,-0.0019313875236548483,76.71226501464844,234.00938415527344,1.1479127407073975,2.0999999046325684,21.437793731689453,0.03606654703617096,0.008588624186813831,0.9995318651199341,7.629394005448376e-09,1.5568631887435913,0.004137016832828522,0,1.3349887132644653,10,85.46665954589844,-0.045903608202934265,0.21603579819202423,-0.16750138998031616,1,-1.3821124412061181e-05,0.1363866627216339,0.00033104943577200174,1940000.0,-101337.140625,96,0.011222107335925102,0.16089047491550446,97,0,0.28533706068992615,8322.5,0.9995318651199341,8.754379272460938,-0.0007434960571117699,0.01121771801263094,0.9995318055152893,4.350808740127832e-05,8408.891125996,0.011222107335925102,1000,-0.0008957660757005215,-1.7261499166488647,0,0.00015064420585986227
1743314334.315046,-0.0024488993803970516,76.5373306274414,234.3448486328125,1.1359443664550781,1.2300000190734863,53.59764862060547,0.020144149661064148,0.005437753163278103,1.0009257793426514,-4.577636492086867e-09,1.5463398694992065,0.005466004833579063,0,1.2099546194076538,10,85.34431457519531,-0.01592239737510681,0.25817620754241943,-0.19616809487342834,1,-6.24596286797896e-05,0.17684046924114227,0.0006545124342665076,1960000.0,-217305.984375,97,0.013661283999681473,0.1506267637014389,98,0,0.21829421818256378,8407.9228515625,1.0009257793426514,8.806952476501465,-0.0031923954375088215,0.013100933283567429,1.0009256601333618,6.952071998966858e-06,8494.534837964,0.013661283999681473,1000,0.0013289880007505417,-1.8470193147659302,0,0.00016531202709302306
1743314419.9587245,-0.0015498269349336624,76.81074523925781,233.7089080810547,1.124559998512268,1.7300000190734863,1.5806907415390015,0.22608917951583862,0.1128007099032402,0.9988094568252563,2.2888182460434336e-09,1.5361833572387695,0.003321525175124407,0,1.0867457389831543,10,85.57654571533203,0.20594502985477448,0.24827717244625092,-0.171600803732872,1,-0.0022782520391047,0.17204691469669342,0.0008418692159466445,1980000.0,-373.8805236816406,98,0.016934556886553764,0.12462011724710464,99,0,0.34052854776382446,8493.5771484375,0.9988094568252563,8.765777587890625,-0.004742222372442484,0.01628611981868744,0.9988093972206116,0.008004525676369667,8579.110893078,0.016934556886553764,1000,-0.0021444796584546566,-1.8010125160217285,0,0.00012249463179614395
1743314504.5349722,0.0061643809312954545,75.81979370117188,236.64801025390625,1.1110318899154663,1.1100000143051147,3.459820032119751,0.16633248329162598,0.03831687942147255,1.000375509262085,-1.678466787780053e-08,1.5238456726074219,0.004516895394772291,0,1.2834457159042358,10,84.51371002197266,-0.059756696224212646,0.22088883817195892,-0.19116315245628357,1,0.0010789912194013596,0.0801590159535408,0.00026552515919320285,2000000.0,-737.4136352539062,99,0.01214156299829483,0.15148422122001648,100,0,0.33669513463974,8578.15625,1.000375509262085,8.693888664245605,0.0014221585588529706,0.0114447558298707,1.0003753900527954,0.0016707844333723187,8579.167520559,0.01214156299829483,1000,0.0011953702196478844,-1.6834073066711426,0,0.00014399734209291637
