Metrics/LagrangeMultiplier/Std,Safety/ShieldLagrangeMultiplier/Std,Train/PolicyRatio/Max,Metrics/EpCost,Loss/Loss_cost_critic,Time/Update,_step,Time/FPS,Train/StopIter,TotalEnvSteps,_runtime,Safety/ShieldLagrangeMultiplier/Min,Time/Rollout,Metrics/LagrangeMultiplier/Min,Loss/Loss_reward_critic,Train/PolicyRatio/Std,Train/PolicyRatio,Safety/shield_violation,_timestamp,Loss/Loss_pi,Value/reward,Safety/EpCostShield,Train/LR,Safety/shield_adv_c,Loss/Loss_cost_critic/Delta,Metrics/LagrangeMultiplier/Max,Time/Total,Loss/Loss_pi/Delta,Value/Adv,Train/PolicyStd,Train/KL,Loss/Loss_reward_critic/Delta,Train/Epoch,Metrics/EpRet,Train/PolicyRatio/Min,Metrics/LagrangeMultiplier,Value/cost,Safety/ShieldLagrangeMultiplier/Max,Train/Entropy,Safety/ShieldLagrangeMultiplier,Time/Epoch,Metrics/EpLen
0,0,1.0027011632919312,127.7750015258789,56.29012680053711,94.96624755859375,1,88.3613052368164,40,20000.0,428.278379156,0.044999994337558746,131.37710571289062,0.03599999472498894,0.01359251607209444,0.00938014592975378,1.0027011632919312,0.060434747487306595,1746537060.422523,-0.35978248715400696,-0.05766931176185608,167.60000610351562,0.0002969999914057553,NaN,56.29012680053711,0.03599999472498894,226.34475708007812,-0.35978248715400696,0.2294117510318756,0.9903285503387451,0.008827082812786102,0.01359251607209444,0,-0.3531848192214966,1.0027011632919312,0.03599999472498894,0.05830250307917595,0.044999994337558746,1.4091920852661133,0.044999994337558746,226.3434295654297,500
0,0,1.0037065744400024,145.7375030517578,42.14613723754883,95.322021484375,2,99.51367950439453,40,40000.0,622.759085225,0.0800473690032959,105.65531921386719,0.07104432582855225,0.011652619577944279,0.011053496971726418,1.0037065744400024,5.378704071044922,1746537261.457516,-0.2872827351093292,-0.04947756230831146,187.14999389648438,0.00029399999766610563,NaN,-14.143989562988281,0.07104432582855225,427.3780822753906,0.07249975204467773,-0.22813229262828827,0.9662359952926636,0.010307177901268005,-0.0019398964941501617,1,-0.050167083740234375,1.0037065744400024,0.07104432582855225,4.4955267906188965,0.0800473690032959,1.384570837020874,0.0800473690032959,200.97740173339844,500
0,0,1.006339430809021,127.93000030517578,41.695247650146484,94.29666900634766,3,102.86800384521484,40,60000.0,819.232736446,0.11352550983428955,100.1271743774414,0.10597072541713715,0.009083688259124756,0.013029114343225956,1.006339430809021,7.049499034881592,1746537455.938268,-0.3658974766731262,-0.025753775611519814,100.9749984741211,0.000291000003926456,NaN,-0.45088958740234375,0.10597072541713715,621.8607788085938,-0.078614741563797,-0.008464977145195007,0.9272173047065735,0.013490479439496994,-0.002568931318819523,2,0.21657684445381165,1.006339430809021,0.10597072541713715,5.53557014465332,0.11352550983428955,1.343300700187683,0.11352550983428955,194.42391967773438,500
0,0,1.005265712738037,120.45999908447266,60.105369567871094,93.93950653076172,4,101.82369232177734,40,80000.0,1015.977602061,0.14747391641139984,102.47834777832031,0.14073434472084045,0.009754548780620098,0.011905262246727943,1.005265712738037,13.110610961914062,1746537652.411923,-0.2817822992801666,0.0303989015519619,158.97500610351562,0.0002880000101868063,NaN,18.41012191772461,0.14073434472084045,818.3326416015625,0.0841151773929596,0.02418072149157524,0.9029467701911926,0.010524864308536053,0.0006708605214953423,3,0.821767270565033,1.005265712738037,0.14073434472084045,10.656564712524414,0.14747391641139984,1.3166701793670654,0.14747391641139984,196.41793823242188,500
0,0,1.0082467794418335,118.95999908447266,61.66561508178711,94.4587173461914,5,101.6904296875,40,100000.0,1215.394270101,0.18127721548080444,102.21656036376953,0.175387442111969,0.011718838475644588,0.012813934125006199,1.0082467794418335,13.382097244262695,1746537849.1568694,-0.3176657557487488,0.09839608520269394,129.1750030517578,0.0002849999873433262,NaN,1.5602455139160156,0.175387442111969,1015.065185546875,-0.03588345646858215,0.09108492732048035,0.8726063370704651,0.014671887271106243,0.0019642896950244904,4,1.6562674045562744,1.0082467794418335,0.175387442111969,10.772539138793945,0.18127721548080444,1.2822281122207642,0.18127721548080444,196.67535400390625,500
0,0,1.006109595298767,139.86000061035156,96.35152435302734,94.96662139892578,6,100.32185363769531,40,120000.0,1412.899430455,0.21559883654117584,104.39167785644531,0.21024125814437866,0.01787920482456684,0.012775637209415436,1.006109595298767,20.45794677734375,1746538048.5712678,-0.24372659623622894,0.1912480592727661,183.72500610351562,0.00028199999360367656,NaN,34.685909271240234,0.21024125814437866,1214.4921875,0.07393915951251984,0.15748968720436096,0.8402015566825867,0.013366639614105225,0.006160366348922253,5,2.5180838108062744,1.006109595298767,0.21024125814437866,16.763931274414062,0.21559883654117584,1.2443212270736694,0.21559883654117584,199.3583526611328,500
0,0,1.0073118209838867,119.4800033569336,95.84135437011719,95.85365295410156,7,101.29342651367188,40,140000.0,1608.728933018,0.24989205598831177,101.59246063232422,0.24496158957481384,0.02523333765566349,0.012807486578822136,1.0073118209838867,20.1453914642334,1746538246.0786934,-0.31329357624053955,0.2779678404331207,144.89999389648438,0.0002789999998640269,NaN,-0.5101699829101562,0.24496158957481384,1411.99462890625,-0.06956698000431061,0.27651989459991455,0.8137378096580505,0.014392552897334099,0.007354132831096649,6,3.0090136528015137,1.0073118209838867,0.24496158957481384,15.797114372253418,0.24989205598831177,1.2124552726745605,0.24989205598831177,197.44618225097656,500
0,0,1.0088355541229248,112.66999816894531,86.19685363769531,95.98117065429688,8,102.1629638671875,40,160000.0,1801.718942254,0.2836386561393738,99.78443145751953,0.279470831155777,0.024385178461670876,0.013379007577896118,1.0088355541229248,18.78642463684082,1746538441.9081001,-0.37982189655303955,0.4111611247062683,112.9749984741211,0.00027600000612437725,NaN,-9.644500732421875,0.279470831155777,1607.8203125,-0.0665283203125,-0.11805717647075653,0.7812960147857666,0.014597921632230282,-0.0008481591939926147,7,3.675962209701538,1.0088355541229248,0.279470831155777,13.688587188720703,0.2836386561393738,1.1717973947525024,0.2836386561393738,195.7656707763672,500
0,0,1.0094776153564453,81.0999984741211,82.62628936767578,94.7988510131836,9,103.66241455078125,40,180000.0,1996.631464754,0.3166738748550415,98.13505554199219,0.3131253719329834,0.03147082030773163,0.014231273904442787,1.0094774961471558,18.008495330810547,1746538634.8982298,-0.39224496483802795,0.49411094188690186,98.32499694824219,0.0002730000123847276,NaN,-3.5705642700195312,0.3131253719329834,1800.817626953125,-0.012423068284988403,-0.14501380920410156,0.7543554902076721,0.018549306318163872,0.007085641846060753,8,4.08289909362793,1.0094776153564453,0.3131253719329834,13.270752906799316,0.3166738748550415,1.1363565921783447,0.3166738748550415,192.9339599609375,500
0,0,1.0091348886489868,81.08000183105469,87.3887939453125,94.20172119140625,10,102.64659118652344,40,200000.0,2188.182480024,0.3494282364845276,100.64151763916016,0.3461095094680786,0.037508055567741394,0.014554954133927822,1.0091347694396973,18.67169189453125,1746538829.8105762,-0.3513220250606537,0.582763671875,111.3499984741211,0.0002699999895412475,NaN,4.762504577636719,0.3461095094680786,1995.7188720703125,0.04092293977737427,0.3508048951625824,0.7260277271270752,0.017041562125086784,0.006037235260009766,9,5.038299560546875,1.0091348886489868,0.3461095094680786,13.60179328918457,0.3494282364845276,1.0979434251785278,0.3494282364845276,194.8433074951172,500
0,0,1.0110845565795898,67.94999694824219,49.47288131713867,93.62366485595703,11,104.4439926147461,40,220000.0,2374.898533484,0.3808755874633789,97.86647033691406,0.37819913029670715,0.03411043807864189,0.013837307691574097,1.0110845565795898,14.75020980834961,1746539021.3617275,-0.4391379654407501,0.6620964407920837,64.5250015258789,0.00026699999580159783,NaN,-37.91591262817383,0.37819913029670715,2187.276123046875,-0.08781594038009644,0.08636029064655304,0.7060577869415283,0.016303619369864464,-0.0033976174890995026,10,5.362866401672363,1.0110845565795898,0.37819913029670715,9.308815956115723,0.3808755874633789,1.0698267221450806,0.3808755874633789,191.4901885986328,500
0,0,1.0114535093307495,35.7400016784668,28.118478775024414,94.20018005371094,12,107.14759826660156,40,240000.0,2559.913617402,0.4102565348148346,92.45816802978516,0.4084964692592621,0.034182220697402954,0.013692582957446575,1.0114535093307495,8.801837921142578,1746539208.0777595,-0.4265124201774597,0.7163802981376648,31.825000762939453,0.0002640000020619482,NaN,-21.354402542114258,0.4084964692592621,2373.995849609375,0.012625545263290405,-0.12598155438899994,0.6887294054031372,0.015108324587345123,7.178261876106262e-05,11,5.179342746734619,1.0114535093307495,0.4084964692592621,5.084884166717529,0.4102565348148346,1.0449585914611816,0.4102565348148346,186.6584014892578,500
0,0,1.0163722038269043,20.780000686645508,10.462231636047363,95.29212188720703,13,108.13240814208984,40,260000.0,2747.749698262,0.43693217635154724,89.6662368774414,0.4366825520992279,0.02613106742501259,0.014657958410680294,1.0163722038269043,5.864239692687988,1746539393.092871,-0.48467326164245605,0.7573772668838501,5.150000095367432,0.0002610000083222985,NaN,-17.65624713897705,0.4366825520992279,2559.01318359375,-0.05816084146499634,-0.24503397941589355,0.6658977270126343,0.017507031559944153,-0.008051153272390366,12,4.994631767272949,1.0163722038269043,0.4366825520992279,2.7942330837249756,0.43693217635154724,1.0105421543121338,0.43693217635154724,184.9584197998047,500
0,0,1.015864372253418,12.65999984741211,15.005477905273438,95.88529968261719,14,106.51513671875,40,280000.0,2933.006291615,0.46178242564201355,91.88137817382812,0.4626905620098114,0.03424305468797684,0.014621429145336151,1.015864372253418,6.478600978851318,1746539580.9289484,-0.4296846091747284,0.8023825287818909,20.950000762939453,0.0002579999854788184,NaN,4.543246269226074,0.4626905620098114,2746.836181640625,0.05498865246772766,-0.08885654807090759,0.6445120573043823,0.016460057348012924,0.008111987262964249,13,5.239105701446533,1.015864372253418,0.4626905620098114,3.6502976417541504,0.46178242564201355,0.977801501750946,0.46178242564201355,187.76673889160156,500
0,0,1.0173282623291016,8.529999732971191,5.342027187347412,95.0774917602539,15,107.99211883544922,40,300000.0,3117.110981365,0.4845286011695862,90.12115478515625,0.4865994155406952,0.025907043367624283,0.01461796648800373,1.0173282623291016,3.769876480102539,1746539766.181384,-0.4146358370780945,0.8401445150375366,6.974999904632568,0.00025499999173916876,NaN,-9.663450717926025,0.4865994155406952,2932.104248046875,0.015048772096633911,0.0949801504611969,0.6263495683670044,0.015063582919538021,-0.008336011320352554,14,5.064207077026367,1.0173282623291016,0.4865994155406952,1.6634998321533203,0.4845286011695862,0.948845386505127,0.4845286011695862,185.19869995117188,500
0,0,1.0191541910171509,6.139999866485596,5.4880547523498535,94.05918884277344,16,108.67064666748047,40,320000.0,3300.890982259,0.5054071545600891,89.98309326171875,0.508538007736206,0.03648796305060387,0.015109666623175144,1.0191541910171509,3.371128559112549,1746539950.290143,-0.3876948058605194,0.885391891002655,7.125,0.0002519999979995191,NaN,0.1460275650024414,0.508538007736206,3116.20068359375,0.026941031217575073,-0.02850278839468956,0.6090560555458069,0.01709410734474659,0.010580919682979584,15,5.536522388458252,1.0191541910171509,0.508538007736206,1.5657728910446167,0.5054071545600891,0.9203434586524963,0.5054071545600891,184.04234313964844,500
0,0,1.019336223602295,4.519999980926514,3.7590248584747314,93.72616577148438,17,108.8658218383789,40,340000.0,3485.045205635,0.5246932506561279,89.98616790771484,0.5286446809768677,0.035990793257951736,0.015105409547686577,1.019336223602295,2.7665297985076904,1746540134.0702555,-0.3597951829433441,0.8959272503852844,9.175000190734863,0.00024900000425986946,NaN,-1.729029893875122,0.5286446809768677,3299.981201171875,0.027899622917175293,-0.027291137725114822,0.5924532413482666,0.01580803468823433,-0.0004971697926521301,16,5.686381816864014,1.019336223602295,0.5286446809768677,1.3094745874404907,0.5246932506561279,0.8919382095336914,0.5246932506561279,183.71238708496094,500
0,0,1.01998770236969,3.380000114440918,3.9713733196258545,94.40737915039062,18,108.64188385009766,40,360000.0,3670.567347559,0.542377769947052,89.68363189697266,0.5470572113990784,0.0468171052634716,0.0150142228230834,1.01998770236969,2.3584675788879395,1746540318.224437,-0.3652234971523285,0.9467394351959229,4.474999904632568,0.0002460000105202198,NaN,0.21234846115112305,0.5470572113990784,3484.13818359375,-0.005428314208984375,0.1162877231836319,0.5775191783905029,0.016850315034389496,0.010826312005519867,17,6.114579677581787,1.01998770236969,0.5470572113990784,0.9487754702568054,0.542377769947052,0.8661686182022095,0.542377769947052,184.091064453125,500
0,0,1.0192302465438843,2.2200000286102295,4.098952293395996,95.05257415771484,19,107.84835052490234,40,380000.0,3855.456064691,0.5587407350540161,90.39295196533203,0.5638927221298218,0.05277560278773308,0.015203268267214298,1.0192302465438843,1.9707988500595093,1746540503.7466125,-0.3268769681453705,0.9788854718208313,7.599999904632568,0.00024300000222865492,NaN,0.1275789737701416,0.5638927221298218,3669.647705078125,0.03834652900695801,0.14277219772338867,0.5676760077476501,0.01260424591600895,0.005958497524261475,18,6.095801830291748,1.0192302465438843,0.5638927221298218,0.7766897678375244,0.5587407350540161,0.848709762096405,0.5587407350540161,185.44557189941406,500
0,0,1.017702579498291,2.4600000381469727,2.885434865951538,95.4404067993164,20,108.21588134765625,40,400000.0,4040.231224268,0.5739045143127441,89.37529754638672,0.5793166756629944,0.04952859878540039,0.01472406554967165,1.017702579498291,1.8694276809692383,1746540688.6353533,-0.331135630607605,1.0718435049057007,7.324999809265137,0.00023999999393709004,NaN,-1.213517427444458,0.5793166756629944,3854.5380859375,-0.004258662462234497,0.008981302380561829,0.555102527141571,0.02244439348578453,-0.0032470040023326874,19,6.7019500732421875,1.017702579498291,0.5793166756629944,0.714139461517334,0.5739045143127441,0.8252721428871155,0.5739045143127441,184.8157501220703,500
0,0,1.019951343536377,1.690000057220459,1.8411552906036377,95.15660095214844,21,108.28449249267578,40,420000.0,4225.768654608,0.5877878665924072,89.54199981689453,0.5934293866157532,0.04098481684923172,0.014547792263329029,1.019951343536377,1.4907515048980713,1746540873.410435,-0.3315025866031647,1.0639758110046387,2.200000047683716,0.00023700000019744039,NaN,-1.0442795753479004,0.5934293866157532,4039.3154296875,-0.0003669559955596924,0.013674810528755188,0.5497264862060547,0.013032753020524979,-0.00854378193616867,20,6.260047435760498,1.019951343536377,0.5934293866157532,0.565170407295227,0.5877878665924072,0.8153651356697083,0.5877878665924072,184.6986541748047,500
0,0,1.0170561075210571,3.390000104904175,4.625833988189697,94.28498840332031,22,107.82640838623047,40,440000.0,4412.161957219,0.6009212136268616,91.1982650756836,0.6064351201057434,0.046123940497636795,0.014716727659106255,1.0170561075210571,1.854983925819397,1746541058.9478133,-0.3091273009777069,1.1231211423873901,12.600000381469727,0.00023400000645779073,NaN,2.7846786975860596,0.6064351201057434,4224.86962890625,0.022375285625457764,-0.12989702820777893,0.5393528342247009,0.013707714155316353,0.005139123648405075,21,6.092831611633301,1.0170561075210571,0.6064351201057434,0.7475916743278503,0.6009212136268616,0.7958678007125854,0.6009212136268616,185.48330688476562,500
0,0,1.0172176361083984,5.670000076293945,4.217671871185303,94.25817108154297,23,107.34077453613281,40,460000.0,4598.380095759,0.6133262515068054,92.06427001953125,0.6185472011566162,0.06581424176692963,0.014568332582712173,1.0172176361083984,2.063009738922119,1746541245.3411894,-0.3002748489379883,1.1828213930130005,11.199999809265137,0.00023099999816622585,NaN,-0.40816211700439453,0.6185472011566162,4411.2470703125,0.008852452039718628,-0.0731932669878006,0.5355574488639832,0.012739512138068676,0.01969030126929283,22,6.876385688781738,1.0172176361083984,0.6185472011566162,1.0788798332214355,0.6133262515068054,0.7888712286949158,0.6133262515068054,186.32247924804688,500
0,0,1.0163706541061401,6.920000076293945,4.223397731781006,95.14738464355469,24,107.44357299804688,40,480000.0,4785.142273401,0.6250391602516174,90.99678039550781,0.6299115419387817,0.06262557208538055,0.014572455547749996,1.0163706541061401,1.9727672338485718,1746541431.5593696,-0.3075122535228729,1.2567747831344604,10.274999618530273,0.0002280000044265762,NaN,0.005725860595703125,0.6299115419387817,4597.46240234375,-0.0072374045848846436,-0.06477758288383484,0.5278687477111816,0.013616579584777355,-0.0031886696815490723,23,7.382307529449463,1.0163706541061401,0.6299115419387817,0.8062931895256042,0.6250391602516174,0.7736269235610962,0.6250391602516174,186.14422607421875,500
0,0,1.019027590751648,6.21999979019165,3.896970272064209,96.02494049072266,25,107.120361328125,40,500000.0,4971.666317568,0.6360769271850586,90.68087005615234,0.6405668258666992,0.06719168275594711,0.015080658718943596,1.019027590751648,1.982590675354004,1746541618.3197596,-0.31352314352989197,1.290893316268921,9.0,0.00022499999613501132,NaN,-0.3264274597167969,0.6405668258666992,4784.24169921875,-0.006010890007019043,0.05169077217578888,0.517261803150177,0.015823282301425934,0.004566110670566559,24,7.794847011566162,1.019027590751648,0.6405668258666992,0.5970198512077332,0.6360769271850586,0.7525862455368042,0.6360769271850586,186.7058563232422,500
0,0,1.0182040929794312,3.619999885559082,3.7931365966796875,95.73802947998047,26,107.26508331298828,40,520000.0,5157.744303467,0.6464962959289551,90.71588134765625,0.6504530906677246,0.062475185841321945,0.015038457699120045,1.0182039737701416,2.0512194633483887,1746541804.845501,-0.30195263028144836,1.3073396682739258,8.774999618530273,0.00022200000239536166,NaN,-0.10383367538452148,0.6504530906677246,4970.75146484375,0.011570513248443604,0.05670228973031044,0.5115188360214233,0.014599625952541828,-0.004716496914625168,25,7.930088520050049,1.0182040929794312,0.6504530906677246,0.7540954351425171,0.6464962959289551,0.7414065599441528,0.6464962959289551,186.45396423339844,500
0,0,1.0200589895248413,4.210000038146973,4.790036201477051,94.66154479980469,27,107.70655822753906,40,540000.0,5341.795509273,0.6564326286315918,91.02811431884766,0.6596711874008179,0.08040453493595123,0.015549745410680771,1.0200589895248413,1.7921148538589478,1746541990.9234564,-0.2891445457935333,1.377721905708313,10.574999809265137,0.00021899999410379678,NaN,0.9968996047973633,0.6596711874008179,5156.515625,0.012808084487915039,-0.26386791467666626,0.5035253167152405,0.01581151783466339,0.017929349094629288,26,8.051344871520996,1.0200589895248413,0.6596711874008179,0.673025906085968,0.6564326286315918,0.7254878282546997,0.6564326286315918,185.68971252441406,500
0,0,1.0151684284210205,3.809999942779541,2.7792742252349854,93.40557861328125,28,108.78770446777344,40,560000.0,5526.129689907,0.6656435132026672,90.43868255615234,0.66826331615448,0.059401240199804306,0.014394189231097698,1.015168309211731,1.2922489643096924,1746542174.9747465,-0.26410454511642456,1.3753465414047241,3.700000047683716,0.00021600000036414713,NaN,-2.0107619762420654,0.66826331615448,5340.7431640625,0.025040000677108765,0.03292792662978172,0.504603385925293,0.013573508709669113,-0.021003294736146927,27,7.99850606918335,1.0151684284210205,0.66826331615448,0.48213598132133484,0.6656435132026672,0.7273094058036804,0.6656435132026672,183.8443145751953,500
0,0,1.0179702043533325,1.8200000524520874,1.697568416595459,93.97769927978516,29,108.65332794189453,40,580000.0,5711.009140526,0.6741588711738586,90.09391784667969,0.6761854887008667,0.0478740893304348,0.015269516967236996,1.0179702043533325,0.8722550868988037,1746542359.3089347,-0.26757529377937317,1.329652190208435,2.8499999046325684,0.00021300000662449747,NaN,-1.0817058086395264,0.6761854887008667,5525.0224609375,-0.0034707486629486084,-0.02256029099225998,0.5053405165672302,0.014065530151128769,-0.011527150869369507,28,7.181308746337891,1.0179702043533325,0.6761854887008667,0.2735009789466858,0.6741588711738586,0.7284607887268066,0.6741588711738586,184.07167053222656,500
0,0,1.0174719095230103,0.8999999761581421,1.4321227073669434,95.26011657714844,30,108.24590301513672,40,600000.0,5897.11114176,0.6820952892303467,89.50433349609375,0.6834503412246704,0.040992431342601776,0.014803001657128334,1.0174719095230103,0.9011527299880981,1746542544.1882577,-0.2647441029548645,1.3136625289916992,4.074999809265137,0.0002099999983329326,NaN,-0.2654457092285156,0.6834503412246704,5710.05029296875,0.002831190824508667,0.2264396846294403,0.503800094127655,0.013971632346510887,-0.006881657987833023,29,6.714346408843994,1.0174719095230103,0.6834503412246704,0.2753846049308777,0.6820952892303467,0.724887490272522,0.6820952892303467,184.76451110839844,500
0,0,1.0157744884490967,1.3600000143051147,2.83027720451355,95.09994506835938,31,107.5401840209961,40,620000.0,6083.345709789,0.6898350715637207,90.87699890136719,0.6901408433914185,0.05122353136539459,0.015045439824461937,1.0157744884490967,1.0181553363800049,1746542730.2901871,-0.2351178079843521,1.3829666376113892,11.550000190734863,0.00020700000459328294,NaN,1.3981544971466064,0.6901408433914185,5896.1435546875,0.02962629497051239,0.21854284405708313,0.5002831220626831,0.015209420584142208,0.010231100022792816,30,6.779898643493652,1.0157744884490967,0.6901408433914185,0.3755680322647095,0.6898350715637207,0.7174328565597534,0.6898350715637207,185.97698974609375,500
0,0,1.020395278930664,2.369999885559082,2.142620801925659,95.8476333618164,32,107.4629898071289,40,640000.0,6269.641629052,0.6971644759178162,90.26289367675781,0.6963624954223633,0.06306185573339462,0.015905996784567833,1.020395278930664,0.9306704998016357,1746542916.5249841,-0.2797744572162628,1.5204894542694092,6.224999904632568,0.00020399999630171806,NaN,-0.6876564025878906,0.6963624954223633,6082.3798828125,-0.044656649231910706,-0.005266807973384857,0.4890592098236084,0.017562372609972954,0.01183832436800003,31,7.5502400398254395,1.020395278930664,0.6963624954223633,0.3036945164203644,0.6971644759178162,0.6932780742645264,0.6971644759178162,186.11058044433594,500
0,0,1.016189694404602,2.0899999141693115,2.006554126739502,95.61962890625,33,107.4351806640625,40,660000.0,6454.842842701,0.7041206955909729,90.53907775878906,0.7021429538726807,0.06788535416126251,0.014881729148328304,1.0161895751953125,0.9019096493721008,1746543102.8208184,-0.24315756559371948,1.5425560474395752,6.175000190734863,0.0002010000025620684,NaN,-0.13606667518615723,0.7021429538726807,6268.66015625,0.036616891622543335,0.017787687480449677,0.4831143319606781,0.015295782126486301,0.004823498427867889,32,8.264911651611328,1.016189694404602,0.7021429538726807,0.18583807349205017,0.7041206955909729,0.6794474124908447,0.7041206955909729,186.1587677001953,500
0,0,1.0203075408935547,2.8399999141693115,3.0332863330841064,93.94762420654297,34,108.03514099121094,39,680000.0,6642.589167773,0.7107876539230347,91.17727661132812,0.7075633406639099,0.07815577834844589,0.015857065096497536,1.0203075408935547,1.173782467842102,1746543288.022037,-0.2721269428730011,1.6617331504821777,7.224999904632568,0.00019799999427050352,NaN,1.0267322063446045,0.7075633406639099,6453.92431640625,-0.028969377279281616,-0.3230002522468567,0.4713584780693054,0.020213933661580086,0.01027042418718338,33,9.153156280517578,1.0203075408935547,0.7075633406639099,0.21878266334533691,0.7107876539230347,0.6535823345184326,0.7107876539230347,185.1249542236328,500
0,0,1.0182950496673584,2.5299999713897705,2.7387213706970215,96.32044219970703,35,106.5681381225586,40,700000.0,6793.873671925,0.7172499299049377,91.35285186767578,0.7126399278640747,0.0808858647942543,0.015463393181562424,1.0182950496673584,0.7483270764350891,1746543475.7683694,-0.279325395822525,1.666311502456665,8.425000190734863,0.00019500000053085387,NaN,-0.29456496238708496,0.7126399278640747,6641.67138671875,-0.007198452949523926,0.18073172867298126,0.4566692113876343,0.019344646483659744,0.0027300864458084106,34,9.090158462524414,1.0182950496673584,0.7126399278640747,0.02358771115541458,0.7172499299049377,0.621152400970459,0.7172499299049377,187.67335510253906,500
0,0,1.0138375759124756,2.7300000190734863,3.7913808822631836,60.12941360473633,36,132.2627716064453,25,720000.0,6980.572248132,0.7235834002494812,91.08464813232422,0.7174157500267029,0.07513772696256638,0.015416152775287628,1.0138375759124756,0.7749122977256775,1746543627.0529568,-0.27065321803092957,1.707760214805603,9.574999809265137,0.00019200000679120421,NaN,1.052659511566162,0.7174157500267029,6792.958984375,0.008672177791595459,-0.13356272876262665,0.4376543462276459,0.02002122811973095,-0.005748137831687927,35,9.365559577941895,1.0138375759124756,0.7174157500267029,0.06043050438165665,0.7235834002494812,0.5777718424797058,0.7235834002494812,151.21414184570312,500
0,0,1.0154759883880615,1.2699999809265137,1.9818757772445679,96.05406951904297,37,107.1658935546875,40,740000.0,7170.295667774,0.729555606842041,90.57241821289062,0.7218363285064697,0.06597259640693665,0.01541207917034626,1.0154759883880615,0.7195940613746643,1746543813.7514224,-0.18908648192882538,1.7672253847122192,4.324999809265137,0.00018899999849963933,NaN,-1.8095051050186157,0.7218363285064697,6979.65625,0.08156673610210419,0.3041808605194092,0.43291211128234863,0.01507466658949852,-0.00916513055562973,36,9.008901596069336,1.0154759883880615,0.7218363285064697,0.20584116876125336,0.729555606842041,0.5666126012802124,0.729555606842041,186.6265411376953,500
0,0,1.0130029916763306,2.7100000381469727,4.557589054107666,96.20784759521484,38,105.459228515625,40,760000.0,7360.55222141,0.7360548377037048,93.43885040283203,0.7260161638259888,0.06812120974063873,0.014909617602825165,1.0130029916763306,1.0476669073104858,1746544003.474846,-0.15271680057048798,1.8105177879333496,22.25,0.00018600000475998968,NaN,2.575713276863098,0.7260161638259888,7169.37451171875,0.0363696813583374,0.17588621377944946,0.42748013138771057,0.016778798773884773,0.0021486133337020874,37,9.404806137084961,1.0130029916763306,0.7260161638259888,0.18988479673862457,0.7360548377037048,0.5551312565803528,0.7360548377037048,189.64675903320312,500
0,0,1.0067929029464722,3.619999885559082,6.539241790771484,96.44192504882812,39,105.16410064697266,40,780000.0,7529.37214531,0.7431210279464722,93.73695373535156,0.7300307750701904,0.0841410830616951,0.015801429748535156,1.0067929029464722,1.3268744945526123,1746544193.731371,-0.11761906743049622,1.9587539434432983,23.875,0.0001829999964684248,NaN,1.9816527366638184,0.7300307750701904,7359.6298828125,0.03509773313999176,0.12300693988800049,0.42967578768730164,0.017458053305745125,0.016019873321056366,38,10.17574691772461,1.0067929029464722,0.7300307750701904,0.47885408997535706,0.7431210279464722,0.5590672492980957,0.7431210279464722,190.178955078125,500
0,0,1.0114749670028687,5.320000171661377,4.30422830581665,76.7721176147461,40,118.52031707763672,32,800000.0,7718.175581195,0.7503183484077454,91.97525024414062,0.7339962720870972,0.0647561103105545,0.014735709875822067,1.0114749670028687,1.5010271072387695,1746544362.5512893,-0.22082285583019257,1.8042734861373901,15.699999809265137,0.00018000000272877514,NaN,-2.235013484954834,0.7339962720870972,7528.45556640625,-0.10320378839969635,-0.008314445614814758,0.4285080134868622,0.021383028477430344,-0.019384972751140594,39,10.036140441894531,1.0114749670028687,0.7339962720870972,0.41761356592178345,0.7503183484077454,0.5558072924613953,0.7503183484077454,168.7474365234375,500
0,0,1.0104886293411255,7.610000133514404,11.033120155334473,96.18724822998047,41,105.97004699707031,40,820000.0,7905.720392479,0.7580690383911133,92.54527282714844,0.7380553483963013,0.08938052505254745,0.015833847224712372,1.010488510131836,2.2925686836242676,1746544551.354827,-0.18269139528274536,1.9106212854385376,24.450000762939453,0.00017699999443721026,NaN,6.728891849517822,0.7380553483963013,7717.26025390625,0.038131460547447205,-0.14119315147399902,0.4268653392791748,0.01786850020289421,0.02462441474199295,40,10.084915161132812,1.0104886293411255,0.7380553483963013,0.7439518570899963,0.7580690383911133,0.5515348315238953,0.7580690383911133,188.73257446289062,500
0,0,1.010749101638794,6.769999980926514,6.8040666580200195,95.53143310546875,42,106.683349609375,40,840000.0,8092.849661207,0.7661797404289246,91.9391860961914,0.7421537041664124,0.0652942806482315,0.015627272427082062,1.0107489824295044,2.5172622203826904,1746544738.899687,-0.16473250091075897,1.8032125234603882,21.325000762939453,0.0001740000006975606,NaN,-4.229053497314453,0.7421537041664124,7904.8017578125,0.01795889437198639,-0.17458634078502655,0.4280555546283722,0.016542354598641396,-0.02408624440431595,41,9.166936874389648,1.010749101638794,0.7421537041664124,0.9062151312828064,0.7661797404289246,0.5532835125923157,0.7661797404289246,187.47067260742188,500
0,0,1.010878324508667,4.480000019073486,4.727653980255127,95.87776947021484,43,106.91754913330078,40,860000.0,8280.490926502,0.7742435932159424,91.18219757080078,0.7461533546447754,0.08682170510292053,0.015375222079455853,1.0108782052993774,2.151547431945801,1746544926.0289001,-0.20953108370304108,1.9474828243255615,13.625,0.00017100000695791095,NaN,-2.0764126777648926,0.7461533546447754,8091.93603515625,-0.044798582792282104,-0.004719629883766174,0.4330669045448303,0.015389607287943363,0.021527424454689026,42,9.612698554992676,1.010878324508667,0.7461533546447754,0.8821902275085449,0.7742435932159424,0.5633169412612915,0.7742435932159424,187.06002807617188,500
0,0,1.0130119323730469,3.869999885559082,4.509400367736816,95.82757568359375,44,106.62625885009766,40,880000.0,8469.376450029,0.7822026014328003,91.74342346191406,0.7500282526016235,0.07287109643220901,0.016097206622362137,1.0130119323730469,1.8455890417099,1746545113.6700656,-0.19491025805473328,1.8553708791732788,12.274999618530273,0.00016799999866634607,NaN,-0.21825361251831055,0.7500282526016235,8279.578125,0.0146208256483078,0.14624127745628357,0.44025567173957825,0.014691322110593319,-0.013950608670711517,43,9.617703437805176,1.0130119323730469,0.7500282526016235,0.7408411502838135,0.7822026014328003,0.5794162750244141,0.7822026014328003,187.57106018066406,500
0,0,1.011138916015625,5.449999809265137,6.004473686218262,95.76073455810547,45,105.93482208251953,40,900000.0,8658.077242701,0.790467381477356,93.03455352783203,0.7538891434669495,0.07693241536617279,0.01596025936305523,1.011138916015625,2.163544178009033,1746545302.5557067,-0.18752092123031616,1.9383811950683594,20.049999237060547,0.00016500000492669642,NaN,1.4950733184814453,0.7538891434669495,8468.44140625,0.007389336824417114,0.1282779574394226,0.4437636733055115,0.01661830022931099,0.004061318933963776,44,10.035674095153809,1.011138916015625,0.7538891434669495,0.9297543168067932,0.790467381477356,0.5871270895004272,0.790467381477356,188.7953338623047,500
0,0,1.0117820501327515,5.860000133514404,6.93773889541626,96.02177429199219,46,106.0464859008789,40,920000.0,8845.225241101,0.7988738417625427,92.57471466064453,0.7577658295631409,0.06673362851142883,0.015274510718882084,1.0117820501327515,1.6686469316482544,1746545491.2563813,-0.20226478576660156,1.8614511489868164,17.225000381469727,0.00016199999663513154,NaN,0.933265209197998,0.7577658295631409,8657.12890625,-0.0147438645362854,0.310552179813385,0.4460467994213104,0.015113460831344128,-0.010198786854743958,45,9.645157814025879,1.0117820501327515,0.7577658295631409,0.5971846580505371,0.7988738417625427,0.5918499827384949,0.7988738417625427,188.59654235839844,500
0,0,1.0131720304489136,6.809999942779541,4.326876163482666,96.19987487792969,47,106.93619537353516,40,940000.0,9031.245490637,0.8069717884063721,90.82747650146484,0.7617198824882507,0.06972737610340118,0.014662578701972961,1.0131720304489136,1.134108066558838,1746545678.4044044,-0.21508975327014923,1.8833773136138916,8.675000190734863,0.00015900000289548188,NaN,-2.6108627319335938,0.7617198824882507,8844.2607421875,-0.012824967503547668,0.13430991768836975,0.44495314359664917,0.015266808681190014,0.002993747591972351,46,9.641319274902344,1.0131720304489136,0.7617198824882507,0.6019518375396729,0.8069717884063721,0.5882328748703003,0.8069717884063721,187.02740478515625,500
0,0,1.0115768909454346,2.259999990463257,3.2397522926330566,95.39497375488281,48,107.58138275146484,40,960000.0,9217.410508325,0.8147095441818237,90.51074981689453,0.7654585242271423,0.0635857880115509,0.016187911853194237,1.0115768909454346,1.281435489654541,1746545864.424659,-0.1833954006433487,1.9099888801574707,7.099999904632568,0.000155999994603917,NaN,-1.0871238708496094,0.7654585242271423,9030.287109375,0.03169435262680054,0.12126011401414871,0.45280879735946655,0.015405767597258091,-0.006141588091850281,47,9.04810905456543,1.0115768909454346,0.7654585242271423,0.5975502729415894,0.8147095441818237,0.6052142977714539,0.8147095441818237,185.90577697753906,500
0,0,1.0173497200012207,1.9800000190734863,3.099820852279663,95.71041870117188,49,107.49404907226562,40,980000.0,9400.230175763,0.8221586346626282,90.34634399414062,0.7689842581748962,0.05567546933889389,0.015119141899049282,1.0173497200012207,0.8443106412887573,1746546050.5897713,-0.22783604264259338,1.8352019786834717,7.775000095367432,0.00015300000086426735,NaN,-0.13993144035339355,0.7689842581748962,9216.458984375,-0.04444064199924469,0.0032349303364753723,0.44733142852783203,0.01530896220356226,-0.007910318672657013,48,9.076959609985352,1.0173497200012207,0.7689842581748962,0.3402729332447052,0.8221586346626282,0.5916371941566467,0.8221586346626282,186.0568084716797,500
0,0,1.0119600296020508,2.859999895095825,4.708354473114014,91.22328186035156,50,109.45087432861328,38,1000000.0,9587.024698544,0.8294869065284729,91.50704193115234,0.7723744511604309,0.06795947253704071,0.015025164000689983,1.0119600296020508,1.4837865829467773,1746546233.4093883,-0.20261850953102112,1.9190974235534668,10.350000381469727,0.0001500000071246177,NaN,1.6085336208343506,0.7723744511604309,9399.2958984375,0.025217533111572266,0.1389283984899521,0.4416874647140503,0.022254155948758125,0.01228400319814682,49,9.344405174255371,1.0119600296020508,0.7723744511604309,0.6052753925323486,0.8294869065284729,0.5779867768287659,0.8294869065284729,182.73037719726562,500
0,0,1.0127599239349365,1.9299999475479126,2.330209493637085,96.1809310913086,51,107.14376831054688,40,1020000.0,9773.758962424,0.8363685607910156,90.48410034179688,0.7755818367004395,0.05713401362299919,0.014686155132949352,1.0127599239349365,0.7981010675430298,1746546420.2039628,-0.1904936134815216,1.8254660367965698,4.074999809265137,0.00014699999883305281,NaN,-2.3781449794769287,0.7755818367004395,9586.052734375,0.012124896049499512,0.15100952982902527,0.44462212920188904,0.014288094826042652,-0.01082545891404152,50,9.160911560058594,1.0127599239349365,0.7755818367004395,0.31997525691986084,0.8363685607910156,0.5839672088623047,0.8363685607910156,186.6650848388672,500
0,0,1.014589548110962,0.699999988079071,2.0041966438293457,96.13433837890625,52,107.17383575439453,40,1040000.0,9961.659718217,0.8427368998527527,90.47830200195312,0.7785423994064331,0.06072157248854637,0.01489607896655798,1.014589548110962,0.8722845911979675,1746546606.93814,-0.20941384136676788,1.7929185628890991,2.0999999046325684,0.00014400000509340316,NaN,-0.32601284980773926,0.7785423994064331,9772.79296875,-0.018920227885246277,-0.0038186311721801758,0.4499259889125824,0.014620929956436157,0.00358755886554718,51,8.93400764465332,1.014589548110962,0.7785423994064331,0.2596287131309509,0.8427368998527527,0.594393253326416,0.8427368998527527,186.6127166748047,500
0,0,1.0133602619171143,0.6100000143051147,2.335758924484253,96.08826446533203,53,106.98961639404297,40,1060000.0,10149.243045417,0.8489430546760559,90.84571075439453,0.7812727093696594,0.06358803063631058,0.014781088568270206,1.0133602619171143,1.122586965560913,1746546794.838904,-0.2109178900718689,1.854752779006958,7.574999809265137,0.00014099999680183828,NaN,0.3315622806549072,0.7812727093696594,9959.84765625,-0.0015040487051010132,0.1156003549695015,0.45289236307144165,0.013122246600687504,0.002866458147764206,52,9.269634246826172,1.0133602619171143,0.7812727093696594,0.2955177128314972,0.8489430546760559,0.6003217101097107,0.8489430546760559,186.9340362548828,500
0,0,1.0143262147903442,1.7100000381469727,3.4532132148742676,96.31420135498047,54,106.66230773925781,40,1080000.0,10336.099492403,0.8551671504974365,91.19338989257812,0.7838681936264038,0.061717525124549866,0.014872594736516476,1.0143262147903442,1.3667505979537964,1746546982.422319,-0.23056522011756897,1.8807066679000854,10.475000381469727,0.00013800000306218863,NaN,1.1174542903900146,0.7838681936264038,10148.322265625,-0.019647330045700073,0.12745365500450134,0.4505372941493988,0.015602239407598972,-0.0018705055117607117,53,9.377585411071777,1.0143262147903442,0.7838681936264038,0.28971415758132935,0.8551671504974365,0.5944695472717285,0.8551671504974365,187.50765991210938,500
0,0,1.0142289400100708,1.840000033378601,1.8140050172805786,95.87339782714844,55,107.0759506225586,40,1100000.0,10524.233798282,0.8611693382263184,90.90983581542969,0.7863507866859436,0.055788300931453705,0.014269329607486725,1.0142289400100708,1.0313888788223267,1746547169.278761,-0.21474142372608185,1.8508151769638062,6.175000190734863,0.00013499999477062374,NaN,-1.639208197593689,0.7863507866859436,10335.181640625,0.01582379639148712,0.12398883700370789,0.45460399985313416,0.016004066914319992,-0.005929224193096161,54,9.588676452636719,1.0142289400100708,0.7863507866859436,0.2881568968296051,0.8611693382263184,0.602209210395813,0.8611693382263184,186.78329467773438,500
0,0,1.0111804008483887,4.510000228881836,5.089599132537842,95.8242416381836,56,106.34917449951172,40,1120000.0,10711.287788998,0.8675987124443054,92.23543548583984,0.7889150381088257,0.06189223378896713,0.014634829945862293,1.0111804008483887,1.4509353637695312,1746547357.4129527,-0.2085421234369278,1.806900978088379,17.200000762939453,0.0001320000010309741,NaN,3.275594115257263,0.7889150381088257,10523.3134765625,0.006199300289154053,-0.12351974844932556,0.44946253299713135,0.018478304147720337,0.006103932857513428,55,9.225010871887207,1.0111804008483887,0.7889150381088257,0.2757093608379364,0.8675987124443054,0.5899826884269714,0.8675987124443054,188.0597686767578,500
0,0,1.0151424407958984,3.940000057220459,2.6726431846618652,96.50567626953125,57,106.96276092529297,40,1140000.0,10899.010473819,0.8737717270851135,90.47520446777344,0.7915163636207581,0.06331615895032883,0.014258324168622494,1.0151424407958984,1.186249017715454,1746547544.4670064,-0.22742313146591187,1.8757624626159668,5.824999809265137,0.0001289999927394092,NaN,-2.4169559478759766,0.7915163636207581,10710.373046875,-0.01888100802898407,0.009639710187911987,0.4487057328224182,0.01425986923277378,0.0014239251613616943,56,9.125951766967773,1.0151424407958984,0.7915163636207581,0.3349136412143707,0.8737717270851135,0.5872600674629211,0.8737717270851135,186.98095703125,500
0,0,1.0123599767684937,3.140000104904175,3.306910514831543,96.18376159667969,58,106.57954406738281,40,1160000.0,11087.88449387,0.8800252676010132,91.46943664550781,0.7940975427627563,0.05998488515615463,0.01441602036356926,1.0123599767684937,1.35991632938385,1746547732.1896873,-0.20716743171215057,1.8922566175460815,11.199999809265137,0.00012599999899975955,NaN,0.6342673301696777,0.7940975427627563,10898.095703125,0.02025569975376129,0.13994958996772766,0.44629618525505066,0.016780801117420197,-0.0033312737941741943,57,9.879220962524414,1.0123599767684937,0.7940975427627563,0.24619248509407043,0.8800252676010132,0.5813913345336914,0.8800252676010132,187.65325927734375,500
0,0,1.013367772102356,2.880000114440918,5.058833122253418,96.19993591308594,59,105.92989349365234,40,1180000.0,11274.173860047,0.8868431448936462,92.60409545898438,0.7966437339782715,0.06511786580085754,0.015216516330838203,1.0133676528930664,2.2046725749969482,1746547921.0637407,-0.22588025033473969,1.918951153755188,19.575000762939453,0.0001230000052601099,NaN,1.751922607421875,0.7966437339782715,11086.9697265625,-0.01871281862258911,0.18675458431243896,0.43814754486083984,0.01953590102493763,0.005132980644702911,58,10.150534629821777,1.013367772102356,0.7966437339782715,0.22122441232204437,0.8868431448936462,0.5621955394744873,0.8868431448936462,188.8041229248047,500
0,0,1.0124894380569458,2.869999885559082,2.1061065196990967,95.7238998413086,60,107.4008560180664,40,1200000.0,11460.566212126,0.8933292031288147,90.49429321289062,0.7991588115692139,0.060594916343688965,0.014005996286869049,1.0124894380569458,1.3131972551345825,1746548107.3531399,-0.2583692967891693,1.909468412399292,5.050000190734863,0.00011999999696854502,NaN,-2.9527266025543213,0.7991588115692139,11273.2587890625,-0.032489046454429626,0.18329592049121857,0.42664477229118347,0.015118835493922234,-0.004522949457168579,59,9.804039001464844,1.0124894380569458,0.7991588115692139,0.10817354917526245,0.8933292031288147,0.5353683829307556,0.8933292031288147,186.21826171875,500
0,0,1.0151677131652832,1.3300000429153442,1.518968939781189,95.96722412109375,61,107.34818267822266,40,1220000.0,11647.953715063,0.8995144367218018,90.34231567382812,0.8015367388725281,0.05543460696935654,0.014134758152067661,1.0151677131652832,0.9568232297897339,1746548293.7453465,-0.2228866070508957,1.826311707496643,5.025000095367432,0.00011700000322889537,NaN,-0.5871375799179077,0.8015367388725281,11459.6396484375,0.03548268973827362,0.11849701404571533,0.41975137591362,0.013915984891355038,-0.005160309374332428,60,9.068310737609863,1.0151677131652832,0.8015367388725281,0.06289619207382202,0.8995144367218018,0.5181458592414856,0.8995144367218018,186.30963134765625,500
0,0,1.0173481702804565,1.2899999618530273,1.4781595468521118,96.65262603759766,62,106.77166748046875,40,1240000.0,11834.943181388,0.9054104685783386,90.66289520263672,0.8037878274917603,0.0555621013045311,0.01509782299399376,1.0173481702804565,0.8436152338981628,1746548481.1329465,-0.27401188015937805,1.8837804794311523,4.724999904632568,0.0001140000022132881,NaN,-0.04080939292907715,0.8037878274917603,11647.0390625,-0.05112527310848236,0.21994410455226898,0.41056373715400696,0.01563863828778267,0.00012749433517456055,61,9.270468711853027,1.0173481702804565,0.8037878274917603,0.06516166776418686,0.9054104685783386,0.4951823949813843,0.9054104685783386,187.31561279296875,500
0,0,1.0163967609405518,1.9199999570846558,1.6098781824111938,96.08848571777344,63,107.00828552246094,40,1260000.0,12023.578505923,0.9111649990081787,90.8128662109375,0.8059702515602112,0.058549828827381134,0.014724918641149998,1.0163966417312622,0.8760449290275574,1746548668.1223698,-0.24732713401317596,2.0324225425720215,6.699999809265137,0.00011100000119768083,NaN,0.13171863555908203,0.8059702515602112,11834.01171875,0.026684746146202087,0.3682316839694977,0.401650995016098,0.0168741624802351,0.0029877275228500366,62,10.158315658569336,1.0163967609405518,0.8059702515602112,0.06842357665300369,0.9111649990081787,0.4721989929676056,0.9111649990081787,186.9014129638672,500
0,0,1.0154402256011963,4.96999979019165,2.6505022048950195,96.08687591552734,64,106.06251525878906,40,1280000.0,12210.295897213,0.9173882007598877,92.4811019897461,0.8083152770996094,0.04953407123684883,0.014674777165055275,1.0154402256011963,1.2139997482299805,1746548856.7577102,-0.24518564343452454,1.9306129217147827,16.5,0.00010800000018207356,NaN,1.0406240224838257,0.8083152770996094,12022.6669921875,0.0021414905786514282,0.25258421897888184,0.38964664936065674,0.01695811189711094,-0.009015757590532303,63,9.806451797485352,1.0154402256011963,0.8083152770996094,0.16890402138233185,0.9173882007598877,0.4415861666202545,0.9173882007598877,188.5680389404297,500
0,0,1.010749101638794,4.789999961853027,2.4166316986083984,95.89479064941406,65,107.16203308105469,40,1300000.0,12397.341051364,0.923453688621521,90.73837280273438,0.8107970952987671,0.07192433625459671,0.013767234049737453,1.010749101638794,0.984275221824646,1746549043.4750664,-0.19385367631912231,2.01847767829895,6.849999904632568,0.0001049999991664663,NaN,-0.2338705062866211,0.8107970952987671,12209.3662109375,0.05133196711540222,-0.03244459629058838,0.3893968462944031,0.015597064048051834,0.02239026501774788,64,10.415536880493164,1.010749101638794,0.8107970952987671,0.2677914500236511,0.923453688621521,0.4394175112247467,0.923453688621521,186.63327026367188,500
0,0,1.0134557485580444,1.4800000190734863,2.5680975914001465,96.17195892333984,66,106.96649932861328,40,1320000.0,12582.637945406,0.9294096231460571,90.80240631103516,0.8131586313247681,0.06452638655900955,0.014292793348431587,1.0134557485580444,0.7497734427452087,1746549230.5201986,-0.20369014143943787,2.018235921859741,7.349999904632568,0.00010199999815085903,NaN,0.15146589279174805,0.8131586313247681,12396.42578125,-0.009836465120315552,0.18871374428272247,0.3874812722206116,0.015184637159109116,-0.007397949695587158,65,10.365042686462402,1.0134557485580444,0.8131586313247681,0.06581255793571472,0.9294096231460571,0.4332917630672455,0.9294096231460571,186.97442626953125,500
0,0,1.0136922597885132,0.8299999833106995,1.3378410339355469,95.31179809570312,67,107.97940063476562,40,1340000.0,12768.142338216,0.9349905252456665,89.90862274169922,0.8153628706932068,0.0579054169356823,0.014056111685931683,1.0136922597885132,0.4765114188194275,1746549415.8171296,-0.18978773057460785,1.923115611076355,2.875,9.899999713525176e-05,NaN,-1.2302565574645996,0.8153628706932068,12581.7177734375,0.013902410864830017,0.29380396008491516,0.389291375875473,0.01190059445798397,-0.006620969623327255,66,10.20596694946289,1.0136922597885132,0.8153628706932068,0.11662696301937103,0.9349905252456665,0.43698808550834656,0.9349905252456665,185.22052001953125,500
0,0,1.011982798576355,0.949999988079071,1.2520062923431396,95.25660705566406,68,107.84839630126953,40,1360000.0,12954.117654357,0.9402604103088379,90.18883514404297,0.8174337148666382,0.06820455938577652,0.014199904166162014,1.011982798576355,0.575175404548645,1746549601.317385,-0.17483609914779663,1.9489316940307617,3.325000047683716,9.600000339560211e-05,NaN,-0.08583474159240723,0.8174337148666382,12767.240234375,0.014951631426811218,-0.12327463179826736,0.39756661653518677,0.011577652767300606,0.010299142450094223,67,9.546435356140137,1.011982798576355,0.8174337148666382,0.18297067284584045,0.9402604103088379,0.4571740925312042,0.9402604103088379,185.44549560546875,500
0,0,1.0159164667129517,1.309999942779541,1.642553448677063,95.70402526855469,69,107.57488250732422,40,1380000.0,13143.336613854,0.9453774094581604,90.21292114257812,0.8194115161895752,0.06957965344190598,0.013693708926439285,1.0159164667129517,0.5781254172325134,1746549787.2968538,-0.2330601066350937,1.9751925468444824,5.349999904632568,9.300000237999484e-05,NaN,0.39054715633392334,0.8194115161895752,12953.21484375,-0.05822400748729706,0.17646801471710205,0.3945295810699463,0.012470073997974396,0.0013750940561294556,68,9.644640922546387,1.0159164667129517,0.8194115161895752,0.1229354739189148,0.9453774094581604,0.44818753004074097,0.9453774094581604,185.91700744628906,500
0,0,1.011056900024414,2.0899999141693115,3.4870054721832275,96.24266052246094,70,105.7353286743164,40,1400000.0,13330.254725121,0.9512554407119751,92.90882110595703,0.821365475654602,0.06918904185295105,0.01274875458329916,1.011056900024414,1.4718047380447388,1746549976.5158918,-0.14452321827411652,2.0213141441345215,19.5,9.000000136438757e-05,NaN,1.8444520235061646,0.821365475654602,13142.4267578125,0.08853688836097717,-0.20889851450920105,0.39142942428588867,0.012914130464196205,-0.00039061158895492554,69,10.133575439453125,1.011056900024414,0.821365475654602,0.12637799978256226,0.9512554407119751,0.4404432475566864,0.9512554407119751,189.1515350341797,500
0,0,1.0115000009536743,1.0199999809265137,1.0931607484817505,96.1288833618164,71,107.03273010253906,40,1420000.0,13517.36004376,0.9567143321037292,90.72978973388672,0.823215901851654,0.06979542225599289,0.012444578111171722,1.0115000009536743,1.1656475067138672,1746550163.433917,-0.20340238511562347,1.9584168195724487,2.0250000953674316,8.70000003487803e-05,NaN,-2.393844723701477,0.823215901851654,13329.3515625,-0.05887916684150696,-0.041982535272836685,0.39519205689430237,0.010370259173214436,0.0006063804030418396,70,9.424266815185547,1.0115000009536743,0.823215901851654,0.11434223502874374,0.9567143321037292,0.4497099220752716,0.9567143321037292,186.85873413085938,500
0,0,1.0164549350738525,3.859999895095825,3.2808916568756104,95.8744888305664,72,106.93403625488281,40,1440000.0,13704.564051037,0.9623724818229675,91.1566390991211,0.8251944184303284,0.07414605468511581,0.015031893737614155,1.0164549350738525,0.8691900372505188,1746550350.5391805,-0.2501736283302307,1.9353327751159668,11.0,8.399999933317304e-05,NaN,2.18773090839386,0.8251944184303284,13516.4404296875,-0.04677124321460724,-0.0117688849568367,0.3841688930988312,0.018202368170022964,0.004350632429122925,71,9.489856719970703,1.0164549350738525,0.8251944184303284,0.02624998241662979,0.9623724818229675,0.4204271137714386,0.9623724818229675,187.03118896484375,500
0,0,1.0146342515945435,3.8299999237060547,1.4982163906097412,96.43019104003906,73,106.86919403076172,40,1460000.0,13892.230119295,0.9677109122276306,90.71442413330078,0.8272886872291565,0.08203006535768509,0.01340342778712511,1.0146342515945435,0.5267794728279114,1746550537.7432988,-0.21954849362373352,1.97749662399292,3.2249999046325684,8.099999831756577e-05,NaN,-1.7826752662658691,0.8272886872291565,13703.6591796875,0.030625134706497192,0.19475609064102173,0.3811682164669037,0.011759008280932903,0.007884010672569275,72,9.59264087677002,1.0146342515945435,0.8272886872291565,0.04875131696462631,0.9677109122276306,0.41214561462402344,0.9677109122276306,187.14466857910156,500
0,0,1.0102174282073975,4.110000133514404,1.5825620889663696,95.83109283447266,74,106.60625457763672,40,1480000.0,14079.969565913,0.9730713963508606,91.77509307861328,0.8295119404792786,0.07973476499319077,0.013078052550554276,1.010217308998108,0.7089665532112122,1746550725.4092646,-0.16836190223693848,2.054438829421997,7.974999904632568,7.79999973019585e-05,NaN,0.08434569835662842,0.8295119404792786,13891.3251953125,0.051186591386795044,-0.021527986973524094,0.3808601498603821,0.01116222608834505,-0.0022953003644943237,73,10.196063041687012,1.0102174282073975,0.8295119404792786,0.09700951725244522,0.9730713963508606,0.41130518913269043,0.9730713963508606,187.60626220703125,500
0,0,1.0084507465362549,0.7099999785423279,2.086238145828247,96.15174102783203,75,106.57093811035156,40,1500000.0,14267.554420976,0.9786357879638672,91.5166244506836,0.8315833806991577,0.09949400275945663,0.012961904518306255,1.0084506273269653,0.8632621169090271,1746550913.1487489,-0.1465924084186554,2.22426700592041,10.725000381469727,7.500000356230885e-05,NaN,0.5036760568618774,0.8315833806991577,14079.0537109375,0.02176949381828308,-0.000949174165725708,0.38339588046073914,0.011372840963304043,0.01975923776626587,74,10.770085334777832,1.0084507465362549,0.8315833806991577,0.10494492202997208,0.9786357879638672,0.4182443916797638,0.9786357879638672,187.66842651367188,500
0,0,1.0096484422683716,1.0299999713897705,1.6492526531219482,96.5410385131836,76,106.65188598632812,40,1520000.0,14453.616710265,0.9841458797454834,90.98485565185547,0.833543062210083,0.07744622975587845,0.012348317541182041,1.009648323059082,0.6946759819984436,1746551100.7335036,-0.17488311231136322,2.0780985355377197,7.050000190734863,7.200000254670158e-05,NaN,-0.43698549270629883,0.833543062210083,14266.65234375,-0.028290703892707825,-0.03062814474105835,0.38626569509506226,0.01157414447516203,-0.022047773003578186,75,10.939255714416504,1.0096484422683716,0.833543062210083,0.08393250405788422,0.9841458797454834,0.425822913646698,0.9841458797454834,187.52598571777344,500
0,0,1.0130655765533447,0.9900000095367432,0.9203881025314331,95.81289672851562,77,107.52576446533203,40,1540000.0,14642.347806889,0.9892171621322632,90.18897247314453,0.8353987336158752,0.06395173817873001,0.011928866617381573,1.0130655765533447,0.5760804414749146,1746551286.7958863,-0.2258458435535431,2.0226926803588867,1.1749999523162842,6.900000153109431e-05,NaN,-0.7288645505905151,0.8353987336158752,14452.71484375,-0.05096273124217987,0.0026297643780708313,0.38188764452934265,0.011698669753968716,-0.013494491577148438,76,10.190919876098633,1.0130655765533447,0.8353987336158752,0.03849450498819351,0.9892171621322632,0.4133303463459015,0.9892171621322632,186.00193786621094,500
0,0,1.0118473768234253,4.559999942779541,3.044699192047119,95.72824096679688,78,106.00531005859375,40,1560000.0,14832.023438522,0.9949826002120972,92.94149017333984,0.8374506831169128,0.056032098829746246,0.012418211437761784,1.0118473768234253,0.5653307437896729,1746551475.5269928,-0.18245655298233032,1.9504507780075073,17.450000762939453,6.600000051548705e-05,NaN,2.124311089515686,0.8374506831169128,14641.443359375,0.04338929057121277,-0.17587333917617798,0.37634313106536865,0.011749163269996643,-0.007919639348983765,77,9.770371437072754,1.0118473768234253,0.8374506831169128,0.02648770809173584,0.9949826002120972,0.39887353777885437,0.9949826002120972,188.6697998046875,500
0,0,1.007760763168335,5.119999885559082,4.122503757476807,95.61554718017578,79,105.47673797607422,40,1580000.0,15017.27533827,1.0020736455917358,93.9996337890625,0.8397285342216492,0.07769612967967987,0.012810703366994858,1.007760763168335,1.1529338359832764,1746551665.2026296,-0.003843112615868449,2.086174964904785,27.774999618530273,6.299999949987978e-05,NaN,1.0778045654296875,0.8397285342216492,14831.1220703125,0.17861344036646187,0.16332915425300598,0.3786160349845886,0.011089028790593147,0.021664030849933624,78,9.9475736618042,1.007760763168335,0.8397285342216492,0.0765252560377121,1.0020736455917358,0.4051794409751892,1.0020736455917358,189.61526489257812,500
0,0,1.0077171325683594,5.190000057220459,1.8908993005752563,95.0475845336914,80,108.00336456298828,40,1600000.0,15202.699445925,1.0090676546096802,90.1317367553711,0.8422192931175232,0.07330780476331711,0.011762568727135658,1.0077171325683594,0.5853394269943237,1746551850.4544365,-0.1711535006761551,2.088121175765991,8.399999618530273,5.999999848427251e-05,NaN,-2.2316044569015503,0.8422192931175232,15016.3583984375,-0.16731038806028664,-0.14908307790756226,0.3815898597240448,0.010896987281739712,-0.0043883249163627625,79,10.701372146606445,1.0077171325683594,0.8422192931175232,0.08582250773906708,1.0090676546096802,0.41298559308052063,1.0090676546096802,185.17941284179688,500
0,0,1.008296251296997,1.1100000143051147,1.3670083284378052,94.91521453857422,81,107.89835357666016,40,1620000.0,15388.922839983,1.0158644914627075,90.44434356689453,0.8445674777030945,0.08182008564472198,0.012498946860432625,1.008296251296997,0.5538946390151978,1746552035.8785207,-0.16162370145320892,2.1327569484710693,6.75,5.700000110664405e-05,NaN,-0.5238909721374512,0.8445674777030945,15201.791015625,0.009529799222946167,-0.09910397231578827,0.38563597202301025,0.011436483822762966,0.008512280881404877,80,10.983501434326172,1.008296251296997,0.8445674777030945,0.08105000853538513,1.0158644914627075,0.42359066009521484,1.0158644914627075,185.35964965820312,500
0,0,1.0106103420257568,0.5199999809265137,1.107763648033142,95.02385711669922,82,107.43452453613281,40,1640000.0,15575.408349961,1.0227320194244385,91.13595581054688,0.8467377424240112,0.062161438167095184,0.011287097819149494,1.0106103420257568,0.579744279384613,1746552222.1019628,-0.1356869786977768,2.06194806098938,10.350000381469727,5.400000009103678e-05,NaN,-0.2592446804046631,0.8467377424240112,15388.015625,0.02593672275543213,-0.16836553812026978,0.389590322971344,0.008541896007955074,-0.0196586474776268,81,10.810356140136719,1.0106103420257568,0.8467377424240112,0.03817300498485565,1.0227320194244385,0.43184688687324524,1.0227320194244385,186.15989685058594,500
0,0,1.0072367191314697,0.5799999833106995,2.260307788848877,95.25304412841797,83,107.28012084960938,40,1660000.0,15762.336830184,1.0296450853347778,91.17472076416016,0.8487520217895508,0.05204383283853531,0.011963683180510998,1.0072367191314697,0.40802696347236633,1746552408.587491,-0.15160080790519714,1.938936471939087,10.024999618530273,5.0999999075429514e-05,NaN,1.1525441408157349,0.8487520217895508,15574.505859375,-0.01591382920742035,0.2379290759563446,0.39162829518318176,0.01203420665115118,-0.010117605328559875,82,10.268562316894531,1.0072367191314697,0.8487520217895508,0.01016354002058506,1.0296450853347778,0.4369021952152252,1.0296450853347778,186.42784118652344,500
0,0,1.0111863613128662,5.75,4.049529075622559,95.18018341064453,84,107.02521514892578,40,1680000.0,15948.973175018,1.0373514890670776,91.69157409667969,0.8510617017745972,0.06684277951717377,0.0115793626755476,1.0111863613128662,0.7287675738334656,1746552595.5159347,-0.1352897584438324,1.9684017896652222,20.850000381469727,4.8000001697801054e-05,NaN,1.7892212867736816,0.8510617017745972,15761.4375,0.016311049461364746,0.1597582995891571,0.38880491256713867,0.010292512364685535,0.014798946678638458,83,9.920104026794434,1.0111863613128662,0.8510617017745972,0.04432080686092377,1.0373514890670776,0.42889925837516785,1.0373514890670776,186.87184143066406,500
0,0,1.0090703964233398,6.380000114440918,2.808652877807617,95.73726654052734,85,107.19847869873047,40,1700000.0,16136.486209216,1.0447988510131836,90.83245849609375,0.8536951541900635,0.0695497915148735,0.011019991710782051,1.0090703964233398,0.6529490947723389,1746552782.1523156,-0.18964552879333496,2.0196890830993652,6.699999809265137,4.5000000682193786e-05,NaN,-1.2408761978149414,0.8536951541900635,15948.064453125,-0.054355770349502563,-0.05847115069627762,0.3884940445423126,0.009538816288113594,0.0027070119976997375,84,9.84506607055664,1.0090703964233398,0.8536951541900635,0.09334962069988251,1.0447988510131836,0.42634567618370056,1.0447988510131836,186.56982421875,500
0,0,1.0093764066696167,6.96999979019165,2.183877468109131,95.59844970703125,86,106.69109344482422,40,1720000.0,16322.710894922,1.0522773265838623,91.85853576660156,0.8566751480102539,0.07770141959190369,0.01056214515119791,1.0093764066696167,0.5468149185180664,1746552969.665328,-0.18420705199241638,2.056241512298584,10.449999809265137,4.199999966658652e-05,NaN,-0.6247754096984863,0.8566751480102539,16135.5859375,0.005438476800918579,-0.11329145729541779,0.3885405957698822,0.008396557532250881,0.008151628077030182,85,10.367886543273926,1.0093764066696167,0.8566751480102539,-0.128042072057724,1.0522773265838623,0.42311546206474304,1.0522773265838623,187.4570770263672,500
0,0,1.0073823928833008,0.9300000071525574,1.137042760848999,95.57823181152344,87,107.43022155761719,40,1740000.0,16510.165361775,1.0593602657318115,90.58903503417969,0.8594533205032349,0.09385541826486588,0.010763236321508884,1.0073823928833008,0.48883378505706787,1746553155.8901045,-0.15703481435775757,2.219871997833252,4.400000095367432,3.899999865097925e-05,NaN,-1.0468347072601318,0.8594533205032349,16321.8125,0.027172237634658813,0.10806014388799667,0.39066189527511597,0.008098985999822617,0.01615399867296219,86,10.63174819946289,1.0073823928833008,0.8594533205032349,0.0934998169541359,1.0593602657318115,0.42700695991516113,1.0593602657318115,186.1673583984375,500
0,0,1.0086119174957275,1.309999942779541,1.8961803913116455,96.59249877929688,88,106.7247085571289,40,1760000.0,16696.123659389,1.0662645101547241,90.80548095703125,0.8620819449424744,0.05574042350053787,0.011046909727156162,1.0086119174957275,0.7148025631904602,1746553343.3445842,-0.20424796640872955,1.9631378650665283,6.900000095367432,3.600000127335079e-05,NaN,0.7591376304626465,0.8620819449424744,16509.263671875,-0.047213152050971985,0.025279931724071503,0.3913514316082001,0.00872279517352581,-0.038114994764328,87,10.513772010803223,1.0086119174957275,0.8620819449424744,0.05995478481054306,1.0662645101547241,0.4287859797477722,1.0662645101547241,187.39804077148438,500
0,0,1.0086146593093872,1.100000023841858,2.376166343688965,95.51039123535156,89,107.60591125488281,40,1780000.0,16881.746941026,1.0729055404663086,90.35294342041016,0.8645574450492859,0.06556838750839233,0.010066290386021137,1.0086145401000977,0.9155470728874207,1746553529.302802,-0.20579005777835846,2.068890333175659,5.449999809265137,3.300000025774352e-05,NaN,0.47998595237731934,0.8645574450492859,16695.185546875,-0.0015420913696289062,-0.1173476055264473,0.3918343484401703,0.007559297606348991,0.009827964007854462,88,9.892804145812988,1.0086146593093872,0.8645574450492859,0.1155296266078949,1.0729055404663086,0.4300004243850708,1.0729055404663086,185.8634033203125,500
0,0,1.0070759057998657,0.9399999976158142,1.6247276067733765,95.83935546875,90,107.77898406982422,40,1800000.0,17068.24629428,1.0792382955551147,89.72550201416016,0.8668807148933411,0.07534085214138031,0.010026502422988415,1.0070759057998657,0.7889565229415894,1746553714.9261181,-0.17477506399154663,2.155474901199341,4.449999809265137,2.9999999242136255e-05,NaN,-0.7514387369155884,0.8668807148933411,16880.845703125,0.03101499378681183,0.14245940744876862,0.39396363496780396,0.007241746876388788,0.009772464632987976,89,10.562482833862305,1.0070759057998657,0.8668807148933411,0.11736289411783218,1.0792382955551147,0.43527257442474365,1.0792382955551147,185.56492614746094,500
0,0,1.0092620849609375,1.7400000095367432,2.016914129257202,95.9435806274414,91,107.27304077148438,40,1820000.0,17256.558535961,1.0853641033172607,90.49649047851562,0.8691369295120239,0.09169406443834305,0.009998777881264687,1.0092620849609375,0.6449351906776428,1746553901.4241278,-0.2187374085187912,2.226126194000244,5.425000190734863,2.700000004551839e-05,NaN,0.3921865224838257,0.8691369295120239,17067.34765625,-0.04396234452724457,-0.04670874401926994,0.39562439918518066,0.007581491023302078,0.016353212296962738,90,11.435391426086426,1.0092620849609375,0.8691369295120239,0.12592874467372894,1.0853641033172607,0.4376385509967804,1.0853641033172607,186.44012451171875,500
0,0,1.005020260810852,3.009999990463257,3.622789144515991,95.5486068725586,92,106.23800659179688,40,1840000.0,17443.480534649,1.0921865701675415,92.7078628540039,0.8714455962181091,0.09623782336711884,0.009676959365606308,1.005020260810852,0.9402731657028198,1746554089.7377758,-0.11869636923074722,2.220958709716797,17.575000762939453,2.4000000848900527e-05,NaN,1.605875015258789,0.8714455962181091,17255.65625,0.10004103928804398,0.1662617325782776,0.3970724642276764,0.007216619793325663,0.004543758928775787,91,11.552228927612305,1.005020260810852,0.8714455962181091,0.18486863374710083,1.0921865701675415,0.4400686025619507,1.0921865701675415,188.25653076171875,500
0,0,1.005576729774475,1.899999976158142,0.9944455623626709,95.4551773071289,93,107.02660369873047,40,1860000.0,17630.304449899,1.0989856719970703,91.4142074584961,0.8737043142318726,0.07036194205284119,0.009199511259794235,1.0055766105651855,0.3822914958000183,1746554276.659809,-0.08819978684186935,2.1237268447875977,8.524999618530273,2.099999983329326e-05,NaN,-2.6283435821533203,0.8737043142318726,17442.58203125,0.03049658238887787,0.016118787229061127,0.40615856647491455,0.0061756460927426815,-0.02587588131427765,92,10.482780456542969,1.005576729774475,0.8737043142318726,0.13911640644073486,1.0989856719970703,0.4611572325229645,1.0989856719970703,186.8694305419922,500
0,0,1.00634765625,2.7100000381469727,1.6591745615005493,96.63310241699219,94,107.09140014648438,40,1880000.0,17815.021987079,1.1055645942687988,90.1231918334961,0.87599116563797,0.10620733350515366,0.008986243046820164,1.00634765625,0.4205838739871979,1746554463.4836845,-0.1772388219833374,2.350432872772217,5.775000095367432,1.8000000636675395e-05,NaN,0.6647289991378784,0.87599116563797,17629.392578125,-0.08903903514146805,0.053118228912353516,0.41510382294654846,0.005944136064499617,0.03584539145231247,93,11.374926567077637,1.00634765625,0.87599116563797,0.21875639259815216,1.1055645942687988,0.481344074010849,1.1055645942687988,186.75636291503906,500
0,0,1.0049372911453247,1.4199999570846558,1.3926314115524292,94.0701904296875,95,108.3298110961914,40,1900000.0,17999.663665741,1.1119369268417358,90.55113983154297,0.8781886100769043,0.10911132395267487,0.00863000750541687,1.0049372911453247,0.397062212228775,1746554648.2011144,-0.16712810099124908,2.2475905418395996,5.650000095367432,1.4999999621068127e-05,NaN,-0.2665431499481201,0.8781886100769043,17814.08203125,0.010110720992088318,0.12582527101039886,0.4216792583465576,0.0055364579893648624,0.0029039904475212097,94,11.439181327819824,1.0049372911453247,0.8781886100769043,0.12008395791053772,1.1119369268417358,0.4961951673030853,1.1119369268417358,184.62139892578125,500
0,0,1.0053516626358032,1.7599999904632568,2.2891736030578613,94.34181213378906,96,108.35812377929688,40,1920000.0,18185.534714194,1.1181373596191406,90.23126983642578,0.8803365230560303,0.06025774031877518,0.00871928222477436,1.0053516626358032,0.602770209312439,1746554832.8428996,-0.21091650426387787,2.028042793273926,5.824999809265137,1.2000000424450263e-05,NaN,0.8965421915054321,0.8803365230560303,17998.751953125,-0.043788403272628784,0.03931686282157898,0.4270111918449402,0.005134912673383951,-0.04885358363389969,95,10.152175903320312,1.0053516626358032,0.8803365230560303,0.09961716085672379,1.1181373596191406,0.5074132680892944,1.1181373596191406,184.57315063476562,500
0,0,1.005034327507019,1.6200000047683716,1.1804293394088745,95.84273529052734,97,107.6314926147461,40,1940000.0,18372.162973593,1.123998999595642,89.9764175415039,0.8824276328086853,0.06903306394815445,0.007770787924528122,1.005034327507019,0.9015385508537292,1746555018.713944,-0.18972496688365936,2.0457961559295654,3.3499999046325684,9.000000318337698e-06,NaN,-1.1087442636489868,0.8824276328086853,18184.63671875,0.021191537380218506,-0.014468282461166382,0.43385306000709534,0.004429965745657682,0.008775323629379272,96,9.766407012939453,1.005034327507019,0.8824276328086853,0.22938965260982513,1.123998999595642,0.5225056409835815,1.123998999595642,185.8192138671875,500
0,0,1.0033470392227173,1.2999999523162842,1.4507365226745605,96.07968139648438,98,107.20867919921875,40,1960000.0,18557.458501731,1.1300925016403198,90.47232818603516,0.8844387531280518,0.08154427260160446,0.0074019599705934525,1.0033470392227173,0.6020733118057251,1746555205.3421261,-0.11540202796459198,2.158698081970215,10.5,6.000000212225132e-06,NaN,0.27030718326568604,0.8844387531280518,18371.2421875,0.07432293891906738,0.2650623023509979,0.4394453465938568,0.0043371315114200115,0.012511208653450012,97,10.263484001159668,1.0033470392227173,0.8844387531280518,0.17314285039901733,1.1300925016403198,0.5361615419387817,1.1300925016403198,186.55206298828125,500
0,0,1.0030708312988281,1.350000023841858,2.2519984245300293,94.4874267578125,99,107.9816665649414,40,1980000.0,18743.754575122,1.136125922203064,90.7291488647461,0.8863825798034668,0.07700391858816147,0.006881474517285824,1.0030708312988281,0.804768979549408,1746555390.6376698,-0.19817660748958588,2.1431570053100586,6.875,3.000000106112566e-06,NaN,0.8012619018554688,0.8863825798034668,18556.53515625,-0.0827745795249939,0.00035941600799560547,0.44353559613227844,0.003702018177136779,-0.004540354013442993,98,10.626953125,1.0030708312988281,0.8863825798034668,0.19708655774593353,1.136125922203064,0.5459169745445251,1.136125922203064,185.2166290283203,500
0,0,1.001976490020752,1.7200000286102295,2.023371458053589,95.11114501953125,100,107.39418029785156,40,2000000.0,18744.556949305,1.1419631242752075,91.11862182617188,0.888300359249115,0.1021776795387268,0.0055692158639431,1.001976490020752,0.7773082852363586,1746555576.9338028,-0.19130651652812958,2.270354747772217,4.974999904632568,0.0,NaN,-0.22862696647644043,0.888300359249115,18742.84375,0.006870090961456299,0.07432354986667633,0.4472506642341614,0.0023715803399682045,0.025173760950565338,99,11.175024032592773,1.001976490020752,0.888300359249115,0.24588261544704437,1.1419631242752075,0.554224967956543,1.1419631242752075,186.22982788085938,500
