Time/Rollout,Train/Entropy,Time/Epoch,Train/PolicyRatio/Min,Value/Adv,_step,Loss/Loss_reward_critic/Delta,Metrics/EpLen,Metrics/EpCost,Train/PolicyRatio/Max,Loss/Loss_reward_critic,Time/FPS,Loss/Loss_cost_critic,Train/KL,Metrics/EpRet,Metrics/LagrangeMultiplier/Min,_timestamp,Train/PolicyRatio/Std,Loss/Loss_pi/Delta,Train/Epoch,Loss/Loss_cost_critic/Delta,Loss/Loss_pi,Train/PolicyRatio,Metrics/LagrangeMultiplier/Max,Train/LR,Metrics/LagrangeMultiplier,Time/Update,Train/StopIter,Time/Total,Metrics/LagrangeMultiplier/Std,Train/PolicyStd,Value/reward,_runtime,Value/cost,TotalEnvSteps
86.44744110107422,1.4083189964294434,164.79551696777344,0.9986766576766968,0.1263972520828247,1,0.004988608881831169,1000,25.399999618530273,0.9986766576766968,0.004988608881831169,121.36251831054688,2.5495543479919434,0.010310135781764984,-1.0513560771942139,0.03599999472498894,1743306097.4960852,0.010976910591125488,-0.008355922065675259,0,2.5495543479919434,-0.008355922065675259,0.9986766576766968,0.03599999472498894,0.0002969999914057553,0.03599999472498894,78.34800720214844,40,164.79661560058594,0,0.9894393086433411,-0.15992328524589539,330.005230012,-0.10083363950252533,20000.0
85.75492095947266,1.3948251008987427,163.950439453125,0.9995080232620239,-0.1198899894952774,2,-0.0008605443872511387,1000,31.424999237060547,0.9995080232620239,0.0041280644945800304,121.98808288574219,4.478805065155029,0.011032487265765667,-0.5461093783378601,0.07099729776382446,1743306261.5017633,0.012528689578175545,-0.0016812793910503387,1,1.929250717163086,-0.010037201456725597,0.9995079636573792,0.07099729776382446,0.00029399999766610563,0.07099729776382446,78.1954345703125,40,328.8054504394531,0,0.9762407541275024,-0.1285041719675064,494.165595818,1.003629446029663,40000.0
85.7815170288086,1.3766415119171143,164.09544372558594,0.9988186359405518,-0.1719788759946823,3,0.0013092784211039543,1000,30.483333587646484,0.9988186359405518,0.005437342915683985,121.88028717041016,4.4222798347473145,0.011528228409588337,-0.02230273000895977,0.10605984181165695,1743306425.6620696,0.012468613684177399,0.0017732037231326103,2,-0.056525230407714844,-0.008263997733592987,0.9988186359405518,0.10605984181165695,0.000291000003926456,0.10605984181165695,78.31387329101562,40,492.955322265625,0,0.95904940366745,-0.11095426231622696,658.168594546,1.429808259010315,60000.0
85.40660858154297,1.3572243452072144,163.93251037597656,1.00063955783844,0.1769045889377594,4,0.0012566852383315563,1000,37.662498474121094,1.00063955783844,0.006694028154015541,122.00142669677734,4.36611795425415,0.010036136023700237,0.38855332136154175,0.14124342799186707,1743306589.6651316,0.010979991406202316,0.0011798590421676636,3,-0.05616188049316406,-0.0070841386914253235,1.00063955783844,0.14124342799186707,0.0002880000101868063,0.14124342799186707,78.52584075927734,40,656.9530029296875,0,0.9405368566513062,-0.07488889247179031,823.205476341,2.38215970993042,80000.0
85.87222290039062,1.3345720767974854,164.956787109375,0.9992853403091431,0.23667365312576294,5,0.004572184756398201,1000,44.25,0.9992853403091431,0.011266212910413742,121.2438735961914,5.272397518157959,0.011931106448173523,0.8643648624420166,0.176552414894104,1743306754.7019644,0.01159993838518858,-0.002428293228149414,4,0.9062795639038086,-0.009512431919574738,0.9992852807044983,0.176552414894104,0.0002849999873433262,0.176552414894104,79.08450317382812,40,821.9797973632812,0,0.9195917248725891,-0.024885021150112152,987.656046187,2.4365882873535156,100000.0
85.93329620361328,1.310029149055481,164.39495849609375,1.0002363920211792,0.01690240204334259,6,0.00543101504445076,1000,49.25,1.0002363920211792,0.016697227954864502,121.65823364257812,3.689328670501709,0.009299902245402336,1.8736143112182617,0.21203503012657166,1743306919.1509345,0.011842550709843636,-0.0007367627695202827,5,-1.58306884765625,-0.01024919468909502,1.0002363920211792,0.21203503012657166,0.00028199999360367656,0.21203503012657166,78.46160125732422,40,986.4548950195312,0,0.8974609971046448,0.05391237139701843,1152.265304189,4.22397518157959,120000.0
85.80523681640625,1.288881540298462,164.53504943847656,1.000631332397461,-0.052962977439165115,7,0.0014961250126361847,1000,54.97999954223633,1.000631332397461,0.018193352967500687,121.55464935302734,3.9155142307281494,0.008960504084825516,2.755939245223999,0.24772363901138306,1743307083.7617288,0.0115397023037076,-0.0006749611347913742,6,0.22618556022644043,-0.010924155823886395,1.000631332397461,0.24772363901138306,0.0002789999998640269,0.24772363901138306,78.72972869873047,40,1151.04345703125,0,0.8785994648933411,0.1283772885799408,1316.852043781,3.06396746635437,140000.0
85.89167785644531,1.2819114923477173,164.5308380126953,0.9994734525680542,0.034012529999017715,8,0.0014685075730085373,1000,56.2400016784668,0.9994734525680542,0.019661860540509224,121.5577621459961,1.9561158418655396,0.009974529966711998,3.802722692489624,0.2836467921733856,1743307248.3456118,0.011096133850514889,0.0007288623601198196,7,-1.9593983888626099,-0.010195293463766575,0.9994734525680542,0.2836467921733856,0.00027600000612437725,0.2836467921733856,78.63909912109375,40,1315.6502685546875,0,0.8723250031471252,0.23450876772403717,1482.629680649,3.965662956237793,160000.0
86.32192993164062,1.2660990953445435,165.7054443359375,0.9992576241493225,0.2944563031196594,9,0.005757041275501251,1000,53.900001525878906,0.9992576241493225,0.025418901816010475,120.69609832763672,2.583906412124634,0.00981996487826109,5.478603363037109,0.31974300742149353,1743307414.126296,0.011451685801148415,-0.0026749493554234505,8,0.6277905702590942,-0.012870242819190025,0.9992576241493225,0.31974300742149353,0.0002730000123847276,0.31974300742149353,79.38345336914062,40,1481.4122314453125,0,0.8586574792861938,0.4181036055088043,1648.129439012,4.444610118865967,180000.0
86.74807739257812,1.2479853630065918,165.4374237060547,0.999661922454834,-0.04503250867128372,10,-0.0010926108807325363,1000,46.59000015258789,0.999661922454834,0.02432629093527794,120.89163208007812,2.114769697189331,0.009943637996912003,6.703667163848877,0.3557661771774292,1743307579.626041,0.011790995486080647,0.00025055836886167526,9,-0.46913671493530273,-0.01261968445032835,0.999661922454834,0.3557661771774292,0.0002699999895412475,0.3557661771774292,78.68927764892578,40,1646.9219970703125,0,0.8433191180229187,0.5313289761543274,1813.452222539,4.153269290924072,200000.0
86.1629638671875,1.2349597215652466,165.24972534179688,1.000983715057373,-0.3799241781234741,11,0.011010497808456421,1000,46.560001373291016,1.000983715057373,0.03533678874373436,121.02894592285156,2.3222761154174805,0.009747661650180817,7.793756484985352,0.3917279541492462,1743307744.948696,0.01077590137720108,0.0011851722374558449,10,0.20750641822814941,-0.011434512212872505,1.000983715057373,0.3917279541492462,0.00026699999580159783,0.3917279541492462,79.08667755126953,40,1812.233642578125,0,0.832499623298645,0.5759093761444092,1972.095385647,3.8279218673706055,220000.0
82.82417297363281,1.2178229093551636,158.58175659179688,0.9994528889656067,-0.015403732657432556,12,-0.0026776380836963654,1000,43.40999984741211,0.9994528889656067,0.032659150660037994,126.117919921875,2.2485461235046387,0.009651757776737213,9.275691032409668,0.4275073707103729,1743307903.5919237,0.010813367553055286,-0.0007742829620838165,11,-0.0737299919128418,-0.012208795174956322,0.9994528889656067,0.4275073707103729,0.0002640000020619482,0.4275073707103729,75.75749206542969,40,1970.88818359375,0,0.8184260725975037,0.6765936613082886,2133.74847515,4.329348564147949,240000.0
85.0867919921875,1.1994314193725586,161.5605010986328,1.0005708932876587,-0.2726081609725952,13,-0.0027841273695230484,1000,39.060001373291016,1.0005708932876587,0.029875023290514946,123.79264068603516,1.356954574584961,0.00910618994385004,10.647204399108887,0.4629272222518921,1743308065.244906,0.01152418926358223,0.00013399217277765274,12,-0.8915915489196777,-0.012074803002178669,1.0005708932876587,0.4629272222518921,0.0002610000083222985,0.4629272222518921,76.47364807128906,40,2132.51171875,0,0.8033434748649597,0.7730554938316345,2295.204009626,3.7690632343292236,260000.0
84.9306411743164,1.1810725927352905,161.39761352539062,0.9996591806411743,0.10566358268260956,14,0.00415634922683239,1000,36.619998931884766,0.9996591806411743,0.034031372517347336,123.91757202148438,1.493982195854187,0.01309526339173317,11.60510540008545,0.4979179799556732,1743308226.6972935,0.011457346379756927,0.00015558674931526184,13,0.13702762126922607,-0.011919216252863407,0.9996591210365295,0.4979179799556732,0.0002579999854788184,0.4979179799556732,76.46691131591797,40,2294.001220703125,0,0.7888432145118713,0.9447802901268005,2456.347392349,4.145452499389648,280000.0
85.06275939941406,1.165734052658081,161.07789611816406,0.9998810291290283,0.16709503531455994,15,-0.001186184585094452,1000,35.65999984741211,0.9998810291290283,0.032845187932252884,124.16352844238281,1.6745935678482056,0.01103738509118557,13.1406888961792,0.5324956774711609,1743308387.843824,0.011561081744730473,-4.180334508419037e-05,14,0.18061137199401855,-0.011961019597947598,0.9998810291290283,0.5324956774711609,0.00025499999173916876,0.5324956774711609,76.01508331298828,40,2455.13427734375,0,0.7767214179039001,1.0759568214416504,2617.249399677,4.0460357666015625,300000.0
84.93965148925781,1.1573704481124878,160.8314666748047,0.9980539083480835,-0.045247599482536316,16,-3.569945693016052e-05,1000,32.38999938964844,0.9980539083480835,0.03280948847532272,124.35377502441406,1.8346352577209473,0.01125888992100954,14.383152961730957,0.5665286183357239,1743308548.7459118,0.01230025477707386,-0.0023687705397605896,15,0.1600416898727417,-0.014329790137708187,0.9980538487434387,0.5665286183357239,0.0002519999979995191,0.5665286183357239,75.8917465209961,40,2616.037841796875,0,0.770379364490509,1.119808554649353,2778.353759841,4.135634422302246,320000.0
85.240234375,1.146464467048645,161.0412139892578,1.0010035037994385,-0.04198439419269562,17,0.0065354593098163605,1000,28.600000381469727,1.0010035037994385,0.039344947785139084,124.19180297851562,1.7620577812194824,0.009673683904111385,15.74820327758789,0.5998497605323792,1743308709.8502781,0.011432413943111897,0.001603342592716217,16,-0.07257747650146484,-0.01272644754499197,1.0010035037994385,0.5998497605323792,0.00024900000425986946,0.5998497605323792,75.8009033203125,40,2777.145263671875,0,0.7620616555213928,1.3326131105422974,2939.827906348,3.826195240020752,340000.0
85.38875579833984,1.1322864294052124,161.40907287597656,0.9997608661651611,-0.002990998327732086,18,-0.005443815141916275,1000,35.0099983215332,0.9997608661651611,0.03390113264322281,123.90877532958984,1.7544970512390137,0.009595965035259724,16.535436630249023,0.6329784989356995,1743308871.3244064,0.011710256338119507,-0.0024161729961633682,17,-0.00756072998046875,-0.015142620541155338,0.9997608065605164,0.6329784989356995,0.0002460000105202198,0.6329784989356995,76.0202407836914,40,2938.6171875,0,0.7515711784362793,1.377320647239685,3100.748068284,4.318269729614258,360000.0
85.05879974365234,1.1188336610794067,160.85035705566406,1.0003087520599365,-0.15046802163124084,19,0.004678893834352493,1000,33.77000045776367,1.0003087520599365,0.0385800264775753,124.33917236328125,1.5344111919403076,0.01164969615638256,16.798227310180664,0.6658695936203003,1743309032.2445626,0.011584755964577198,0.00024762842804193497,18,-0.22008585929870605,-0.014894992113113403,1.0003087520599365,0.6658695936203003,0.00024300000222865492,0.6658695936203003,75.79148864746094,40,3099.5322265625,0,0.7414990663528442,1.3224060535430908,3263.08326525,4.319328308105469,380000.0
85.54023742675781,1.1103038787841797,162.2734375,0.9998844861984253,-0.14673903584480286,20,-0.003054879605770111,1000,34.939998626708984,0.9998844861984253,0.03552514687180519,123.24876403808594,1.5404179096221924,0.011297437362372875,17.131444931030273,0.6986356973648071,1743309194.5798435,0.011578070931136608,0.0008477410301566124,19,0.006006717681884766,-0.014047251082956791,0.9998844861984253,0.6986356973648071,0.00023999999393709004,0.6986356973648071,76.73313903808594,40,3261.874755859375,0,0.7352070808410645,1.4899605512619019,3423.988567162,4.041191577911377,400000.0
84.93294525146484,1.0991175174713135,160.83766174316406,0.9989146590232849,-0.09197433292865753,21,0.0006776116788387299,1000,34.95000076293945,0.9989146590232849,0.03620275855064392,124.34898376464844,1.5110454559326172,0.011244981549680233,17.3132381439209,0.7313002347946167,1743309355.4850357,0.011467231437563896,-0.0003429269418120384,20,-0.029372453689575195,-0.01439017802476883,0.9989146590232849,0.7313002347946167,0.00023700000019744039,0.7313002347946167,75.90465545654297,40,3422.775634765625,0,0.7270200848579407,1.457594871520996,3585.74938104,4.365602016448975,420000.0
85.40745544433594,1.0896607637405396,161.69720458984375,1.000648021697998,0.28703242540359497,22,-0.002621535211801529,1000,39.209999084472656,1.000648021697998,0.03358122333884239,123.68797302246094,1.9128161668777466,0.01302517019212246,17.417787551879883,0.764146625995636,1743309517.2459147,0.011959259398281574,-0.001884065568447113,21,0.4017707109451294,-0.016274243593215942,1.000648021697998,0.764146625995636,0.00023400000645779073,0.764146625995636,76.28966522216797,40,3584.5400390625,0,0.7202150225639343,1.632114291191101,3748.240091356,4.497104644775391,440000.0
85.45469665527344,1.0784984827041626,162.43067932128906,0.9991061687469482,0.12406280636787415,23,-0.0007514245808124542,1000,35.380001068115234,0.9991061687469482,0.03282979875802994,123.12944793701172,1.5831553936004639,0.011423639953136444,17.843751907348633,0.7969173192977905,1743309679.7365603,0.011892220936715603,0.00182407908141613,22,-0.3296607732772827,-0.014450164511799812,0.9991061687469482,0.7969173192977905,0.00023099999816622585,0.7969173192977905,76.97592163085938,40,3747.03369140625,0,0.712417483329773,1.651511311531067,3909.44473303,4.401154518127441,460000.0
85.02079010009766,1.0659822225570679,161.14601135253906,0.9990499019622803,0.30983972549438477,24,0.002187829464673996,1000,38.86000061035156,0.9990499019622803,0.035017628222703934,124.11104583740234,1.5731329917907715,0.012287575751543045,17.674636840820312,0.8298463225364685,1743309840.9413586,0.011887107975780964,-0.001451447606086731,23,-0.010022401809692383,-0.015901612117886543,0.9990499019622803,0.8298463225364685,0.0002280000044265762,0.8298463225364685,76.12516021728516,40,3908.24267578125,0,0.7034738659858704,1.5183775424957275,4070.857011567,4.487884521484375,480000.0
85.14457702636719,1.0600053071975708,161.35238647460938,0.9990562796592712,-0.29194173216819763,25,0.004221517592668533,1000,38.93000030517578,0.9990562796592712,0.03923914581537247,123.95230102539062,1.4616827964782715,0.012607445009052753,17.57323455810547,0.8629216551780701,1743310002.353555,0.012157563120126724,-0.0009840987622737885,24,-0.1114501953125,-0.01688571088016033,0.9990562200546265,0.8629216551780701,0.00022499999613501132,0.8629216551780701,76.20775604248047,40,4069.65087890625,0,0.699362576007843,1.6631039381027222,4232.749467005,5.04762601852417,500000.0
85.26557922363281,1.0550497770309448,161.82095336914062,0.9990658760070801,0.14466522634029388,26,-0.0022037290036678314,1000,38.65999984741211,0.9990658760070801,0.037035416811704636,123.59339141845703,1.412621021270752,0.011441008187830448,17.57275390625,0.8961116671562195,1743310164.246028,0.01212118100374937,-0.00017955154180526733,25,-0.04906177520751953,-0.0170652624219656,0.9990658760070801,0.8961116671562195,0.00022200000239536166,0.8961116671562195,76.55531311035156,40,4231.5322265625,0,0.6958061456680298,1.6456996202468872,4394.908067028,5.15352725982666,520000.0
85.32930755615234,1.0453861951828003,162.0887451171875,0.9993553161621094,-0.10304771363735199,27,-0.0045258477330207825,1000,35.59000015258789,0.9993553161621094,0.03250956907868385,123.38919830322266,1.510340690612793,0.011895431205630302,17.426050186157227,0.9292090535163879,1743310326.4045146,0.012453069910407066,-0.0012613404542207718,26,0.09771966934204102,-0.01832660287618637,0.9993552565574646,0.9292090535163879,0.00021899999410379678,0.9292090535163879,76.75935363769531,40,4393.69287109375,0,0.6892759799957275,1.7805237770080566,4556.42123374,4.653188705444336,540000.0
85.1718978881836,1.0334264039993286,161.44725036621094,1.0011324882507324,-0.22534847259521484,28,0.003797907382249832,1000,40.540000915527344,1.0011324882507324,0.036307476460933685,123.87947082519531,1.8218377828598022,0.012722162529826164,17.580608367919922,0.9625455141067505,1743310487.917834,0.012250353582203388,-0.0008787401020526886,27,0.3114970922470093,-0.01920534297823906,1.0011324882507324,0.9625455141067505,0.00021600000036414713,0.9625455141067505,76.27527618408203,40,4555.20947265625,0,0.6811262965202332,1.85930335521698,4718.221000294,5.160757064819336,560000.0
85.28992462158203,1.0238746404647827,161.73037719726562,0.9995392560958862,-0.11825989186763763,29,-0.004925590008497238,1000,36.470001220703125,0.9995392560958862,0.03138188645243645,123.66260528564453,1.4695600271224976,0.012446694076061249,18.21968650817871,0.9958339929580688,1743310649.7174287,0.012521311640739441,-0.00026300735771656036,28,-0.3522777557373047,-0.01946835033595562,0.9995392560958862,0.9958339929580688,0.00021300000662449747,0.9958339929580688,76.44036102294922,40,4717.005859375,0,0.6747837066650391,1.6569502353668213,4879.867892858,4.562265396118164,580000.0
85.2513198852539,1.0206592082977295,161.5898895263672,0.9988847374916077,-0.1109481155872345,30,0.005677890032529831,1000,37.880001068115234,0.9988847374916077,0.03705977648496628,123.7701187133789,1.573692798614502,0.014950810931622982,19.169261932373047,1.0291762351989746,1743310811.364395,0.012696679681539536,-0.0008442681282758713,29,0.1041327714920044,-0.02031261846423149,0.9988847374916077,1.0291762351989746,0.0002099999983329326,1.0291762351989746,76.33851623535156,40,4878.66552734375,0,0.6726543307304382,1.962552785873413,5041.95371042,4.438608646392822,600000.0
85.27055358886719,1.0141528844833374,162.01824951171875,1.0010793209075928,-0.12230727076530457,31,0.0003830716013908386,1000,38.279998779296875,1.0010793209075928,0.03744284808635712,123.44287872314453,1.5563853979110718,0.012502877041697502,19.787511825561523,1.0625951290130615,1743310973.450277,0.012485494837164879,0.0010843202471733093,30,-0.017307400703430176,-0.019228298217058182,1.0010793209075928,1.0625951290130615,0.00020700000459328294,1.0625951290130615,76.74762725830078,40,5040.7412109375,0,0.6681998372077942,1.8796160221099854,5204.043206636,4.20224666595459,620000.0
85.23150634765625,1.002934217453003,162.01206970214844,0.9993939995765686,-0.009934410452842712,32,-0.0005401894450187683,1000,35.5,0.9993939995765686,0.03690265864133835,123.44759368896484,1.3062610626220703,0.012580661103129387,19.734966278076172,1.0958993434906006,1743311135.5396485,0.012815351597964764,-0.00030975043773651123,31,-0.25012433528900146,-0.019538048654794693,0.9993939995765686,1.0958993434906006,0.00020399999630171806,1.0958993434906006,76.78047943115234,40,5202.8203125,0,0.6606565713882446,1.813372254371643,5366.624559991,4.3339524269104,640000.0
85.65992736816406,0.9934008717536926,162.5177001953125,0.9995893239974976,0.21511489152908325,33,0.0004972070455551147,1000,33.689998626708984,0.9995893239974976,0.03739986568689346,123.06351470947266,1.5065492391586304,0.012574153020977974,19.568532943725586,1.128981113433838,1743311298.1211343,0.012666442431509495,-0.0025933030992746353,32,0.20028817653656006,-0.02213135175406933,0.9995893239974976,1.128981113433838,0.0002010000025620684,1.128981113433838,76.85771942138672,40,5365.416015625,0,0.6545806527137756,1.8113824129104614,5528.739053521,3.970789909362793,660000.0
85.33625793457031,0.9876556396484375,162.05116271972656,1.0004503726959229,-0.07093392312526703,34,-0.004088088870048523,1000,34.09000015258789,1.0004503726959229,0.03331177681684494,123.41781616210938,1.2972086668014526,0.011717161163687706,19.677255630493164,1.1618976593017578,1743311460.2355247,0.01201807614415884,0.00567731074988842,33,-0.20934057235717773,-0.016454041004180908,1.0004503726959229,1.1618976593017578,0.00019799999427050352,1.1618976593017578,76.71482849121094,40,5527.52978515625,0,0.6508613228797913,2.0039007663726807,5690.22964134,4.152100563049316,680000.0
85.46720123291016,0.9820766448974609,161.42172241210938,0.9978237152099609,0.09113603830337524,35,0.002508513629436493,1000,32.31999969482422,0.9978237152099609,0.03582029044628143,123.89906311035156,1.4238483905792236,0.01237447652965784,19.20334815979004,1.194545865058899,1743311621.726157,0.012358252890408039,-0.0038597751408815384,34,0.126639723777771,-0.020313816145062447,0.9978237152099609,1.194545865058899,0.00019500000053085387,1.194545865058899,75.95445251464844,40,5689.0146484375,0,0.6471978425979614,1.9378398656845093,5852.090029517,4.214301586151123,700000.0
84.82179260253906,0.9683375954627991,161.78565979003906,1.0002721548080444,0.1796649694442749,36,0.0002287440001964569,1000,32.790000915527344,1.0002721548080444,0.03604903444647789,123.62034606933594,1.577674388885498,0.014503867365419865,19.617477416992188,1.2269939184188843,1743311783.5864933,0.012209689244627953,-0.0002618972212076187,35,0.15382599830627441,-0.020575713366270065,1.0002721548080444,1.2269939184188843,0.00019200000679120421,1.2269939184188843,76.96381378173828,40,5850.869140625,0,0.6382350921630859,2.098005771636963,6012.860892539,4.266077518463135,720000.0
85.03923034667969,0.9630492329597473,160.70523071289062,1.0007508993148804,-0.170132577419281,37,-0.004129525274038315,1000,34.31999969482422,1.0007508993148804,0.031919509172439575,124.45145416259766,1.452989101409912,0.014204876497387886,20.308713912963867,1.259379267692566,1743311944.3574615,0.012317588552832603,0.0021782703697681427,36,-0.12468528747558594,-0.018397442996501923,1.0007508993148804,1.259379267692566,0.00018899999849963933,1.259379267692566,75.66592407226562,40,6011.6494140625,0,0.6352319717407227,2.0848348140716553,6174.39936644,3.9016265869140625,740000.0
85.08352661132812,0.9523623585700989,161.47561645507812,1.0002659559249878,-0.018804453313350677,38,0.0006281211972236633,1000,31.1200008392334,1.0002659559249878,0.03254763036966324,123.85770416259766,1.3478295803070068,0.011814504861831665,20.24856185913086,1.2914788722991943,1743312105.8959186,0.012416001409292221,-0.0007151588797569275,37,-0.10515952110290527,-0.01911260187625885,1.0002659559249878,1.2914788722991943,0.00018600000475998968,1.2914788722991943,76.39202117919922,40,6173.18994140625,0,0.6286613941192627,1.9018892049789429,6336.871726473,3.800713300704956,760000.0
85.12205505371094,0.9485533237457275,162.40695190429688,1.0002002716064453,0.006902039051055908,39,0.002736452966928482,1000,32.349998474121094,1.0002002716064453,0.03528408333659172,123.1474380493164,1.337165355682373,0.013788018375635147,20.445486068725586,1.323420524597168,1743312268.3682442,0.012933799996972084,-0.002556903287768364,38,-0.010664224624633789,-0.021669505164027214,1.0002002716064453,1.323420524597168,0.0001829999964684248,1.323420524597168,77.28483581542969,40,6335.66015625,0,0.6263757348060608,2.0155677795410156,6499.348684672,3.690673351287842,780000.0
85.13919067382812,0.9310001730918884,162.41030883789062,1.0003031492233276,-0.08897754549980164,40,-2.8990209102630615e-05,1000,34.45000076293945,1.0003031492233276,0.03525509312748909,123.14488983154297,1.5709308385849,0.01318702008575201,21.322830200195312,1.3553823232650757,1743312430.845177,0.012397360056638718,-2.9753893613815308e-05,39,0.23376548290252686,-0.02169925905764103,1.000303030014038,1.3553823232650757,0.00018000000272877514,1.3553823232650757,77.27104949951172,40,6498.1376953125,0,0.6155393719673157,2.25818133354187,6661.643146417,3.888460874557495,800000.0
85.2435531616211,0.9274983406066895,162.236572265625,0.9990260004997253,-0.09155553579330444,41,-0.006938748061656952,1000,39.22999954223633,0.9990260004997253,0.028316345065832138,123.27677154541016,2.2929270267486572,0.015009606257081032,21.012266159057617,1.3877133131027222,1743312593.1397288,0.012990705668926239,-0.008174680173397064,40,0.7219961881637573,-0.029873939231038094,0.9990260004997253,1.3877133131027222,0.00017699999443721026,1.3877133131027222,76.9929428100586,40,6660.439453125,0,0.6134801506996155,1.986740231513977,6823.202276073,4.004484176635742,820000.0
85.39961242675781,0.9155756235122681,161.4967498779297,1.0021599531173706,0.03044527769088745,42,0.005660161375999451,1000,39.22999954223633,1.0021599531173706,0.03397650644183159,123.84150695800781,1.5569137334823608,0.012788753025233746,21.43735122680664,1.4203741550445557,1743312754.6988387,0.012310676276683807,0.00819256529211998,41,-0.7360132932662964,-0.021681373938918114,1.0021599531173706,1.4203741550445557,0.0001740000006975606,1.4203741550445557,76.0970687866211,40,6821.994140625,0,0.6060713529586792,2.2161076068878174,6984.92808134,4.685431480407715,840000.0
84.85587310791016,0.9046561121940613,161.67117309570312,0.9996873140335083,0.021924540400505066,43,0.0005909278988838196,1000,40.86000061035156,0.9996873140335083,0.03456743434071541,123.70789337158203,1.3800795078277588,0.014282165095210075,21.9349365234375,1.453445315361023,1743312916.4246602,0.012612502090632915,-0.0033765416592359543,42,-0.17683422565460205,-0.025057915598154068,0.9996872544288635,1.453445315361023,0.00017100000695791095,1.453445315361023,76.81524658203125,40,6983.72802734375,0,0.5993050336837769,2.080810546875,7147.078600574,4.122159481048584,860000.0
85.30132293701172,0.8936775922775269,162.08799743652344,1.0008115768432617,0.3140929341316223,44,-0.0006591454148292542,1000,39.29999923706055,1.0008115768432617,0.033908288925886154,123.38976287841797,1.458696961402893,0.01597963459789753,22.002735137939453,1.486770510673523,1743313078.575083,0.01275541540235281,0.0025987233966588974,43,0.07861745357513428,-0.02245919220149517,1.0008115768432617,1.486770510673523,0.00016799999866634607,1.486770510673523,76.78660583496094,40,7145.87158203125,0,0.592846155166626,2.0470054149627686,7308.510823598,4.116503715515137,880000.0
84.94239044189453,0.8793511390686035,161.37200927734375,0.9995214343070984,0.051044534891843796,45,-0.0017754994332790375,1000,36.650001525878906,0.9995214343070984,0.03213278949260712,123.9372329711914,1.5097211599349976,0.013222960755228996,20.870410919189453,1.5201311111450195,1743313240.007313,0.012775266543030739,0.0002430994063615799,44,0.05102419853210449,-0.02221609279513359,0.9995214343070984,1.5201311111450195,0.00016500000492669642,1.5201311111450195,76.42955017089844,40,7307.3056640625,0,0.5844765305519104,1.9715487957000732,7469.383818456,3.9703476428985596,900000.0
84.6943359375,0.8647775650024414,160.8084716796875,1.0015262365341187,0.12210798263549805,46,0.001533806324005127,1000,32.290000915527344,1.0015262365341187,0.033666595816612244,124.3715591430664,1.4876000881195068,0.015262389555573463,20.987041473388672,1.5532002449035645,1743313400.880307,0.01338319294154644,-0.005039166659116745,45,-0.022121071815490723,-0.027255259454250336,1.0015262365341187,1.5532002449035645,0.00016199999663513154,1.5532002449035645,76.11407470703125,40,7468.1748046875,0,0.5761606693267822,2.0381765365600586,7631.200652525,3.9028820991516113,920000.0
85.07230377197266,0.8545582890510559,161.75094604492188,1.0000587701797485,0.12102700769901276,47,-0.003934023901820183,1000,32.66999816894531,1.0000587701797485,0.02973257191479206,123.6468734741211,1.654701828956604,0.015542300418019295,20.464685440063477,1.5860415697097778,1743313562.697133,0.013055546209216118,0.004977796226739883,46,0.16710174083709717,-0.022277463227510452,1.0000587701797485,1.5860415697097778,0.00015900000289548188,1.5860415697097778,76.67858123779297,40,7629.99169921875,0,0.570280134677887,2.1186678409576416,7793.988830491,4.160451889038086,940000.0
85.62627410888672,0.8536310791969299,162.72451782226562,0.9993091225624084,0.13534414768218994,48,0.005358273163437843,1000,34.130001068115234,0.9993091225624084,0.035090845078229904,122.9071044921875,1.647590160369873,0.01367182843387127,20.32999038696289,1.6187946796417236,1743313725.485423,0.013234472833573818,-0.003329560160636902,47,-0.007111668586730957,-0.025607023388147354,0.9993091225624084,1.6187946796417236,0.000155999994603917,1.6187946796417236,77.09818267822266,40,7792.78076171875,0,0.5698246359825134,2.1005852222442627,7956.634614167,3.8836042881011963,960000.0
85.63272857666016,0.8422206044197083,162.5673370361328,1.0018715858459473,0.17058195173740387,49,-0.003780670464038849,1000,35.4900016784668,1.0018715858459473,0.031310174614191055,123.02594757080078,1.516908884048462,0.014713674783706665,20.257099151611328,1.651576042175293,1743313888.1311111,0.013224403373897076,0.0018153712153434753,48,-0.13068127632141113,-0.02379165217280388,1.0018715858459473,1.651576042175293,0.00015300000086426735,1.651576042175293,76.93453216552734,40,7955.41015625,0,0.5636617541313171,2.0306055545806885,8119.612028778,3.6810977458953857,980000.0
85.44511413574219,0.8374164700508118,162.8490753173828,0.999875009059906,0.02762433886528015,50,0.00027443841099739075,1000,35.5,0.999875009059906,0.031584613025188446,122.8131103515625,1.421180248260498,0.01596560887992382,20.404611587524414,1.6843864917755127,1743314051.1085086,0.013572505675256252,-0.001958666369318962,49,-0.09572863578796387,-0.02575031854212284,0.9998749494552612,1.6843864917755127,0.0001500000071246177,1.6843864917755127,77.40389251708984,40,8118.3369140625,0,0.561212420463562,1.9538874626159668,8282.45108922,3.777806282043457,1000000.0
85.8106689453125,0.8314605355262756,162.77011108398438,0.9990879893302917,-0.3887399435043335,51,0.005905419588088989,1000,34.939998626708984,0.9990879893302917,0.037490032613277435,122.87268829345703,1.6271225214004517,0.015647221356630325,20.798542022705078,1.717182993888855,1743314213.9476006,0.013589814305305481,-0.00027714669704437256,50,0.2059422731399536,-0.026027465239167213,0.9990879893302917,1.717182993888855,0.00014699999883305281,1.717182993888855,76.95936584472656,40,8281.236328125,0,0.5579927563667297,2.186591625213623,8445.084206002,4.513969421386719,1020000.0
85.34005737304688,0.8153905272483826,162.5533447265625,0.9998733401298523,-0.19492997229099274,52,-0.005113933235406876,1000,36.11000061035156,0.9998733401298523,0.03237609937787056,123.03653717041016,1.6286168098449707,0.016959676519036293,20.45758056640625,1.7500600814819336,1743314376.5806415,0.013004341162741184,0.00019422359764575958,51,0.001494288444519043,-0.025833241641521454,0.9998733401298523,1.7500600814819336,0.00014400000509340316,1.7500600814819336,77.21321868896484,40,8443.859375,0,0.5494312047958374,2.0240025520324707,8607.938620451,4.806563854217529,1040000.0
85.24620819091797,0.8088072538375854,162.78721618652344,0.999264657497406,0.09956321120262146,53,-0.000681363046169281,1000,35.79999923706055,0.999264657497406,0.03169473633170128,122.85977172851562,1.6701998710632324,0.014128888957202435,20.61181640625,1.7829878330230713,1743314539.4351134,0.01308363676071167,-0.0024612396955490112,52,0.04158306121826172,-0.028294481337070465,0.9992645978927612,1.7829878330230713,0.00014099999680183828,1.7829878330230713,77.54093933105469,40,8606.724609375,0,0.5458360314369202,2.0933401584625244,8770.539273067,4.789661884307861,1060000.0
85.4654541015625,0.8019818663597107,162.5046844482422,0.9992563128471375,0.02649545669555664,54,-0.003334891051054001,1000,35.5099983215332,0.9992563128471375,0.028359845280647278,123.07337188720703,1.6291183233261108,0.014504455029964447,20.8942813873291,1.8159412145614624,1743314702.0357628,0.01273135282099247,0.004383383318781853,53,-0.04108154773712158,-0.023911098018288612,0.9992563128471375,1.8159412145614624,0.00013800000306218863,1.8159412145614624,77.03917694091797,40,8769.298828125,0,0.5423086881637573,2.0873167514801025,8934.760531004,4.768268585205078,1080000.0
86.83023071289062,0.7889970541000366,164.146484375,0.9984093904495239,-0.14106130599975586,55,0.002576049417257309,1000,36.13999938964844,0.9984093904495239,0.030935894697904587,121.84239196777344,1.4759594202041626,0.015838459134101868,21.028596878051758,1.8489688634872437,1743314866.2570376,0.013263392262160778,-0.0020955707877874374,54,-0.15315890312194824,-0.02600666880607605,0.9984093308448792,1.8489688634872437,0.00013499999477062374,1.8489688634872437,77.31617736816406,40,8933.5400390625,0,0.5353565216064453,2.046215295791626,9097.244258667,4.4818501472473145,1100000.0
85.39567565917969,0.7757434844970703,162.4274139404297,1.0002089738845825,-0.06924859434366226,56,0.0008362233638763428,1000,36.27000045776367,1.0002089738845825,0.03177211806178093,123.13191986083984,1.8644764423370361,0.013935595750808716,20.552274703979492,1.882075309753418,1743315028.7406735,0.013464431278407574,-0.002666078507900238,55,0.38851702213287354,-0.028672747313976288,1.0002089738845825,1.882075309753418,0.0001320000010309741,1.882075309753418,77.03165435791016,40,9096.0419921875,0,0.5282196402549744,2.025235891342163,9259.721809706,4.412917613983154,1120000.0
85.17831420898438,0.7661495208740234,162.39752197265625,0.9998061656951904,0.17758654057979584,57,0.003838866949081421,1000,34.869998931884766,0.9998061656951904,0.03561098501086235,123.15458679199219,1.5101786851882935,0.015488183125853539,20.868824005126953,1.9151451587677002,1743315191.2182727,0.013272406533360481,2.732500433921814e-05,56,-0.3542977571487427,-0.02864542230963707,0.9998061656951904,1.9151451587677002,0.0001289999927394092,1.9151451587677002,77.2191162109375,40,9258.49609375,0,0.5232431292533875,2.1733200550079346,9422.771540595,4.093997478485107,1140000.0
85.72798919677734,0.7562484741210938,162.98141479492188,1.0005834102630615,0.09497497975826263,58,-0.000505693256855011,1000,34.279998779296875,1.0005834102630615,0.03510529175400734,122.71337890625,1.7625422477722168,0.01494554989039898,21.12628746032715,1.9481384754180908,1743315354.2680523,0.013042022474110126,0.0017232615500688553,57,0.25236356258392334,-0.026922160759568214,1.0005834102630615,1.9481384754180908,0.00012599999899975955,1.9481384754180908,77.25336456298828,40,9421.5576171875,0,0.5182356834411621,2.193692922592163,9585.295234349,3.8830406665802,1160000.0
85.51282501220703,0.7486813068389893,162.4564666748047,1.001406192779541,-0.05306506156921387,59,0.000371590256690979,1000,34.439998626708984,1.001406192779541,0.03547688201069832,123.10990905761719,1.4666732549667358,0.013179644010961056,21.33545684814453,1.981078863143921,1743315516.7918093,0.012738892808556557,0.0031113475561141968,58,-0.29586899280548096,-0.023810813203454018,1.001406192779541,1.981078863143921,0.0001230000052601099,1.981078863143921,76.94357299804688,40,9584.0830078125,0,0.514348030090332,2.146541118621826,9747.619315323,4.154303550720215,1180000.0
85.26268005371094,0.7372424006462097,162.23373413085938,0.9997130036354065,0.05988186597824097,60,0.009085442870855331,1000,32.7400016784668,0.9997130036354065,0.04456232488155365,123.27892303466797,1.3928744792938232,0.014251209795475006,21.512229919433594,2.013838768005371,1743315679.1157331,0.013150007463991642,-0.001356329768896103,59,-0.0737987756729126,-0.02516714297235012,0.9997130036354065,2.013838768005371,0.00011999999696854502,2.013838768005371,76.9709701538086,40,9746.3837890625,0,0.5085554122924805,2.2272396087646484,9910.309225133,4.2369160652160645,1200000.0
85.39844512939453,0.7321404218673706,162.57614135742188,1.0007808208465576,0.02928467094898224,61,-0.005467146635055542,1000,31.540000915527344,1.0007808208465576,0.03909517824649811,123.019287109375,1.2514019012451172,0.014915267936885357,21.554655075073242,2.0463433265686035,1743315841.8053973,0.012543337419629097,0.0007059536874294281,60,-0.14147257804870605,-0.024461189284920692,1.0007808208465576,2.0463433265686035,0.00011700000322889537,2.0463433265686035,77.1776351928711,40,9909.05078125,0,0.5063005089759827,2.087372303009033,10072.948851339,3.5619773864746094,1220000.0
85.52174377441406,0.7284990549087524,162.5469207763672,0.9991405606269836,-0.11154899001121521,62,-0.0024739690124988556,1000,30.959999084472656,0.9991405606269836,0.03662120923399925,123.04139709472656,1.1840649843215942,0.014368698000907898,21.314491271972656,2.078575372695923,1743316004.445317,0.012769239954650402,-0.0004141665995121002,61,-0.06733691692352295,-0.024875355884432793,0.9991405606269836,2.078575372695923,0.0001140000022132881,2.078575372695923,77.02511596679688,40,10071.71484375,0,0.5049567818641663,2.067347764968872,10234.949283036,3.2945897579193115,1240000.0
85.16407775878906,0.7269481420516968,161.93031311035156,0.9988685846328735,-0.0898677185177803,63,0.0032382532954216003,1000,27.489999771118164,0.9988685846328735,0.03985946252942085,123.50992584228516,1.1680668592453003,0.012487266212701797,21.031450271606445,2.110278367996216,1743316166.4457595,0.012435346841812134,0.002982044592499733,62,-0.015998125076293945,-0.02189331129193306,0.9988685846328735,2.110278367996216,0.00011100000119768083,2.110278367996216,76.76614379882812,40,10233.7333984375,0,0.504213273525238,2.1041510105133057,10397.390061376,3.2685940265655518,1260000.0
85.39054870605469,0.7319024801254272,162.3766326904297,1.0015218257904053,-0.028313055634498596,64,-0.0060181766748428345,1000,29.280000686645508,1.0015218257904053,0.03384128585457802,123.1704330444336,1.5550793409347534,0.01304151862859726,21.120813369750977,2.1416609287261963,1743316328.886514,0.013221238739788532,-0.003971051424741745,63,0.3870124816894531,-0.025864362716674805,1.0015217065811157,2.1416609287261963,0.00010800000018207356,2.1416609287261963,76.98601531982422,40,10396.1796875,0,0.5067165493965149,2.3027448654174805,10559.655444541,3.605343818664551,1280000.0
85.18960571289062,0.7188764214515686,162.11898803710938,1.0024433135986328,-0.246462881565094,65,-0.003792405128479004,1000,30.049999237060547,1.0024433135986328,0.030048880726099014,123.36618041992188,1.4605810642242432,0.013144469819962978,20.933507919311523,2.172825336456299,1743316491.1519518,0.012242916040122509,0.0003115106374025345,64,-0.09449827671051025,-0.02555285207927227,1.0024433135986328,2.172825336456299,0.0001049999991664663,2.172825336456299,76.9293212890625,40,10558.36328125,0,0.5004845261573792,1.9923490285873413,10722.226717687,3.7832188606262207,1300000.0
85.44474792480469,0.7092142105102539,162.46116638183594,0.9994555711746216,-0.16744014620780945,66,0.0017328336834907532,1000,29.450000762939453,0.9994555711746216,0.03178171440958977,123.10633850097656,1.5080066919326782,0.013237334787845612,21.22671127319336,2.2037477493286133,1743316653.7232325,0.01209194865077734,0.0005981158465147018,65,0.04742562770843506,-0.02495473623275757,0.9994555711746216,2.2037477493286133,0.00010199999815085903,2.2037477493286133,77.0163345336914,40,10720.9716796875,0,0.4957825243473053,2.220264434814453,10884.549501791,3.709972381591797,1320000.0
85.44837188720703,0.7013225555419922,162.24366760253906,1.0000591278076172,-0.20579256117343903,67,0.0014272965490818024,1000,31.260000228881836,1.0000591278076172,0.03320901095867157,123.27137756347656,1.6601148843765259,0.015348827466368675,21.395092010498047,2.2346110343933105,1743316816.0459323,0.013002597726881504,-0.003337746486067772,66,0.15210819244384766,-0.02829248271882534,1.0000591278076172,2.2346110343933105,9.899999713525176e-05,2.2346110343933105,76.79522705078125,40,10883.3251953125,0,0.4918819069862366,2.1364896297454834,11047.25371454,4.0247039794921875,1340000.0
85.3023452758789,0.6985946893692017,162.60137939453125,0.9999779462814331,0.044428832828998566,68,0.0013195127248764038,1000,36.33000183105469,0.9999779462814331,0.034528523683547974,123.00019073486328,1.793976068496704,0.014100054278969765,21.761816024780273,2.2658488750457764,1743316978.7501945,0.012682916596531868,-0.003937194123864174,67,0.13386118412017822,-0.032229676842689514,0.9999779462814331,2.2658488750457764,9.600000339560211e-05,2.2658488750457764,77.29896545410156,40,11046.0048828125,0,0.49022814631462097,2.3007309436798096,11208.787301358,3.9591825008392334,1360000.0
84.98316192626953,0.6963314414024353,161.4835968017578,0.9988228678703308,0.19848814606666565,69,0.0016201436519622803,1000,34.22999954223633,0.9988228678703308,0.036148667335510254,123.85159301757812,1.6263130903244019,0.013668520376086235,21.04732894897461,2.2972500324249268,1743317140.2838042,0.012563462369143963,0.0035572554916143417,68,-0.16766297817230225,-0.028672421351075172,0.998822808265686,2.2972500324249268,9.300000237999484e-05,2.2972500324249268,76.5003662109375,40,11207.591796875,0,0.48911598324775696,2.126675844192505,11369.842838572,3.5871143341064453,1380000.0
84.98560333251953,0.6977875232696533,161.00143432617188,0.9994582533836365,0.07601957023143768,70,0.00047989189624786377,1000,35.52000045776367,0.9994582533836365,0.03662855923175812,124.22248840332031,1.5336744785308838,0.014064280316233635,20.732397079467773,2.3289084434509277,1743317301.3394065,0.01289349514991045,0.0020836051553487778,69,-0.09263861179351807,-0.026588816195726395,0.9994582533836365,2.3289084434509277,9.000000136438757e-05,2.3289084434509277,76.01577758789062,40,11368.642578125,0,0.48944389820098877,2.007542133331299,11507.746978213,4.003758907318115,1400000.0
79.10861206054688,0.6902253031730652,137.77493286132812,1.0002124309539795,-0.01311781257390976,71,0.0007061511278152466,1000,34.790000915527344,1.0002124309539795,0.037334710359573364,145.16429138183594,1.2739354372024536,0.013842533342540264,20.597639083862305,2.360738754272461,1743317439.2435257,0.012788543477654457,-0.0003512650728225708,70,-0.2597390413284302,-0.026940081268548965,1.0002124309539795,2.360738754272461,8.70000003487803e-05,2.360738754272461,58.666255950927734,40,11506.4736328125,0,0.4853367209434509,2.0821006298065186,11633.337420675,3.414543867111206,1420000.0
67.03187561035156,0.6886683702468872,125.48396301269531,0.997299075126648,0.24482092261314392,72,0.003997180610895157,1000,33.0099983215332,0.997299075126648,0.04133189097046852,159.38291931152344,1.2988775968551636,0.013916793279349804,20.772584915161133,2.3925764560699463,1743317564.8341053,0.012790716253221035,-0.0009924434125423431,71,0.02494215965270996,-0.02793252468109131,0.997299075126648,2.3925764560699463,8.399999933317304e-05,2.3925764560699463,58.45203399658203,40,11632.08984375,0,0.48483777046203613,2.1942267417907715,11758.770178135,3.4789202213287354,1440000.0
66.65835571289062,0.6805948615074158,125.33666229248047,1.0003433227539062,-0.34599918127059937,73,0.0034198537468910217,1000,29.68000030517578,1.0003433227539062,0.04475174471735954,159.5702362060547,1.3501380681991577,0.013580672442913055,20.074983596801758,2.424140453338623,1743317690.2668679,0.012388395145535469,-0.00041990913450717926,72,0.05126047134399414,-0.028352433815598488,1.0003433227539062,2.424140453338623,8.099999831756577e-05,2.424140453338623,58.678253173828125,40,11757.525390625,0,0.48094311356544495,2.038423776626587,11883.962238233,3.5674211978912354,1460000.0
66.70474243164062,0.6701456308364868,125.10392761230469,1.0008445978164673,-0.12279315292835236,74,0.0003949888050556183,1000,29.670000076293945,1.0008445978164673,0.04514673352241516,159.86708068847656,1.2429871559143066,0.013368252664804459,20.52606773376465,2.4554622173309326,1743317815.458486,0.01235165074467659,0.004053277894854546,73,-0.10715091228485107,-0.024299155920743942,1.0008445978164673,2.4554622173309326,7.79999973019585e-05,2.4554622173309326,58.39912796020508,40,11882.7265625,0,0.4758038818836212,2.231466293334961,12009.406833849,3.4190571308135986,1480000.0
66.66802978515625,0.6578621864318848,125.35370635986328,0.999213457107544,-0.14119818806648254,75,-0.00519348680973053,1000,30.329999923706055,0.999213457107544,0.03995324671268463,159.5485382080078,1.448939323425293,0.013767405413091183,21.447612762451172,2.4866273403167725,1743317940.9034727,0.011801172979176044,-0.004218777641654015,74,0.20595216751098633,-0.028517933562397957,0.999213457107544,2.4866273403167725,7.500000356230885e-05,2.4866273403167725,58.68561935424805,40,12008.1796875,0,0.46996062994003296,2.2702012062072754,12134.688597843,4.120837688446045,1500000.0
66.72184753417969,0.6476917266845703,125.15301513671875,1.0007191896438599,0.13479319214820862,76,0.002654433250427246,1000,33.08000183105469,1.0007191896438599,0.04260767996311188,159.80438232421875,1.6692955493927002,0.012821007519960403,21.739307403564453,2.517893075942993,1743318066.1850872,0.01249998901039362,-0.00018257461488246918,75,0.22035622596740723,-0.028700508177280426,1.0007190704345703,2.517893075942993,7.200000254670158e-05,2.517893075942993,58.43110656738281,40,12133.412109375,0,0.46527019143104553,2.291156053543091,12260.929762435,3.8755171298980713,1520000.0
67.85488891601562,0.6404044032096863,126.12004089355469,0.9996941685676575,0.0056187063455581665,77,-0.005876090377569199,1000,34.43000030517578,0.9996941685676575,0.03673158958554268,158.57908630371094,1.4462531805038452,0.01127095427364111,21.973360061645508,2.549367666244507,1743318192.4264226,0.012009851634502411,0.0049881283193826675,76,-0.22304236888885498,-0.02371237985789776,0.9996941089630127,2.549367666244507,6.900000153109431e-05,2.549367666244507,58.265079498291016,40,12259.66015625,0,0.4618154764175415,2.2197797298431396,12386.194876691,4.095867156982422,1540000.0
66.73311614990234,0.631737232208252,125.18055725097656,1.0009039640426636,-0.013489112257957458,78,0.006132673472166061,1000,35.84000015258789,1.0009039640426636,0.04286426305770874,159.76922607421875,1.4883493185043335,0.012065187096595764,22.58716583251953,2.5811522006988525,1743318317.6916108,0.011815670877695084,-0.0010683313012123108,77,0.04209613800048828,-0.02478071115911007,1.0009039640426636,2.5811522006988525,6.600000051548705e-05,2.5811522006988525,58.44738006591797,40,12384.962890625,0,0.4579591453075409,2.2191050052642822,12511.702446996,4.211822509765625,1560000.0
66.90110778808594,0.6252206563949585,125.41356658935547,0.9998933672904968,0.13853666186332703,79,-0.006660915911197662,1000,35.529998779296875,0.9998933672904968,0.03620334714651108,159.47238159179688,1.387908935546875,0.01157628744840622,22.43505859375,2.613189935684204,1743318443.1987848,0.011430093087255955,0.00033020228147506714,78,-0.1004403829574585,-0.024450508877635002,0.999893307685852,2.613189935684204,6.299999949987978e-05,2.613189935684204,58.51240539550781,40,12510.4677734375,0,0.4550088346004486,2.171804428100586,12637.092470304,3.7599687576293945,1580000.0
66.811279296875,0.625323474407196,125.27865600585938,0.9988164901733398,0.010207820683717728,80,-0.002090461552143097,1000,34.029998779296875,0.9988164901733398,0.03411288559436798,159.6441192626953,1.5460880994796753,0.011859172955155373,22.035097122192383,2.6453282833099365,1743318568.5891047,0.012101120315492153,0.0008221771568059921,79,0.1581791639328003,-0.02362833172082901,0.9988164901733398,2.6453282833099365,5.999999848427251e-05,2.6453282833099365,58.46731185913086,40,12635.833984375,0,0.45536717772483826,2.1582860946655273,12762.645109283,3.814147710800171,1600000.0
67.02600860595703,0.6308915615081787,125.3900375366211,0.9994198083877563,-0.2469632923603058,81,0.003676079213619232,1000,32.279998779296875,0.9994198083877563,0.03778896480798721,159.50230407714844,1.4991347789764404,0.010793454945087433,22.286108016967773,2.677408456802368,1743318694.1413567,0.011381802149116993,-0.00228746235370636,80,-0.04695332050323486,-0.02591579407453537,0.9994198083877563,2.677408456802368,5.700000110664405e-05,2.677408456802368,58.36397933959961,40,12761.333984375,0,0.4581165909767151,2.3315908908843994,12888.684559273,3.871821880340576,1620000.0
67.49168395996094,0.626539945602417,125.92176818847656,1.0000569820404053,-0.1798515021800995,82,-1.4748424291610718e-05,1000,31.1299991607666,1.0000569820404053,0.0377742163836956,158.8287811279297,1.3540607690811157,0.012095212936401367,21.643325805664062,2.7093396186828613,1743318820.181199,0.01145296823233366,-0.00022369809448719025,81,-0.1450740098953247,-0.02613949216902256,1.0000569820404053,2.7093396186828613,5.400000009103678e-05,2.7093396186828613,58.43002700805664,40,12887.4287109375,0,0.4561985731124878,2.182952642440796,13013.934597889,3.685286045074463,1640000.0
66.71411895751953,0.6199597120285034,125.19408416748047,1.0002483129501343,-0.007490947842597961,83,-0.0005569569766521454,1000,29.360000610351562,1.0002483129501343,0.03721725940704346,159.751953125,1.2544535398483276,0.010476704686880112,21.59255599975586,2.740985155105591,1743318945.4312706,0.010885952971875668,0.002978390082716942,82,-0.09960722923278809,-0.02316110208630562,1.0002483129501343,2.740985155105591,5.0999999075429514e-05,2.740985155105591,58.4798583984375,40,13012.7314453125,0,0.45356640219688416,2.230870008468628,13139.394352267,3.080380439758301,1660000.0
66.93507385253906,0.6111578941345215,125.39385223388672,0.9991292953491211,-0.19810889661312103,84,-0.003368668258190155,1000,29.899999618530273,0.9991292953491211,0.0338485911488533,159.49745178222656,1.29607355594635,0.010237812995910645,20.8549747467041,2.772425413131714,1743319070.8910823,0.010881486348807812,-0.0008020512759685516,83,0.04162001609802246,-0.02396315336227417,0.9991292357444763,2.772425413131714,4.8000001697801054e-05,2.772425413131714,58.458717346191406,40,13138.185546875,0,0.44979169964790344,1.884629249572754,13264.740073956,3.0316622257232666,1680000.0
66.77420806884766,0.61307293176651,125.27468872070312,0.999374508857727,-0.10206526517868042,85,0.004090979695320129,1000,27.729999542236328,0.999374508857727,0.03793957084417343,159.649169921875,1.1246578693389893,0.010105227120220661,20.874727249145508,2.803492546081543,1743319196.2367826,0.010909548960626125,0.003415444865822792,84,-0.17141568660736084,-0.020547708496451378,0.999374508857727,2.803492546081543,4.5000000682193786e-05,2.803492546081543,58.50041580200195,40,13263.521484375,0,0.45067551732063293,2.1518588066101074,13390.5308399,3.147819995880127,1700000.0
67.1275634765625,0.608514666557312,125.6297607421875,0.9999390840530396,-0.01108858548104763,86,-0.0017814487218856812,1000,25.90999984741211,0.9999390840530396,0.03615812212228775,159.1979522705078,1.1057653427124023,0.009620072320103645,20.131898880004883,2.834064483642578,1743319322.0275614,0.011074666865170002,0.002871982753276825,85,-0.018892526626586914,-0.017675725743174553,0.9999390244483948,2.834064483642578,4.199999966658652e-05,2.834064483642578,58.502140045166016,40,13389.22265625,0,0.4489405155181885,2.077730178833008,13516.977926581,2.6211612224578857,1720000.0
67.57296752929688,0.6058719158172607,126.3201675415039,0.9994937181472778,0.06327331066131592,87,6.735324859619141e-06,1000,24.209999084472656,0.9994937181472778,0.03616485744714737,158.32785034179688,1.1797834634780884,0.009283270686864853,20.63129425048828,2.8640410900115967,1743319448.4746585,0.010592257604002953,-0.005089735612273216,86,0.07401812076568604,-0.02276546135544777,0.9994936585426331,2.8640410900115967,3.899999865097925e-05,2.8640410900115967,58.74713897705078,40,13515.708984375,0,0.44805580377578735,2.090162515640259,13642.247159375,3.3141207695007324,1740000.0
66.69136810302734,0.6024839878082275,125.213134765625,1.0003085136413574,-0.049803584814071655,88,0.004588190466165543,1000,24.639999389648438,1.0003085136413574,0.04075304791331291,159.7276611328125,1.3204851150512695,0.009197819046676159,20.5386905670166,2.8935256004333496,1743319573.743863,0.010390926152467728,0.0014730021357536316,87,0.14070165157318115,-0.021292459219694138,1.0003085136413574,2.8935256004333496,3.600000127335079e-05,2.8935256004333496,58.52170944213867,40,13641.04296875,0,0.44667890667915344,2.1965179443359375,13767.848678424,2.971949577331543,1760000.0
66.71855926513672,0.6089518070220947,125.49081420898438,1.0003254413604736,0.1014738455414772,89,-0.007613033056259155,1000,24.3700008392334,1.0003254413604736,0.03314001485705376,159.3742218017578,1.3221629858016968,0.009042345918715,21.200735092163086,2.9225473403930664,1743319699.3451571,0.010552573017776012,0.0014336109161376953,88,0.001677870750427246,-0.019858848303556442,1.0003254413604736,2.9225473403930664,3.300000025774352e-05,2.9225473403930664,58.772193908691406,40,13766.58984375,0,0.4496512711048126,2.072762966156006,13893.297649331,2.8512935638427734,1780000.0
66.8742446899414,0.61020827293396,125.39322662353516,1.0000522136688232,0.028991878032684326,90,0.00466662272810936,1000,24.3700008392334,1.0000522136688232,0.037806637585163116,159.4982452392578,1.194236159324646,0.008092332631349564,21.620349884033203,2.9511570930480957,1743319824.794389,0.009796096943318844,0.0013577193021774292,89,-0.12792682647705078,-0.018501129001379013,1.0000522136688232,2.9511570930480957,2.9999999242136255e-05,2.9511570930480957,58.51891326904297,40,13892.09375,0,0.45036470890045166,2.256866693496704,14020.812495172,2.990011215209961,1800000.0
66.86334228515625,0.6068214178085327,127.44097137451172,0.999775230884552,-0.004767492413520813,91,0.0003943443298339844,1000,25.43000030517578,0.999775230884552,0.0382009819149971,156.93540954589844,1.0808461904525757,0.008510212413966656,21.451160430908203,2.979499340057373,1743319952.3091264,0.009858626872301102,0.001138078048825264,90,-0.11338996887207031,-0.01736305095255375,0.999775230884552,2.979499340057373,2.700000004551839e-05,2.979499340057373,60.57757568359375,40,14019.58984375,0,0.4487626552581787,2.094810962677002,14146.252473205,2.974090099334717,1820000.0
66.91289520263672,0.6074769496917725,125.35287475585938,1.00104820728302,0.17631381750106812,92,0.0034477971494197845,1000,28.1299991607666,1.00104820728302,0.041648779064416885,159.54959106445312,1.4146298170089722,0.007850222289562225,21.51087188720703,3.0078554153442383,1743320077.7490404,0.009650450199842453,-0.004087185487151146,91,0.3337836265563965,-0.021450236439704895,1.00104820728302,3.0078554153442383,2.4000000848900527e-05,3.0078554153442383,58.43988037109375,40,14145.0166015625,0,0.4491298496723175,2.223219871520996,14271.890136351,3.201683282852173,1840000.0
67.05670166015625,0.6074241995811462,125.57555389404297,1.0003362894058228,-0.20872445404529572,93,-0.00348585844039917,1000,28.6299991607666,1.0003362894058228,0.038162920624017715,159.2666778564453,1.3714457750320435,0.007695553358644247,20.977981567382812,3.0362751483917236,1743320203.386828,0.009782465174794197,0.0006862804293632507,92,-0.04318404197692871,-0.020763956010341644,1.0003362894058228,3.0362751483917236,2.099999983329326e-05,3.0362751483917236,58.518795013427734,40,14270.6796875,0,0.4487524628639221,2.0248498916625977,14397.284204004,3.4916179180145264,1860000.0
66.6890869140625,0.6011576652526855,125.2610092163086,1.0006502866744995,0.4094352126121521,94,0.002049323171377182,1000,27.850000381469727,1.0006502866744995,0.0402122437953949,159.66661071777344,1.2940951585769653,0.0072641195729374886,20.683002471923828,3.0646843910217285,1743320328.780843,0.008813933469355106,0.004258506000041962,93,-0.07735061645507812,-0.016505450010299683,1.0006502866744995,3.0646843910217285,1.8000000636675395e-05,3.0646843910217285,58.571842193603516,40,14396.0029296875,0,0.4457283914089203,1.9260516166687012,14522.876013111,3.437028408050537,1880000.0
67.00688934326172,0.5964497923851013,125.47820281982422,0.9991543889045715,0.1083703562617302,95,0.0023466087877750397,1000,27.559999465942383,0.9991543889045715,0.04255885258316994,159.39022827148438,1.0346516370773315,0.006691352464258671,21.293867111206055,3.093062162399292,1743320454.3726153,0.00891011580824852,0.003526744432747364,94,-0.2594435214996338,-0.012978705577552319,0.9991543889045715,3.093062162399292,1.4999999621068127e-05,3.093062162399292,58.47124099731445,40,14521.6142578125,0,0.4434153437614441,2.4717464447021484,14648.321816089,2.636044502258301,1900000.0
66.92168426513672,0.5944749712944031,125.35105895996094,0.9997340440750122,-0.2156093716621399,96,-0.007389657199382782,1000,27.09000015258789,0.9997340440750122,0.035169195383787155,159.55189514160156,1.1420903205871582,0.006316765211522579,21.610776901245117,3.1213724613189697,1743320579.8185315,0.008145718835294247,0.0006661089137196541,95,0.10743868350982666,-0.012312596663832664,0.9997339844703674,3.1213724613189697,1.2000000424450263e-05,3.1213724613189697,58.42929458618164,40,14647.09375,0,0.442408949136734,2.0954344272613525,14773.792604975,3.2912120819091797,1920000.0
66.77064514160156,0.5953025221824646,125.36843872070312,0.9996547102928162,0.2090303897857666,97,0.0016685351729393005,1000,25.020000457763672,0.9996547102928162,0.036837730556726456,159.52978515625,1.169010877609253,0.005826443433761597,21.474925994873047,3.14943265914917,1743320705.2892962,0.008473489433526993,-0.0006781704723834991,96,0.026920557022094727,-0.012990767136216164,0.9996547102928162,3.14943265914917,9.000000318337698e-06,3.14943265914917,58.59772491455078,40,14772.54296875,0,0.44271811842918396,2.3005385398864746,14899.255431253,2.904841899871826,1940000.0
66.8360824584961,0.5966258645057678,125.40742492675781,1.0005719661712646,-0.08036142587661743,98,-0.0035650618374347687,1000,24.579999923706055,1.0005719661712646,0.03327266871929169,159.48019409179688,1.2413758039474487,0.0047814203426241875,21.804502487182617,3.1772308349609375,1743320830.7518404,0.0075079225935041904,0.0023777512833476067,97,0.0723649263381958,-0.010613015852868557,1.0005719661712646,3.1772308349609375,6.000000212225132e-06,3.1772308349609375,58.57128143310547,40,14898.0517578125,0,0.44339504837989807,2.189262866973877,15024.436439766,2.98294734954834,1960000.0
66.6878662109375,0.5949719548225403,125.09020233154297,1.0008783340454102,-0.1509743630886078,99,0.005022790282964706,1000,24.829999923706055,1.0008783340454102,0.03829545900225639,159.88461303710938,1.2056845426559448,0.004650764167308807,22.944255828857422,3.204822063446045,1743320955.9330242,0.0071977232582867146,0.0005189552903175354,98,-0.035691261291503906,-0.010094060562551022,1.0008783340454102,3.204822063446045,3.000000106112566e-06,3.204822063446045,58.40228271484375,40,15023.2060546875,0,0.4427087604999542,2.346567153930664,15150.014371467,3.0880393981933594,1980000.0
66.87307739257812,0.593521237373352,125.48372650146484,1.0001561641693115,-0.14215832948684692,100,7.308274507522583e-05,1000,24.540000915527344,1.0001561641693115,0.03836854174733162,159.3832244873047,0.9521369338035583,0.003245360916480422,22.107099533081055,3.2322041988372803,1743321081.5110927,0.006081331055611372,0.0052523622289299965,99,-0.2535476088523865,-0.004841698333621025,1.0001561641693115,3.2322041988372803,0.0,3.2322041988372803,58.610591888427734,40,15148.771484375,0,0.4420267343521118,2.2593281269073486,15150.561532275,3.119946241378784,2000000.0
