Metrics/LagrangeMultiplier,Metrics/EpLen,Metrics/LagrangeMultiplier/Max,Time/Update,Value/reward,Time/FPS,Value/Adv,Metrics/LagrangeMultiplier/Std,Safety/ShieldLagrangeMultiplier/Max,_step,Train/Entropy,Safety/shield_adv_c,Safety/ShieldLagrangeMultiplier/Std,Time/Total,Train/KL,Metrics/LagrangeMultiplier/Min,Train/PolicyStd,Train/Epoch,Train/StopIter,Loss/Loss_reward_critic,Time/Epoch,Loss/Loss_cost_critic/Delta,Time/Rollout,Train/PolicyRatio/Max,_timestamp,Metrics/EpRet,Loss/Loss_pi/Delta,Train/PolicyRatio/Std,Safety/ShieldLagrangeMultiplier,Loss/Loss_cost_critic,Loss/Loss_pi,Value/cost,Metrics/EpCost,Train/LR,_runtime,TotalEnvSteps,Safety/shield_violation,Train/PolicyRatio,Safety/ShieldLagrangeMultiplier/Min,Loss/Loss_reward_critic/Delta,Train/PolicyRatio/Min,Safety/EpCostShield
0.03599999472498894,500,0.03599999472498894,97.11981201171875,0.23452861607074738,87.28093719482422,-0.20740029215812683,0,0.04500000178813934,1,1.4258359670639038,NaN,0,229.1473846435547,0.00882259663194418,0.03599999472498894,1.006940484046936,0,40,0.025473840534687042,229.14511108398438,63.11784362792969,132.0251922607422,1.001574158668518,1746556026.700595,-1.1239666938781738,-0.13541598618030548,0.011232667602598667,0.04500000178813934,63.11784362792969,-0.13541598618030548,0.0844423919916153,180.625,0.0002969999914057553,426.206291814,20000.0,-0.037881772965192795,1.001574158668518,0.04500000178813934,0.025473840534687042,1.001574158668518,204.0500030517578
0.07050365209579468,500,0.07050365209579468,97.82376098632812,0.17948874831199646,102.051025390625,0.2374967485666275,0,0.07864564657211304,2,1.3992387056350708,NaN,0,425.1860046386719,0.01577356830239296,0.07050365209579468,0.98063063621521,1,40,0.026420215144753456,195.9803924560547,-27.532268524169922,98.15653991699219,1.0010780096054077,1746556222.751055,-0.07164998352527618,-0.03064185380935669,0.014402472414076328,0.07864564657211304,35.585575103759766,-0.16605783998966217,3.9742090702056885,140.5,0.00029399999766610563,623.816112235,40000.0,4.16747522354126,1.0010780096054077,0.07864564657211304,0.0009463746100664139,1.0010780096054077,126.1500015258789
0.10471480339765549,500,0.10471480339765549,97.69558715820312,0.26550471782684326,101.23733520507812,0.043887779116630554,0,0.11256879568099976,3,1.3711916208267212,NaN,0,622.81103515625,0.015155840665102005,0.10471480339765549,0.9539625644683838,2,40,0.036978211253881454,197.5555877685547,18.068065643310547,99.85992431640625,1.0011203289031982,1746556420.360963,2.180872917175293,0.05558381974697113,0.013718506321310997,0.11256879568099976,53.65364074707031,-0.11047402024269104,8.361560821533203,128.77999877929688,0.000291000003926456,822.280510617,60000.0,9.72929859161377,1.0011203289031982,0.11256879568099976,0.010557996109127998,1.0011203289031982,151.0
0.13899259269237518,500,0.13899259269237518,98.24263000488281,0.4555109739303589,100.80171203613281,-0.03681148588657379,0,0.14698435366153717,4,1.3482328653335571,NaN,0,821.276611328125,0.009353735484182835,0.13899259269237518,0.9329299330711365,3,40,0.04644128680229187,198.40933227539062,35.38953399658203,100.16663360595703,0.9994468688964844,1746556618.8241706,4.991922378540039,0.1312200129032135,0.011915191076695919,0.14698435366153717,89.04317474365234,0.02074599266052246,16.25357437133789,138.4600067138672,0.0002880000101868063,1023.06115998,80000.0,18.201234817504883,0.9994468688964844,0.14698435366153717,0.009463075548410416,0.9994468688964844,222.72500610351562
0.1736828237771988,500,0.1736828237771988,98.2027816772461,0.687781810760498,99.64106750488281,-0.02002204954624176,0,0.18175679445266724,5,1.3353004455566406,NaN,0,1022.0501708984375,0.007128039374947548,0.1736828237771988,0.9210491180419922,4,40,0.06017801910638809,200.720458984375,27.70294189453125,102.51760864257812,0.9963613748550415,1746556819.6060555,7.000694751739502,0.03000057116150856,0.011379880830645561,0.18175679445266724,116.7461166381836,0.05074656382203102,22.705245971679688,186.75,0.0002849999873433262,1223.280593502,100000.0,26.169416427612305,0.9963613748550415,0.18175679445266724,0.013736732304096222,0.9963613748550415,255.25
0.20859858393669128,500,0.20859858393669128,98.02495574951172,0.9039161205291748,99.91905975341797,-0.4257442355155945,0,0.21669653058052063,6,1.3352031707763672,NaN,0,1222.2725830078125,0.009114038199186325,0.20859858393669128,0.9211397767066956,5,40,0.07157852500677109,200.16201782226562,23.040016174316406,102.13700103759766,0.9998791813850403,1746557019.825495,8.858123779296875,0.12174355611205101,0.011395328678190708,0.21669653058052063,139.7861328125,0.17249011993408203,34.139976501464844,257.0199890136719,0.00028199999360367656,1424.23721128,120000.0,36.88886260986328,0.9998791813850403,0.21669653058052063,0.011400505900382996,0.9998791813850403,330.8999938964844
0.24379979074001312,500,0.24379979074001312,98.15396118164062,1.2366615533828735,99.5528793334961,0.014927517622709274,0,0.25197696685791016,7,1.3338559865951538,NaN,0,1423.2283935546875,0.008906957693397999,0.24379979074001312,0.9202947616577148,6,40,0.08770744502544403,200.89825439453125,13.970413208007812,102.74422454833984,0.9990881681442261,1746557220.7821214,11.138498306274414,-0.0384598970413208,0.011380735784769058,0.25197696685791016,153.7565460205078,0.13403022289276123,37.88709259033203,289.67999267578125,0.0002789999998640269,1624.030663303,140000.0,41.532875061035156,0.9990881085395813,0.25197696685791016,0.016128920018672943,0.9990881681442261,334.2749938964844
0.27934035658836365,500,0.27934035658836365,97.80755615234375,1.6153568029403687,100.1385498046875,-0.011794384568929672,0,0.2875484824180603,8,1.325979471206665,NaN,0,1623.010986328125,0.007185129914432764,0.27934035658836365,0.9130897521972656,7,40,0.11993890255689621,199.72329711914062,-25.299484252929688,101.9156723022461,0.9970605373382568,1746557420.575517,13.387362480163574,-0.09602992236614227,0.010745654813945293,0.2875484824180603,128.45706176757812,0.03800030052661896,40.599788665771484,310.489990234375,0.00027600000612437725,1824.94589396,160000.0,44.3863639831543,0.9970605373382568,0.2875484824180603,0.03223145753145218,0.9970605373382568,319.0
0.3151874244213104,500,0.3151874244213104,98.15057373046875,1.9460792541503906,99.57331848144531,-0.2930416464805603,0,0.32328686118125916,9,1.3121967315673828,NaN,0,1823.9368896484375,0.007708230521529913,0.3151874244213104,0.9002478718757629,8,40,0.14445827901363373,200.8570098876953,-5.208244323730469,102.70638275146484,0.9990054368972778,1746557621.4907098,15.691672325134277,-0.07257482782006264,0.010626895353198051,0.32328686118125916,123.24881744384766,-0.03457452729344368,39.556640625,291.6700134277344,0.0002730000123847276,2025.64632694,180000.0,44.961509704589844,0.9990053772926331,0.32328686118125916,0.02451937645673752,0.9990054368972778,301.75
0.35116708278656006,500,0.35116708278656006,98.06504821777344,2.3058087825775146,99.70075988769531,0.012910068035125732,0,0.35890868306159973,10,1.2977365255355835,NaN,0,2024.59619140625,0.00834799837321043,0.35116708278656006,0.8869041204452515,9,40,0.1627572476863861,200.60028076171875,-14.316055297851562,102.5351791381836,0.9996286630630493,1746557822.1911297,17.438207626342773,-0.13354263827204704,0.01107318140566349,0.35890868306159973,108.9327621459961,-0.16811716556549072,37.175479888916016,264.8900146484375,0.0002699999895412475,2225.502338048,200000.0,41.91956329345703,0.9996286630630493,0.35890868306159973,0.01829896867275238,0.9996286630630493,259.8500061035156
0.3871917128562927,500,0.3871917128562927,97.61067962646484,2.889417886734009,100.0998306274414,0.0028708763420581818,0,0.39454764127731323,11,1.2700183391571045,NaN,0,2224.49609375,0.011138436384499073,0.3871917128562927,0.8621677160263062,10,40,0.20916013419628143,199.800537109375,19.02625274658203,102.18977355957031,1.002261996269226,1746558022.0471897,19.80325698852539,-0.09418439865112305,0.011920605786144733,0.39454764127731323,127.95901489257812,-0.26230156421661377,42.34604263305664,255.44000244140625,0.00026699999580159783,2424.19653273,220000.0,47.819854736328125,1.002261996269226,0.39454764127731323,0.046402886509895325,1.002261996269226,276.25
0.42306017875671387,500,0.42306017875671387,97.44146728515625,3.308602809906006,100.68545532226562,0.06554654985666275,0,0.4299296736717224,12,1.2487807273864746,NaN,0,2423.18994140625,0.010606403462588787,0.42306017875671387,0.843728244304657,11,40,0.2802252769470215,198.638427734375,-5.6821441650390625,101.1968765258789,1.0008522272109985,1746558220.738968,21.310352325439453,-0.09237879514694214,0.011976415291428566,0.4299296736717224,122.27687072753906,-0.3546803593635559,38.81916809082031,230.07000732421875,0.0002640000020619482,2624.280729657,240000.0,43.90778732299805,1.000852108001709,0.4299296736717224,0.07106514275074005,1.0008522272109985,240.0749969482422
0.45859062671661377,500,0.45859062671661377,98.09769439697266,3.605492115020752,99.98680877685547,-0.0680747777223587,0,0.46462640166282654,13,1.2217161655426025,NaN,0,2623.275146484375,0.01094948872923851,0.45859062671661377,0.821031928062439,12,40,0.26830336451530457,200.02638244628906,-24.40143585205078,101.92862701416016,1.0011796951293945,1746558420.8255315,22.712541580200195,-0.16186940670013428,0.011640789918601513,0.46462640166282654,97.87543487548828,-0.5165497660636902,34.69133377075195,206.91000366210938,0.0002610000083222985,2823.338150644,260000.0,39.78636932373047,1.0011796951293945,0.46462640166282654,-0.011921912431716919,1.0011796951293945,189.8249969482422
0.4934885501861572,500,0.4934885501861572,98.07926177978516,4.2586188316345215,100.50424194335938,-0.073165163397789,0,0.4986671209335327,14,1.193717360496521,NaN,0,2822.3310546875,0.008924990892410278,0.4934885501861572,0.7983853816986084,13,40,0.30701151490211487,198.99658203125,7.251991271972656,100.9172592163086,1.000734806060791,1746558619.8830404,23.412586212158203,0.0242956280708313,0.011191900819540024,0.4986671209335327,105.12742614746094,-0.4922541379928589,31.688005447387695,173.8699951171875,0.0002579999854788184,3023.280788817,280000.0,37.24781799316406,1.000734806060791,0.4986671209335327,0.0387081503868103,1.000734806060791,182.02499389648438
0.5278932452201843,500,0.5278932452201843,100.04450988769531,4.47438907623291,100.06302642822266,0.1566859781742096,0,0.5321317911148071,15,1.1707626581192017,NaN,0,3022.261962890625,0.009403876028954983,0.5278932452201843,0.7802404761314392,14,40,0.3225104510784149,199.8740234375,-10.115501403808594,99.8294448852539,1.0012669563293457,1746558819.8256333,26.552223205566406,-0.03378498554229736,0.010865659452974796,0.5321317911148071,95.01192474365234,-0.5260391235351562,33.254295349121094,177.1699981689453,0.00025499999173916876,3220.370059711,300000.0,38.155845642089844,1.0012669563293457,0.5321317911148071,0.015498936176300049,1.0012669563293457,179.77499389648438
0.5615082383155823,500,0.5615082383155823,97.89085388183594,4.487882137298584,101.5082015991211,-0.10948452353477478,0,0.5646406412124634,16,1.1403518915176392,NaN,0,3219.35791015625,0.010469142347574234,0.5615082383155823,0.756911039352417,15,40,0.37177446484565735,197.02841186523438,-10.690628051757812,99.13749694824219,1.0030899047851562,1746559016.9149277,26.834911346435547,-0.07830524444580078,0.011377100832760334,0.5646406412124634,84.32129669189453,-0.604344367980957,28.20743751525879,146.97000122070312,0.0002519999979995191,3417.3022612,320000.0,32.768287658691406,1.0030899047851562,0.5646406412124634,0.04926401376724243,1.0030899047851562,140.9250030517578
0.5943683385848999,500,0.5943683385848999,98.01126098632812,4.809081554412842,101.58808135986328,0.19282034039497375,0,0.5963982343673706,17,1.1223827600479126,NaN,0,3416.293212890625,0.00810612365603447,0.5943683385848999,0.7436310648918152,16,40,0.4231860637664795,196.8734893798828,-7.314964294433594,98.86217498779297,1.0024149417877197,1746559213.8470857,26.976755142211914,-0.02222585678100586,0.010351407341659069,0.5963982343673706,77.00633239746094,-0.6265702247619629,29.450349807739258,141.1199951171875,0.00024900000425986946,3614.250044565,340000.0,33.36743927001953,1.0024149417877197,0.5963982343673706,0.051411598920822144,1.0024149417877197,146.5
0.6263628005981445,500,0.6263628005981445,97.7558822631836,5.220856666564941,101.57910919189453,0.16823726892471313,0,0.6274057030677795,18,1.094528317451477,NaN,0,3613.243408203125,0.0106787895783782,0.6263628005981445,0.7234603762626648,17,40,0.46817097067832947,196.890869140625,5.325469970703125,99.13492584228516,1.0031256675720215,1746559410.7948852,27.32666778564453,0.13889864087104797,0.010753274895250797,0.6274057030677795,82.33180236816406,-0.4876715838909149,26.290462493896484,125.76000213623047,0.0002460000105202198,3805.380123178,360000.0,29.849952697753906,1.0031256675720215,0.6274057030677795,0.044984906911849976,1.0031256675720215,138.5500030517578
0.6571927070617676,500,0.6571927070617676,97.94107055664062,4.511777400970459,104.67831420898438,-0.1282927691936493,0,0.6566651463508606,19,1.0771528482437134,NaN,0,3804.362060546875,0.007286239415407181,0.6571927070617676,0.7110335826873779,18,40,0.32831689715385437,191.06153869628906,-40.498680114746094,93.12041473388672,1.0027788877487183,1746559601.924985,25.93215560913086,-0.1795235574245453,0.009917449206113815,0.6566651463508606,41.83312225341797,-0.6671951413154602,16.466567993164062,98.58000183105469,0.00024300000222865492,3998.578767583,380000.0,20.085330963134766,1.0027788877487183,0.6566651463508606,-0.1398540735244751,1.0027788877487183,63.70000076293945
0.6865297555923462,500,0.6865297555923462,97.64619445800781,4.684218406677246,103.54963684082031,-0.03315487504005432,0,0.6845388412475586,20,1.0460954904556274,NaN,0,3997.57470703125,0.009624656289815903,0.6865297555923462,0.6894807815551758,19,40,0.4446840286254883,193.1440887451172,9.290306091308594,95.49784088134766,1.0053989887237549,1746559795.123657,24.21307373046875,0.1307145357131958,0.01090391818434,0.6845388412475586,51.12342834472656,-0.5364806056022644,16.56524658203125,70.3499984741211,0.00023999999393709004,4192.549053168,400000.0,19.40641212463379,1.0053989887237549,0.6845388412475586,0.11636713147163391,1.0053989887237549,74.5250015258789
0.714436948299408,500,0.714436948299408,97.64971160888672,4.562250137329102,103.13912963867188,0.1168704479932785,0,0.7114966511726379,21,1.0298608541488647,NaN,0,4191.54150390625,0.008543100208044052,0.714436948299408,0.67864590883255,20,40,0.45028555393218994,193.91282653808594,-0.7790946960449219,96.2630615234375,1.0028797388076782,1746559989.0938144,23.403076171875,0.11932078003883362,0.010524551384150982,0.7114966511726379,50.34433364868164,-0.4171598255634308,17.241546630859375,64.58999633789062,0.00023700000019744039,4385.962830128,420000.0,20.556493759155273,1.0028797388076782,0.7114966511726379,0.00560152530670166,1.0028797388076782,94.57499694824219
0.7415096163749695,500,0.7415096163749695,98.17130279541016,5.091763496398926,103.4414291381836,-0.3124372661113739,0,0.7381821274757385,22,1.014887809753418,NaN,0,4384.94482421875,0.00900204572826624,0.7415096163749695,0.6688695549964905,21,40,0.5537121295928955,193.34613037109375,18.725322723388672,95.17477416992188,1.0015345811843872,1746560182.5077574,25.7374210357666,0.0563473105430603,0.011124414391815662,0.7381821274757385,69.06965637207031,-0.3608125150203705,22.112110137939453,89.83999633789062,0.00023400000645779073,4578.93417785,440000.0,25.26685333251953,1.0015344619750977,0.7381821274757385,0.10342657566070557,1.0015345811843872,129.75
0.768001914024353,500,0.768001914024353,97.98568725585938,4.789252281188965,103.6853256225586,0.23730452358722687,0,0.7640510201454163,23,1.0039520263671875,NaN,0,4577.90234375,0.010553096421062946,0.768001914024353,0.6616990566253662,22,40,0.6116305589675903,192.89132690429688,-13.395919799804688,94.90557861328125,1.003005862236023,1746560375.4790497,27.224685668945312,-0.0818215012550354,0.01047537662088871,0.7640510201454163,55.673736572265625,-0.4426340162754059,17.293128967285156,98.87999725341797,0.00023099999816622585,4774.834223682,460000.0,20.222219467163086,1.003005862236023,0.7640510201454163,0.057918429374694824,1.003005862236023,91.44999694824219
0.7937034368515015,500,0.7937034368515015,99.53207397460938,5.082339763641357,102.14212036132812,-0.05169399082660675,0,0.7892716526985168,24,0.9828700423240662,NaN,0,4773.78857421875,0.008190327323973179,0.7937034368515015,0.6483088731765747,23,40,0.6163748502731323,195.8056182861328,9.097091674804688,96.2734375,1.0037791728973389,1746560571.3790758,26.548080444335938,-0.0022011399269104004,0.010763857513666153,0.7892716526985168,64.77082824707031,-0.4448351562023163,18.347360610961914,82.55999755859375,0.0002280000044265762,4967.122479441,480000.0,21.17771339416504,1.0037791728973389,0.7892716526985168,0.004744291305541992,1.0037791728973389,95.9749984741211
0.818657636642456,500,0.818657636642456,98.03845977783203,4.462561130523682,104.04070281982422,0.17800697684288025,0,0.8136022090911865,25,0.9645636677742004,NaN,0,4966.1162109375,0.007727194111794233,0.818657636642456,0.6365606188774109,24,40,0.4089489281177521,192.23245239257812,-34.864877700805664,94.19393920898438,1.003379464149475,1746560763.6673174,26.110204696655273,0.17637065052986145,0.010046056471765041,0.8136022090911865,29.90595054626465,-0.26846450567245483,11.629817008972168,79.87999725341797,0.00022499999613501132,5158.118006434,500000.0,14.516422271728516,1.0033793449401855,0.8136022090911865,-0.20742592215538025,1.003379464149475,76.55000305175781
0.8427279591560364,500,0.8427279591560364,97.66490173339844,4.388619899749756,104.74786376953125,-0.2091258466243744,0,0.8368505835533142,26,0.9571283459663391,NaN,0,5157.107421875,0.007694317493587732,0.8427279591560364,0.631992757320404,25,40,0.4081815779209137,190.9346923828125,1.4825668334960938,93.26972198486328,1.0032951831817627,1746560954.6629076,23.532516479492188,-0.088433176279068,0.01021419744938612,0.8368505835533142,31.388517379760742,-0.3568976819515228,11.49904727935791,67.83000183105469,0.00022200000239536166,5349.392623413,520000.0,13.039531707763672,1.0032950639724731,0.8368505835533142,-0.0007673501968383789,1.0032951831817627,59.70000076293945
0.8657401204109192,500,0.8657401204109192,97.35468292236328,4.6339850425720215,104.60221099853516,0.22825941443443298,0,0.8591510057449341,27,0.9411042332649231,NaN,0,5348.36767578125,0.010797319002449512,0.8657401204109192,0.622631847858429,26,40,0.4183150827884674,191.20054626464844,0.8967800140380859,93.84576416015625,1.0022724866867065,1746561145.9374037,23.4845027923584,-0.026123344898223877,0.010616106912493706,0.8591510057449341,32.28529739379883,-0.3830210268497467,11.415696144104004,53.720001220703125,0.00021899999410379678,5540.715478085,540000.0,13.998979568481445,1.0022724866867065,0.8591510057449341,0.010133504867553711,1.0022724866867065,60.974998474121094
0.887721061706543,500,0.887721061706543,97.83991241455078,5.031785011291504,104.56461334228516,0.133468359708786,0,0.8807250261306763,28,0.9178643822669983,NaN,0,5539.71142578125,0.011005380190908909,0.887721061706543,0.6085363030433655,27,40,0.5484541654586792,191.269287109375,8.344837188720703,93.42930603027344,1.0041422843933105,1746561337.2603683,25.208534240722656,-0.009920597076416016,0.011381799355149269,0.8807250261306763,40.63013458251953,-0.3929416239261627,12.08096981048584,49.58000183105469,0.00021600000036414713,5726.846779291,560000.0,15.159968376159668,1.0041422843933105,0.8807250261306763,0.1301390826702118,1.0041422843933105,67.8499984741211
0.9085919260978699,500,0.9085919260978699,98.50354766845703,3.5866832733154297,107.48963165283203,-0.14804279804229736,0,0.9006631374359131,29,0.9029642343521118,NaN,0,5725.82861328125,0.009662714786827564,0.9085919260978699,0.5997811555862427,28,40,0.2782798409461975,186.06446838378906,-26.060182571411133,87.56085968017578,1.0040175914764404,1746561523.391596,22.046281814575195,-0.015192925930023193,0.010586635209619999,0.9006631374359131,14.569952011108398,-0.4081345498561859,5.245179176330566,40.4900016784668,0.00021300000662449747,5916.484624013,580000.0,6.437567710876465,1.0040175914764404,0.9006631374359131,-0.2701743245124817,1.0040175914764404,14.600000381469727
0.9283113479614258,500,0.9283113479614258,97.81231689453125,4.05886697769165,105.4955825805664,0.058966491371393204,0,0.9196484684944153,30,0.8951250910758972,NaN,0,5915.47802734375,0.007988047786056995,0.9283113479614258,0.5950606465339661,29,40,0.38226041197776794,189.58140563964844,3.387348175048828,91.7690200805664,1.0026885271072388,1746561713.0295277,20.42407989501953,0.19507819414138794,0.009992904961109161,0.9196484684944153,17.957300186157227,-0.21305635571479797,6.5980377197265625,33.220001220703125,0.0002099999983329326,6106.799679339,600000.0,8.058666229248047,1.0026885271072388,0.9196484684944153,0.10398057103157043,1.0026885271072388,42.54999923706055
0.9470341801643372,500,0.9470341801643372,97.80770874023438,4.34850549697876,105.12689971923828,0.08201935887336731,0,0.93819659948349,31,0.8892343044281006,NaN,0,6105.78125,0.007565479259938002,0.9470341801643372,0.5923840403556824,30,40,0.4176540970802307,190.2462615966797,13.009241104125977,92.4384994506836,1.001304268836975,1746561903.3444922,21.14287757873535,0.07514980435371399,0.010748988017439842,0.93819659948349,30.966541290283203,-0.13790655136108398,8.550463676452637,35.31999969482422,0.00020700000459328294,6295.906990655,620000.0,10.661593437194824,1.001304268836975,0.93819659948349,0.03539368510246277,1.001304268836975,64.8499984741211
0.9650530815124512,500,0.9650530815124512,97.77528381347656,4.337876319885254,105.80258178710938,-0.12499907612800598,0,0.9558143615722656,32,0.8886311054229736,NaN,0,6294.8798828125,0.0076783946715295315,0.9650530815124512,0.592471718788147,31,40,0.369296133518219,189.03131103515625,-15.903547286987305,91.25594329833984,1.0019105672836304,1746562092.451779,22.396142959594727,-0.13397186994552612,0.010133792646229267,0.9558143615722656,15.062994003295898,-0.2718784213066101,6.249653339385986,44.540000915527344,0.00020399999630171806,6488.133837066,640000.0,7.853374004364014,1.0019105672836304,0.9558143615722656,-0.04835796356201172,1.0019105672836304,36.42499923706055
0.9826309084892273,500,0.9826309084892273,98.10107421875,4.519530296325684,104.07818603515625,0.023333296179771423,0,0.9733087420463562,33,0.8906435966491699,NaN,0,6487.1201171875,0.008636788465082645,0.9826309084892273,0.5935782194137573,32,40,0.42678409814834595,192.16322326660156,14.133672714233398,94.06208801269531,1.000777244567871,1746562284.678733,23.015399932861328,0.17228460311889648,0.01109231822192669,0.9733087420463562,29.196666717529297,-0.09959381818771362,9.588456153869629,53.470001220703125,0.0002010000025620684,6677.836703781,660000.0,11.754210472106934,1.000777244567871,0.9733087420463562,0.05748796463012695,1.000777244567871,73.42500305175781
0.9994051456451416,500,0.9994051456451416,98.40128326416016,4.459872722625732,105.45976257324219,-0.21076950430870056,0,0.9900016188621521,34,0.9007847309112549,NaN,0,6676.8291015625,0.010179704055190086,0.9994051456451416,0.5996296405792236,33,40,0.3733449876308441,189.6457977294922,-10.90774154663086,91.24444580078125,1.002575159072876,1746562474.3815672,21.650375366210938,-0.21789181232452393,0.010936089791357517,0.9900016188621521,18.288925170898438,-0.31748563051223755,6.854905605316162,34.369998931884766,0.00019799999427050352,6865.972552106,680000.0,8.984642028808594,1.002575159072876,0.9900016188621521,-0.05343911051750183,1.002575159072876,37.525001525878906
1.0153436660766602,500,1.0153436660766602,98.14752197265625,4.158973217010498,106.33911895751953,-0.2134825587272644,0,1.0057804584503174,35,0.8940747976303101,NaN,0,6864.96484375,0.009709124453365803,1.0153436660766602,0.5954865217208862,34,40,0.3604280352592468,188.07754516601562,-0.8340091705322266,89.929931640625,1.0031325817108154,1746562662.5169075,20.698345184326172,0.061744868755340576,0.0106859365478158,1.0057804584503174,17.45491600036621,-0.255740761756897,5.276978492736816,29.350000381469727,0.00019500000053085387,7055.391604911,700000.0,6.427995204925537,1.0031325817108154,1.0057804584503174,-0.01291695237159729,1.0031325817108154,28.049999237060547
1.0303282737731934,500,1.0303282737731934,98.71417236328125,4.16210412979126,105.67606353759766,-0.10526666045188904,0,1.020783543586731,36,0.8865348696708679,NaN,0,7054.28076171875,0.007736457511782646,1.0303282737731934,0.5906893610954285,35,40,0.3393615782260895,189.25762939453125,-2.151543617248535,90.54338836669922,1.0038683414459229,1746562851.9364836,20.414146423339844,-0.012044072151184082,0.010314097627997398,1.020783543586731,15.303372383117676,-0.26778483390808105,5.415393829345703,20.549999237060547,0.00019200000679120421,7244.411279719,720000.0,6.946599960327148,1.0038683414459229,1.020783543586731,-0.02106645703315735,1.0038683414459229,30.549999237060547
1.0444916486740112,500,1.0444916486740112,98.17123413085938,4.253522872924805,105.84253692626953,-0.09804657846689224,0,1.035123348236084,37,0.8895585536956787,NaN,0,7243.40185546875,0.008627884089946747,1.0444916486740112,0.5924951434135437,36,40,0.4070585370063782,188.95994567871094,5.003666877746582,90.78861999511719,1.001543641090393,1746563040.956163,19.918859481811523,-0.042285770177841187,0.010469038970768452,1.035123348236084,20.307039260864258,-0.31007060408592224,6.077877521514893,22.440000534057617,0.00018899999849963933,7438.244513018,740000.0,7.9059319496154785,1.001543641090393,1.035123348236084,0.0676969587802887,1.001543641090393,32.349998474121094
1.0584535598754883,500,1.0584535598754883,98.5015640258789,4.615414619445801,103.21172332763672,-0.0632890909910202,0,1.0500891208648682,38,0.892733633518219,NaN,0,7437.23779296875,0.0076313200406730175,1.0584535598754883,0.5944896936416626,37,40,0.427334725856781,193.77642822265625,8.381326675415039,95.2748031616211,0.9994806051254272,1746563234.7892256,21.83233642578125,0.37575630098581314,0.010580421425402164,1.0500891208648682,28.688365936279297,0.0656856968998909,9.513251304626465,45.97999954223633,0.00018600000475998968,7628.47255923,760000.0,12.476309776306152,0.9994806051254272,1.0500891208648682,0.020276188850402832,0.9994806051254272,91.94999694824219
1.072204828262329,500,1.072204828262329,98.7184066772461,4.205446243286133,105.16997528076172,0.2501044273376465,0,1.0645185708999634,39,0.8943760395050049,NaN,0,7627.46484375,0.008527564816176891,1.072204828262329,0.5958488583564758,38,40,0.48057490587234497,190.16835021972656,-12.857375144958496,91.44987487792969,1.0027639865875244,1746563425.0149534,22.327041625976562,-0.2506297007203102,0.010412421077489853,1.0645185708999634,15.8309907913208,-0.1849440038204193,5.500126838684082,44.38999938964844,0.0001829999964684248,7817.877382755,780000.0,6.942173480987549,1.0027638673782349,1.0645185708999634,0.053240180015563965,1.0027639865875244,37.775001525878906
1.085538625717163,500,1.085538625717163,98.84294891357422,4.176044464111328,105.62907409667969,-0.018725857138633728,0,1.0784211158752441,40,0.8962033987045288,NaN,0,7816.86328125,0.007243587169796228,1.085538625717163,0.5965466499328613,39,40,0.39588773250579834,189.34181213378906,-2.2094039916992188,90.49878692626953,1.0017834901809692,1746563614.4221492,21.30438232421875,0.024188965559005737,0.01001602504402399,1.0784211158752441,13.621586799621582,-0.16075503826141357,4.214188098907471,34.36000061035156,0.00018000000272877514,8007.936057627,800000.0,6.184810161590576,1.0017834901809692,1.0784211158752441,-0.08468717336654663,1.0017834901809692,35.625
1.098276138305664,500,1.098276138305664,98.02851867675781,3.9534108638763428,105.26175689697266,-0.11036990582942963,0,1.0919487476348877,41,0.8880509734153748,NaN,0,8006.92919921875,0.00921962596476078,1.098276138305664,0.5919723510742188,40,40,0.372097909450531,190.00253295898438,0.1495828628540039,91.97394561767578,1.002221703529358,1746563804.480892,20.839067459106445,-0.008349239826202393,0.010816684924066067,1.0919487476348877,13.771169662475586,-0.16910427808761597,4.541848659515381,24.989999771118164,0.00017699999443721026,8198.144409787,820000.0,6.7852959632873535,1.002221703529358,1.0919487476348877,-0.023789823055267334,1.002221703529358,40.17499923706055
1.1106255054473877,500,1.1106255054473877,98.38204956054688,4.4138078689575195,105.30736541748047,0.02344721555709839,0,1.105023980140686,42,0.8753622174263,NaN,0,8196.90625,0.008038124069571495,1.1106255054473877,0.5845967531204224,41,40,0.3131595849990845,189.92022705078125,-1.5384416580200195,91.53812408447266,1.002655029296875,1746563994.6888895,21.58849334716797,-0.0535559207201004,0.010702095925807953,1.105023980140686,12.232728004455566,-0.22266019880771637,4.769710063934326,31.18000030517578,0.0001740000006975606,8389.021107444,840000.0,6.869043827056885,1.002655029296875,1.105023980140686,-0.05893832445144653,1.002655029296875,34.724998474121094
1.122627854347229,500,1.122627854347229,99.3564682006836,4.480710506439209,104.81275939941406,-0.16696375608444214,0,1.1178839206695557,43,0.8649479150772095,NaN,0,8388.015625,0.007964869029819965,1.122627854347229,0.5788396000862122,42,40,0.35989221930503845,190.81646728515625,3.231846809387207,91.4599380493164,1.0036336183547974,1746564185.5659988,21.66482162475586,-0.0871884673833847,0.010333533398807049,1.1178839206695557,15.464574813842773,-0.3098486661911011,6.369209289550781,31.170000076293945,0.00017100000695791095,8577.289362374,860000.0,9.72488784790039,1.0036336183547974,1.1178839206695557,0.04673263430595398,1.0036336183547974,43.349998474121094
1.1342377662658691,500,1.1342377662658691,98.34640502929688,4.432139873504639,106.26248931884766,-0.04830236732959747,0,1.130371332168579,44,0.8505730032920837,NaN,0,8576.283203125,0.010345322079956532,1.1342377662658691,0.5710370540618896,43,40,0.361088365316391,188.2131805419922,-1.5197868347167969,89.86668395996094,1.0037394762039185,1746564373.834287,21.9924259185791,0.16630980372428894,0.01075552124530077,1.130371332168579,13.944787979125977,-0.14353886246681213,3.8926172256469727,27.799999237060547,0.00016799999866634607,8768.715092683,880000.0,6.4874267578125,1.0037394762039185,1.130371332168579,0.001196146011352539,1.0037394762039185,35.04999923706055
1.145569920539856,500,1.145569920539856,98.36454772949219,4.631893634796143,104.51484680175781,0.30352783203125,0,1.1429895162582397,45,0.8451004028320312,NaN,0,8767.6982421875,0.008184010162949562,1.145569920539856,0.5675861239433289,44,40,0.3929462134838104,191.36038208007812,5.069723129272461,92.99571228027344,1.001563310623169,1746564565.2598617,22.451810836791992,-0.035523101687431335,0.010629993863403797,1.1429895162582397,19.014511108398438,-0.17906196415424347,6.3467278480529785,30.75,0.00016500000492669642,8958.253378417,900000.0,9.841689109802246,1.001563310623169,1.1429895162582397,0.031857848167419434,1.001563310623169,55.724998474121094
1.156834363937378,500,1.156834363937378,98.26573944091797,4.488812446594238,105.55194091796875,-0.05595988780260086,0,1.1556642055511475,46,0.8447349667549133,NaN,0,8957.2451171875,0.008144861087203026,1.156834363937378,0.5674147009849548,45,40,0.3787262439727783,189.48016357421875,3.6220130920410156,91.21436309814453,1.0026531219482422,1746564754.7982109,23.283533096313477,-0.01366722583770752,0.010803653858602047,1.1556642055511475,22.636524200439453,-0.192729189991951,6.454617977142334,37.86000061035156,0.00016199999663513154,9145.938008916,920000.0,9.627345085144043,1.0026531219482422,1.1556642055511475,-0.014219969511032104,1.0026531219482422,52.525001525878906
1.1677507162094116,500,1.1677507162094116,98.61933898925781,4.086781978607178,106.59352111816406,-0.3198433816432953,0,1.1677167415618896,47,0.842563807964325,NaN,0,9144.931640625,0.00820725504308939,1.1677507162094116,0.5663625597953796,46,40,0.2999279499053955,187.628662109375,-9.700725555419922,89.00926208496094,1.0020626783370972,1746564942.4829228,21.5213623046875,0.023385703563690186,0.010488712228834629,1.1677167415618896,12.935798645019531,-0.1693434864282608,3.3169913291931152,26.280000686645508,0.00015900000289548188,9333.971471346,940000.0,4.60743522644043,1.0020626783370972,1.1677167415618896,-0.07879829406738281,1.0020626783370972,22.725000381469727
1.1783806085586548,500,1.1783806085586548,98.36005401611328,4.448299407958984,106.41067504882812,0.022103190422058105,0,1.1793879270553589,48,0.8381804823875427,NaN,0,9332.9375,0.007521484047174454,1.1783806085586548,0.5642567276954651,47,40,0.3414621651172638,187.95106506347656,-3.2308807373046875,89.5909194946289,1.0037561655044556,1746565130.516283,22.433168411254883,0.01939152181148529,0.010187824256718159,1.1793879270553589,9.704917907714844,-0.1499519646167755,3.8077125549316406,27.239999771118164,0.000155999994603917,9521.690168014,960000.0,5.198206424713135,1.0037561655044556,1.1793879270553589,0.041534215211868286,1.0037561655044556,30.475000381469727
1.1886454820632935,500,1.1886454820632935,97.80834197998047,4.452367782592773,106.58448791503906,0.28037944436073303,0,1.1909451484680176,49,0.8309196829795837,NaN,0,9520.6650390625,0.013243637047708035,1.1886454820632935,0.560530424118042,48,40,0.3464079201221466,187.6445770263672,8.312475204467773,89.83617401123047,1.0029970407485962,1746565318.2349987,22.356325149536133,-0.08862267434597015,0.010917074047029018,1.1909451484680176,18.017393112182617,-0.23857463896274567,5.709967136383057,23.010000228881836,0.00015300000086426735,9710.249411358,980000.0,8.224859237670898,1.0029970407485962,1.1909451484680176,0.0049457550048828125,1.0029970407485962,40.17499923706055
1.1986531019210815,500,1.1986531019210815,98.16423034667969,4.089193820953369,106.11910247802734,-0.13429662585258484,0,1.202135682106018,50,0.8228458166122437,NaN,0,9709.20703125,0.012142647989094257,1.1986531019210815,0.5560305714607239,49,40,0.3255326449871063,188.4674835205078,5.149682998657227,90.30318450927734,1.0035347938537598,1746565506.7942085,21.688636779785156,0.10662072896957397,0.012095916084945202,1.202135682106018,23.167076110839844,-0.1319539099931717,4.0432658195495605,25.670000076293945,0.0001500000071246177,9899.209822842,1000000.0,5.645061492919922,1.0035347938537598,1.202135682106018,-0.020875275135040283,1.0035347938537598,28.75
1.2083624601364136,500,1.2083624601364136,98.20355987548828,4.4395880699157715,105.9681625366211,-0.03167261183261871,0,1.2130045890808105,51,0.8095210194587708,NaN,0,9898.0341796875,0.009046383202075958,1.2083624601364136,0.5492395758628845,50,40,0.2739608883857727,188.73593139648438,-11.449589729309082,90.53231811523438,1.0034458637237549,1746565695.7547038,21.295425415039062,-0.06893296539783478,0.010679814033210278,1.2130045890808105,11.717486381530762,-0.20088687539100647,3.4543616771698,23.049999237060547,0.00014699999883305281,10087.160501103,1020000.0,6.00018835067749,1.0034457445144653,1.2130045890808105,-0.05157175660133362,1.0034458637237549,29.024999618530273
1.217732310295105,500,1.217732310295105,98.62313079833984,4.15291166305542,106.44298553466797,0.1870640516281128,0,1.2236275672912598,52,0.8154618740081787,NaN,0,10086.15234375,0.007954183034598827,1.217732310295105,0.5526570677757263,51,40,0.2651430070400238,187.89401245117188,-0.2202920913696289,89.27082824707031,1.0003540515899658,1746565883.7029722,21.086023330688477,0.10927017033100128,0.010482017882168293,1.2236275672912598,11.497194290161133,-0.09161670506000519,3.1569154262542725,20.329999923706055,0.00014400000509340316,10275.412508407,1040000.0,4.723545074462891,1.0003540515899658,1.2236275672912598,-0.008817881345748901,1.0003540515899658,30.725000381469727
1.2268258333206177,500,1.2268258333206177,98.56124877929688,3.912050724029541,106.27105712890625,-0.13486912846565247,0,1.2338885068893433,53,0.811693549156189,NaN,0,10274.40625,0.006970351096242666,1.2268258333206177,0.5504817366600037,52,40,0.25450706481933594,188.197998046875,-3.253011703491211,89.63668060302734,1.0025092363357544,1746566071.955919,21.064130783081055,-0.059482455253601074,0.00972513947635889,1.2338885068893433,8.244182586669922,-0.15109916031360626,2.9247548580169678,21.3700008392334,0.00014099999680183828,10463.672230062,1060000.0,4.328096866607666,1.0025092363357544,1.2338885068893433,-0.010635942220687866,1.0025092363357544,24.825000762939453
1.2355647087097168,500,1.2355647087097168,98.51773834228516,4.04495096206665,106.27381896972656,-0.15319597721099854,0,1.2438582181930542,54,0.7932273745536804,NaN,0,10462.6533203125,0.009025494568049908,1.2355647087097168,0.5405460596084595,53,40,0.2859588861465454,188.19309997558594,2.32220458984375,89.67530059814453,1.0021448135375977,1746566260.2170331,20.130727767944336,0.012641489505767822,0.011457919143140316,1.2438582181930542,10.566387176513672,-0.13845767080783844,2.828047037124634,17.43000030517578,0.00013800000306218863,10653.56176713,1080000.0,4.465036869049072,1.0021448135375977,1.2438582181930542,0.03145182132720947,1.0021448135375977,26.174999237060547
1.244297742843628,500,1.244297742843628,98.05619812011719,4.276385307312012,105.36341094970703,-0.12839458882808685,0,1.2541043758392334,55,0.7843515276908875,NaN,0,10652.5419921875,0.007955238223075867,1.244297742843628,0.5356764197349548,54,40,0.29708343744277954,189.8192138671875,2.925048828125,91.76293182373047,1.001624584197998,1746566450.1066313,22.585533142089844,0.0702269971370697,0.010653303004801273,1.2541043758392334,13.491436004638672,-0.06823067367076874,4.384682655334473,28.780000686645508,0.00013499999477062374,10842.518741308,1100000.0,7.122735977172852,1.001624584197998,1.2541043758392334,0.01112455129623413,1.001624584197998,47.82500076293945
1.2531026601791382,500,1.2531026601791382,98.7414779663086,4.070070743560791,105.9002685546875,0.051330626010894775,0,1.264280080795288,56,0.7805796265602112,NaN,0,10841.4677734375,0.008695743046700954,1.2531026601791382,0.5342069268226624,55,40,0.25578320026397705,188.85693359375,-4.176601409912109,90.11540222167969,1.002555251121521,1746566639.0635614,22.360593795776367,-0.03803405910730362,0.010672816075384617,1.264280080795288,9.314834594726562,-0.10626473277807236,3.1670165061950684,31.360000610351562,0.0001320000010309741,11029.927805194,1120000.0,5.218234539031982,1.002555251121521,1.264280080795288,-0.04130023717880249,1.002555251121521,34.599998474121094
1.2618076801300049,500,1.2618076801300049,98.7443618774414,3.8009145259857178,106.7665023803711,0.14584225416183472,0,1.273948073387146,57,0.7706635594367981,NaN,0,11028.892578125,0.008430222980678082,1.2618076801300049,0.5287268757820129,56,40,0.21312212944030762,187.32467651367188,-2.101803779602051,88.58025360107422,1.0027731657028198,1746566826.4725983,21.048025131225586,-0.07145724445581436,0.010813247412443161,1.273948073387146,7.213030815124512,-0.17772197723388672,2.3291759490966797,25.229999542236328,0.0001289999927394092,11216.55050497,1140000.0,3.560241460800171,1.0027731657028198,1.273948073387146,-0.042661070823669434,1.0027731657028198,16.825000762939453
1.2702852487564087,500,1.2702852487564087,98.41365814208984,3.889209270477295,107.20626831054688,0.045592665672302246,0,1.283145546913147,58,0.7739525437355042,NaN,0,11215.5341796875,0.007475700229406357,1.2702852487564087,0.5300793051719666,57,40,0.20319318771362305,186.55625915527344,-1.3030948638916016,88.14253997802734,1.0032325983047485,1746567013.0953808,19.576435089111328,0.033115923404693604,0.0103604169562459,1.283145546913147,5.90993595123291,-0.14460605382919312,2.3608274459838867,20.219999313354492,0.00012599999899975955,11403.42463168,1160000.0,2.8640778064727783,1.003232479095459,1.283145546913147,-0.00992894172668457,1.0032325983047485,16.350000381469727
1.2783572673797607,500,1.2783572673797607,98.57650756835938,3.936206340789795,107.06379699707031,0.13455893099308014,0,1.2919753789901733,59,0.7720975279808044,NaN,0,11402.4052734375,0.00969505775719881,1.2783572673797607,0.5288221836090088,58,40,0.22050650417804718,186.80450439453125,1.2720556259155273,88.22793579101562,1.0019279718399048,1746567199.9695053,18.944847106933594,0.0178212970495224,0.010498983785510063,1.2919753789901733,7.1819915771484375,-0.12678475677967072,2.3081953525543213,13.119999885559082,0.0001230000052601099,11591.285109213,1180000.0,3.350374221801758,1.0019279718399048,1.2919753789901733,0.017313316464424133,1.0019279718399048,18.549999237060547
1.2861584424972534,500,1.2861584424972534,98.28650665283203,3.903347969055176,106.50157928466797,0.4694752097129822,0,1.3008384704589844,60,0.7541899085044861,NaN,0,11590.265625,0.01103014312684536,1.2861584424972534,0.5193761587142944,59,40,0.24293893575668335,187.7906494140625,2.469944953918457,89.50406646728516,1.0019396543502808,1746567387.829929,19.936384201049805,0.06527295336127281,0.011022263206541538,1.3008384704589844,9.651936531066895,-0.0615118034183979,2.517759084701538,16.40999984741211,0.00011999999696854502,11779.952633155,1200000.0,4.470618724822998,1.0019396543502808,1.3008384704589844,0.02243243157863617,1.0019396543502808,32.54999923706055
1.2938910722732544,500,1.2938910722732544,98.01659393310547,4.294139862060547,106.04936981201172,0.13070449233055115,0,1.3099663257598877,61,0.7505403757095337,NaN,0,11778.92578125,0.0072278534062206745,1.2938910722732544,0.5171617269515991,60,40,0.27915599942207336,188.59141540527344,7.723963737487793,90.5747299194336,1.0022244453430176,1746567576.4973712,20.889001846313477,0.002852432429790497,0.010202276520431042,1.3099663257598877,17.375900268554688,-0.05865937098860741,3.921095609664917,22.40999984741211,0.00011700000322889537,11967.784601606,1220000.0,6.068871974945068,1.0022244453430176,1.3099663257598877,0.036217063665390015,1.0022244453430176,41.32500076293945
1.3016380071640015,500,1.3016380071640015,99.9381103515625,3.906890630722046,106.5146255493164,0.12158210575580597,0,1.3185805082321167,62,0.7435221672058105,NaN,0,11966.7705078125,0.008585755713284016,1.3016380071640015,0.5133291482925415,61,40,0.18239694833755493,187.76763916015625,-11.890023708343506,87.82946014404297,1.0021039247512817,1746567764.3294964,21.731477737426758,-0.08742289617657661,0.0103828776627779,1.3185805082321167,5.485876560211182,-0.14608226716518402,1.3422560691833496,24.8700008392334,0.0001140000022132881,12157.545585192,1240000.0,2.386244535446167,1.0021039247512817,1.3185805082321167,-0.09675905108451843,1.0021039247512817,12.475000381469727
1.3091410398483276,500,1.3091410398483276,98.58004760742188,4.285939693450928,105.47838592529297,-0.25172290205955505,0,1.3274197578430176,63,0.7421139478683472,NaN,0,12156.4453125,0.008667655289173126,1.3091410398483276,0.5125409364700317,62,40,0.2511609196662903,189.6123046875,5.486973285675049,91.0322036743164,1.0014969110488892,1746567954.0904539,20.406028747558594,0.11946987919509411,0.011059682816267014,1.3274197578430176,10.97284984588623,-0.026612387970089912,2.8685097694396973,16.0,0.00011100000119768083,12343.159015142,1260000.0,4.960150241851807,1.0014969110488892,1.3274197578430176,0.06876397132873535,1.0014969110488892,38.375
1.3163586854934692,500,1.3163586854934692,98.21212005615234,3.839799642562866,107.80908203125,0.1769249439239502,0,1.335767388343811,64,0.7429912686347961,NaN,0,12342.1083984375,0.008247114717960358,1.3163586854934692,0.5128639340400696,63,40,0.18374092876911163,185.5131378173828,-3.5834593772888184,87.30091857910156,1.0011513233184814,1746568139.703336,19.724763870239258,-0.11120760254561901,0.009819579310715199,1.335767388343811,7.389390468597412,-0.13781999051570892,1.1181275844573975,13.75,0.00010800000018207356,12530.566289206,1280000.0,2.232485055923462,1.0011513233184814,1.335767388343811,-0.06741999089717865,1.0011513233184814,12.175000190734863
1.3233212232589722,500,1.3233212232589722,98.38540649414062,4.495065689086914,106.78313446044922,0.187797412276268,0,1.3439931869506836,65,0.7476794123649597,NaN,0,12529.513671875,0.007418434601277113,1.3233212232589722,0.5150418281555176,64,40,0.3025776147842407,187.29550170898438,-0.14488649368286133,88.91002655029297,1.0025644302368164,1746568327.111202,21.199995040893555,0.026068001985549927,0.010563740506768227,1.3439931869506836,7.244503974914551,-0.111751988530159,1.9197933673858643,13.789999961853027,0.0001049999991664663,12718.628989749,1300000.0,3.8862242698669434,1.0025644302368164,1.3439931869506836,0.11883668601512909,1.0025644302368164,24.075000762939453
1.3300261497497559,500,1.3300261497497559,98.51280975341797,4.060419082641602,106.39154815673828,0.1991676390171051,0,1.3521692752838135,66,0.7440045475959778,NaN,0,12717.6005859375,0.007619599811732769,1.3300261497497559,0.5132220387458801,65,40,0.19127869606018066,187.98484802246094,1.191878318786621,89.47198486328125,1.0029635429382324,1746568515.1737764,21.172569274902344,0.031356945633888245,0.010094071738421917,1.3521692752838135,8.436382293701172,-0.08039504289627075,2.3274295330047607,12.84000015258789,0.00010199999815085903,12905.050943576,1320000.0,3.708855390548706,1.0029635429382324,1.3521692752838135,-0.11129891872406006,1.0029635429382324,26.149999618530273
1.3364465236663818,500,1.3364465236663818,98.41040802001953,4.161068916320801,107.32559967041016,-0.35899388790130615,0,1.3600367307662964,67,0.7422938346862793,NaN,0,12904.0322265625,0.00811818614602089,1.3364465236663818,0.5119385719299316,66,40,0.18490168452262878,186.3488311767578,-1.9584202766418457,87.9383544921875,1.002746343612671,1746568701.5958366,20.857311248779297,-0.05717845261096954,0.010430593974888325,1.3600367307662964,6.477962017059326,-0.1375734955072403,1.2940869331359863,11.100000381469727,9.899999713525176e-05,13093.235170309,1340000.0,2.801276922225952,1.002746343612671,1.3600367307662964,-0.00637701153755188,1.002746343612671,16.399999618530273
1.3426485061645508,500,1.3426485061645508,98.27433776855469,4.389800548553467,106.31544494628906,0.28628402948379517,0,1.367899775505066,68,0.7372785806655884,NaN,0,13092.2216796875,0.008043299429118633,1.3426485061645508,0.5095345377922058,67,40,0.25417283177375793,188.1194305419922,0.5456905364990234,89.84503173828125,1.000764012336731,1746568889.7799704,21.625268936157227,0.07698904350399971,0.010358628816902637,1.367899775505066,7.02365255355835,-0.060584452003240585,1.648449182510376,12.319999694824219,9.600000339560211e-05,13281.095106986,1360000.0,3.282676935195923,1.000764012336731,1.367899775505066,0.06927114725112915,1.000764012336731,26.25
1.3487645387649536,500,1.3487645387649536,97.9496841430664,4.798175811767578,106.50485229492188,-0.29535067081451416,0,1.3757396936416626,69,0.7364514470100403,NaN,0,13280.0703125,0.009388233534991741,1.3487645387649536,0.5093650221824646,68,40,0.308916836977005,187.7848663330078,3.1470255851745605,89.8350830078125,1.0013487339019775,1746569077.639837,23.667787551879883,-0.0030647851526737213,0.0104735242202878,1.3757396936416626,10.17067813873291,-0.0636492371559143,1.7690998315811157,15.869999885559082,9.300000237999484e-05,13468.610318335,1380000.0,3.4226233959198,1.0013487339019775,1.3757396936416626,0.05474400520324707,1.0013487339019775,25.399999618530273
1.3549681901931763,500,1.3549681901931763,97.68926239013672,4.6871843338012695,106.69068145751953,0.26147809624671936,0,1.3838927745819092,70,0.7285097241401672,NaN,0,13467.603515625,0.009351794607937336,1.3549681901931763,0.5055099725723267,69,40,0.24944834411144257,187.45779418945312,1.1650876998901367,89.76847839355469,1.0004444122314453,1746569265.1552477,25.307533264160156,0.045775918290019035,0.010264798067510128,1.3838927745819092,11.335765838623047,-0.01787331886589527,2.6638875007629395,21.079999923706055,9.000000136438757e-05,13653.436007259,1400000.0,4.940425872802734,1.0004444122314453,1.3838927745819092,-0.05946849286556244,1.0004444122314453,37.17499923706055
1.3609787225723267,500,1.3609787225723267,98.36805725097656,4.087403774261475,108.2509994506836,0.04852528125047684,0,1.3914709091186523,71,0.7398398518562317,NaN,0,13652.416015625,0.006706319283694029,1.3609787225723267,0.5110210180282593,70,40,0.1424899697303772,184.75579833984375,-6.1556901931762695,86.38764190673828,1.0026370286941528,1746569449.9808638,22.075048446655273,-0.10479170642793179,0.009591221809387207,1.3914709091186523,5.180075645446777,-0.12266502529382706,0.8094545602798462,12.270000457763672,8.70000003487803e-05,13840.989130328,1420000.0,1.5884337425231934,1.0026370286941528,1.3914709091186523,-0.10695837438106537,1.0026370286941528,6.574999809265137
1.3667736053466797,500,1.3667736053466797,98.61650085449219,4.278476715087891,106.67910766601562,0.03811442852020264,0,1.398924708366394,72,0.7355571389198303,NaN,0,13839.9638671875,0.009073655121028423,1.3667736053466797,0.5092366933822632,71,40,0.1491861790418625,187.47813415527344,0.34972381591796875,88.86157989501953,1.0001287460327148,1746569637.5340316,21.05727767944336,0.014071382582187653,0.010249780490994453,1.398924708366394,5.529799461364746,-0.1085936427116394,1.5655204057693481,10.920000076293945,8.399999933317304e-05,14030.569343086,1440000.0,3.1523096561431885,1.0001287460327148,1.398924708366394,0.0066962093114852905,1.0001287460327148,20.450000762939453
1.3725370168685913,500,1.3725370168685913,98.69207763671875,4.712581157684326,105.53133392333984,-0.07748701423406601,0,1.406593680381775,73,0.7186018228530884,NaN,0,14029.556640625,0.00934719480574131,1.3725370168685913,0.500832736492157,72,40,0.28506189584732056,189.51718139648438,2.8952455520629883,90.82503509521484,1.0013659000396729,1746569827.1141717,22.975603103637695,0.10015865135937929,0.010082858614623547,1.406593680381775,8.425045013427734,-0.008434991352260113,2.4746384620666504,16.0,8.099999831756577e-05,14216.427609183,1460000.0,3.647329568862915,1.0013659000396729,1.406593680381775,0.13587571680545807,1.0013659000396729,31.774999618530273
1.378244161605835,500,1.378244161605835,98.1229019165039,4.181312084197998,107.6518325805664,-0.04891684278845787,0,1.4138610363006592,74,0.7149868011474609,NaN,0,14215.4033203125,0.006293589249253273,1.378244161605835,0.4984992742538452,73,40,0.17289786040782928,185.78411865234375,-3.0802769660949707,87.66109466552734,1.000633955001831,1746570012.9723632,22.551982879638672,-0.1296303616836667,0.009069508872926235,1.4138610363006592,5.344768047332764,-0.13806535303592682,1.1919023990631104,15.039999961853027,7.79999973019585e-05,14402.425929982,1480000.0,1.9200025796890259,1.000633955001831,1.4138610363006592,-0.11216403543949127,1.000633955001831,10.925000190734863
1.383608102798462,500,1.383608102798462,98.39947509765625,4.449474334716797,107.59320831298828,0.05779848247766495,0,1.4207608699798584,75,0.7176030874252319,NaN,0,14401.36328125,0.00820144359022379,1.383608102798462,0.4995529353618622,74,40,0.19442878663539886,185.88534545898438,0.5084333419799805,87.48580169677734,1.0024638175964355,1746570198.970429,21.659080505371094,0.007827579975128174,0.010191681794822216,1.4207608699798584,5.853201389312744,-0.13023777306079865,1.2286232709884644,5.920000076293945,7.500000356230885e-05,14589.482485777,1500000.0,2.0871598720550537,1.0024638175964355,1.4207608699798584,0.02153092622756958,1.0024638175964355,10.75
1.3887721300125122,500,1.3887721300125122,98.33939361572266,4.485828399658203,106.96318817138672,-0.06005885452032089,0,1.4275463819503784,76,0.7298890948295593,NaN,0,14588.458984375,0.008489594794809818,1.3887721300125122,0.5054891109466553,75,40,0.15800799429416656,186.98020935058594,1.4975194931030273,88.64073181152344,1.0008764266967773,1746570386.0273242,22.841581344604492,0.02380550652742386,0.0111289843916893,1.4275463819503784,7.3507208824157715,-0.10643226653337479,1.4854142665863037,9.300000190734863,7.200000254670158e-05,14775.304442863,1520000.0,3.0166492462158203,1.0008764266967773,1.4275463819503784,-0.0364207923412323,1.0008764266967773,18.149999618530273
1.3936933279037476,500,1.3936933279037476,98.6806411743164,3.971132516860962,107.66326141357422,0.07487024366855621,0,1.4338605403900146,77,0.7363449931144714,NaN,0,14774.296875,0.006139953620731831,1.3936933279037476,0.5086632370948792,76,40,0.17894001305103302,185.76438903808594,-0.9277424812316895,87.08368682861328,1.0014234781265259,1746570571.8492782,21.607511520385742,-0.05550753325223923,0.00884312018752098,1.4338605403900146,6.422978401184082,-0.161939799785614,1.2263089418411255,7.369999885559082,6.900000153109431e-05,14964.297254398,1540000.0,1.942072868347168,1.0014234781265259,1.4338605403900146,0.020932018756866455,1.0014234781265259,5.599999904632568
1.398452877998352,500,1.398452877998352,98.95223236083984,4.653322696685791,105.85565185546875,0.10411500930786133,0,1.4403420686721802,78,0.7290047407150269,NaN,0,14963.2900390625,0.006332173012197018,1.398452877998352,0.5050086379051208,77,40,0.2236187756061554,188.9365234375,1.3403773307800293,89.9842300415039,1.001645565032959,1746570760.842065,22.34548568725586,0.05801107734441757,0.00903037004172802,1.4403420686721802,7.763355731964111,-0.10392872244119644,1.8738564252853394,9.100000381469727,6.600000051548705e-05,15151.994168722,1560000.0,3.990989923477173,1.001645565032959,1.4403420686721802,0.044678762555122375,1.001645565032959,25.575000762939453
1.4031426906585693,500,1.4031426906585693,98.47511291503906,4.3127875328063965,106.59735107421875,0.002882951870560646,0,1.4468495845794678,79,0.722241222858429,NaN,0,15150.96875,0.007591895759105682,1.4031426906585693,0.5016454458236694,78,40,0.15884074568748474,187.62191772460938,-0.42519283294677734,89.14669799804688,1.0011093616485596,1746570948.5389276,22.4615421295166,0.06644220650196075,0.009457903914153576,1.4468495845794678,7.338162899017334,-0.03748651593923569,1.1663187742233276,11.359999656677246,6.299999949987978e-05,15339.595371063,1580000.0,2.8639917373657227,1.0011093616485596,1.4468495845794678,-0.06477802991867065,1.0011093616485596,21.225000381469727
1.4078896045684814,500,1.4078896045684814,98.57129669189453,4.24951696395874,106.64064025878906,0.17195993661880493,0,1.4533541202545166,80,0.7174161076545715,NaN,0,15338.58984375,0.00783463567495346,1.4078896045684814,0.49922987818717957,79,40,0.20828628540039062,187.54576110839844,-1.0459904670715332,88.97437286376953,1.0028181076049805,1746571136.1402009,23.49710464477539,-0.08461258560419083,0.00981858465820551,1.4533541202545166,6.292172431945801,-0.12209910154342651,1.9719595909118652,14.890000343322754,5.999999848427251e-05,15526.507745196,1600000.0,3.3825457096099854,1.0028181076049805,1.4533541202545166,0.049445539712905884,1.0028181076049805,20.225000381469727
1.4126243591308594,500,1.4126243591308594,98.55921173095703,4.364608287811279,107.0572738647461,0.19404973089694977,0,1.4596481323242188,81,0.7221133708953857,NaN,0,15525.4609375,0.006465940736234188,1.4126243591308594,0.50101238489151,80,40,0.18457722663879395,186.81588745117188,-1.5765314102172852,88.2566146850586,1.0025051832199097,1746571323.052503,22.74431800842285,-0.012973397970199585,0.009180700406432152,1.4596481323242188,4.715641021728516,-0.1350724995136261,1.2212878465652466,12.90999984741211,5.700000110664405e-05,15715.90797094,1620000.0,2.4727816581726074,1.0025051832199097,1.4596481323242188,-0.02370905876159668,1.0025051832199097,13.25
1.4172600507736206,500,1.4172600507736206,97.91519165039062,4.490663528442383,105.63188171386719,-0.02520037069916725,0,1.4662854671478271,82,0.7246087789535522,NaN,0,15714.9013671875,0.007153512444347143,1.4172600507736206,0.5023115277290344,81,40,0.20406071841716766,189.33677673339844,6.262899398803711,91.42152404785156,0.9999141693115234,1746571512.452863,22.09589195251465,0.06879798322916031,0.009682994335889816,1.4662854671478271,10.978540420532227,-0.06627451628446579,2.269465208053589,10.239999771118164,5.400000009103678e-05,15904.055124102,1640000.0,4.48185396194458,0.9999141693115234,1.4662854671478271,0.019483491778373718,0.9999141693115234,30.725000381469727
1.422003984451294,500,1.422003984451294,98.39260864257812,4.629739284515381,106.34244537353516,-0.02684926986694336,0,1.473092794418335,83,0.7329400181770325,NaN,0,15903.029296875,0.007040521129965782,1.422003984451294,0.5062935948371887,82,40,0.20973500609397888,188.07167053222656,-2.304936408996582,89.67897033691406,0.9987261891365051,1746571700.5999713,24.052104949951172,0.046175237745046616,0.009597079828381538,1.473092794418335,8.673604011535645,-0.020099278539419174,1.4641687870025635,15.989999771118164,5.0999999075429514e-05,16090.799999387,1660000.0,3.1793172359466553,0.9987261891365051,1.473092794418335,0.005674287676811218,0.9987261891365051,25.950000762939453
1.4267942905426025,500,1.4267942905426025,98.65186309814453,4.217246055603027,107.1332015991211,-0.046682607382535934,0,1.479730248451233,84,0.7253336906433105,NaN,0,16089.7880859375,0.007244718726724386,1.4267942905426025,0.5022677183151245,83,40,0.16878032684326172,186.68348693847656,-2.5022239685058594,88.03157043457031,1.001941442489624,1746571887.344923,23.201231002807617,-0.06369790807366371,0.008932912722229958,1.479730248451233,6.171380043029785,-0.08379718661308289,0.9552538990974426,14.399999618530273,4.8000001697801054e-05,16275.016633471,1680000.0,1.976632833480835,1.001941442489624,1.479730248451233,-0.04095467925071716,1.001941442489624,15.300000190734863
1.4313833713531494,500,1.4313833713531494,98.54690551757812,4.345715045928955,108.60191345214844,0.08213745802640915,0,1.4857409000396729,85,0.7278211712837219,NaN,0,16274.0087890625,0.004804560914635658,1.4313833713531494,0.5034246444702148,84,40,0.17491310834884644,184.1588134765625,-2.977600574493408,85.61184692382812,1.003411889076233,1746572071.561519,22.278837203979492,-0.11140212416648865,0.008191238157451153,1.4857409000396729,3.193779468536377,-0.19519931077957153,0.34979119896888733,7.269999980926514,4.5000000682193786e-05,16460.729846226,1700000.0,1.1093670129776,1.0034117698669434,1.4857409000396729,0.006132781505584717,1.003411889076233,0.0
1.4356660842895508,500,1.4356660842895508,98.61347198486328,3.9844164848327637,107.72696685791016,0.10202283412218094,0,1.4914417266845703,86,0.7261186838150024,NaN,0,16459.720703125,0.008264260366559029,1.4356660842895508,0.5022916197776794,85,40,0.09908632189035416,185.654541015625,0.48798179626464844,87.04096984863281,1.0008255243301392,1746572257.2746797,20.905467987060547,0.07950899749994278,0.009011322632431984,1.4914417266845703,3.6817612648010254,-0.11569031327962875,0.6564255952835083,3.6600000858306885,4.199999966658652e-05,16649.081592817,1720000.0,1.3402361869812012,1.0008255243301392,1.4914417266845703,-0.07582678645849228,1.0008255243301392,8.25
1.4398902654647827,500,1.4398902654647827,98.5655288696289,4.481224060058594,106.22048950195312,0.05631684511899948,0,1.497454285621643,87,0.7382240295410156,NaN,0,16648.06640625,0.007135992404073477,1.4398902654647827,0.5084961652755737,86,40,0.21845199167728424,188.28758239746094,2.346693515777588,89.72199249267578,0.9999179244041443,1746572445.6264791,22.444658279418945,0.1535722017288208,0.009546895511448383,1.497454285621643,6.028454780578613,0.03788188844919205,1.1568719148635864,9.90999984741211,3.899999865097925e-05,16838.907798311,1740000.0,2.338839530944824,0.9999178647994995,1.497454285621643,0.11936566978693008,0.9999179244041443,27.075000762939453
1.4444631338119507,500,1.4444631338119507,98.18962860107422,4.52125883102417,105.3916244506836,-0.0944427028298378,0,1.504101276397705,88,0.7558519244194031,NaN,0,16837.900390625,0.005837835371494293,1.4444631338119507,0.5175533890724182,87,40,0.19342884421348572,189.76840209960938,1.194490909576416,91.5787124633789,0.9982260465621948,1746572635.4526606,23.250776290893555,0.1485525742173195,0.008956794627010822,1.504101276397705,7.222945690155029,0.18643446266651154,1.7983309030532837,21.299999237060547,3.600000127335079e-05,17025.068562956,1760000.0,2.8488683700561523,0.99822598695755,1.504101276397705,-0.025023147463798523,0.9982260465621948,38.125
1.449204921722412,500,1.449204921722412,98.55475616455078,4.436617851257324,107.46688842773438,-0.17760932445526123,0,1.5107355117797852,89,0.7687966227531433,NaN,0,17024.0625,0.005263855215162039,1.449204921722412,0.5241314172744751,88,40,0.1794004738330841,186.1038360595703,-1.337235927581787,87.54898834228516,1.0003869533538818,1746572821.613371,22.536863327026367,-0.2825089171528816,0.007845502346754074,1.5107355117797852,5.885709762573242,-0.09607445448637009,1.8600499629974365,17.030000686645508,3.300000025774352e-05,17209.219595789,1780000.0,2.895991325378418,1.0003868341445923,1.5107355117797852,-0.014028370380401611,1.0003869533538818,19.399999618530273
1.454017996788025,500,1.454017996788025,98.85472869873047,4.524978160858154,108.6600112915039,-0.07245617359876633,0,1.5167884826660156,90,0.772805392742157,NaN,0,17208.18359375,0.004957457073032856,1.454017996788025,0.5261988639831543,89,40,0.14496834576129913,184.0603485107422,-2.6367242336273193,85.20556640625,1.000931978225708,1746573005.7645016,23.134288787841797,-0.050976984202861786,0.007849147543311119,1.5167884826660156,3.248985528945923,-0.14705143868923187,0.20362673699855804,14.640000343322754,2.9999999242136255e-05,17397.999920257,1800000.0,0.7536898255348206,1.000931978225708,1.5167884826660156,-0.03443212807178497,1.000931978225708,1.475000023841858
1.4587335586547852,500,1.4587335586547852,100.15744018554688,4.514986515045166,105.97661590576172,0.18154273927211761,0,1.5227848291397095,91,0.7698872089385986,NaN,0,17396.990234375,0.005791845731437206,1.4587335586547852,0.524696946144104,90,40,0.1409650444984436,188.7208709716797,1.373549222946167,88.56334686279297,1.0011582374572754,1746573194.544839,23.1254825592041,0.0609111413359642,0.008550893515348434,1.5227848291397095,4.62253475189209,-0.08614029735326767,1.423766851425171,10.029999732971191,2.700000004551839e-05,17585.235630055,1820000.0,2.3565731048583984,1.0011582374572754,1.5227848291397095,-0.00400330126285553,1.0011582374572754,16.075000762939453
1.4632803201675415,500,1.4632803201675415,99.08853912353516,4.693913459777832,106.8482666015625,-0.008250288665294647,0,1.5287469625473022,92,0.7682370543479919,NaN,0,17584.23046875,0.005144363734871149,1.4632803201675415,0.5236206650733948,91,40,0.1948469579219818,187.1813201904297,-0.3695826530456543,88.09272003173828,1.0008039474487305,1746573381.780443,23.453968048095703,0.030612632632255554,0.008030557073652744,1.5287469625473022,4.2529520988464355,-0.055527664721012115,0.8464338779449463,7.739999771118164,2.4000000848900527e-05,17772.634161025,1840000.0,1.8243952989578247,1.0008039474487305,1.5287469625473022,0.05388191342353821,1.0008039474487305,16.524999618530273
1.4677740335464478,500,1.4677740335464478,99.4916000366211,4.567357540130615,106.758544921875,-0.18806520104408264,0,1.5345605611801147,93,0.7669944167137146,NaN,0,17771.625,0.005353894084692001,1.4677740335464478,0.5230257511138916,92,40,0.18756099045276642,187.33863830566406,-0.6887235641479492,87.84698486328125,1.001396656036377,1746573569.179007,24.090232849121094,-0.03639213740825653,0.007937777787446976,1.5345605611801147,3.5642285346984863,-0.09191980212926865,1.0345866680145264,10.460000038146973,2.099999983329326e-05,17960.397097085,1860000.0,1.7817254066467285,1.001396656036377,1.5345605611801147,-0.007285967469215393,1.001396656036377,12.824999809265137
1.4721975326538086,500,1.4721975326538086,98.97138977050781,5.040534973144531,106.55097961425781,-0.0954468622803688,0,1.5407451391220093,94,0.7751339077949524,NaN,0,17959.38671875,0.004505229648202658,1.4721975326538086,0.5274579524993896,93,40,0.3322100341320038,187.70358276367188,3.5062780380249023,88.73210906982422,1.0000450611114502,1746573756.94199,25.462757110595703,0.07199764810502529,0.007512984797358513,1.5407451391220093,7.070506572723389,-0.019922154024243355,1.5107759237289429,9.800000190734863,1.8000000636675395e-05,18147.555651598,1880000.0,3.2912070751190186,1.0000450611114502,1.5407451391220093,0.14464904367923737,1.0000450611114502,28.25
1.4767003059387207,500,1.4767003059387207,98.45916748046875,4.841569423675537,106.90503692626953,0.2537280321121216,0,1.5469707250595093,95,0.7807246446609497,NaN,0,18146.53125,0.004931512754410505,1.4767003059387207,0.5304873585700989,94,40,0.24892430007457733,187.08192443847656,-1.5744972229003906,88.62266540527344,1.0016895532608032,1746573944.1005504,26.139633178710938,-0.058746619150042534,0.0078088934533298016,1.5469707250595093,5.496009349822998,-0.07866877317428589,1.1409587860107422,13.65999984741211,1.4999999621068127e-05,18336.881489959,1900000.0,2.4675397872924805,1.0016895532608032,1.5469707250595093,-0.08328573405742645,1.0016895532608032,19.125
1.4813663959503174,500,1.4813663959503174,98.29537963867188,4.554483890533447,105.66925048828125,0.278676301240921,0,1.5539566278457642,96,0.7806889414787292,NaN,0,18335.875,0.004152325447648764,1.4813663959503174,0.5305728912353516,95,40,0.23048579692840576,189.2698211669922,13.205158710479736,90.97437286376953,1.0001133680343628,1746574133.4263036,24.698190689086914,0.10916211269795895,0.007379874587059021,1.5539566278457642,18.701168060302734,0.030493339523673058,3.3655781745910645,16.09000015258789,1.2000000424450263e-05,18524.338540963,1920000.0,5.021302700042725,1.0001133680343628,1.5539566278457642,-0.01843850314617157,1.0001133680343628,41.025001525878906
1.4862312078475952,500,1.4862312078475952,98.1111068725586,4.971189022064209,106.72391510009766,-0.10634604841470718,0,1.5610461235046387,97,0.7813916802406311,NaN,0,18523.330078125,0.003894117660820484,1.4862312078475952,0.5309732556343079,96,40,0.26700836420059204,187.3994140625,-11.388882160186768,89.28824615478516,1.0001579523086548,1746574320.8834212,24.168354034423828,-0.16085821948945522,0.007196242921054363,1.5610461235046387,7.312285900115967,-0.13036487996578217,1.9218945503234863,17.389999389648438,9.000000318337698e-06,18710.651439916,1940000.0,4.163492202758789,1.0001579523086548,1.5610461235046387,0.03652256727218628,1.0001579523086548,23.149999618530273
1.4912859201431274,500,1.4912859201431274,98.5315933227539,4.843205451965332,107.38111877441406,0.08949780464172363,0,1.567919135093689,98,0.7801674008369446,NaN,0,18709.640625,0.0033282225485891104,1.4912859201431274,0.5303821563720703,97,40,0.23598353564739227,186.2524871826172,-2.4773435592651367,87.7208023071289,1.001075267791748,1746574507.1962104,25.169649124145508,-0.031066060066223145,0.006955760531127453,1.567919135093689,4.83494234085083,-0.1614309400320053,1.5954581499099731,17.579999923706055,6.000000212225132e-06,18898.241755599,1960000.0,2.820439338684082,1.001075267791748,1.567919135093689,-0.031024828553199768,1.001075267791748,13.725000381469727
1.4963374137878418,500,1.4963374137878418,98.51656341552734,4.761045455932617,106.66557312011719,0.1774754673242569,0,1.5748411417007446,99,0.7811011075973511,NaN,0,18897.205078125,0.0031230493914335966,1.4963374137878418,0.5307751893997192,98,40,0.2543516755104065,187.50192260742188,2.604872226715088,88.98529052734375,1.0007600784301758,1746574694.7865295,25.088119506835938,0.07387290894985199,0.006095136050134897,1.5748411417007446,7.439814567565918,-0.08755803108215332,1.8873099088668823,12.800000190734863,3.000000106112566e-06,19084.540644405,1980000.0,3.584404230117798,1.0007600784301758,1.5748411417007446,0.01836813986301422,1.0007600784301758,20.975000381469727
1.5011879205703735,500,1.5011879205703735,98.47409057617188,4.997141361236572,107.42897033691406,-0.0972582995891571,0,1.581587791442871,100,0.7823039889335632,NaN,0,19083.4609375,0.002858130494132638,1.5011879205703735,0.5313237905502319,99,40,0.2842288017272949,186.16952514648438,1.9266767501831055,87.69532775878906,1.0002007484436035,1746574881.0853891,24.360322952270508,-0.08200676739215851,0.006138517986983061,1.581587791442871,9.366491317749023,-0.16956479847431183,1.8201193809509277,7.460000038146973,0.0,19085.327705433,2000000.0,3.5443999767303467,1.0002007484436035,1.581587791442871,0.029877126216888428,1.0002007484436035,14.350000381469727
