Train/Epoch,Train/KL,Train/PolicyRatio/Std,TotalEnvSteps,Metrics/LagrangeMultiplier,Train/Entropy,_step,Metrics/LagrangeMultiplier/Max,Loss/Loss_pi/Delta,Safety/shield_violation,Train/LR,Loss/Loss_cost_critic/Delta,Train/StopIter,Safety/shield_adv_c,Value/reward,_timestamp,Time/Rollout,Metrics/EpRet,Train/PolicyRatio,Train/PolicyRatio/Min,Metrics/LagrangeMultiplier/Min,Safety/ShieldLagrangeMultiplier/Std,Metrics/EpCost,Train/PolicyRatio/Max,Metrics/EpLen,Loss/Loss_reward_critic/Delta,Loss/Loss_cost_critic,Loss/Loss_reward_critic,Metrics/LagrangeMultiplier/Std,Safety/ShieldLagrangeMultiplier,_runtime,Time/Update,Loss/Loss_pi,Safety/ShieldLagrangeMultiplier/Min,Value/Adv,Train/PolicyStd,Time/Epoch,Time/Total,Value/cost,Time/FPS,Safety/EpCostShield,Safety/ShieldLagrangeMultiplier/Max
0,0.008614684455096722,0.00984418299049139,20000.0,0.03599999472498894,1.4017493724822998,1,0.03599999472498894,-0.28773364424705505,0.1035083755850792,0.0002969999914057553,8.067900657653809,40,NaN,0.27595096826553345,1746565583.8789127,118.18092346191406,-1.5170577764511108,1.00262451171875,1.00262451171875,0.03599999472498894,0,26.5,1.00262451171875,1000,0.00986275915056467,8.067900657653809,0.00986275915056467,0,0.04500000178813934,402.482744472,93.14469146728516,-0.28773364424705505,0.04500000178813934,0.34051117300987244,0.9829900860786438,211.32571411132812,211.32675170898438,-0.06890228390693665,94.64064025878906,74.1500015258789,0.04500000178813934
1,0.009499765001237392,0.011293071322143078,40000.0,0.0704609602689743,1.3776932954788208,2,0.0704609602689743,0.06467710435390472,1.221105694770813,0.00029399999766610563,1.7387161254882812,40,NaN,0.22043374180793762,1746565773.5534377,92.04314422607422,-1.1533838510513306,1.000910758972168,1.000910758972168,0.0704609602689743,0,20.325000762939453,1.000910758972168,1000,-0.005242255516350269,9.80661678314209,0.004620503634214401,0,0.07950221747159958,585.995711065,97.56184387207031,-0.22305653989315033,0.07950221747159958,-0.24039176106452942,0.9596195816993713,189.6050567626953,401.01580810546875,0.5032169222831726,105.48241424560547,57.650001525878906,0.07950221747159958
2,0.012747330591082573,0.01229544822126627,60000.0,0.1050131693482399,1.3408759832382202,3,0.1050131693482399,-0.059920087456703186,1.6174585819244385,0.000291000003926456,-4.644170761108398,40,NaN,0.17244534194469452,1746565957.0663984,86.2816390991211,-0.9335504174232483,1.003728985786438,1.003728985786438,0.1050131693482399,0,22.066667556762695,1.003728985786438,1000,0.0025729965418577194,5.162446022033691,0.007193500176072121,0,0.11242678016424179,775.013204899,97.15824127197266,-0.2829766273498535,0.11242678016424179,0.14961522817611694,0.9250149130821228,183.43994140625,584.5247802734375,0.8392791152000427,109.02751159667969,36.150001525878906,0.11242678016424179
3,0.013959229923784733,0.012465713545680046,80000.0,0.13961836695671082,1.3148493766784668,4,0.13961836695671082,0.028155744075775146,2.64835524559021,0.0002880000101868063,1.804316520690918,40,NaN,0.140146866440773,1746566146.0838559,91.55088806152344,-0.6238080859184265,1.0048422813415527,1.0048422813415527,0.13961836695671082,0,22.037500381469727,1.0048422813415527,1000,-0.0004594842903316021,6.966762542724609,0.006734015885740519,0,0.14502471685409546,968.573594339,97.39537048339844,-0.25482088327407837,0.14502471685409546,-0.05419161915779114,0.9011929631233215,188.9463348388672,773.5460815429688,1.346183180809021,105.85016632080078,40.25,0.14502471685409546
4,0.014070245437324047,0.012647121213376522,100000.0,0.17447388172149658,1.273742437362671,5,0.17447388172149658,0.080958291888237,3.5428366661071777,0.0002849999873433262,7.8050689697265625,40,NaN,0.1266479194164276,1746566339.6442018,95.83037567138672,-0.25301772356033325,1.0038557052612305,1.0038557052612305,0.17447388172149658,0,34.20000076293945,1.0038557052612305,1000,0.0019168979488313198,14.771831512451172,0.008650913834571838,0,0.17777889966964722,1160.732341548,97.4002456665039,-0.17386259138584137,0.17777889966964722,-0.035197094082832336,0.8648854494094849,193.23068237304688,966.8482666015625,1.7939521074295044,103.50323486328125,116.05000305175781,0.17777889966964722
5,0.01175135001540184,0.012429364956915379,120000.0,0.2095351219177246,1.2481645345687866,6,0.2095351219177246,0.0021168142557144165,5.409238815307617,0.00028199999360367656,6.426382064819336,40,NaN,0.13196875154972076,1746566531.8030019,95.06976318359375,0.4434646666049957,1.0027801990509033,1.0027803182601929,0.2095351219177246,0,40.900001525878906,1.0027803182601929,1000,0.0014787102118134499,21.198213577270508,0.010129624046385288,0,0.2113577127456665,1351.637110254,97.02473449707031,-0.17174577713012695,0.2113577127456665,-0.12711063027381897,0.8430295586585999,192.0945587158203,1159.2747802734375,2.741269826889038,104.11539459228516,115.3499984741211,0.2113577127456665
6,0.018508119508624077,0.013791529461741447,140000.0,0.24488292634487152,1.206450343132019,7,0.24488292634487152,-0.06977584958076477,5.205931186676025,0.0002789999998640269,-9.689889907836914,40,NaN,0.15227073431015015,1746566722.7077858,93.6381607055664,1.0447056293487549,1.0048142671585083,1.0048143863677979,0.24488292634487152,0,44.59000015258789,1.0048143863677979,1000,0.0014885831624269485,11.508323669433594,0.011618207208812237,0,0.2447667121887207,1543.587816768,97.2038345336914,-0.24152162671089172,0.2447667121887207,-0.26915013790130615,0.8086068630218506,190.84205627441406,1350.1776123046875,3.0757527351379395,104.79869842529297,64.9000015258789,0.2447667121887207
7,0.016185712069272995,0.014448480680584908,160000.0,0.28054922819137573,1.1633882522583008,8,0.28054922819137573,-0.007084459066390991,6.41455078125,0.00027600000612437725,-0.6823272705078125,40,NaN,0.1809495985507965,1746566914.6584008,94.74822235107422,2.062333345413208,1.0091915130615234,1.0091915130615234,0.28054922819137573,0,46.0,1.0091915130615234,1000,0.006527065299451351,10.825996398925781,0.018145272508263588,0,0.27842992544174194,1732.677876592,97.12371826171875,-0.24860608577728271,0.27842992544174194,0.11840296536684036,0.7745192050933838,191.87203979492188,1542.1134033203125,3.834031343460083,104.23613739013672,77.1500015258789,0.27842992544174194
8,0.018528541550040245,0.014088832773268223,180000.0,0.31649357080459595,1.1256694793701172,9,0.31649357080459595,-0.07509630918502808,5.9440202713012695,0.0002730000123847276,-2.702930450439453,40,NaN,0.24298186600208282,1746567103.748541,91.6937255859375,3.1706817150115967,1.0108160972595215,1.0108160972595215,0.31649357080459595,0,45.38999938964844,1.0108160972595215,1000,0.0014272797852754593,8.123065948486328,0.019572552293539047,0,0.31074321269989014,1926.889360716,97.3268814086914,-0.3237023949623108,0.31074321269989014,-0.054172031581401825,0.745857834815979,189.0206756591797,1731.211669921875,3.5794930458068848,105.80853271484375,37.150001525878906,0.31074321269989014
9,0.016227861866354942,0.013749116100370884,200000.0,0.3524777293205261,1.0973896980285645,10,0.3524777293205261,0.1485470086336136,5.343875885009766,0.0002699999895412475,3.875319480895996,40,NaN,0.33398231863975525,1746567297.9600883,96.31281280517578,4.05355978012085,1.0065535306930542,1.0065535306930542,0.3524777293205261,0,39.27000045776367,1.0065535306930542,1000,0.002883555367588997,11.998385429382324,0.022456107661128044,0,0.34380286931991577,2119.024739242,97.83683776855469,-0.1751553863286972,0.34380286931991577,0.039451561868190765,0.7250376343727112,194.14971923828125,1925.4295654296875,3.0780410766601562,103.0132827758789,88.5999984741211,0.34380286931991577
10,0.015617880038917065,0.013556054793298244,220000.0,0.3884047269821167,1.0740766525268555,11,0.3884047269821167,0.02100655436515808,5.296027660369873,0.00026699999580159783,-1.6026535034179688,40,NaN,0.32582491636276245,1746567490.0953836,94.54658508300781,4.717272758483887,1.0046768188476562,1.0046768188476562,0.3884047269821167,0,37.33000183105469,1.0046768188476562,1000,-0.006096871569752693,10.395731925964355,0.01635923609137535,0,0.3774893581867218,2311.382832817,97.51885986328125,-0.15414883196353912,0.3774893581867218,-0.06058557331562042,0.7083295583724976,192.06552124023438,2117.564453125,2.954209804534912,104.13113403320312,91.05000305175781,0.3774893581867218
11,0.017392069101333618,0.014079529792070389,240000.0,0.42428427934646606,1.0530052185058594,12,0.42428427934646606,-0.09561961889266968,6.196164608001709,0.0002640000020619482,-2.5781617164611816,40,NaN,0.4669983983039856,1746567682.453487,95.22386169433594,5.793449878692627,1.0075459480285645,1.0075459480285645,0.42428427934646606,0,37.349998474121094,1.0075459480285645,1000,0.00786607339978218,7.817570209503174,0.024225309491157532,0,0.41103029251098633,2496.037892199,97.07229614257812,-0.2497684508562088,0.41103029251098633,0.01922120898962021,0.6935674548149109,192.29624938964844,2309.92529296875,3.4738664627075195,104.00618743896484,66.30000305175781,0.41103029251098633
12,0.020099185407161713,0.014787120744585991,260000.0,0.46032124757766724,1.0326080322265625,13,0.46032124757766724,0.12046855688095093,6.708284378051758,0.0002610000083222985,6.315632343292236,36,NaN,0.5101028680801392,1746567867.1084168,96.68359375,6.435776233673096,1.0078154802322388,1.0078153610229492,0.46032124757766724,0,41.689998626708984,1.0078153610229492,1000,-0.003490231931209564,14.13320255279541,0.020735077559947968,0,0.4454108476638794,2677.897923339,87.87525177001953,-0.12929989397525787,0.4454108476638794,-0.0697685107588768,0.6795523762702942,184.55889892578125,2494.5439453125,3.5813987255096436,108.36649322509766,108.9000015258789,0.4454108476638794
13,0.02086346037685871,0.014772789552807808,280000.0,0.49663078784942627,1.0054600238800049,14,0.49663078784942627,-0.2018800526857376,7.794490814208984,0.0002579999854788184,-2.6207942962646484,36,NaN,0.5364344120025635,1746568048.9686074,94.63394165039062,6.977170467376709,1.010669231414795,1.010669231414795,0.49663078784942627,0,45.43000030517578,1.010669231414795,1000,0.004204662516713142,11.512408256530762,0.02493974007666111,0,0.47925323247909546,2871.99902268,87.16352844238281,-0.3311799466609955,0.47925323247909546,0.19133508205413818,0.6613796353340149,181.7975616455078,2676.442626953125,3.784451961517334,110.01248168945312,59.150001525878906,0.47925323247909546
14,0.017020663246512413,0.014360356144607067,300000.0,0.5330842137336731,0.9815172553062439,15,0.5330842137336731,0.02931833267211914,9.217236518859863,0.00025499999173916876,1.2465457916259766,40,NaN,0.6114062070846558,1746568243.0696342,96.98542785644531,7.471395492553711,1.0096465349197388,1.0096465349197388,0.5330842137336731,0,43.58000183105469,1.0096465349197388,1000,0.0012657642364501953,12.758954048156738,0.026205504313111305,0,0.5134100317955017,3046.217799318,97.04606628417969,-0.30186161398887634,0.5134100317955017,-0.004277490079402924,0.6457317471504211,194.0315704345703,2870.530517578125,4.907384395599365,103.07601165771484,84.9000015258789,0.5134100317955017
15,0.020875122398138046,0.01472535077482462,320000.0,0.5696563720703125,0.9560408592224121,16,0.5696563720703125,0.11387333273887634,8.267991065979004,0.0002519999979995191,4.1226396560668945,32,NaN,0.7048012614250183,1746568417.2884202,96.85408782958984,8.602004051208496,1.0061428546905518,1.0061428546905518,0.5696563720703125,0,43.689998626708984,1.0061428546905518,1000,0.0015564896166324615,16.881593704223633,0.027761993929743767,0,0.5482077598571777,3220.715599328,77.2890853881836,-0.18798828125,0.5482077598571777,-0.0754479393362999,0.6295101046562195,174.1432647705078,3044.7431640625,4.085289001464844,114.84797668457031,102.30000305175781,0.5482077598571777
16,0.020297633484005928,0.014632679522037506,340000.0,0.606489360332489,0.9481181502342224,17,0.606489360332489,0.011304661631584167,8.527630805969238,0.00024900000425986946,-0.8210945129394531,32,NaN,0.7995455861091614,1746568591.7863758,96.81244659423828,8.989477157592773,1.0052061080932617,1.0052061080932617,0.606489360332489,0,47.68000030517578,1.0052061080932617,1000,-0.0010860580950975418,16.06049919128418,0.026675935834646225,0,0.5836144685745239,3410.053916921,77.58407592773438,-0.17668361961841583,0.5836144685745239,-0.18932165205478668,0.6245869398117065,174.39659118652344,3219.219482421875,4.3391499519348145,114.68114471435547,106.9000015258789,0.5836144685745239
17,0.016795363277196884,0.015107186511158943,360000.0,0.6432844400405884,0.9328664541244507,18,0.6432844400405884,-0.14915816485881805,7.9348554611206055,0.0002460000105202198,-5.744943618774414,40,NaN,0.7475928664207458,1746568781.124539,91.76350402832031,8.969504356384277,1.0103789567947388,1.0103789567947388,0.6432844400405884,0,42.099998474121094,1.0103789567947388,1000,-0.0048532187938690186,10.315555572509766,0.021822717040777206,0,0.6183924078941345,3591.820060689,97.4353256225586,-0.3258417844772339,0.6183924078941345,0.04337666183710098,0.6151720285415649,189.19891357421875,3408.521728515625,3.776136636734009,105.70885467529297,62.349998474121094,0.6183924078941345
18,0.02092207781970501,0.015276099555194378,380000.0,0.6799303293228149,0.8986420631408691,19,0.6799303293228149,-0.10127773880958557,8.899109840393066,0.00024300000222865492,-1.0180416107177734,36,NaN,0.75394207239151,1746568962.8908343,93.51103973388672,9.148853302001953,1.0143555402755737,1.0143555402755737,0.6799303293228149,0,39.90999984741211,1.0143555402755737,1000,0.00413215346634388,9.297513961791992,0.025954870507121086,0,0.6522168517112732,3763.787368882,88.18034362792969,-0.42711952328681946,0.6522168517112732,-0.08795858919620514,0.5945343375205994,181.69143676757812,3590.348876953125,4.489171028137207,110.07673645019531,50.45000076293945,0.6522168517112732
19,0.021665358915925026,0.014892008155584335,400000.0,0.7163428068161011,0.8753537535667419,20,0.7163428068161011,0.17384231090545654,8.026291847229004,0.00023999999393709004,0.5446529388427734,31,NaN,0.7617623805999756,1746569134.8577313,95.59394073486328,9.201164245605469,1.0077588558197021,1.0077588558197021,0.7163428068161011,0,38.04999923706055,1.0077588558197021,1000,-0.000926092267036438,9.842166900634766,0.025028778240084648,0,0.6861981749534607,3941.813564789,76.302490234375,-0.2532772123813629,0.6861981749534607,0.19264374673366547,0.5808767676353455,171.896484375,3762.3193359375,4.608656406402588,116.34909057617188,80.80000305175781,0.6861981749534607
20,0.021000761538743973,0.014918609522283077,420000.0,0.7524576783180237,0.8638095855712891,21,0.7524576783180237,0.04094676673412323,7.583050727844238,0.00023700000019744039,1.2842721939086914,34,NaN,0.8176469802856445,1746569312.8841896,95.94656372070312,8.921239852905273,1.0052591562271118,1.0052590370178223,0.7524576783180237,0,36.43000030517578,1.0052590370178223,1000,0.007442617788910866,11.126439094543457,0.032471396028995514,0,0.7204423546791077,4115.778352183,82.01172637939453,-0.21233044564723969,0.7204423546791077,0.26572439074516296,0.5742009878158569,177.9583740234375,3940.3466796875,3.9845640659332275,112.38582611083984,85.3499984741211,0.7204423546791077
21,0.020627638325095177,0.01553388312458992,440000.0,0.7882288098335266,0.8502411842346191,22,0.7882288098335266,-0.02790158987045288,8.848149299621582,0.00023400000645779073,4.344125747680664,32,NaN,0.9409591555595398,1746569486.8490243,95.50653076171875,9.279956817626953,1.0082989931106567,1.0082989931106567,0.7882288098335266,0,35.040000915527344,1.0082989931106567,1000,-7.29970633983612e-05,15.470564842224121,0.03239839896559715,0,0.7551113963127136,4272.928368706,78.38626098632812,-0.24023203551769257,0.7551113963127136,0.13495346903800964,0.5664101243019104,173.89285278320312,4114.3095703125,4.41849946975708,115.01335144042969,92.9000015258789,0.7551113963127136
22,0.02000233344733715,0.014908157289028168,460000.0,0.8237202167510986,0.8301576375961304,23,0.8237202167510986,-0.1041116863489151,8.504858016967773,0.00023099999816622585,-3.334963798522949,26,NaN,0.939154863357544,1746569643.9990776,92.66975402832031,9.735651016235352,1.0087488889694214,1.0087488889694214,0.8237202167510986,0,35.349998474121094,1.0087488889694214,1000,0.00154925137758255,12.135601043701172,0.0339476503431797,0,0.789347231388092,4432.099874675,64.41912078857422,-0.34434372186660767,0.789347231388092,-0.09057249873876572,0.555151641368866,157.08892822265625,4271.46875,4.516335487365723,127.31642150878906,65.55000305175781,0.789347231388092
23,0.02018641121685505,0.014859313145279884,480000.0,0.8589419722557068,0.8078815937042236,24,0.8589419722557068,0.013296395540237427,7.999748229980469,0.0002280000044265762,-2.6262826919555664,26,NaN,0.9591724872589111,1746569803.1705613,94.56623840332031,9.596412658691406,1.0091043710708618,1.0091043710708618,0.8589419722557068,0,34.939998626708984,1.0091043710708618,1000,-0.007447885349392891,9.509318351745605,0.026499764993786812,0,0.8230860829353333,4607.54397094,64.53350067138672,-0.33104732632637024,0.8230860829353333,-0.12144963443279266,0.5429900288581848,159.0998077392578,4430.62939453125,4.448693752288818,125.70726013183594,61.95000076293945,0.8230860829353333
24,0.02036859467625618,0.015672581270337105,500000.0,0.894435465335846,0.7949491143226624,25,0.894435465335846,0.25760597735643387,7.814765453338623,0.00022499999613501132,2.0956010818481445,32,NaN,0.9536345601081848,1746569978.6146681,97.23970031738281,10.139778137207031,1.007717490196228,1.0077176094055176,0.894435465335846,0,43.33000183105469,1.0077176094055176,1000,0.005462130531668663,11.60491943359375,0.031961895525455475,0,0.8578099012374878,4751.267996708,78.11153411865234,-0.07344134896993637,0.8578099012374878,0.045701973140239716,0.5359287261962891,175.35128784179688,4606.05322265625,4.114898204803467,114.05675506591797,111.8499984741211,0.8578099012374878
25,0.021115867421030998,0.014594527892768383,520000.0,0.9300320744514465,0.7843742966651917,26,0.9300320744514465,-0.24935037642717361,7.773793697357178,0.00022200000239536166,0.5725202560424805,20,NaN,1.0286532640457153,1746570122.3387098,94.82569885253906,10.625383377075195,1.006887435913086,1.0068875551223755,0.9300320744514465,0,41.099998474121094,1.0068875551223755,1000,0.0022782981395721436,12.17743968963623,0.03424019366502762,0,0.89194256067276,4908.794139787,48.82927703857422,-0.32279172539711,0.89194256067276,0.2743745446205139,0.5303227305412292,143.65504455566406,4749.7998046875,4.257638931274414,139.22239685058594,61.54999923706055,0.89194256067276
26,0.02000572346150875,0.014998842030763626,540000.0,0.9656642079353333,0.7710586786270142,27,0.9656642079353333,0.05741634964942932,8.093022346496582,0.00021899999410379678,-0.20904541015625,25,NaN,1.0835975408554077,1746570279.864779,95.42219543457031,10.63089370727539,1.0073422193527222,1.0073421001434326,0.9656642079353333,0,40.22999954223633,1.0073421001434326,1000,0.005626130849123001,11.96839427947998,0.03986632451415062,0,0.9260357022285461,5084.504032233,62.04517364501953,-0.26537537574768066,0.9260357022285461,0.1254815310239792,0.5232916474342346,157.46746826171875,4907.3369140625,4.353503227233887,127.01036834716797,76.19999694824219,0.9260357022285461
27,0.02032552659511566,0.015403269790112972,560000.0,1.00141441822052,0.7619892358779907,28,1.00141441822052,0.031603291630744934,7.877710819244385,0.00021600000036414713,-1.986795425415039,32,NaN,1.1121325492858887,1746570455.5747266,95.48458099365234,11.224980354309082,1.0067369937896729,1.0067369937896729,1.00141441822052,0,41.709999084472656,1.0067369937896729,1000,-0.00021240487694740295,9.981598854064941,0.03965391963720322,0,0.9601958990097046,5237.822757296,80.16519927978516,-0.23377208411693573,0.9601958990097046,-0.10883082449436188,0.5185761451721191,175.64984130859375,5083.0458984375,4.21490478515625,113.86289978027344,79.4000015258789,0.9601958990097046
28,0.020344365388154984,0.015649503096938133,580000.0,1.0372930765151978,0.7461318373680115,29,1.0372930765151978,-0.07524649798870087,6.633129596710205,0.00021300000662449747,-1.7916898727416992,25,NaN,1.0539408922195435,1746570608.893462,91.43550872802734,11.769933700561523,1.0089435577392578,1.0089435577392578,1.0372930765151978,0,42.18000030517578,1.0089435577392578,1000,-0.004482012242078781,8.189908981323242,0.035171907395124435,0,0.9934931397438049,5404.162418156,61.82392883300781,-0.3090185821056366,0.9934931397438049,0.04900076985359192,0.5105655193328857,153.25950622558594,5236.36767578125,3.3724000453948975,130.49761962890625,52.099998474121094,0.9934931397438049
29,0.02127772755920887,0.015241029672324657,600000.0,1.0728012323379517,0.7323462963104248,30,1.0728012323379517,0.03881528973579407,6.794607162475586,0.0002099999983329326,0.11272144317626953,29,NaN,1.0795575380325317,1746570775.2331305,93.77050018310547,11.483772277832031,1.00814688205719,1.00814688205719,1.0728012323379517,0,34.599998474121094,1.00814688205719,1000,-0.002389267086982727,8.302630424499512,0.03278264030814171,0,1.0263739824295044,5557.578886878,72.51219177246094,-0.27020329236984253,1.0263739824295044,-0.01659690961241722,0.503680408000946,166.28274536132812,5402.70751953125,3.232692241668701,120.27706146240234,61.75,1.0263739824295044
30,0.023496270179748535,0.015399610623717308,620000.0,1.1080223321914673,0.7133165597915649,31,1.1080223321914673,-0.02868431806564331,7.377257823944092,0.00020700000459328294,2.8238611221313477,24,NaN,1.156191110610962,1746570928.6495621,93.47620391845703,11.457319259643555,1.009232997894287,1.0092331171035767,1.1080223321914673,0,35.189998626708984,1.0092331171035767,1000,0.00972907617688179,11.12649154663086,0.0425117164850235,0,1.0588736534118652,5726.251691528,59.880157470703125,-0.29888761043548584,1.0588736534118652,0.08116479218006134,0.49421364068984985,153.35641479492188,5556.11962890625,3.7335078716278076,130.41514587402344,61.29999923706055,1.0588736534118652
31,0.02205437608063221,0.01617131382226944,640000.0,1.1427682638168335,0.7043744325637817,32,1.1427682638168335,0.021269559860229492,6.637667179107666,0.00020399999630171806,-1.3075180053710938,30,NaN,1.0673720836639404,1746571097.3224995,94.18698120117188,11.312339782714844,1.0078279972076416,1.0078279972076416,1.1427682638168335,0,31.969999313354492,1.0078279972076416,1000,-0.0029068514704704285,9.818973541259766,0.03960486501455307,0,1.090873122215271,5890.041158783,74.4277572631836,-0.27761805057525635,1.090873122215271,-0.016292162239551544,0.48979973793029785,168.61480712890625,5724.79638671875,3.22359561920166,118.6135482788086,56.75,1.090873122215271
32,0.021145077422261238,0.016025125980377197,660000.0,1.177106499671936,0.6887941360473633,33,1.177106499671936,-0.04653036594390869,7.600157737731934,0.0002010000025620684,0.25143909454345703,28,NaN,1.1443182229995728,1746571261.1118805,94.16564178466797,11.270088195800781,1.0109046697616577,1.0109046697616577,1.177106499671936,0,32.13999938964844,1.0109046697616577,1000,0.0016608983278274536,10.070412635803223,0.041265763342380524,0,1.1226229667663574,6048.922848604,69.56713104248047,-0.32414841651916504,1.1226229667663574,0.050864189863204956,0.48238006234169006,163.73281860351562,5888.5859375,3.6037299633026123,122.15021514892578,61.900001525878906,1.1226229667663574
33,0.02089383266866207,0.015740403905510902,680000.0,1.210896372795105,0.6624242067337036,34,1.210896372795105,-0.07501286268234253,7.442668914794922,0.00019799999427050352,-2.25828218460083,27,NaN,1.1476346254348755,1746571419.9932673,91.8110122680664,11.449162483215332,1.0114264488220215,1.0114264488220215,1.210896372795105,0,29.549999237060547,1.0114264488220215,1000,0.003106348216533661,7.812130451202393,0.044372111558914185,0,1.1535252332687378,6207.493140212,66.77597045898438,-0.39916127920150757,1.1535252332687378,-0.021117884665727615,0.4699791669845581,158.5870361328125,6047.23046875,3.7116639614105225,126.11370849609375,45.45000076293945,1.1535252332687378
34,0.020741138607263565,0.015611893497407436,700000.0,1.243888258934021,0.6459487080574036,35,1.243888258934021,0.018614649772644043,6.34140682220459,0.00019500000053085387,-2.377829074859619,27,NaN,1.0625451803207397,1746571578.5637789,90.35822296142578,11.0623779296875,1.0108320713043213,1.0108320713043213,1.243888258934021,0,25.459999084472656,1.0108320713043213,1000,-0.014042297378182411,5.434301376342773,0.030329814180731773,0,1.1832832098007202,6343.740985017,68.14356994628906,-0.3805466294288635,1.1832832098007202,0.14813509583473206,0.4623437821865082,158.50186157226562,6206.03369140625,2.9128730297088623,126.18148040771484,36.0,1.1832832098007202
35,0.021238362416625023,0.01570788584649563,720000.0,1.2762147188186646,0.6393826007843018,36,1.2762147188186646,0.1556507647037506,6.9848103523254395,0.00019200000679120421,6.221076011657715,17,NaN,1.156010627746582,1746571714.8116286,93.82814025878906,10.9889497756958,1.0050456523895264,1.0050456523895264,1.2762147188186646,0,26.030000686645508,1.0050456523895264,1000,0.012780597433447838,11.655377388000488,0.04311041161417961,0,1.2132707834243774,6497.795249075,42.34735107421875,-0.22489586472511292,1.2132707834243774,-0.0960770696401596,0.4594677984714508,136.17555236816406,6342.27294921875,3.2834882736206055,146.86924743652344,67.4000015258789,1.2132707834243774
36,0.020273877307772636,0.015483809635043144,740000.0,1.3077889680862427,0.6181451678276062,37,1.3077889680862427,-0.20332643389701843,5.906789779663086,0.00018899999849963933,-5.776459217071533,26,NaN,0.9426694512367249,1746571868.8659427,88.81617736816406,10.705899238586426,1.0138027667999268,1.0138026475906372,1.3077889680862427,0,24.020000457763672,1.0138026475906372,1000,-0.00255395844578743,5.878918170928955,0.04055645316839218,0,1.2416037321090698,6642.697397135,65.17790985107422,-0.42822229862213135,1.2416037321090698,-0.030813045799732208,0.4499572515487671,153.99415588378906,6496.33935546875,2.734166383743286,129.87506103515625,22.149999618530273,1.2416037321090698
37,0.021995587274432182,0.01558732520788908,760000.0,1.3384754657745361,0.5985236763954163,38,1.3384754657745361,0.20746472477912903,6.04232931137085,0.00018600000475998968,2.0042223930358887,21,NaN,1.0157748460769653,1746572013.7678814,92.33567810058594,10.314013481140137,1.0069530010223389,1.0069530010223389,1.3384754657745361,0,21.389999389648438,1.0069530010223389,1000,0.0031875334680080414,7.883140563964844,0.04374398663640022,0,1.269891381263733,6780.31112538,52.49937438964844,-0.22075757384300232,1.269891381263733,-0.20588180422782898,0.44127583503723145,144.83511352539062,6641.2314453125,2.7070295810699463,138.0880584716797,55.95000076293945,1.269891381263733
38,0.022470058873295784,0.014944090507924557,780000.0,1.3685123920440674,0.5922626256942749,39,1.3685123920440674,-0.023854881525039673,6.019539833068848,0.0001829999964684248,0.8253030776977539,18,NaN,1.242047667503357,1746572151.3817806,92.5420913696289,10.110097885131836,1.0063873529434204,1.0063873529434204,1.3685123920440674,0,23.09000015258789,1.0063873529434204,1000,0.00031002238392829895,8.708443641662598,0.04405400902032852,0,1.2979693412780762,6921.39715862,44.953399658203125,-0.244612455368042,1.2979693412780762,-0.426641047000885,0.43874070048332214,137.49554443359375,6778.80224609375,2.821906328201294,145.45925903320312,51.599998474121094,1.2979693412780762
39,0.020265301689505577,0.016020121052861214,800000.0,1.3984248638153076,0.6045114994049072,40,1.3984248638153076,0.21596851386129856,6.000802516937256,0.00018000000272877514,4.222176551818848,19,NaN,1.1285619735717773,1746572292.4678078,94.39984893798828,10.345636367797852,0.9992608428001404,0.9992609024047852,1.3984248638153076,0,28.540000915527344,0.9992609024047852,1000,-0.006760053336620331,12.930620193481445,0.03729395568370819,0,1.3272180557250977,7060.788228911,46.62615203857422,-0.02864394150674343,1.3272180557250977,0.10826756060123444,0.44423460960388184,141.02606201171875,6919.9404296875,2.763671398162842,141.81776428222656,86.19999694824219,1.3272180557250977
40,0.020496368408203125,0.014760278165340424,820000.0,1.4280791282653809,0.6037457585334778,41,1.4280791282653809,-0.24795361794531345,7.707764625549316,0.00017699999443721026,-0.7302455902099609,18,NaN,1.2479908466339111,1746572431.8589478,94.86470794677734,10.349008560180664,1.0059101581573486,1.0059101581573486,1.4280791282653809,0,26.670000076293945,1.0059101581573486,1000,0.0052955262362957,12.200374603271484,0.04258948192000389,0,1.3568041324615479,7199.701406863,44.46236038208008,-0.2765975594520569,1.3568041324615479,0.005459770560264587,0.44375333189964294,139.32711791992188,7059.32763671875,3.7505977153778076,143.5470733642578,67.5999984741211,1.3568041324615479
41,0.02059861831367016,0.015276014804840088,840000.0,1.4579503536224365,0.6112517714500427,42,1.4579503536224365,0.17595024406909943,7.499748229980469,0.0001740000006975606,2.4893484115600586,18,NaN,1.2041220664978027,1746572570.7721345,94.4622573852539,10.994433403015137,1.000295877456665,1.000295877456665,1.4579503536224365,0,32.040000915527344,1.000295877456665,1000,0.009096208959817886,14.689723014831543,0.05168569087982178,0,1.387564778327942,7358.292334425,44.390010833740234,-0.10064731538295746,1.387564778327942,0.22727183997631073,0.4471137821674347,138.85232543945312,7198.24267578125,3.6817405223846436,144.0379180908203,90.9000015258789,1.387564778327942
42,0.020480170845985413,0.01570087857544422,860000.0,1.4880620241165161,0.610027015209198,43,1.4880620241165161,-0.2783088833093643,7.244874000549316,0.00017100000695791095,-6.024754524230957,27,NaN,1.1815118789672852,1746572729.363106,91.75531768798828,10.776715278625488,1.0083723068237305,1.0083723068237305,1.4880620241165161,0,32.540000915527344,1.0083723068237305,1000,-0.012742966413497925,8.664968490600586,0.03894272446632385,0,1.417739987373352,7524.322551377,66.76653289794922,-0.3789561986923218,1.417739987373352,-0.2304256558418274,0.44662630558013916,158.52191162109375,7356.82470703125,3.471097946166992,126.16552734375,48.70000076293945,1.417739987373352
43,0.02133214846253395,0.015755999833345413,880000.0,1.5183128118515015,0.5860836505889893,44,1.5183128118515015,-0.04822239279747009,7.45203971862793,0.00016799999866634607,-2.0415754318237305,30,NaN,1.2995314598083496,1746572895.393281,91.10003662109375,10.794508934020996,1.0132416486740112,1.0132416486740112,1.5183128118515015,0,31.530000686645508,1.0132416486740112,1000,-0.001247994601726532,6.6233930587768555,0.03769472986459732,0,1.4471689462661743,7674.813181006,74.87164306640625,-0.42717859148979187,1.4471689462661743,-0.1281878650188446,0.436054527759552,165.97174072265625,7522.86865234375,3.4104883670806885,120.50244140625,43.349998474121094,1.4471689462661743
44,0.020238563418388367,0.014951929450035095,900000.0,1.5483639240264893,0.5737613439559937,45,1.5483639240264893,0.11125651001930237,5.930972099304199,0.00016500000492669642,1.1010489463806152,23,NaN,1.0494954586029053,1746573045.8839176,92.99596405029297,10.566912651062012,1.0094603300094604,1.0094603300094604,1.5483639240264893,0,27.549999237060547,1.0094603300094604,1000,-0.002439163625240326,7.724442005157471,0.035255566239356995,0,1.47581946849823,7820.092544499,57.4389533996582,-0.3159220814704895,1.47581946849823,-0.26894259452819824,0.4306488037109375,150.43496704101562,7673.35888671875,2.6422367095947266,132.94781494140625,40.75,1.47581946849823
45,0.022265471518039703,0.014915833249688148,920000.0,1.578222632408142,0.563225507736206,46,1.578222632408142,0.013095498085021973,6.81396484375,0.00016199999663513154,2.268017292022705,20,NaN,1.1148513555526733,1746573191.163263,95.628173828125,10.2426176071167,1.007020354270935,1.007020354270935,1.578222632408142,0,27.309999465942383,1.007020354270935,1000,0.006129506975412369,9.992459297180176,0.04138507321476936,0,1.5043528079986572,7973.055238805,49.59127426147461,-0.30282658338546753,1.5043528079986572,0.20940016210079193,0.4262654483318329,145.21951293945312,7818.6357421875,3.0517995357513428,137.72254943847656,54.150001525878906,1.5043528079986572
46,0.020387185737490654,0.015895098447799683,940000.0,1.6079045534133911,0.5625829100608826,47,1.6079045534133911,0.2703162953257561,7.138035297393799,0.00015900000289548188,2.8168277740478516,23,NaN,1.0952644348144531,1746573344.1258972,95.73906707763672,9.582215309143066,1.0020363330841064,1.002036213874817,1.6079045534133911,0,27.18000030517578,1.002036213874817,1000,-0.006603658199310303,12.809287071228027,0.03478141501545906,0,1.5344480276107788,8144.578352986,57.168548583984375,-0.032510288059711456,1.5344480276107788,-0.33823662996292114,0.4257674515247345,152.90769958496094,7971.603515625,3.620084285736084,130.79786682128906,96.0999984741211,1.5344480276107788
47,0.022124256938695908,0.01580994389951229,960000.0,1.6379530429840088,0.5550388097763062,48,1.6379530429840088,-0.04500617831945419,6.5108513832092285,0.000155999994603917,-4.591556549072266,31,NaN,0.9734368920326233,1746573515.6490498,94.72191619873047,9.295709609985352,1.0094102621078491,1.0094102621078491,1.6379530429840088,0,33.31999969482422,1.0094102621078491,1000,0.0005085431039333344,8.217730522155762,0.035289958119392395,0,1.5654727220535278,8307.443688648,76.74015808105469,-0.07751646637916565,1.5654727220535278,-0.09857479482889175,0.4227100908756256,171.46214294433594,8143.11962890625,3.134420871734619,116.6438217163086,84.19999694824219,1.5654727220535278
48,0.022068271413445473,0.016049791127443314,980000.0,1.6685032844543457,0.5398238897323608,49,1.6685032844543457,-0.27423062920570374,7.402777194976807,0.00015300000086426735,0.15135478973388672,28,NaN,1.1655222177505493,1746573678.514404,94.05982971191406,9.33680534362793,1.010590672492981,1.010590672492981,1.6685032844543457,0,35.380001068115234,1.010590672492981,1000,0.0013066232204437256,8.369085311889648,0.03659658133983612,0,1.596173882484436,8458.902690216,68.74694061279297,-0.3517470955848694,1.596173882484436,0.06445151567459106,0.41644570231437683,162.80682373046875,8305.986328125,3.3299782276153564,122.844970703125,55.25,1.596173882484436
49,0.020091336220502853,0.015412997454404831,1000000.0,1.6994316577911377,0.5169087052345276,50,1.6994316577911377,-0.06934323906898499,6.745123386383057,0.0001500000071246177,-0.4322805404663086,23,NaN,1.0820461511611938,1746573829.9733927,94.92784881591797,9.787424087524414,1.0128636360168457,1.0128635168075562,1.6994316577911377,0,34.4900016784668,1.0128635168075562,1000,0.006945006549358368,7.93680477142334,0.04354158788919449,0,1.6258690357208252,8597.397906986,56.472171783447266,-0.42109033465385437,1.6258690357208252,-0.2999385595321655,0.40705132484436035,151.40008544921875,8457.4453125,3.164083242416382,132.10032653808594,38.5,1.6258690357208252
50,0.020182620733976364,0.015405215322971344,1020000.0,1.7309120893478394,0.5129906535148621,51,1.7309120893478394,0.33302971720695496,7.257826328277588,0.00014699999883305281,4.412803649902344,18,NaN,1.0668786764144897,1746573968.4685414,94.23776245117188,9.737506866455078,1.0025490522384644,1.0025490522384644,1.7309120893478394,0,37.08000183105469,1.0025490522384644,1000,-0.0034496448934078217,12.349608421325684,0.04009194299578667,0,1.6566685438156128,8776.816355971,44.20326232910156,-0.08806061744689941,1.6566685438156128,0.44248297810554504,0.4055020213127136,138.4411163330078,8595.9453125,3.4877679347991943,144.46575927734375,86.8499984741211,1.6566685438156128
51,0.021985964849591255,0.015644673258066177,1040000.0,1.7625197172164917,0.5050928592681885,52,1.7625197172164917,-0.32738906145095825,7.401803970336914,0.00014400000509340316,-5.144899845123291,34,NaN,1.0819988250732422,1746574147.8870573,95.64237976074219,10.10960578918457,1.0112714767456055,1.011271357536316,1.7625197172164917,0,32.61000061035156,1.011271357536316,1000,-0.0006732381880283356,7.204708576202393,0.03941870480775833,0,1.6868106126785278,8930.649109234,83.70524597167969,-0.41544967889785767,1.6868106126785278,0.1361563801765442,0.40222427248954773,179.34768676757812,8775.3486328125,3.8989014625549316,111.51524353027344,46.70000076293945,1.6868106126785278
52,0.022704117000102997,0.016014339402318,1060000.0,1.793756127357483,0.5018388628959656,53,1.793756127357483,0.23432783782482147,6.490682601928711,0.00014099999680183828,1.4447321891784668,25,NaN,1.025014877319336,1746574301.7198048,92.48401641845703,10.48887825012207,1.0061191320419312,1.0061191320419312,1.793756127357483,0,26.8700008392334,1.0061191320419312,1000,-0.0030356422066688538,8.64944076538086,0.03638306260108948,0,1.7172452211380005,9080.399294316,61.27839660644531,-0.1811218410730362,1.7172452211380005,0.0776839405298233,0.4009426534175873,153.76248168945312,8929.1845703125,3.1989498138427734,130.07073974609375,67.4000015258789,1.7172452211380005
53,0.02070954628288746,0.014522825367748737,1080000.0,1.8247092962265015,0.49351751804351807,54,1.8247092962265015,-0.11751048266887665,6.503567218780518,0.00013800000306218863,0.13149642944335938,23,NaN,1.1249029636383057,1746574451.470008,92.6985092163086,10.361257553100586,1.0076760053634644,1.0076760053634644,1.8247092962265015,0,27.3799991607666,1.0076760053634644,1000,0.002977028489112854,8.780937194824219,0.03936009109020233,0,1.747251033782959,9230.336702412,56.964603424072266,-0.29863232374191284,1.747251033782959,0.13355186581611633,0.3978281319141388,149.6631622314453,9078.916015625,3.4061825275421143,133.63340759277344,50.95000076293945,1.747251033782959
54,0.020354265347123146,0.01583045721054077,1100000.0,1.8554356098175049,0.48604702949523926,55,1.8554356098175049,0.03702118992805481,6.750149250030518,0.00013499999477062374,0.028705596923828125,23,NaN,1.1625570058822632,1746574601.4073544,93.81777954101562,10.600912094116211,1.0079425573349,1.0079424381256104,1.8554356098175049,0,27.6299991607666,1.0079424381256104,1000,0.0017641671001911163,8.809642791748047,0.04112425819039345,0,1.7772246599197388,9384.65331309,56.05888748168945,-0.26161113381385803,1.7772246599197388,0.007341440767049789,0.3948136270046234,149.8767547607422,9228.8779296875,3.5665040016174316,133.44297790527344,59.0,1.7772246599197388
55,0.021487092599272728,0.015533671714365482,1120000.0,1.8856459856033325,0.47680744528770447,56,1.8856459856033325,-0.018078595399856567,6.030725955963135,0.0001320000010309741,-1.7494583129882812,25,NaN,1.1295963525772095,1746574755.7239408,93.10537719726562,11.022592544555664,1.0081218481063843,1.0081217288970947,1.8856459856033325,0,24.059999465942383,1.0081217288970947,1000,0.0038732998073101044,7.060184478759766,0.04499755799770355,0,1.8066812753677368,9541.985200071,61.149784088134766,-0.2796897292137146,1.8066812753677368,-0.19227446615695953,0.3911227881908417,154.25521850585938,9383.1943359375,3.020669937133789,129.65525817871094,47.650001525878906,1.8066812753677368
56,0.021369395777583122,0.015436286106705666,1140000.0,1.9156259298324585,0.4719221889972687,57,1.9156259298324585,0.010973691940307617,6.715482711791992,0.0001289999927394092,2.203700065612793,26,NaN,1.076722502708435,1746574913.0559742,93.47030639648438,10.630008697509766,1.0077502727508545,1.0077502727508545,1.9156259298324585,0,26.59000015258789,1.0077502727508545,1000,-0.0078667514026165,9.263884544372559,0.03713080659508705,0,1.8361510038375854,9693.718583174,63.78617477416992,-0.268716037273407,1.8361510038375854,-0.020850811153650284,0.38919147849082947,157.25653076171875,9540.513671875,3.1462624073028564,127.18072509765625,58.400001525878906,1.8361510038375854
57,0.020343605428934097,0.015305123291909695,1160000.0,1.9454337358474731,0.47605109214782715,58,1.9454337358474731,0.1690765917301178,6.32813024520874,0.00012599999899975955,0.2954235076904297,24,NaN,1.2543797492980957,1746575064.7892277,93.3229751586914,11.197029113769531,1.0022778511047363,1.0022778511047363,1.9454337358474731,0,26.90999984741211,1.0022778511047363,1000,0.010797146707773209,9.559308052062988,0.04792795330286026,0,1.8663331270217896,9857.877014732,58.33320999145508,-0.09963944554328918,1.8663331270217896,0.21651583909988403,0.3908713459968567,151.65623474121094,9692.2451171875,3.079230785369873,131.877197265625,74.75,1.8663331270217896
58,0.02079474739730358,0.015538671053946018,1180000.0,1.9750577211380005,0.4751996099948883,59,1.9750577211380005,-0.08796952664852142,6.3857951164245605,0.0001230000052601099,0.02212047576904297,28,NaN,1.1115854978561401,1746575228.9477046,93.3592758178711,11.12872314453125,1.004144549369812,1.004144549369812,1.9750577211380005,0,26.520000457763672,1.004144549369812,1000,0.0012219995260238647,9.581428527832031,0.049149952828884125,0,1.8966922760009766,10025.366495365,70.73716735839844,-0.1876089721918106,1.8966922760009766,-0.11160044372081757,0.39049232006073,164.09649658203125,9856.421875,2.745584487915039,121.87950134277344,63.79999923706055,1.8966922760009766
59,0.02007792331278324,0.015543737448751926,1200000.0,2.004826307296753,0.4760618805885315,60,2.004826307296753,0.05477830767631531,6.300533294677734,0.00011999999696854502,0.037540435791015625,30,NaN,1.0455683469772339,1746575396.4371479,93.37078094482422,11.032567977905273,1.0040768384933472,1.0040767192840576,2.004826307296753,0,29.889999389648438,1.0040767192840576,1000,-0.003363262861967087,9.618968963623047,0.04578668996691704,0,1.9275496006011963,10192.7113704,74.06106567382812,-0.1328306645154953,1.9275496006011963,0.2777091860771179,0.3908866345882416,167.43190002441406,10023.9111328125,2.7391841411590576,119.45154571533203,71.69999694824219,1.9275496006011963
60,0.020853741094470024,0.014965539798140526,1220000.0,2.0346617698669434,0.46463361382484436,61,2.0346617698669434,-0.24841316044330597,6.28180456161499,0.00011700000322889537,-3.3743977546691895,30,NaN,1.0415213108062744,1746575563.7820334,93.15654754638672,10.424059867858887,1.0083922147750854,1.0083922147750854,2.0346617698669434,0,29.1299991607666,1.0083922147750854,1000,-0.007955312728881836,6.244571208953857,0.0378313772380352,0,1.9573975801467896,10342.246275355,74.12686920166016,-0.38124382495880127,1.9573975801467896,0.09687937051057816,0.3865019977092743,167.28347778320312,10191.2509765625,2.993399143218994,119.55754089355469,38.5,1.9573975801467896
61,0.020020607858896255,0.01454998180270195,1240000.0,2.0643224716186523,0.4450324773788452,62,2.0643224716186523,-0.009733140468597412,6.972400188446045,0.0001140000022132881,0.2570366859436035,23,NaN,1.153796911239624,1746575713.317004,92.48506164550781,10.607199668884277,1.0091787576675415,1.009178638458252,2.0643224716186523,0,26.489999771118164,1.009178638458252,1000,0.006026454269886017,6.501607894897461,0.04385783150792122,0,1.9866609573364258,10497.749452617,56.9942741394043,-0.3909769654273987,1.9866609573364258,0.14136062562465668,0.37923017144203186,149.47940063476562,10340.7939453125,2.8714070320129395,133.79769897460938,45.5,1.9866609573364258
62,0.02025153860449791,0.016005564481019974,1260000.0,2.0934996604919434,0.42443516850471497,63,2.0934996604919434,-0.005236417055130005,6.290285110473633,0.00011100000119768083,-1.1343131065368652,26,NaN,1.3002872467041016,1746575868.8200932,91.22496795654297,10.634688377380371,1.0119112730026245,1.011911153793335,2.0934996604919434,0,22.90999984741211,1.011911153793335,1000,0.004432667046785355,5.367294788360596,0.048290498554706573,0,2.0149612426757812,10653.891036025,64.20176696777344,-0.3962133824825287,2.0149612426757812,-0.05548040568828583,0.37160253524780273,155.4268035888672,10496.275390625,2.761751174926758,128.6779327392578,35.95000076293945,2.0149612426757812
63,0.020006762817502022,0.014790164306759834,1280000.0,2.122039556503296,0.4113213121891022,64,2.122039556503296,0.15277959406375885,5.259611129760742,0.00010800000018207356,0.06542778015136719,26,NaN,0.9473696351051331,1746576024.9616466,91.84679412841797,10.296073913574219,1.0061248540878296,1.00612473487854,2.122039556503296,0,20.719999313354492,1.00612473487854,1000,-0.004836626350879669,5.432722568511963,0.043453872203826904,0,2.0427327156066895,10812.493522375,64.2369384765625,-0.24343378841876984,2.0427327156066895,0.249307781457901,0.3668785095214844,156.0838165283203,10652.435546875,2.3243179321289062,128.1362762451172,43.099998474121094,2.0427327156066895
64,0.020628999918699265,0.015022441744804382,1300000.0,2.1498470306396484,0.41504809260368347,65,2.1498470306396484,0.18546158075332642,5.084985256195068,0.0001049999991664663,2.0741586685180664,26,NaN,1.1093720197677612,1746576183.5641582,93.78917694091797,10.07731819152832,1.0007038116455078,1.0007038116455078,2.1498470306396484,0,19.020000457763672,1.0007038116455078,1000,-0.006209336221218109,7.506881237030029,0.037244535982608795,0,2.070969581604004,10973.584680795,64.74211883544922,-0.05797220766544342,2.070969581604004,-0.1814994364976883,0.3680857717990875,158.53135681152344,10811.0263671875,2.2498464584350586,126.15800476074219,63.54999923706055,2.070969581604004
65,0.0203093308955431,0.015019084326922894,1320000.0,2.177140951156616,0.4169852137565613,66,2.177140951156616,-0.15322259068489075,5.273836612701416,0.00010199999815085903,0.12056875228881836,28,NaN,1.1491739749908447,1746576344.6553879,91.57950592041016,10.542158126831055,1.004353642463684,1.004353642463684,2.177140951156616,0,20.469999313354492,1.004353642463684,1000,0.008791714906692505,7.627449989318848,0.0460362508893013,0,2.0989484786987305,11137.834699469,69.45077514648438,-0.21119479835033417,2.0989484786987305,-0.12368817627429962,0.3687548041343689,161.0303497314453,10972.126953125,2.081024646759033,124.2001953125,48.599998474121094,2.0989484786987305
66,0.020525582134723663,0.01498094666749239,1340000.0,2.2039501667022705,0.4001826047897339,67,2.2039501667022705,-0.1546594351530075,5.78251314163208,9.899999713525176e-05,-1.4454655647277832,30,NaN,1.0117486715316772,1746576508.9052901,90.06402587890625,10.207399368286133,1.008463740348816,1.008463740348816,2.2039501667022705,0,20.18000030517578,1.008463740348816,1000,-0.011358272284269333,6.1819844245910645,0.03467797860503197,0,2.12604022026062,11300.252742669,74.11094665527344,-0.3658542335033417,2.12604022026062,-0.22346195578575134,0.36257779598236084,164.175048828125,11136.3623046875,2.8866069316864014,121.8211898803711,34.599998474121094,2.12604022026062
67,0.020606227219104767,0.015429959632456303,1360000.0,2.2305796146392822,0.3886018395423889,68,2.2305796146392822,0.10396495461463928,5.448755264282227,9.600000339560211e-05,0.32218265533447266,29,NaN,1.0241491794586182,1746576671.3233666,91.08326721191406,9.46854019165039,1.009494662284851,1.009494662284851,2.2305796146392822,0,22.739999771118164,1.009494662284851,1000,0.0041203126311302185,6.504167079925537,0.038798291236162186,0,2.1527938842773438,11471.964520764,71.26419830322266,-0.2618892788887024,2.1527938842773438,0.011172141879796982,0.3584507405757904,162.34751892089844,11298.7841796875,2.4447145462036133,123.19252014160156,44.150001525878906,2.1527938842773438
68,0.020767979323863983,0.015316056087613106,1380000.0,2.2570629119873047,0.3779871165752411,69,2.2570629119873047,-0.00030303001403808594,5.7038774490356445,9.300000237999484e-05,-0.12022924423217773,32,NaN,1.0965417623519897,1746576843.0351174,92.88333892822266,9.617022514343262,1.0088450908660889,1.0088450908660889,2.2570629119873047,0,22.829999923706055,1.0088450908660889,1000,-0.0009919516742229462,6.383937835693359,0.03780633956193924,0,2.179356813430786,11646.337363711,78.76860809326172,-0.2621923089027405,2.179356813430786,0.000256367027759552,0.3548058569431305,171.6520233154297,11470.5068359375,2.5374646186828613,116.5147933959961,46.400001525878906,2.179356813430786
69,0.02015027031302452,0.01535747293382883,1400000.0,2.283066987991333,0.3570040166378021,70,2.283066987991333,-0.1367919147014618,5.322423458099365,9.000000136438757e-05,-1.6543283462524414,34,NaN,1.004050850868225,1746577017.4080374,89.75907897949219,9.738037109375,1.0131593942642212,1.0131592750549316,2.283066987991333,0,19.25,1.0131592750549316,1000,0.003980156034231186,4.729609489440918,0.041786495596170425,0,2.204775810241699,11833.234581731,84.55218505859375,-0.39898422360420227,2.204775810241699,0.11527061462402344,0.3477132022380829,174.31134033203125,11644.8798828125,2.321650505065918,114.73722839355469,26.299999237060547,2.204775810241699
70,0.020892878994345665,0.01529753115028143,1420000.0,2.30853271484375,0.3432002365589142,71,2.30853271484375,0.174449622631073,5.075243949890137,8.70000003487803e-05,-0.29239606857299805,39,NaN,0.883607804775238,1746577204.3052826,91.82896423339844,9.083678245544434,1.006587028503418,1.0065869092941284,2.30853271484375,0,18.1299991607666,1.0065869092941284,1000,-0.003695789724588394,4.43721342086792,0.03809070587158203,0,2.2300031185150146,12005.742177861,95.00688934326172,-0.22453460097312927,2.2300031185150146,-0.18689896166324615,0.3428500294685364,186.83592224121094,11831.7744140625,2.1938135623931885,107.0457992553711,43.29999923706055,2.2300031185150146
71,0.02026117779314518,0.01574871875345707,1440000.0,2.3336567878723145,0.33620667457580566,72,2.3336567878723145,0.021738499402999878,6.1555681228637695,8.399999933317304e-05,1.802706241607666,32,NaN,1.191805124282837,1746577376.81284,94.60552978515625,9.649579048156738,1.0080511569976807,1.0080511569976807,2.3336567878723145,0,19.489999771118164,1.0080511569976807,1000,0.0051652006804943085,6.239919662475586,0.04325590655207634,0,2.2558000087738037,12193.233685965,77.84151458740234,-0.2027961015701294,2.2558000087738037,0.027618177235126495,0.34041628241539,172.4470977783203,12004.283203125,2.8756346702575684,115.97759246826172,58.599998474121094,2.2558000087738037
72,0.01881643570959568,0.015063481405377388,1460000.0,2.3582592010498047,0.3295036852359772,73,2.3582592010498047,-0.1343112587928772,4.907505512237549,8.099999831756577e-05,-1.8246593475341797,40,NaN,1.040373682975769,1746577564.3043349,89.74301147460938,9.694038391113281,1.0099053382873535,1.0099053382873535,2.3582592010498047,0,17.329999923706055,1.0099053382873535,1000,-0.0027030520141124725,4.415260314941406,0.04055285453796387,0,2.2805683612823486,12370.554079922,97.69020080566406,-0.3371073603630066,2.2805683612823486,-0.041197143495082855,0.33802691102027893,187.4332733154297,12191.7763671875,2.1873538494110107,106.70464324951172,26.950000762939453,2.2805683612823486
73,0.020398717373609543,0.01548271719366312,1480000.0,2.382511615753174,0.3264862596988678,74,2.382511615753174,0.26048409938812256,4.4905829429626465,7.79999973019585e-05,1.2058839797973633,35,NaN,1.002773642539978,1746577741.6247606,92.0373764038086,9.399273872375488,1.0049852132797241,1.0049852132797241,2.382511615753174,0,18.440000534057617,1.0049852132797241,1000,-0.005561180412769318,5.6211442947387695,0.03499167412519455,0,2.3057143688201904,12560.85946325,85.21324157714844,-0.07662326097488403,2.3057143688201904,-0.20088063180446625,0.33705607056617737,177.25067138671875,12369.091796875,2.1252694129943848,112.83454895019531,53.25,2.3057143688201904
74,0.019138067960739136,0.014759533107280731,1500000.0,2.406582832336426,0.32599306106567383,75,2.406582832336426,-0.13486966490745544,4.887879371643066,7.500000356230885e-05,-0.46860456466674805,40,NaN,1.1153314113616943,1746577931.9300516,92.30594635009766,9.052268028259277,1.0064387321472168,1.0064387321472168,2.406582832336426,0,19.68000030517578,1.0064387321472168,1000,0.0012722685933113098,5.1525397300720215,0.03626394271850586,0,2.3307254314422607,12750.924527405,97.94009399414062,-0.21149292588233948,2.3307254314422607,0.30708110332489014,0.3368127942085266,190.24610900878906,12559.4013671875,1.976070761680603,105.12699127197266,43.400001525878906,2.3307254314422607
75,0.02012813836336136,0.015089860185980797,1520000.0,2.430516481399536,0.3162821829319,76,2.430516481399536,-0.05999746918678284,4.972445011138916,7.200000254670158e-05,-0.2000112533569336,40,NaN,1.162865400314331,1746578121.9951568,91.59378814697266,9.595996856689453,1.0071313381195068,1.0071313381195068,2.430516481399536,0,19.860000610351562,1.0071313381195068,1000,0.0024030394852161407,4.952528476715088,0.038666982203722,0,2.355375289916992,12930.419753233,98.40935516357422,-0.2714903950691223,2.355375289916992,-0.1354529857635498,0.3336680829524994,190.00320434570312,12749.46484375,2.2807748317718506,105.26138305664062,38.45000076293945,2.355375289916992
76,0.020113369449973106,0.015211018733680248,1540000.0,2.4544742107391357,0.3012896776199341,77,2.4544742107391357,0.11819665133953094,5.2700700759887695,6.900000153109431e-05,1.5473566055297852,36,NaN,1.1855863332748413,1746578301.4903755,91.12252044677734,9.587891578674316,1.0052396059036255,1.0052396059036255,2.4544742107391357,0,21.219999313354492,1.0052396059036255,1000,0.001428760588169098,6.499885082244873,0.0400957427918911,0,2.380519151687622,13119.480304386,87.6077651977539,-0.15329374372959137,2.380519151687622,-0.3464658856391907,0.32877421379089355,178.7303466796875,12928.2587890625,2.4887709617614746,111.90042114257812,54.849998474121094,2.380519151687622
77,0.019224276766180992,0.014961495995521545,1560000.0,2.478506326675415,0.29488399624824524,78,2.478506326675415,-0.14221437275409698,5.005283355712891,6.600000051548705e-05,-1.535970687866211,40,NaN,1.1332155466079712,1746578490.550995,91.43936157226562,9.686659812927246,1.009264588356018,1.009264588356018,2.478506326675415,0,21.65999984741211,1.009264588356018,1000,-0.0013289935886859894,4.963914394378662,0.03876674920320511,0,2.4050638675689697,13311.94660707,97.5469970703125,-0.29550811648368835,2.4050638675689697,-0.3298753499984741,0.3266185522079468,188.98641967773438,13118.0087890625,2.446542978286743,105.82770538330078,33.79999923706055,2.4050638675689697
78,0.019067389890551567,0.014496314339339733,1580000.0,2.5024752616882324,0.2744855284690857,79,2.5024752616882324,-0.030888080596923828,5.542392730712891,6.299999949987978e-05,0.4187812805175781,40,NaN,1.065294861793518,1746578683.017286,94.14063262939453,9.947927474975586,1.0077731609344482,1.0077731609344482,2.5024752616882324,0,20.34000015258789,1.0077731609344482,1000,0.0017499178647994995,5.38269567489624,0.04051666706800461,0,2.4293158054351807,13504.589337653,98.19969940185547,-0.3263961970806122,2.4293158054351807,0.2729370892047882,0.3201366662979126,192.3404083251953,13310.423828125,2.334510326385498,103.98231506347656,38.54999923706055,2.4293158054351807
79,0.019767044112086296,0.015362350270152092,1600000.0,2.5266292095184326,0.2707149386405945,80,2.5266292095184326,0.1866292804479599,5.963636875152588,5.999999848427251e-05,2.0718750953674316,40,NaN,1.1219847202301025,1746578875.6598992,94.50679016113281,10.02103042602539,1.003387451171875,1.003387451171875,2.5266292095184326,0,22.59000015258789,1.003387451171875,1000,-0.0043918676674366,7.454570770263672,0.03612479940056801,0,2.4545788764953613,13695.326830973,98.07136535644531,-0.13976691663265228,2.4545788764953613,0.10886093974113464,0.31902918219566345,192.57826232910156,13503.1279296875,2.5786259174346924,103.8538818359375,64.0,2.4545788764953613
80,0.017539143562316895,0.014262888580560684,1620000.0,2.550971508026123,0.2675086557865143,81,2.550971508026123,-0.10215626657009125,5.395711421966553,5.700000110664405e-05,-1.0150561332702637,40,NaN,1.0530142784118652,1746579066.3975172,92.29247283935547,10.170809745788574,1.0067930221557617,1.0067930221557617,2.550971508026123,0,22.729999542236328,1.0067930221557617,1000,0.006720699369907379,6.439514636993408,0.04284549877047539,0,2.4798684120178223,13885.215027234,98.38617706298828,-0.24192318320274353,2.4798684120178223,0.2361130565404892,0.3180678188800812,190.67872619628906,13693.87109375,2.520170211791992,104.88847351074219,46.099998474121094,2.4798684120178223
81,0.017355211079120636,0.01368379034101963,1640000.0,2.575115203857422,0.2537619173526764,82,2.575115203857422,-0.08390271663665771,4.962308406829834,5.400000009103678e-05,-1.4332709312438965,40,NaN,1.07156503200531,1746579256.2857418,91.46035766601562,10.120784759521484,1.0090268850326538,1.0090268850326538,2.575115203857422,0,19.170000076293945,1.0090268850326538,1000,0.003991924226284027,5.006243705749512,0.046837422996759415,0,2.5043416023254395,14073.936859217,98.36465454101562,-0.32582589983940125,2.5043416023254395,0.05147887021303177,0.3138416111469269,189.82508850097656,13883.7548828125,2.3344616889953613,105.36015319824219,29.549999237060547,2.5043416023254395
82,0.01678645610809326,0.014456850476562977,1660000.0,2.599069356918335,0.2422570437192917,83,2.599069356918335,0.021872222423553467,4.769901752471924,5.0999999075429514e-05,-1.2698907852172852,40,NaN,1.099098563194275,1746579445.0075445,90.53534698486328,9.613512992858887,1.0099999904632568,1.0099999904632568,2.599069356918335,0,19.010000228881836,1.0099999904632568,1000,-0.013623889535665512,3.7363529205322266,0.0332135334610939,0,2.5281453132629395,14262.591598182,98.11836242675781,-0.3039536774158478,2.5281453132629395,0.37913835048675537,0.31037887930870056,188.65377807617188,14072.4697265625,2.1078264713287354,106.01431274414062,30.75,2.5281453132629395
83,0.017019130289554596,0.014624189585447311,1680000.0,2.6229522228240967,0.24073410034179688,84,2.6229522228240967,0.09816223382949829,4.703296661376953,4.8000001697801054e-05,1.2481818199157715,40,NaN,1.1910982131958008,1746579633.6622639,90.55692291259766,10.162943840026855,1.0075174570083618,1.0075175762176514,2.6229522228240967,0,19.8799991607666,1.0075175762176514,1000,0.012157421559095383,4.984534740447998,0.045370955020189285,0,2.551952838897705,14456.591551008,98.02689361572266,-0.2057914435863495,2.551952838897705,0.03421780467033386,0.3101029098033905,188.5839080810547,14261.1240234375,2.0146307945251465,106.0535888671875,42.349998474121094,2.551952838897705
84,0.017296526581048965,0.014040231704711914,1700000.0,2.646695852279663,0.2375703603029251,85,2.646695852279663,0.09347953647375107,4.891584396362305,4.5000000682193786e-05,1.1584758758544922,40,NaN,1.3146971464157104,1746579827.6622877,95.2783432006836,10.796104431152344,1.0033460855484009,1.0033460855484009,2.646695852279663,0,19.1200008392334,1.0033460855484009,1000,-0.0020307637751102448,6.14301061630249,0.04334019124507904,0,2.5763771533966064,14646.784959761,98.66397094726562,-0.11231190711259842,2.5763771533966064,0.314107209444046,0.3091141879558563,193.9423828125,14455.1357421875,2.076647996902466,103.1234130859375,54.20000076293945,2.5763771533966064
85,0.015261306427419186,0.013319763354957104,1720000.0,2.6701040267944336,0.23066431283950806,86,2.6701040267944336,-0.13082291930913925,4.441713333129883,4.199999966658652e-05,-1.5206923484802246,40,NaN,1.0727990865707397,1746580017.8556416,92.30342102050781,10.590758323669434,1.0071964263916016,1.0071964263916016,2.6701040267944336,0,17.1200008392334,1.0071964263916016,1000,-0.003716669976711273,4.622318267822266,0.03962352126836777,0,2.60028338432312,14834.454871536,97.81195068359375,-0.24313482642173767,2.60028338432312,0.09524688124656677,0.3069281578063965,190.1154327392578,14645.3095703125,1.912782073020935,105.19924926757812,33.29999923706055,2.60028338432312
86,0.012805656529963017,0.012287101708352566,1740000.0,2.693117141723633,0.2242182493209839,87,2.693117141723633,-0.11478990316390991,4.6878533363342285,3.899999865097925e-05,-1.1774392127990723,40,NaN,1.1171048879623413,1746580205.5255244,89.31295776367188,9.91556453704834,1.0080511569976807,1.0080511569976807,2.693117141723633,0,16.219999313354492,1.0080511569976807,1000,0.0029955580830574036,3.4448790550231934,0.04261907935142517,0,2.6231372356414795,15025.082230247,98.28861999511719,-0.3579247295856476,2.6231372356414795,0.26086145639419556,0.30490511655807495,187.6016845703125,14832.9951171875,1.9258036613464355,106.60885620117188,22.200000762939453,2.6231372356414795
87,0.014643682166934013,0.013270472176373005,1760000.0,2.7158405780792236,0.21668961644172668,88,2.7158405780792236,0.0600128173828125,5.592514991760254,3.600000127335079e-05,1.89192533493042,40,NaN,1.2062039375305176,1746580396.1528687,92.45140838623047,10.232675552368164,1.0069538354873657,1.0069539546966553,2.7158405780792236,0,16.770000457763672,1.0069539546966553,1000,-0.0028564445674419403,5.336804389953613,0.03976263478398323,0,2.646090269088745,15217.820430758,98.11681365966797,-0.2979119122028351,2.646090269088745,-0.020044192671775818,0.3028120696544647,190.56829833984375,15023.625,2.4716479778289795,104.94924926757812,41.849998474121094,2.646090269088745
88,0.01367439515888691,0.012974077835679054,1780000.0,2.738471031188965,0.21870900690555573,89,2.738471031188965,0.13342508673667908,4.880154609680176,3.300000025774352e-05,0.8004155158996582,40,NaN,1.1144698858261108,1746580588.8911023,93.23055267333984,9.64084243774414,1.004201889038086,1.004201889038086,2.738471031188965,0,18.239999771118164,1.004201889038086,1000,0.0023535266518592834,6.1372199058532715,0.042116161435842514,0,2.6694750785827637,15406.227730934,99.44862365722656,-0.164486825466156,2.6694750785827637,0.07370828092098236,0.3034529983997345,192.6792449951172,15216.36328125,2.175546884536743,103.79945373535156,48.25,2.6694750785827637
89,0.012682969681918621,0.012137677520513535,1800000.0,2.7607667446136475,0.21656720340251923,90,2.7607667446136475,-0.12024500966072083,4.888487815856934,2.9999999242136255e-05,-1.24025297164917,40,NaN,1.0396374464035034,1746580777.298399,89.84803771972656,8.992884635925293,1.0063140392303467,1.0063140392303467,2.7607667446136475,0,15.920000076293945,1.0063140392303467,1000,-0.006922699511051178,4.896966934204102,0.035193461924791336,0,2.6924753189086914,15594.607720649,98.50151062011719,-0.28473183512687683,2.6924753189086914,0.29783618450164795,0.3028680682182312,188.349609375,15404.7724609375,2.134608030319214,106.18551635742188,33.5,2.6924753189086914
90,0.01222806517034769,0.012267332524061203,1820000.0,2.7831811904907227,0.2182629257440567,91,2.7831811904907227,0.17799067497253418,4.506107807159424,2.700000004551839e-05,0.9855036735534668,40,NaN,0.9536336064338684,1746580965.6783915,90.08338928222656,8.385022163391113,1.000951886177063,1.000951886177063,2.7831811904907227,0,19.649999618530273,1.000951886177063,1000,0.0008199252188205719,5.882470607757568,0.03601338714361191,0,2.7159993648529053,15781.927914674,98.17388153076172,-0.10674116015434265,2.7159993648529053,-0.007132411003112793,0.3034794330596924,188.25732421875,15593.087890625,1.953237533569336,106.23756408691406,49.79999923706055,2.7159993648529053
91,0.010991062968969345,0.011452816426753998,1840000.0,2.805781602859497,0.22258974611759186,92,2.805781602859497,-0.16327565908432007,4.97614860534668,2.4000000848900527e-05,-1.302424430847168,40,NaN,1.0122089385986328,1746581152.998632,88.93716430664062,8.310164451599121,1.0054171085357666,1.0054171085357666,2.805781602859497,0,20.299999237060547,1.0054171085357666,1000,0.00231720507144928,4.5800461769104,0.03833059221506119,0,2.7392263412475586,15972.467196941,98.31685638427734,-0.2700168192386627,2.7392263412475586,0.031209401786327362,0.30479922890663147,187.25408935546875,15780.46484375,2.161487579345703,106.80674743652344,35.20000076293945,2.7392263412475586
92,0.011508331634104252,0.011631731875240803,1860000.0,2.8287694454193115,0.22185221314430237,93,2.8287694454193115,0.22088037431240082,5.062396049499512,2.099999983329326e-05,1.8104519844055176,40,NaN,1.0307637453079224,1746581343.5379143,92.7715835571289,8.305508613586426,1.0019657611846924,1.0019657611846924,2.8287694454193115,0,22.229999542236328,1.0019657611846924,1000,0.003670819103717804,6.390498161315918,0.04200141131877899,0,2.7636117935180664,16158.658941406,97.70572662353516,-0.0491364449262619,2.7636117935180664,0.004889048635959625,0.3046279549598694,190.4773712158203,15971.0078125,2.2758142948150635,104.99935150146484,62.099998474121094,2.7636117935180664
93,0.009363225661218166,0.010393423028290272,1880000.0,2.8518407344818115,0.22522714734077454,94,2.8518407344818115,-0.22001801431179047,4.368311882019043,1.8000000636675395e-05,-2.3593549728393555,40,NaN,0.8225429654121399,1746581529.7296062,88.38168334960938,7.8076252937316895,1.0035202503204346,1.0035202503204346,2.8518407344818115,0,19.780000686645508,1.0035202503204346,1000,-0.00046910718083381653,4.0311431884765625,0.041532304137945175,0,2.7872955799102783,16346.522357128,97.74696350097656,-0.26915445923805237,2.7872955799102783,-0.16841386258602142,0.305756539106369,186.1287078857422,16157.1982421875,1.966726541519165,107.45252990722656,29.149999618530273,2.7872955799102783
94,0.008871018886566162,0.010035941377282143,1900000.0,2.875070571899414,0.22290894389152527,95,2.875070571899414,-0.00250852108001709,4.524611949920654,1.4999999621068127e-05,0.6610851287841797,40,NaN,1.062625527381897,1746581717.5929396,89.26204681396484,8.151981353759766,1.0049585103988647,1.0049585103988647,2.875070571899414,0,20.469999313354492,1.0049585103988647,1000,0.0015409216284751892,4.692228317260742,0.043073225766420364,0,2.8104190826416016,16535.986470408,98.54214477539062,-0.27166298031806946,2.8104190826416016,-0.0538528710603714,0.3050290644168854,187.80429077148438,16345.064453125,2.1074838638305664,106.49384307861328,30.399999618530273,2.8104190826416016
95,0.007693418767303228,0.00982715468853712,1920000.0,2.8980910778045654,0.22312715649604797,96,2.8980910778045654,0.012545168399810791,4.788057804107666,1.2000000424450263e-05,-0.3863658905029297,40,NaN,1.1425142288208008,1746581907.0572188,91.4526596069336,8.681397438049316,1.0041313171386719,1.0041313171386719,2.8980910778045654,0,17.280000686645508,1.0041313171386719,1000,-0.005763240158557892,4.3058624267578125,0.03730998560786247,0,2.833244562149048,16723.154752208,97.95567321777344,-0.25911781191825867,2.833244562149048,-0.003007173538208008,0.30509042739868164,189.4084014892578,16534.53125,2.350572109222412,105.5919418334961,34.099998474121094,2.833244562149048
96,0.007846765220165253,0.009570249356329441,1940000.0,2.921074628829956,0.2301759123802185,97,2.921074628829956,0.11117106676101685,3.896238327026367,9.000000318337698e-06,-0.795574426651001,40,NaN,0.9702195525169373,1746582094.2253528,89.37191009521484,9.22805404663086,1.0020699501037598,1.0020699501037598,2.921074628829956,0,18.56999969482422,1.0020699501037598,1000,0.0032636113464832306,3.5102880001068115,0.0405735969543457,0,2.8559327125549316,16912.231939087,97.73084259033203,-0.14794674515724182,2.8559327125549316,0.32477161288261414,0.3072786033153534,187.10287475585938,16721.69140625,1.7682405710220337,106.89307403564453,36.400001525878906,2.8559327125549316
97,0.006917278748005629,0.009055382572114468,1960000.0,2.9436161518096924,0.23760271072387695,98,2.9436161518096924,0.012749388813972473,3.674774169921875,6.000000212225132e-06,0.2484745979309082,40,NaN,0.9242013692855835,1746582283.3025565,90.65028381347656,9.334181785583496,1.0007327795028687,1.0007327795028687,2.9436161518096924,0,14.930000305175781,1.0007327795028687,1000,0.005265723913908005,3.7587625980377197,0.04583932086825371,0,2.87841534614563,17101.031391767,98.34807586669922,-0.13519735634326935,2.87841534614563,-0.004891254007816315,0.3095557987689972,188.9984130859375,16910.755859375,1.7060920000076294,105.82099151611328,34.79999923706055,2.87841534614563
98,0.005372269079089165,0.008030190132558346,1980000.0,2.9656221866607666,0.24046950042247772,99,2.9656221866607666,-0.11515821516513824,3.6862854957580566,3.000000106112566e-06,-0.4625997543334961,40,NaN,1.3456443548202515,1746582472.1020548,90.91070556640625,10.6991548538208,1.0025043487548828,1.0025043487548828,2.9656221866607666,0,13.699999809265137,1.0025043487548828,1000,0.0022281892597675323,3.2961628437042236,0.04806751012802124,0,2.9000067710876465,17291.64672018,97.82636260986328,-0.2503555715084076,2.9000067710876465,-0.3962293267250061,0.3104371428489685,188.73715209960938,17099.572265625,1.6914527416229248,105.96747589111328,22.0,2.9000067710876465
99,0.004026987124234438,0.006880549248307943,2000000.0,2.987248659133911,0.24191883206367493,100,2.987248659133911,0.2750158794224262,3.553786039352417,0.0,2.824561357498169,40,NaN,1.1581510305404663,1746582662.7174156,91.98735809326172,10.650216102600098,0.9995566010475159,0.9995566010475159,2.987248659133911,0,14.550000190734863,0.9995566010475159,1000,-0.01017957553267479,6.120724201202393,0.03788793459534645,0,2.92232608795166,17292.659879121,98.56877899169922,0.02466030791401863,2.92232608795166,0.08198349177837372,0.3108571767807007,190.55618286132812,17290.189453125,1.6284672021865845,104.95591735839844,49.599998474121094,2.92232608795166
