Time/Rollout,_step,Metrics/LagrangeMultiplier/Max,Loss/Loss_cost_critic/Delta,Train/StopIter,Time/FPS,Train/PolicyRatio/Min,Train/Epoch,_runtime,Loss/Loss_pi,Train/PolicyStd,Value/reward,Train/LR,Loss/Loss_pi/Delta,Value/cost,Metrics/EpLen,Metrics/LagrangeMultiplier/Min,Train/PolicyRatio/Max,TotalEnvSteps,Value/Adv,Time/Epoch,Time/Total,Metrics/EpCost,Metrics/LagrangeMultiplier/Std,Train/Entropy,Metrics/LagrangeMultiplier,Loss/Loss_reward_critic,Train/PolicyRatio,Loss/Loss_cost_critic,Train/PolicyRatio/Std,Train/KL,_timestamp,Metrics/EpRet,Loss/Loss_reward_critic/Delta,Time/Update
96.8712387084961,1,0.0044999998062849045,0.8604794144630432,40,103.0229263305664,0.9997692704200745,0,391.106528006,-0.010083166882395744,0.9970536828041077,0.049430109560489655,0.0002969999914057553,-0.010083166882395744,-0.021548766642808914,1000,0.0044999998062849045,0.9997692704200745,20000,0.014585934579372406,194.1315460205078,194.1327362060547,13.699999809265137,0,1.4159798622131348,0.0044999998062849045,0.007154825609177351,0.9997692108154297,0.8604794144630432,0.010972005315124989,0.008972004055976868,1745028267.0154662,-1.452453374862671,0.007154825609177351,97.26016235351562
95.94915771484375,2,0.007906466722488403,-0.5041078925132751,40,102.11488342285156,0.9997380971908569,1,586.685834268,-0.01257374044507742,0.9940234422683716,0.014093360863626003,0.00029399999766610563,-0.002490573562681675,0.4021611213684082,1000,0.007906466722488403,0.9997380971908569,40000,0.2849665880203247,195.8578338623047,390.0904541015625,9.375,0,1.412928819656372,0.007906466722488403,0.006278227549046278,0.9997380375862122,0.35637152194976807,0.012381577864289284,0.01426307950168848,1745028462.9586945,-0.9589858055114746,-0.000876598060131073,99.90860748291016
96.35244750976562,3,0.011325372382998466,0.5112751722335815,40,102.30282592773438,0.998603343963623,2,783.953217057,-0.012395931407809258,0.9803833961486816,0.024587634950876236,0.000291000003926456,0.00017780903726816177,0.6001433730125427,1000,0.011325372382998466,0.998603343963623,60000,0.08063067495822906,195.49801635742188,585.6712036132812,18.78333282470703,0,1.3991169929504395,0.011325372382998466,0.004317763727158308,0.998603343963623,0.8676466941833496,0.012523675337433815,0.012470371089875698,1745028658.5382507,-0.5652639269828796,-0.00196046382188797,99.1455078125
97.71873474121094,4,0.01473403163254261,1.1780076026916504,40,101.42341613769531,0.998662531375885,3,980.239432515,-0.019451556727290154,0.960905909538269,0.00405120337381959,0.0002880000101868063,-0.007055625319480896,0.8758059740066528,1000,0.01473403163254261,0.998662531375885,80000,-0.265727162361145,197.193115234375,782.9415283203125,25.924999237060547,0,1.3790233135223389,0.01473403163254261,0.004073754884302616,0.998662531375885,2.045654296875,0.013838843442499638,0.014832315035164356,1745028855.805376,-0.31466802954673767,-0.0002440088428556919,99.47431182861328
97.36203002929688,5,0.01816786453127861,-0.3312414884567261,40,101.94014739990234,1.0002187490463257,4,1174.494916862,-0.010538958013057709,0.9478532671928406,0.03663879260420799,0.0002849999873433262,0.008912598714232445,1.077234148979187,1000,0.01816786453127861,1.0002187490463257,100000,0.011379268020391464,196.1935577392578,979.2171630859375,30.299999237060547,0,1.3653161525726318,0.01816786453127861,0.021278921514749527,1.0002187490463257,1.714412808418274,0.012352713383734226,0.01305463258177042,1745029052.0914912,-0.24735867977142334,0.01720516663044691,98.83145904541016
96.64323425292969,6,0.0216459259390831,-1.2540944516658783,40,103.00071716308594,0.9997484683990479,5,1366.300525918,-0.017070403322577477,0.922039806842804,0.02773580700159073,0.00028199999360367656,-0.006531445309519768,1.0774011611938477,1000,0.0216459259390831,0.9997484683990479,120000,0.053055644035339355,194.17340087890625,1173.4791259765625,28.389999389648438,0,1.3376485109329224,0.0216459259390831,0.0053638736717402935,0.9997484683990479,0.46031835675239563,0.01350829191505909,0.014519914984703064,1745029246.347109,0.23328182101249695,-0.015915047843009233,97.53010559082031
95.20320892333984,7,0.02516254410147667,0.25393155217170715,40,104.32662963867188,0.9994792938232422,6,1557.730832934,-0.0164068341255188,0.8958314657211304,0.028670264407992363,0.0002789999998640269,0.0006635691970586777,1.0937583446502686,1000,0.02516254410147667,0.9994792938232422,140000,-0.016506213694810867,191.7056121826172,1365.2667236328125,31.65999984741211,0,1.3088191747665405,0.02516254410147667,0.007687656674534082,0.9994792938232422,0.7142499089241028,0.012854333035647869,0.01483716070652008,1745029438.1523697,0.47309666872024536,0.002323783002793789,96.50231170654297
93.63150787353516,8,0.028709575533866882,0.9682778716087341,40,104.52391052246094,0.9990295171737671,7,1753.673096325,-0.020924553275108337,0.8847551941871643,0.04091674089431763,0.00027600000612437725,-0.004517719149589539,1.9914731979370117,1000,0.028709575533866882,0.9990295171737671,160000,-0.5669690370559692,191.34378051757812,1556.7122802734375,30.920000076293945,0,1.296359658241272,0.028709575533866882,0.00862572155892849,0.9990295171737671,1.682527780532837,0.013557873666286469,0.015290206298232079,1745029629.5833979,0.5183550119400024,0.0009380648843944073,97.71221923828125
97.03546142578125,9,0.03226146847009659,-0.5880081653594971,40,102.10258483886719,0.9993686676025391,8,1948.477784585,-0.018487004563212395,0.8680823445320129,0.05946376919746399,0.0002730000123847276,0.0024375487118959427,1.5817961692810059,1000,0.03226146847009659,0.9993686676025391,180000,0.07637226581573486,195.8814239501953,1752.672119140625,26.90999984741211,0,1.2773019075393677,0.03226146847009659,0.00502373930066824,0.9993686676025391,1.0945196151733398,0.01281249150633812,0.013721542432904243,1745029825.5255132,0.5414487719535828,-0.00360198225826025,98.84589385986328
96.68094635009766,10,0.0357603020966053,-0.352159321308136,40,102.70917510986328,0.9995949864387512,9,2138.826118313,-0.020506607368588448,0.8540199398994446,0.049491334706544876,0.0002699999895412475,-0.002019602805376053,2.2259273529052734,1000,0.0357603020966053,0.9995949864387512,200000,-0.12791502475738525,194.72457885742188,1947.45947265625,20.010000228881836,0,1.2609517574310303,0.0357603020966053,0.004494292661547661,0.9995949864387512,0.7423602938652039,0.013359353877604008,0.016812605783343315,1745030020.3300323,0.6615412831306458,-0.0005294466391205788,98.04348754882812
94.49760437011719,11,0.039244282990694046,0.03355163335800171,40,105.11289978027344,0.9977806806564331,10,2307.290002872,-0.02182088978588581,0.8443413972854614,0.062304649502038956,0.00026699999580159783,-0.0013142824172973633,2.370272397994995,1000,0.039244282990694046,0.9977806806564331,220000,0.2263822853565216,190.2716064453125,2137.812255859375,22.889999389648438,0,1.2495332956314087,0.039244282990694046,0.008468796499073505,0.9977806806564331,0.7759119272232056,0.013904904015362263,0.020121850073337555,1745030210.678134,0.5785419344902039,0.003974503837525845,95.77394104003906
94.70027923583984,12,0.04269113391637802,-0.30979791283607483,30,118.7775650024414,0.9992377758026123,11,2493.94463269,-0.020236963406205177,0.8228975534439087,0.06729161739349365,0.0002640000020619482,0.0015839263796806335,1.46376371383667,1000,0.04269113391637802,0.9992377758026123,240000,-0.1672344207763672,168.38197326660156,2306.278564453125,20.219999313354492,0,1.223908543586731,0.04269113391637802,0.00909552164375782,0.9992378354072571,0.46611401438713074,0.014194308780133724,0.020395036786794662,1745030379.142455,0.5001599788665771,0.0006267251446843147,73.68162536621094
95.19622039794922,13,0.04608607664704323,0.36423560976982117,37,107.19561004638672,0.9982115626335144,12,2679.080714987,-0.016185613349080086,0.8126565217971802,0.08506721258163452,0.0002610000083222985,0.0040513500571250916,1.3756382465362549,1000,0.04608607664704323,0.9982115626335144,260000,-0.1341724693775177,186.57479858398438,2492.92626953125,18.200000762939453,0,1.211349368095398,0.04608607664704323,0.013595071621239185,0.9982115626335144,0.8303496241569519,0.013934793882071972,0.021527107805013657,1745030565.796603,0.4729315936565399,0.004499549977481365,91.37850952148438
95.27462768554688,14,0.04939187318086624,-0.31687498092651367,38,108.07914733886719,0.9980408549308777,13,2835.920486446,-0.022183528169989586,0.7936307191848755,0.08491303026676178,0.0002579999854788184,-0.0059979148209095,1.8859992027282715,1000,0.04939187318086624,0.9980408549308777,280000,-0.06607469171285629,185.04957580566406,2678.064697265625,14.430000305175781,0,1.1877219676971436,0.04939187318086624,0.00903253722935915,0.9980407953262329,0.5134746432304382,0.014444311149418354,0.020270677283406258,1745030750.9331875,0.5188732147216797,-0.004562534391880035,89.7748794555664
94.30384063720703,15,0.05261079967021942,0.0349278450012207,27,127.57344055175781,1.000340461730957,14,3001.953017101,-0.01201717834919691,0.7836355566978455,0.05877663567662239,0.00025499999173916876,0.010166349820792675,1.6051937341690063,1000,0.05261079967021942,1.000340461730957,300000,0.07481139898300171,156.77244567871094,2834.9150390625,13.59000015258789,0,1.1749695539474487,0.05261079967021942,0.029504191130399704,1.000340461730957,0.5484024882316589,0.01418355293571949,0.022222500294446945,1745030907.772873,0.34577545523643494,0.020471653901040554,62.468528747558594
95.63201904296875,16,0.05573345720767975,-0.06522262096405029,29,120.51581573486328,0.9988147616386414,15,3169.223773031,-0.020709501579403877,0.7734619379043579,0.057702381163835526,0.0002519999979995191,-0.008692323230206966,1.4240971803665161,1000,0.05573345720767975,0.9988147616386414,320000,0.10971295833587646,165.9533233642578,3000.943359375,12.029999732971191,0,1.161920428276062,0.05573345720767975,0.007702930364757776,0.9988147616386414,0.48317986726760864,0.014532477594912052,0.020133500918745995,1745031073.80522,0.25086066126823425,-0.021801260765641928,70.32123565673828
95.5506591796875,17,0.058790482580661774,0.07240289449691772,30,119.62749481201172,0.998884379863739,16,3309.401405678,-0.023685401305556297,0.7600393891334534,0.05931347608566284,0.00024900000425986946,-0.00297589972615242,1.2254765033721924,1000,0.058790482580661774,0.998884379863739,340000,-0.10060963034629822,167.18563842773438,3168.2060546875,13.229999542236328,0,1.1444549560546875,0.058790482580661774,0.007386371493339539,0.9988844394683838,0.5555827617645264,0.014601508155465126,0.020683148875832558,1745031241.0759513,0.25249728560447693,-0.0003165588714182377,71.63491821289062
95.35972595214844,18,0.061753980815410614,0.1045236587524414,18,142.7828369140625,1.0004802942276,17,3480.343665163,-0.014140197075903416,0.7480389475822449,0.05833599716424942,0.0002460000105202198,0.009545204229652882,1.7713044881820679,1000,0.061753980815410614,1.0004802942276,360000,-0.06304125487804413,140.07286071777344,3308.36279296875,10.720000267028809,0,1.128534197807312,0.061753980815410614,0.013428130187094212,1.0004802942276,0.6601064205169678,0.013304081745445728,0.020499467849731445,1745031381.2535937,0.14313580095767975,0.006041758693754673,44.7130126953125
95.28962707519531,19,0.06463523209095001,-0.25355714559555054,31,117.05488586425781,0.9997280836105347,18,3654.260152247,-0.0226253941655159,0.7322424054145813,0.017549768090248108,0.00024300000222865492,-0.008485197089612484,0.9413173794746399,1000,0.06463523209095001,0.9997280836105347,380000,-0.08335115015506744,170.86001586914062,3479.327392578125,10.670000076293945,0,1.1071079969406128,0.06463523209095001,0.013356995768845081,0.9997281432151794,0.40654927492141724,0.014695213176310062,0.02264535427093506,1745031552.1960466,-0.10113895684480667,-7.113441824913025e-05,75.5703353881836
94.65425109863281,20,0.06742049753665924,-0.17772366106510162,32,115.04226684570312,0.9987988471984863,19,3806.475739786,-0.022312872111797333,0.7168209552764893,0.031304266303777695,0.00023999999393709004,0.0003125220537185669,1.2716718912124634,1000,0.06742049753665924,0.9987988471984863,400000,-0.04754047840833664,173.84915161132812,3653.254150390625,9.15999984741211,0,1.0857493877410889,0.06742049753665924,0.00856921635568142,0.9987988471984863,0.2288256138563156,0.014746434986591339,0.020060904324054718,1745031726.112602,-0.025696542114019394,-0.004787779413163662,79.19483184814453
94.275634765625,21,0.07009908556938171,-0.02126939594745636,24,131.45330810546875,0.998054027557373,20,3973.940284208,-0.02050558477640152,0.7029129266738892,0.016061309725046158,0.00023700000019744039,0.001807287335395813,0.9888709783554077,1000,0.07009908556938171,0.998054027557373,420000,0.1573912650346756,152.145263671875,3805.466796875,7.840000152587891,0,1.0661541223526,0.07009908556938171,0.010664531029760838,0.998054027557373,0.20755621790885925,0.014310610480606556,0.02057780884206295,1745031878.3282385,0.04079465940594673,0.002095314674079418,57.869571685791016
94.5884780883789,22,0.07268334925174713,0.16182109713554382,30,119.48661804199219,1.0001821517944336,21,4116.83268289,-0.019538795575499535,0.6935340762138367,0.03302277252078056,0.00023400000645779073,0.0009667892009019852,0.7530965209007263,1000,0.07268334925174713,1.0001821517944336,440000,0.1389535516500473,167.3827667236328,3972.919921875,7.849999904632568,0,1.052770972251892,0.07268334925174713,0.015709519386291504,1.0001821517944336,0.3693773150444031,0.01475537195801735,0.021817708387970924,1745032045.7922432,-0.14200007915496826,0.005044988356530666,72.79418182373047
93.76343536376953,23,0.07520514726638794,0.18981194496154785,20,140.04428100585938,0.9979357123374939,22,4267.734369693,-0.017861448228359222,0.6848705410957336,0.00022043239732738584,0.00023099999816622585,0.0016773473471403122,1.0520508289337158,1000,0.07520514726638794,0.9979357123374939,460000,0.022303029894828796,142.81198120117188,4115.81884765625,9.0600004196167,0,1.0401912927627563,0.07520514726638794,0.012218371033668518,0.9979357123374939,0.5591892600059509,0.014622819609940052,0.020586572587490082,1745032188.6848807,-0.13367614150047302,-0.003491148352622986,49.048404693603516
96.3608169555664,24,0.07765486091375351,-0.1651647984981537,22,132.6066436767578,1.0006355047225952,23,4427.447341129,-0.020723631605505943,0.673022449016571,-0.005174899473786354,0.0002280000044265762,-0.002862183377146721,0.891229510307312,1000,0.07765486091375351,1.0006355047225952,480000,0.3516611158847809,150.82200622558594,4266.7197265625,8.069999694824219,0,1.0227758884429932,0.07765486091375351,0.00758792320266366,1.0006353855133057,0.39402446150779724,0.01534974668174982,0.022306038066744804,1745032339.5866482,0.0021108603104948997,-0.004630447831004858,54.46106719970703
96.87250518798828,25,0.08008578419685364,0.09792187809944153,27,125.28472137451172,0.9982813000679016,24,4579.837884536,-0.02307797782123089,0.663822591304779,-0.010561192408204079,0.00022499999613501132,-0.002354346215724945,0.8133788108825684,1000,0.08008578419685364,0.9982813000679016,500000,0.08159783482551575,159.63638305664062,4426.4326171875,10.619999885559082,0,1.009011149406433,0.08008578419685364,0.007909263484179974,0.9982813000679016,0.49194633960723877,0.014605334028601646,0.021198322996497154,1745032499.2994003,-0.06385792791843414,0.00032134028151631355,62.763771057128906
95.47444152832031,26,0.08254637569189072,0.3307095766067505,24,131.30929565429688,0.9979164600372314,25,4722.623705015,-0.017370520159602165,0.6607943177223206,0.0067731584422290325,0.00022200000239536166,0.005707457661628723,1.5591603517532349,1000,0.08254637569189072,0.9979164600372314,520000,0.14571215212345123,152.31214904785156,4578.8271484375,13.279999732971191,0,1.0044232606887817,0.08254637569189072,0.023243935778737068,0.9979164004325867,0.8226559162139893,0.015178953297436237,0.020323975011706352,1745032651.6901038,-0.17145898938179016,0.015334672294557095,56.8376350402832
95.88754272460938,27,0.0850505381822586,0.4031718969345093,19,140.13783264160156,0.9982796907424927,26,4885.683149024,-0.021110184490680695,0.64641934633255,0.04051538184285164,0.00021899999410379678,-0.0037396643310785294,1.5017743110656738,1000,0.0850505381822586,0.9982796907424927,540000,-0.026904910802841187,142.71664428710938,4721.6162109375,14.229999542236328,0,0.9825310707092285,0.0850505381822586,0.007037869654595852,0.9982796311378479,1.2258278131484985,0.014875248074531555,0.020161520689725876,1745032794.4760776,-0.018604140728712082,-0.016206066124141216,46.829002380371094
95.6512680053711,28,0.08769077062606812,0.19351375102996826,27,122.72964477539062,0.9992291331291199,27,5032.078613535,-0.022446412593126297,0.6417937278747559,0.033505089581012726,0.00021600000036414713,-0.0013362281024456024,2.170030117034912,1000,0.08769077062606812,0.9992291331291199,560000,-0.007826298475265503,162.95982360839844,4884.64501953125,20.5,0,0.9754176735877991,0.08769077062606812,0.016054099425673485,0.9992291927337646,1.4193415641784668,0.015195539221167564,0.021331990137696266,1745032957.5350914,-0.03188242018222809,0.009016229771077633,67.3084945678711
95.00643920898438,29,0.0905073806643486,-0.18273580074310303,21,136.69920349121094,1.0005015134811401,28,5182.439106952,-0.022739270702004433,0.6283701062202454,0.024200815707445145,0.00021300000662449747,-0.0002928581088781357,2.1409809589385986,1000,0.0905073806643486,1.0005015134811401,580000,-0.06185787916183472,146.306640625,5031.06005859375,24.75,0,0.9542779326438904,0.0905073806643486,0.011191518045961857,1.0005015134811401,1.2366057634353638,0.0156688429415226,0.020098678767681122,1745033103.930988,0.0499076172709465,-0.004862581379711628,51.300132751464844
96.55435180664062,30,0.09362483769655228,0.51978600025177,22,133.07762145996094,1.0030111074447632,29,5279.121573948,-0.019040782004594803,0.6214781403541565,0.035881493240594864,0.0002099999983329326,0.00369848869740963,2.717557430267334,1000,0.09362483769655228,1.0030111074447632,600000,-0.3007415533065796,150.28822326660156,5181.42919921875,39.58000183105469,0,0.943263828754425,0.09362483769655228,0.0131769347935915,1.0030111074447632,1.7563917636871338,0.014752835035324097,0.02219892293214798,1745033254.291121,0.054411668330430984,0.0019854167476296425,53.73381805419922
94.8447265625,31,0.0969657152891159,0.06887626647949219,1,207.03515625,1.000106692314148,30,5435.39262127,0.006838484201580286,0.6188660860061646,0.00980260781943798,0.00020700000459328294,0.02587926620617509,2.9130232334136963,1000,0.0969657152891159,1.000106692314148,620000,-0.05978384613990784,96.6019515991211,5278.111328125,37.11000061035156,0,0.9390657544136047,0.0969657152891159,0.014660919085144997,1.000106692314148,1.825268030166626,0.01429552398622036,0.02911519631743431,1745033350.9741218,-0.021391374990344048,0.0014839842915534973,1.7571439743041992
95.1051254272461,32,0.10049030184745789,-0.9574118256568909,25,128.042724609375,0.9981646537780762,31,5579.056766906,-0.019729143008589745,0.6125534772872925,-0.008767504245042801,0.00020399999630171806,-0.02656762721017003,2.1117568016052246,1000,0.10049030184745789,0.9981646537780762,640000,0.01800878345966339,156.19786071777344,5434.37744140625,37.099998474121094,0,0.9287906289100647,0.10049030184745789,0.010811730287969112,0.998164713382721,0.8678562045097351,0.014939517714083195,0.020083239302039146,1745033507.2445579,-0.06155853345990181,-0.0038491887971758842,61.092628479003906
95.28533935546875,33,0.10416101664304733,0.3121979832649231,20,139.29725646972656,1.0014070272445679,32,5723.205193605,-0.023515911772847176,0.6012023687362671,0.00993109866976738,0.0002010000025620684,-0.003786768764257431,1.9020261764526367,1000,0.10416101664304733,1.0014070272445679,660000,-0.0765271708369255,143.57785034179688,5578.041015625,36.36000061035156,0,0.9101018309593201,0.10416101664304733,0.0070656887255609035,1.0014070272445679,1.1800541877746582,0.014993422664701939,0.020189201459288597,1745033650.909197,0.0013154078042134643,-0.003746041562408209,48.29240417480469
96.2960205078125,34,0.10792208462953568,-0.507949948310852,20,138.80130004882812,1.0010546445846558,33,5874.703612046,-0.019256433472037315,0.5945321917533875,-0.004717300646007061,0.00019799999427050352,0.00425947830080986,1.808701753616333,1000,0.10792208462953568,1.0010546445846558,680000,-0.0074714794754981995,144.09088134765625,5722.20947265625,32.61000061035156,0,0.8989492654800415,0.10792208462953568,0.01306409202516079,1.0010546445846558,0.6721042394638062,0.014734790660440922,0.02025563269853592,1745033795.057677,-0.2365390956401825,0.005998403299599886,47.79475784301758
95.02010345458984,35,0.11162213236093521,0.3242940306663513,23,132.07318115234375,0.9992763996124268,34,6023.028243842,-0.022451575845479965,0.5851264595985413,0.03063036873936653,0.00019500000053085387,-0.00319514237344265,2.6625852584838867,1000,0.11162213236093521,0.9992763996124268,700000,-0.30246835947036743,151.4311981201172,5873.6982421875,19.360000610351562,0,0.8829976916313171,0.11162213236093521,0.010466090403497219,0.9992764592170715,0.9963982701301575,0.015154922381043434,0.020207101479172707,1745033946.5557346,-0.16169314086437225,-0.0025980016216635704,56.410980224609375
96.16633605957031,36,0.11527173221111298,-0.40327662229537964,22,134.90182495117188,0.9975243806838989,35,6170.197735992,-0.020246246829628944,0.5768209099769592,0.01275408361107111,0.00019200000679120421,0.002205329015851021,1.9642804861068726,1000,0.11527173221111298,0.9975243806838989,720000,0.023779116570949554,148.25595092773438,6022.021484375,19.68000030517578,0,0.8687068819999695,0.11527173221111298,0.008572185412049294,0.9975243806838989,0.5931216478347778,0.014934426173567772,0.021271292120218277,1745034094.8806477,0.019945401698350906,-0.0018939049914479256,52.08956527709961
95.61326599121094,37,0.1188412755727768,-0.1679781675338745,22,135.9591827392578,0.9995579719543457,36,6312.044042411,-0.02206159569323063,0.5655611157417297,0.029435904696583748,0.00018899999849963933,-0.0018153488636016846,1.6465550661087036,1000,0.1188412755727768,0.9995579719543457,740000,-0.17634417116641998,147.10296630859375,6169.19384765625,16.860000610351562,0,0.8489843010902405,0.1188412755727768,0.006643996108323336,0.9995579719543457,0.4251434803009033,0.015099533833563328,0.02291206642985344,1745034242.0503254,0.1439344435930252,-0.0019281893037259579,51.4896240234375
95.90545654296875,38,0.12222706526517868,0.1496407389640808,20,141.0654296875,1.0005710124969482,37,6448.157460771,-0.015132777392864227,0.5560845136642456,0.0984368622303009,0.00018600000475998968,0.006928818300366402,1.8581619262695312,1000,0.12222706526517868,1.0005710124969482,760000,0.16959072649478912,141.77818298339844,6311.0341796875,8.739999771118164,0,0.8320830464363098,0.12222706526517868,0.010741254314780235,1.0005710124969482,0.5747842192649841,0.014896449632942677,0.02026565931737423,1745034383.8964348,0.21345438063144684,0.0040972582064569,45.87262725830078
96.87599182128906,39,0.12548945844173431,0.322029709815979,16,147.01510620117188,0.9991418123245239,38,6584.672483027,-0.01962086744606495,0.5403702855110168,0.04517222195863724,0.0001829999964684248,-0.004488090053200722,1.3101871013641357,1000,0.12548945844173431,0.9991418123245239,780000,-0.018524110317230225,136.0404510498047,6447.14599609375,11.649999618530273,0,0.8034031391143799,0.12548945844173431,0.008945905603468418,0.9991418123245239,0.8968139290809631,0.014782843180000782,0.02256840094923973,1745034520.0099106,0.42153725028038025,-0.0017953487113118172,39.164363861083984
96.73371124267578,40,0.12878479063510895,1.2527448534965515,17,146.61703491210938,1.0012322664260864,39,6718.265441436,-0.01879698410630226,0.5308270454406738,0.05335137993097305,0.00018000000272877514,0.0008238833397626877,1.9268569946289062,1000,0.12878479063510895,1.0012322664260864,800000,0.06966342031955719,136.4097900390625,6583.6298828125,22.290000915527344,0,0.7856091260910034,0.12878479063510895,0.014179028570652008,1.0012322664260864,2.1495587825775146,0.014350544661283493,0.020694565027952194,1745034656.5247395,0.34897223114967346,0.00523312296718359,39.6760139465332
96.72666931152344,41,0.1321059614419937,-1.3176257014274597,15,149.79159545898438,0.9986730217933655,40,6860.025099307,-0.014422042295336723,0.5262338519096375,0.023833734914660454,0.00017699999443721026,0.004374941810965538,1.596781611442566,1000,0.1321059614419937,0.9986730217933655,820000,0.14870142936706543,133.5188446044922,6717.25732421875,22.010000228881836,0,0.7769216299057007,0.1321059614419937,0.011071769520640373,0.9986730217933655,0.8319330811500549,0.014610436744987965,0.020795170217752457,1745034790.1177871,0.23723357915878296,-0.003107259050011635,36.79209899902344
95.20240020751953,42,0.13545797765254974,-0.221727192401886,19,141.16604614257812,0.9993909597396851,41,6994.216657951,-0.01809573546051979,0.5203126072883606,0.0011146028991788626,0.0001740000006975606,-0.0036736931651830673,1.1243503093719482,1000,0.13545797765254974,0.9993909597396851,840000,-0.015672869980335236,141.67713928222656,6859.00732421875,22.6299991607666,0,0.7655941247940063,0.13545797765254974,0.010533615946769714,0.9993909001350403,0.610205888748169,0.015259763225913048,0.022883500903844833,1745034931.8773599,0.08796960860490799,-0.0005381535738706589,46.474674224853516
97.05316925048828,43,0.13890603184700012,0.2643855810165405,15,149.12161254882812,0.9982038140296936,42,7132.236092201,-0.017465366050601006,0.5137518644332886,0.028153516352176666,0.00017100000695791095,0.0006303694099187851,1.7057125568389893,1000,0.13890603184700012,0.9982038140296936,860000,-0.004670225083827972,134.11871337890625,6993.2099609375,28.399999618530273,0,0.7528836727142334,0.13890603184700012,0.006875064689666033,0.9982038140296936,0.8745914697647095,0.014650993049144745,0.02190101519227028,1745035066.069177,0.027059540152549744,-0.0036585512571036816,37.065460205078125
96.08128356933594,44,0.1424177587032318,0.03884643316268921,18,144.9756317138672,0.9984760284423828,43,7273.611551577,-0.019158126786351204,0.5084166526794434,0.027686571702361107,0.00016799999866634607,-0.0016927607357501984,1.838352918624878,1000,0.1424177587032318,0.9984760284423828,880000,0.028056398034095764,137.9542236328125,7131.23193359375,26.670000076293945,0,0.7424164414405823,0.1424177587032318,0.010827778838574886,0.9984760880470276,0.9134379029273987,0.01476371195167303,0.02047310397028923,1745035204.0880823,-0.02497853711247444,0.0039527141489088535,41.87286376953125
97.3868637084961,45,0.14580775797367096,-0.2941959500312805,18,141.54563903808594,0.9983431696891785,44,7413.965102484,-0.018635815009474754,0.5015464425086975,0.015430414117872715,0.00016500000492669642,0.0005223117768764496,1.5023998022079468,1000,0.14580775797367096,0.9983431696891785,900000,0.2034350335597992,141.29718017578125,7272.60400390625,12.880000114440918,0,0.72881019115448,0.14580775797367096,0.008683932945132256,0.9983431696891785,0.6192419528961182,0.01510324701666832,0.02014978602528572,1745035345.4634874,-0.03457791358232498,-0.0021438458934426308,43.91025924682617
95.47431945800781,46,0.14918610453605652,0.6314313411712646,18,142.59471130371094,1.0002403259277344,45,7565.950190206,-0.018028326332569122,0.4955724775791168,-0.012776123359799385,0.00016199999663513154,0.000607488676905632,1.1403578519821167,1000,0.14918610453605652,1.0002403259277344,920000,0.0855652242898941,140.25765991210938,7412.93994140625,20.020000457763672,0,0.7168669700622559,0.14918610453605652,0.019900398328900337,1.0002403259277344,1.2506732940673828,0.01414097473025322,0.020130112767219543,1745035485.8175852,-0.07135795801877975,0.011216465383768082,44.78327178955078
96.32808685302734,47,0.15254507958889008,-0.6813190579414368,23,131.65061950683594,0.9991729855537415,46,7701.615901262,-0.01992606557905674,0.4876241385936737,-0.021746359765529633,0.00015900000289548188,-0.0018977392464876175,1.7189769744873047,1000,0.15254507958889008,0.9991729855537415,940000,-0.5879952311515808,151.91725158691406,7564.9453125,19.31999969482422,0,0.7006701827049255,0.15254507958889008,0.008844527415931225,0.9991729855537415,0.569354236125946,0.015405159443616867,0.02052551880478859,1745035637.8026736,-0.028501290827989578,-0.011055870912969112,55.58911895751953
96.7962875366211,48,0.15582150220870972,0.12992513179779053,16,147.49559020996094,0.9991025924682617,47,7838.659063333,-0.01910276710987091,0.4775184690952301,0.0044481223449110985,0.000155999994603917,0.0008232984691858292,1.986549973487854,1000,0.15582150220870972,0.9991025924682617,960000,0.18862608075141907,135.59727478027344,7700.60595703125,14.550000190734863,0,0.6796834468841553,0.15582150220870972,0.007539516780525446,0.9991025328636169,0.6992793679237366,0.014849974773824215,0.020477069541811943,1745035773.468286,0.003999519161880016,-0.0013050106354057789,38.800926208496094
95.43452453613281,49,0.15902972221374512,0.27485573291778564,17,146.02305603027344,1.0014415979385376,48,7980.072488271,-0.01530469674617052,0.4722898006439209,0.006137702148407698,0.00015300000086426735,0.00379807036370039,1.8319722414016724,1000,0.15902972221374512,1.0014415979385376,980000,0.05680624023079872,136.9646759033203,7837.6435546875,14.9399995803833,0,0.6686878204345703,0.15902972221374512,0.026640674099326134,1.0014415979385376,0.9741351008415222,0.01518739853054285,0.020851200446486473,1745035910.5113726,-0.15508419275283813,0.019101157318800688,41.530067443847656
95.18014526367188,50,0.16219963133335114,-0.14456868171691895,19,141.5100555419922,0.9993591904640198,49,8129.744351325,-0.01669962890446186,0.4668918251991272,-0.02990400418639183,0.0001500000071246177,-0.0013949321582913399,1.9117761850357056,1000,0.16219963133335114,0.9993591904640198,1000000,0.17801448702812195,141.3327178955078,7979.0556640625,16.520000457763672,0,0.6571599245071411,0.16219963133335114,0.01967926137149334,0.9993591904640198,0.8295664191246033,0.014875839464366436,0.021290136501193047,1745036051.9249318,-0.1762266308069229,-0.006961412727832794,46.152503967285156
96.8655776977539,51,0.1652936339378357,0.2599782347679138,22,133.69142150878906,0.9997907876968384,50,8280.236196484,-0.023925118148326874,0.4596550464630127,-0.017504436895251274,0.00014699999883305281,-0.007225489243865013,1.947075366973877,1000,0.1652936339378357,0.9997907876968384,1020000,-0.017145320773124695,149.59823608398438,8128.732421875,13.609999656677246,0,0.6415260434150696,0.1652936339378357,0.007243279367685318,0.9997907876968384,1.089544653892517,0.015406115911900997,0.02031150832772255,1745036201.5968199,-0.1462109535932541,-0.012435982003808022,52.73259353637695
94.94324493408203,52,0.168309286236763,-0.48188453912734985,23,132.961669921875,0.9979802966117859,51,8426.750705887,-0.02046622708439827,0.45265474915504456,-0.022306324914097786,0.00014400000509340316,0.003458891063928604,1.6761318445205688,1000,0.168309286236763,0.9979802966117859,1040000,0.14296910166740417,150.41928100585938,8279.2255859375,12.899999618530273,0,0.6262444853782654,0.168309286236763,0.008626921102404594,0.9979803562164307,0.6076601147651672,0.01480892114341259,0.021748844534158707,1745036352.0885682,-0.15506049990653992,0.0013836417347192764,55.47597885131836
96.07609558105469,53,0.17123427987098694,-0.2513399124145508,21,136.61105346679688,1.0015859603881836,52,8582.969552724,-0.018512388691306114,0.4470837712287903,0.0021244105882942677,0.00014099999680183828,0.0019538383930921555,1.892399787902832,1000,0.17123427987098694,1.0015859603881836,1060000,-0.07102234661579132,146.40103149414062,8425.7001953125,11.539999961853027,0,0.6138986349105835,0.17123427987098694,0.009885594248771667,1.0015859603881836,0.35632020235061646,0.014790409244596958,0.02057342231273651,1745036498.6026917,-0.17044058442115784,0.001258673146367073,50.32487106323242
95.0420150756836,54,0.17408743500709534,0.19958549737930298,26,128.0955352783203,1.0002270936965942,53,8732.688229977,-0.02088509500026703,0.44386690855026245,-0.017314327880740166,0.00013800000306218863,-0.0023727063089609146,1.041184663772583,1000,0.17408743500709534,1.0002270936965942,1080000,-0.006696149706840515,156.13345336914062,8581.955078125,12.149999618530273,0,0.6066811084747314,0.17408743500709534,0.01177364680916071,1.0002272129058838,0.5559056997299194,0.015504949726164341,0.02116907574236393,1745036654.8215694,-0.08561502397060394,0.001888052560389042,61.091365814208984
96.04129791259766,55,0.1768474280834198,-0.12432077527046204,22,133.7395477294922,1.0008400678634644,54,8879.352347357,-0.02128879353404045,0.4354571998119354,0.009167415089905262,0.00013499999477062374,-0.00040369853377342224,1.5268306732177734,1000,0.1768474280834198,1.0008400678634644,1100000,0.041355255991220474,149.54440307617188,8731.583984375,10.289999961853027,0,0.587525486946106,0.1768474280834198,0.007578473538160324,1.0008400678634644,0.4315849244594574,0.015404840931296349,0.02060529962182045,1745036804.5400877,0.02577955648303032,-0.004195173271000385,53.502994537353516
94.59502410888672,56,0.17946171760559082,-0.04456093907356262,22,136.440673828125,0.9960206747055054,55,9023.380363907,-0.022473622113466263,0.42901647090911865,-0.03339780867099762,0.0001320000010309741,-0.0011848285794258118,1.202406406402588,1000,0.17946171760559082,0.9960206747055054,1120000,0.14663386344909668,146.5838623046875,8878.3427734375,6.440000057220459,0,0.5726433396339417,0.17946171760559082,0.006906782276928425,0.9960206747055054,0.3870239853858948,0.014797518961131573,0.02026514522731304,1745036951.2047102,-0.026814665645360947,-0.0006716912612318993,51.988739013671875
97.2052230834961,57,0.1819496899843216,-0.13472360372543335,19,138.9234161376953,0.9990617632865906,56,9174.547042167,-0.020744526758790016,0.4205246567726135,-0.013086894527077675,0.0001289999927394092,0.0017290953546762466,0.9148865342140198,1000,0.1819496899843216,0.9990617632865906,1140000,-0.06441901624202728,143.96420288085938,9022.3798828125,6.760000228881836,0,0.552632749080658,0.1819496899843216,0.007830774411559105,0.9990617632865906,0.2523003816604614,0.015035023912787437,0.02109612710773945,1745037095.2328784,0.0008266043732874095,0.0009239921346306801,46.7589225769043
95.13032531738281,58,0.18437665700912476,0.3926877975463867,23,132.36251831054688,1.0010606050491333,57,9321.285728971,-0.020690731704235077,0.4128820598125458,0.012708926573395729,0.00012599999899975955,5.379505455493927e-05,0.8718841671943665,1000,0.18437665700912476,1.0010606050491333,1160000,0.021817568689584732,151.1001739501953,9173.5419921875,9.970000267028809,0,0.5343104004859924,0.18437665700912476,0.006283479277044535,1.0010607242584229,0.6449881792068481,0.014741118997335434,0.021306537091732025,1745037246.3994937,0.043112561106681824,-0.0015472951345145702,55.969749450683594
95.0531005859375,59,0.186725914478302,0.08606183528900146,21,136.36398315429688,1.0006606578826904,58,9475.744972267,-0.019247543066740036,0.409484326839447,-0.02276245504617691,0.0001230000052601099,0.001443188637495041,1.2972079515457153,1000,0.186725914478302,1.0006606578826904,1180000,0.19958101212978363,146.66629028320312,9320.2744140625,8.5600004196167,0,0.5260265469551086,0.186725914478302,0.01462168712168932,1.0006606578826904,0.7310500144958496,0.01505331601947546,0.02073463425040245,1745037393.1381164,-0.011145573109388351,0.008338207844644785,51.61308288574219
95.52276611328125,60,0.18900719285011292,-0.33052143454551697,24,129.54519653320312,0.9983545541763306,59,9624.235412923,-0.019332043826580048,0.40395990014076233,-0.03937491029500961,0.00011999999696854502,-8.45007598400116e-05,0.9041595458984375,1000,0.18900719285011292,0.9983545541763306,1200000,-0.1347014456987381,154.3862762451172,9474.7333984375,8.65999984741211,0,0.5124650597572327,0.18900719285011292,0.012386197224259377,0.9983544945716858,0.40052857995033264,0.015325858257710934,0.020221911370754242,1745037547.5971959,-0.10564333200454712,-0.002235489897429943,58.86343765258789
96.87738800048828,61,0.19137129187583923,0.24249568581581116,21,134.7479705810547,1.0018483400344849,60,9771.757554654,-0.022540900856256485,0.39856043457984924,-0.02136203832924366,0.00011700000322889537,-0.0032088570296764374,0.9499757885932922,1000,0.19137129187583923,1.0018483400344849,1220000,-0.24641212821006775,148.42523193359375,9623.232421875,17.420000076293945,0,0.49902787804603577,0.19137129187583923,0.008962909691035748,1.0018483400344849,0.6430242657661438,0.0152816791087389,0.02021981216967106,1745037696.0878751,-0.05015300214290619,-0.003423287533223629,51.54774856567383
97.13203430175781,62,0.19380559027194977,-0.33096766471862793,21,135.63888549804688,0.9991982579231262,61,9908.252886908,-0.020172985270619392,0.38993018865585327,-0.06063159182667732,0.0001140000022132881,0.0023679155856370926,1.2479039430618286,1000,0.19380559027194977,0.9991982579231262,1240000,0.006178326904773712,147.45034790039062,9770.7470703125,17.110000610351562,0,0.4771133065223694,0.19380559027194977,0.00670518958941102,0.9991982579231262,0.31205660104751587,0.014322787523269653,0.02061671018600464,1745037843.610077,-0.13873697817325592,-0.0022577201016247272,50.31825256347656
95.48043823242188,63,0.19638016819953918,1.9097487330436707,18,146.59715270996094,0.9993197321891785,62,10051.610038753,-0.022457482293248177,0.3855457007884979,-0.021770425140857697,0.00011100000119768083,-0.002284497022628784,1.1781200170516968,1000,0.19638016819953918,0.9993197321891785,1260000,-0.08216109871864319,136.4282989501953,9907.244140625,22.010000228881836,0,0.46583327651023865,0.19638016819953918,0.011427045799791813,0.9993197321891785,2.2218053340911865,0.01444135420024395,0.020373573526740074,1745037980.1053789,-0.24247902631759644,0.004721856210380793,40.94779968261719
96.35315704345703,64,0.19911770522594452,-0.8820115327835083,19,139.59124755859375,1.000219702720642,63,10197.491315524,-0.01899034157395363,0.37962883710861206,0.016756905242800713,0.00010800000018207356,0.003467140719294548,1.454068899154663,1000,0.19911770522594452,1.000219702720642,1280000,0.0329025462269783,143.2754669189453,10050.58984375,24.510000228881836,0,0.45036303997039795,0.19911770522594452,0.01644228585064411,1.000219702720642,1.3397938013076782,0.01455885823816061,0.021959885954856873,1745038123.4621623,-0.21411752700805664,0.005015240050852299,46.922237396240234
96.79239654541016,65,0.20205019414424896,0.29034423828125,20,137.18450927734375,1.000319004058838,64,10358.902747881,-0.02243424952030182,0.3731749951839447,-0.021981116384267807,0.0001049999991664663,-0.0034439079463481903,1.3868886232376099,1000,0.20205019414424896,1.000319004058838,1300000,-0.07475371658802032,145.7890625,10196.4677734375,27.989999771118164,0,0.4332110583782196,0.20205019414424896,0.010923055931925774,1.0003188848495483,1.6301380395889282,0.014918634667992592,0.020083634182810783,1745038269.343335,-0.23795516788959503,-0.005519229918718338,48.99659729003906
94.3846435546875,66,0.20503786206245422,-0.7612219452857971,28,123.96755981445312,0.999982476234436,65,10511.788486146,-0.018255524337291718,0.3705199360847473,-0.03708995133638382,0.00010199999815085903,0.004178725183010101,2.4741928577423096,1000,0.20503786206245422,0.999982476234436,1320000,-0.5684804320335388,161.33253479003906,10357.892578125,20.0,0,0.4260687232017517,0.20503786206245422,0.017601944506168365,0.999982476234436,0.8689160943031311,0.014981094747781754,0.021696479991078377,1745038430.7550561,-0.3150988817214966,0.006678888574242592,66.9477767944336
96.21806335449219,67,0.20808438956737518,-0.36131787300109863,23,130.8784637451172,0.9990176558494568,66,10664.518305721,-0.02238055132329464,0.36303216218948364,-0.04840139299631119,9.899999713525176e-05,-0.004125026986002922,2.2309720516204834,1000,0.20808438956737518,0.9990176558494568,1340000,0.13994774222373962,152.81353759765625,10510.7783203125,20.610000610351562,0,0.4056137204170227,0.20808438956737518,0.005859174765646458,0.9990177154541016,0.5075982213020325,0.014636497013270855,0.020369112491607666,1745038583.6408162,-0.24113112688064575,-0.011742769740521908,56.595367431640625
95.95249938964844,68,0.2110750675201416,0.09904259443283081,23,131.01417541503906,0.9987724423408508,67,10819.017245516,-0.019143041223287582,0.356880247592926,-0.015119723975658417,9.600000339560211e-05,0.003237510100007057,1.798027753829956,1000,0.2110750675201416,0.9987724423408508,1360000,0.1947835087776184,152.65524291992188,10663.5048828125,13.59000015258789,0,0.38851198554039,0.2110750675201416,0.012100555934011936,0.9987724423408508,0.6066408157348633,0.014216117560863495,0.02005773037672043,1745038736.3707914,-0.29316434264183044,0.0062413811683654785,56.70269012451172
96.9937515258789,69,0.21395032107830048,-0.19129624962806702,24,129.54017639160156,1.002297043800354,68,10975.881645237,-0.019405923783779144,0.3495132029056549,-0.02275068871676922,9.300000237999484e-05,-0.0002628825604915619,1.8483586311340332,1000,0.21395032107830048,1.002297043800354,1380000,-0.07826045155525208,154.3922576904297,10817.9716796875,9.5600004196167,0,0.3676227927207947,0.21395032107830048,0.007316136732697487,1.002297043800354,0.41534456610679626,0.015048024244606495,0.02030600607395172,1745038890.8698936,-0.2763533294200897,-0.004784419201314449,57.398460388183594
96.13396453857422,70,0.21666133403778076,-0.05292889475822449,25,127.55375671386719,0.9975157976150513,69,11135.497029039,-0.02235916629433632,0.34508347511291504,-0.045135095715522766,9.000000136438757e-05,-0.0029532425105571747,1.29073166847229,1000,0.21666133403778076,0.9975157976150513,1400000,0.3137028217315674,156.796630859375,10974.8720703125,5.980000019073486,0,0.35485005378723145,0.21666133403778076,0.007709929253906012,0.997515857219696,0.3624156713485718,0.0144590949639678,0.020261095836758614,1745039047.7341104,-0.257216215133667,0.0003937925212085247,60.66259765625
96.12333679199219,71,0.21925640106201172,0.16977953910827637,26,125.35844421386719,0.9987881183624268,70,11277.468501671,-0.02476220764219761,0.34187373518943787,-0.022196967154741287,8.70000003487803e-05,-0.00240304134786129,1.1945140361785889,1000,0.21925640106201172,0.9987881183624268,1420000,-0.15560469031333923,159.54251098632812,11134.4853515625,7.869999885559082,0,0.3455390930175781,0.21925640106201172,0.008636396378278732,0.9987881779670715,0.5321952104568481,0.014406963251531124,0.020266134291887283,1745039207.3495224,-0.0859207808971405,0.0009264671243727207,63.419105529785156
95.36663055419922,72,0.22177854180335999,0.17110836505889893,19,140.9424285888672,0.999287486076355,71,11429.490267478,-0.020959537476301193,0.33762839436531067,-0.026907458901405334,8.399999933317304e-05,0.0038026701658964157,0.9265804886817932,1000,0.22177854180335999,0.999287486076355,1440000,0.25128689408302307,141.9019012451172,11276.4599609375,9.710000038146973,0,0.3330617845058441,0.22177854180335999,0.010967975482344627,0.999287486076355,0.7033035755157471,0.014036420732736588,0.020051080733537674,1745039349.3208694,-0.06866352260112762,0.002331579104065895,46.53521728515625
96.3947982788086,73,0.22421878576278687,-0.1507471799850464,23,131.62026977539062,1.0002132654190063,72,11590.942079158,-0.019900841638445854,0.3324984908103943,-0.015602207742631435,8.099999831756577e-05,0.001058695837855339,1.2072150707244873,1000,0.22421878576278687,1.0002132654190063,1460000,-0.11188854277133942,151.9522705078125,11428.4853515625,8.739999771118164,0,0.3177781105041504,0.22421878576278687,0.008357354439795017,1.0002132654190063,0.5525563955307007,0.014394993893802166,0.02197384648025036,1745039501.3427432,0.002511792117729783,-0.00261062104254961,55.55740737915039
96.42313385009766,74,0.22659580409526825,-0.06691411137580872,27,123.93505096435547,0.9998698234558105,73,11756.087708234,-0.02194034494459629,0.3246697783470154,-0.006167480256408453,7.79999973019585e-05,-0.0020395033061504364,1.1836601495742798,1000,0.22659580409526825,0.9998698234558105,1480000,0.21651136875152588,161.37484741210938,11589.9267578125,9.329999923706055,0,0.2939564883708954,0.22659580409526825,0.009227888658642769,0.9998698234558105,0.48564228415489197,0.014351451769471169,0.021312594413757324,1745039662.794401,-0.07318031787872314,0.0008705342188477516,64.95165252685547
95.95745086669922,75,0.2289123386144638,-0.21934956312179565,28,121.16730499267578,0.9998945593833923,74,11921.479281782,-0.020952222868800163,0.3204026222229004,0.01341339759528637,7.500000356230885e-05,0.0009881220757961273,1.2373299598693848,1000,0.2289123386144638,0.9998945593833923,1500000,0.03684084489941597,165.06103515625,11755.068359375,9.100000381469727,0,0.28075745701789856,0.2289123386144638,0.010320490226149559,0.9998946189880371,0.2662927210330963,0.01478420291095972,0.020419802516698837,1745039827.9400437,-0.10662657022476196,0.0010926015675067902,69.10350799560547
94.45132446289062,76,0.23111771047115326,-0.008962184190750122,29,120.97916412353516,1.000788927078247,75,12075.555539885,-0.023599253967404366,0.31348657608032227,-0.01622813194990158,7.200000254670158e-05,-0.0026470310986042023,1.0978972911834717,1000,0.23111771047115326,1.000788927078247,1520000,0.21710968017578125,165.31771850585938,11920.46875,5.869999885559082,0,0.2589147388935089,0.23111771047115326,0.006874612532556057,1.000788927078247,0.2573305368423462,0.014323030598461628,0.020236404612660408,1745039993.3315287,-0.12704138457775116,-0.003445877693593502,70.86627197265625
97.66648864746094,77,0.2331855297088623,-0.06241016089916229,24,129.8680419921875,0.9984514713287354,76,12260.875517784,-0.01735561341047287,0.3088178038597107,0.03478749468922615,6.900000153109431e-05,0.006243640556931496,0.9139812588691711,1000,0.2331855297088623,0.9984514713287354,1540000,-0.047383442521095276,154.0024871826172,12074.5439453125,3.799999952316284,0,0.24392327666282654,0.2331855297088623,0.006657234858721495,0.9984514713287354,0.1949203759431839,0.01378629170358181,0.020348113030195236,1745040147.4078686,-0.05469300597906113,-0.0002173776738345623,56.33591842651367
96.39710235595703,78,0.2352873831987381,0.7557231038808823,36,107.96246337890625,1.0029499530792236,77,12445.383194842,-0.02888021245598793,0.30623748898506165,0.03164283558726311,6.600000051548705e-05,-0.01152459904551506,0.8016007542610168,1000,0.2352873831987381,1.0029499530792236,1560000,0.14609910547733307,185.24957275390625,12259.8671875,12.640000343322754,0,0.23554019629955292,0.2352873831987381,0.012751134112477303,1.0029499530792236,0.9506434798240662,0.015331475995481014,0.020201390609145164,1745040332.7279978,-0.07139036059379578,0.006093899253755808,88.8524169921875
95.45818328857422,79,0.23748886585235596,0.09259623289108276,36,108.44084167480469,0.9994126558303833,78,12620.126886381,-0.029175490140914917,0.30324089527130127,-0.01669778674840927,6.299999949987978e-05,-0.0002952776849269867,1.461163878440857,1000,0.23748886585235596,0.9994126558303833,1580000,-0.13734319806098938,184.43235778808594,12444.369140625,16.559999465942383,0,0.22570213675498962,0.23748886585235596,0.009442427195608616,0.9994127154350281,1.043239712715149,0.014770975336432457,0.020284121856093407,1745040517.2356634,0.07843013107776642,-0.0033087069168686867,88.97411346435547
95.17829132080078,80,0.23980125784873962,-0.2757859230041504,32,114.50514221191406,1.00103759765625,79,12806.259062444,-0.023537376895546913,0.29863929748535156,0.06336065381765366,5.999999848427251e-05,0.005638113245368004,3.473464012145996,1000,0.23980125784873962,1.00103759765625,1600000,0.1698179841041565,174.66464233398438,12619.111328125,17.770000457763672,0,0.21040382981300354,0.23980125784873962,0.009169943630695343,1.00103759765625,0.7674537897109985,0.014560077339410782,0.020012266933918,1745040691.9793167,0.2080056071281433,-0.00027248356491327286,79.48628997802734
95.84539794921875,81,0.24221576750278473,-0.2554595470428467,37,107.49551391601562,1.0009584426879883,80,12987.818831145,-0.023710889741778374,0.2929458022117615,0.014494222588837147,5.700000110664405e-05,-0.00017351284623146057,2.072270631790161,1000,0.24221576750278473,1.0009584426879883,1620000,0.32727280259132385,186.0542755126953,12805.2431640625,17.889999389648438,0,0.19115689396858215,0.24221576750278473,0.009421699680387974,1.0009584426879883,0.5119942426681519,0.01423241663724184,0.020383264869451523,1745040878.1114836,0.14607103168964386,0.00025175604969263077,90.20881652832031
94.00965118408203,82,0.24473629891872406,-0.12196797132492065,36,110.20833587646484,0.9990971684455872,81,13166.501915965,-0.024614354595541954,0.28977227210998535,0.018689952790737152,5.400000009103678e-05,-0.0009034648537635803,1.6483367681503296,1000,0.24473629891872406,0.9990971684455872,1640000,-0.10635705292224884,181.4744873046875,12986.8017578125,18.709999084472656,0,0.18027007579803467,0.24473629891872406,0.011157424189150333,0.9990972280502319,0.3900262713432312,0.014165688306093216,0.02007477730512619,1745041059.6710517,0.004815669264644384,0.0017357245087623596,87.46476745605469
95.0821762084961,83,0.24720825254917145,0.05741840600967407,35,111.9757308959961,0.9997619986534119,82,13356.132876618,-0.02409290336072445,0.28356030583381653,-0.010859152302145958,5.0999999075429514e-05,0.0005214512348175049,1.5790629386901855,1000,0.24720825254917145,0.9997619986534119,1660000,-0.1786802113056183,178.61013793945312,13165.4921875,10.380000114440918,0,0.15858785808086395,0.24720825254917145,0.008519120514392853,0.9997620582580566,0.4474446773529053,0.01440523099154234,0.021153714507818222,1745041238.354376,0.0388445220887661,-0.0026383036747574806,83.52790069580078
96.95592498779297,84,0.24956980347633362,-0.166547030210495,38,105.51689910888672,0.999169647693634,83,13548.615320732,-0.025303686037659645,0.2774195373058319,-0.0008454134222120047,4.8000001697801054e-05,-0.001210782676935196,1.3761709928512573,1000,0.24956980347633362,0.999169647693634,1680000,0.20077595114707947,189.5430908203125,13355.1123046875,6.650000095367432,0,0.1366945058107376,0.24956980347633362,0.005689578130841255,0.9991695880889893,0.2808976471424103,0.0147244306281209,0.020537860691547394,1745041427.9847991,0.010107135400176048,-0.0028295423835515976,92.58708190917969
93.94652557373047,85,0.25181785225868225,0.0009763240814208984,40,103.9533462524414,1.0000383853912354,84,13743.576196756,-0.02462785132229328,0.2736484110355377,0.0017522713169455528,4.5000000682193786e-05,0.0006758347153663635,1.108062744140625,1000,0.25181785225868225,1.0000383853912354,1700000,0.2611773610115051,192.39401245117188,13547.5966796875,5.880000114440918,0,0.12301600724458694,0.25181785225868225,0.01170218177139759,1.0000383853912354,0.2818739712238312,0.014064888469874859,0.01823720894753933,1745041620.467825,-0.0526457279920578,0.0060126036405563354,98.44741821289062
96.37313079833984,86,0.25398486852645874,-0.025974422693252563,40,102.63114929199219,0.9992943406105042,85,13935.61080758,-0.025550326332449913,0.26824507117271423,0.012483187019824982,4.199999966658652e-05,-0.0009224750101566315,1.3668782711029053,1000,0.25398486852645874,0.9992943406105042,1720000,-0.2875106930732727,194.87261962890625,13742.5517578125,7.03000020980835,0,0.10306864976882935,0.25398486852645874,0.006966779939830303,0.9992943406105042,0.2558995485305786,0.014114070683717728,0.017638232558965683,1745041815.4282637,-0.02037837542593479,-0.0047354018315672874,98.49932861328125
95.49183654785156,87,0.25608059763908386,0.008940577507019043,40,104.19279479980469,1.0007857084274292,86,14131.785657199,-0.024594372138381004,0.26372483372688293,0.003201178042218089,3.899999865097925e-05,0.0009559541940689087,0.9610138535499573,1000,0.25608059763908386,1.0007857084274292,1740000,-0.22143767774105072,191.9518585205078,13934.595703125,7.110000133514404,0,0.08607827872037888,0.25608059763908386,0.0072801257483661175,1.0007857084274292,0.26484012603759766,0.013457691296935081,0.017221704125404358,1745042007.4628675,-0.07169198244810104,0.0003133458085358143,96.45995330810547
96.96028900146484,88,0.25812748074531555,0.13322341442108154,40,102.00147247314453,0.9998258352279663,87,14324.316486494,-0.021977107971906662,0.26009514927864075,0.03433724492788315,3.600000127335079e-05,0.0026172641664743423,2.0562281608581543,1000,0.25812748074531555,0.9998258352279663,1760000,0.029176563024520874,196.0756072998047,14130.7548828125,7.920000076293945,0,0.07221619784832001,0.25812748074531555,0.007739740889519453,0.9998258352279663,0.3980635404586792,0.013678771443665028,0.017112383618950844,1745042203.6376667,-0.035738591104745865,0.00045961514115333557,99.11522674560547
95.95722961425781,89,0.2601812779903412,0.1794942021369934,40,103.92607116699219,1.0017691850662231,88,14516.898319858,-0.02466541901230812,0.25604286789894104,0.03424442186951637,3.300000025774352e-05,-0.0026883110404014587,1.5750775337219238,1000,0.2601812779903412,1.0017691850662231,1780000,0.06667106598615646,192.44448852539062,14323.2978515625,10.640000343322754,0,0.05647309869527817,0.2601812779903412,0.00853037927299738,1.0017691850662231,0.5775577425956726,0.013368801213800907,0.017137447372078896,1745042396.168771,-0.11196859180927277,0.0007906383834779263,96.48712158203125
95.73108673095703,90,0.2623476982116699,0.11314970254898071,40,103.89151000976562,1.0003238916397095,89,14711.53778698,-0.026776770129799843,0.25286176800727844,0.003966669086366892,2.9999999242136255e-05,-0.002111351117491722,1.460052251815796,1000,0.2623476982116699,1.0003238916397095,1800000,-0.039225488901138306,192.50851440429688,14515.88671875,16.43000030517578,0,0.04398754984140396,0.2623476982116699,0.008072084747254848,1.0003238916397095,0.6907074451446533,0.012977651320397854,0.016067257151007652,1745042588.7505715,-0.12812738120555878,-0.0004582945257425308,96.77734375
96.12530517578125,91,0.2646278738975525,0.36760783195495605,40,102.79944610595703,0.999608039855957,90,14905.702691323,-0.02079543098807335,0.2501160502433777,0.030946319922804832,2.700000004551839e-05,0.005981339141726494,1.4241973161697388,1000,0.2646278738975525,0.999608039855957,1820000,0.28568172454833984,194.55357360839844,14710.5166015625,17.100000381469727,0,0.033059488981962204,0.2646278738975525,0.013242804445326328,0.999608039855957,1.0583152770996094,0.012535380199551582,0.014957381412386894,1745042783.3899734,-0.12508006393909454,0.00517071969807148,98.42818450927734
95.56268310546875,92,0.26700103282928467,-0.6005729138851166,40,103.05118560791016,0.9987396597862244,91,15097.742453918,-0.020417284220457077,0.24788759648799896,-0.0029610961209982634,2.4000000848900527e-05,0.00037814676761627197,1.7923029661178589,1000,0.26700103282928467,0.9987396597862244,1840000,0.028240874409675598,194.0783233642578,14904.6826171875,16.559999465942383,0,0.024118931964039803,0.26700103282928467,0.008473307825624943,0.9987396597862244,0.4577423632144928,0.012509634718298912,0.01385684497654438,1745042977.5545905,-0.046064700931310654,-0.0047694966197013855,98.51557159423828
95.54132080078125,93,0.2695477604866028,0.2917596995830536,40,104.1961441040039,1.0023056268692017,92,15293.239964071,-0.024164000526070595,0.24546687304973602,0.008825529366731644,2.099999983329326e-05,-0.0037467163056135178,1.3004802465438843,1000,0.2695477604866028,1.0023056268692017,1860000,-0.17811772227287292,191.9456787109375,15096.7236328125,21.639999389648438,0,0.014329019002616405,0.2695477604866028,0.009197770617902279,1.0023056268692017,0.7495020627975464,0.012145891785621643,0.013433258049190044,1745043169.5947287,-0.10087322443723679,0.0007244627922773361,96.404296875
96.44972229003906,94,0.27230435609817505,0.5536311864852905,40,102.3458480834961,1.0006451606750488,93,15489.709673857,-0.02292642742395401,0.24273137748241425,0.013571725226938725,1.8000000636675395e-05,0.0012375731021165848,1.9005502462387085,1000,0.27230435609817505,1.0006451606750488,1880000,-0.043728746473789215,195.4158477783203,15292.2236328125,24.860000610351562,0,0.0031266422010958195,0.27230435609817505,0.006102017592638731,1.0006451606750488,1.303133249282837,0.01183377392590046,0.01323214266449213,1745043365.092096,-0.005500755272805691,-0.003095753025263548,98.96600341796875
96.96298217773438,95,0.2751399874687195,-0.5983033776283264,40,101.84282684326172,0.9993571639060974,94,15684.610700763,-0.018522825092077255,0.2401919960975647,0.0167995635420084,1.4999999621068127e-05,0.004403602331876755,2.440424919128418,1000,0.2751399874687195,0.9993571639060974,1900000,0.11516900360584259,196.38104248046875,15488.6865234375,18.56999969482422,0,-0.007384601514786482,0.2751399874687195,0.004717094358056784,0.9993571639060974,0.7048298716545105,0.011190718971192837,0.011766843497753143,1745043561.561557,0.1122586652636528,-0.0013849232345819473,99.41793823242188
95.90798950195312,96,0.2780700623989105,0.18515276908874512,40,102.66129302978516,0.9988328218460083,95,15880.206761292,-0.01981693133711815,0.23854723572731018,0.03367714211344719,1.2000000424450263e-05,-0.0012941062450408936,1.423998236656189,1000,0.2780700623989105,0.9988328218460083,1920000,-0.35033103823661804,194.81539916992188,15683.5947265625,19.920000076293945,0,-0.014251723885536194,0.2780700623989105,0.006881956942379475,0.9988327622413635,0.8899826407432556,0.010698622092604637,0.00994082447141409,1745043756.4627209,0.13703015446662903,0.002164862584322691,98.90725708007812
97.04325866699219,97,0.2811024785041809,-0.36711031198501587,40,102.2928466796875,0.9999173879623413,96,16073.859932635,-0.016574721783399582,0.23795270919799805,0.037098780274391174,9.000000318337698e-06,0.003242209553718567,1.4949268102645874,1000,0.2811024785041809,0.9999173879623413,1940000,0.05763658881187439,195.51708984375,15879.1943359375,20.959999084472656,0,-0.01674608886241913,0.2811024785041809,0.006333626806735992,0.9999173283576965,0.5228723287582397,0.010763837955892086,0.010246879421174526,1745043952.0588999,0.21084743738174438,-0.0005483301356434822,98.4737548828125
96.51021575927734,98,0.28410840034484863,-0.26266443729400635,40,103.32020568847656,0.9999664425849915,97,16270.029172263,-0.011686497367918491,0.23739060759544373,0.029759466648101807,6.000000212225132e-06,0.0048882244154810905,0.9127591848373413,1000,0.28410840034484863,0.9999664425849915,1960000,-0.017957530915737152,193.57298278808594,16072.8486328125,14.170000076293945,0,-0.01911105588078499,0.28410840034484863,0.01796458475291729,0.9999663829803467,0.2602078914642334,0.009189905598759651,0.007781111169606447,1745044145.7122123,0.22754119336605072,0.011630957946181297,97.06268310546875
96.75032806396484,99,0.28700968623161316,0.041089534759521484,40,101.99317932128906,1.0003567934036255,98,16465.715768283,-0.012177099473774433,0.2365163266658783,0.04517236724495888,3.000000106112566e-06,-0.0004906021058559418,0.9398214817047119,1000,0.28700968623161316,1.0003567934036255,1980000,0.0008728057146072388,196.091552734375,16269.0166015625,9.670000076293945,0,-0.022800486534833908,0.28700968623161316,0.009245265275239944,1.0003567934036255,0.3012974262237549,0.008828390389680862,0.006592690944671631,1745044341.8816314,0.2715603709220886,-0.008719319477677345,99.34114074707031
97.24517822265625,100,0.2898072302341461,-0.12646187841892242,40,102.25202178955078,0.9993523359298706,99,16466.169626705,-0.008457550778985023,0.23627327382564545,0.028803683817386627,0.0,0.0037195486947894096,0.7591954469680786,1000,0.2898072302341461,0.9993523359298706,2000000,0.1852574646472931,195.59515380859375,16464.685546875,9.140000343322754,0,-0.023827921599149704,0.2898072302341461,0.006464341189712286,0.9993523359298706,0.17483554780483246,0.007575411349534988,0.0046723210252821445,1745044537.5675561,0.261439710855484,-0.0027809240855276585,98.34989929199219
