Train/LR,_runtime,Train/PolicyRatio/Std,Train/KL,Time/Total,Safety/shield_adv_c,Safety/ShieldLagrangeMultiplier/Max,Train/PolicyRatio/Min,Metrics/LagrangeMultiplier,Train/Epoch,Loss/Loss_pi,Train/Entropy,Safety/ShieldLagrangeMultiplier/Std,Safety/ShieldLagrangeMultiplier/Min,Metrics/EpCost,Metrics/LagrangeMultiplier/Std,Metrics/EpRet,Loss/Loss_cost_critic,Safety/ShieldLagrangeMultiplier,Loss/Loss_cost_critic/Delta,Metrics/LagrangeMultiplier/Max,Time/FPS,_step,Value/cost,TotalEnvSteps,Value/Adv,Loss/Loss_reward_critic,Time/Rollout,Value/reward,Train/PolicyStd,Safety/EpCostShield,Train/StopIter,Safety/shield_violation,Loss/Loss_pi/Delta,Train/PolicyRatio/Max,_timestamp,Train/PolicyRatio,Time/Epoch,Metrics/EpLen,Time/Update,Metrics/LagrangeMultiplier/Min,Loss/Loss_reward_critic/Delta
0.0002969999914057553,489.061983192,0.010395504534244537,0.00875704362988472,263.3825988769531,NaN,0.044999994337558746,1.0044153928756714,0.03599999472498894,0,-0.4276198446750641,1.399826169013977,0,0.044999994337558746,5.349999904632568,0,-1.3846739530563354,3.8006434440612793,0.044999994337558746,3.8006434440612793,0.03599999472498894,75.9355239868164,1,-0.027776464819908142,20000.0,-0.09047974646091461,0.00621311878785491,138.4117889404297,0.05690905079245567,0.981131374835968,24.049999237060547,40,0.05168808624148369,-0.4276198446750641,1.0044153928756714,1746517951.451809,1.0044153928756714,263.3813171386719,1000,124.9694595336914,0.03599999472498894,0.00621311878785491
0.00029399999766610563,713.647398001,0.012071155942976475,0.01208654884248972,488.02545166015625,NaN,0.07901858538389206,1.0051559209823608,0.06840046495199203,1,-0.44701698422431946,1.3547017574310303,0,0.07901858538389206,15.024999618530273,0,-0.8527873158454895,6.270096778869629,0.07901858538389206,2.4694533348083496,0.06840046495199203,89.07295227050781,2,-0.25616320967674255,40000.0,0.11717443913221359,0.003159724175930023,100.22944641113281,0.030042853206396103,0.9378525018692017,45.04999923706055,40,0.26450595259666443,-0.01939713954925537,1.0051559209823608,1746518176.0667279,1.0051559209823608,224.53504943847656,1000,124.30555725097656,0.06840046495199203,-0.0030533946119248867
0.000291000003926456,938.565246634,0.012595190666615963,0.011728186160326004,712.59521484375,NaN,0.11320245265960693,1.0057179927825928,0.10197362303733826,2,-0.40971460938453674,1.3112868070602417,0,0.11320245265960693,14.083333015441895,0,-0.807776689529419,4.4157586097717285,0.11320245265960693,-1.8543381690979004,0.10197362303733826,89.08521270751953,3,0.2661215364933014,60000.0,-0.10672307014465332,0.003870244836434722,100.32855224609375,0.009014979004859924,0.8980058431625366,32.400001525878906,40,1.0706793069839478,0.037302374839782715,1.0057179927825928,1746518400.6522708,1.0057179927825928,224.504150390625,1000,124.175537109375,0.10197362303733826,0.0007105206605046988
0.0002880000101868063,1167.686629082,0.01152336597442627,0.009358183480799198,937.5119018554688,NaN,0.14498668909072876,1.0059744119644165,0.13580602407455444,3,-0.33981117606163025,1.2912847995758057,0,0.14498668909072876,11.3125,0,-0.5917862057685852,2.8654215335845947,0.14498668909072876,-1.5503370761871338,0.13580602407455444,88.953857421875,4,0.7944837808609009,80000.0,0.24253815412521362,0.004239252302795649,99.84518432617188,0.006673791445791721,0.8802193403244019,13.600000381469727,40,1.6799827814102173,0.0699034333229065,1.0059744119644165,1746518625.570079,1.0059744119644165,224.83566284179688,1000,124.99042510986328,0.13580602407455444,0.00036900746636092663
0.0002849999873433262,1392.750925739,0.013011546805500984,0.013964577578008175,1166.6322021484375,NaN,0.17717435956001282,1.009345293045044,0.1701820343732834,4,-0.376267671585083,1.2533159255981445,0,0.17717435956001282,15.34000015258789,0,-0.40779656171798706,5.322939872741699,0.17717435956001282,2.4575183391571045,0.1701820343732834,87.32170104980469,5,0.9112036824226379,100000.0,0.10163271427154541,0.004750138148665428,104.6366958618164,0.010074259713292122,0.8474085927009583,68.30000305175781,40,1.865101933479309,-0.03645649552345276,1.009345293045044,1746518854.6915185,1.0093451738357544,229.0381317138672,1000,124.40139770507812,0.1701820343732834,0.0005108858458697796
0.00028199999360367656,1618.849403752,0.011137034744024277,0.00935223139822483,1391.7044677734375,NaN,0.2080223262310028,1.011544942855835,0.20494934916496277,5,-0.38697370886802673,1.2344443798065186,0,0.2080223262310028,15.699999809265137,0,-0.20777489244937897,2.2608015537261963,0.2080223262310028,-3.062138319015503,0.20494934916496277,88.89315032958984,6,0.7012748122215271,120000.0,-0.6282836198806763,0.030240176245570183,100.92955780029297,0.023691829293966293,0.8315671682357788,18.899999618530273,40,1.9023293256759644,-0.010706037282943726,1.011544942855835,1746519079.7557886,1.011544942855835,224.98922729492188,1000,124.05961608886719,0.20494934916496277,0.025490038096904755
0.0002789999998640269,1846.682083637,0.013044057413935661,0.013581682927906513,1617.80419921875,NaN,0.2368544340133667,1.0152289867401123,0.2395276427268982,6,-0.38362330198287964,1.2066116333007812,0,0.2368544340133667,11.760000228881836,0,-0.1397438496351242,1.7718327045440674,0.2368544340133667,-0.4889688491821289,0.2395276427268982,88.4859390258789,7,0.9233205318450928,140000.0,-0.07553404569625854,0.016071557998657227,101.29264831542969,-0.005516484845429659,0.8087462186813354,11.100000381469727,40,2.3349597454071045,0.0033504068851470947,1.0152289867401123,1746519305.8539722,1.0152289867401123,226.0246124267578,1000,124.73190307617188,0.2395276427268982,-0.014168618246912956
0.00027600000612437725,2068.999775295,0.01310208160430193,0.012574488297104836,1845.623046875,NaN,0.2664271891117096,1.0150818824768066,0.273786723613739,7,-0.36582350730895996,1.1799503564834595,0,0.2664271891117096,10.75,0,0.07065504789352417,2.7559266090393066,0.2664271891117096,0.9840939044952393,0.273786723613739,87.81986236572266,8,0.7722623944282532,160000.0,0.04757869243621826,0.008023965172469616,103.4594497680664,0.0006213407032191753,0.7874626517295837,31.200000762939453,40,2.800607442855835,0.017799794673919678,1.0150818824768066,1746519533.6864889,1.0150818824768066,227.73892211914062,1000,124.2794189453125,0.273786723613739,-0.00804759282618761
0.0002730000123847276,2295.986353973,0.014687947928905487,0.015918727964162827,2067.9423828125,NaN,0.2951601445674896,1.018102765083313,0.3081296682357788,8,-0.4060024917125702,1.1366996765136719,0,0.2951601445674896,12.579999923706055,0,0.1461230218410492,2.316577672958374,0.2951601445674896,-0.4393489360809326,0.3081296682357788,90.00011444091797,9,1.3125226497650146,180000.0,0.10005012899637222,0.008159028366208076,98.40372467041016,0.004117949865758419,0.7541629672050476,16.799999237060547,40,3.0115885734558105,-0.04017898440361023,1.018102765083313,1746519756.0046592,1.018102765083313,222.22193908691406,1000,123.81816864013672,0.3081296682357788,0.00013506319373846054
0.0002699999895412475,2522.461738484,0.014484090730547905,0.015861529856920242,2294.94189453125,NaN,0.3248175382614136,1.0149582624435425,0.3415883779525757,9,-0.3339575529098511,1.10383141040802,0,0.3248175382614136,7.960000038146973,0,0.1252376139163971,1.8797260522842407,0.3248175382614136,-0.4368516206741333,0.3415883779525757,88.13932800292969,10,0.8520380854606628,200000.0,0.17481780052185059,0.0041406829841434956,102.06230926513672,0.0042837816290557384,0.7297672629356384,33.20000076293945,40,1.7714219093322754,0.07204493880271912,1.0149582624435425,1746519982.991207,1.014958143234253,226.91346740722656,1000,124.85110473632812,0.3415883779525757,-0.004018345382064581
0.00026699999580159783,2749.601229414,0.015277677215635777,0.017862051725387573,2521.40625,NaN,0.3552064895629883,1.0186033248901367,0.37490954995155334,10,-0.3683980703353882,1.0714408159255981,0,0.3552064895629883,10.430000305175781,0,0.263701468706131,2.624238967895508,0.3552064895629883,0.7445129156112671,0.37490954995155334,88.34263610839844,11,0.726061999797821,220000.0,-0.131341814994812,0.008093312382698059,101.81231689453125,0.013034430332481861,0.7065908908843994,33.0,40,1.6795449256896973,-0.03444051742553711,1.0186033248901367,1746520209.4663942,1.0186033248901367,226.39125061035156,1000,124.5788803100586,0.37490954995155334,0.0039526293985545635
0.0002640000020619482,2972.47506247,0.013688749633729458,0.014000771567225456,2748.55322265625,NaN,0.38730302453041077,1.0105234384536743,0.408237487077713,11,-0.25231876969337463,1.0591647624969482,0,0.38730302453041077,10.979999542236328,0,0.20857959985733032,3.3596906661987305,0.38730302453041077,0.7354516983032227,0.408237487077713,88.08283996582031,12,0.9692111611366272,240000.0,-0.045671314001083374,0.00858579482883215,102.47740173339844,0.017026763409376144,0.6979397535324097,65.8499984741211,40,2.1769609451293945,0.11607930064201355,1.0105234384536743,1746520436.6057713,1.0105234384536743,227.05897521972656,1000,124.58152770996094,0.408237487077713,0.0004924824461340904
0.0002610000083222985,3208.179562096,0.01424955390393734,0.014141042716801167,2971.41845703125,NaN,0.42035937309265137,1.013241171836853,0.4416504204273224,12,-0.28239116072654724,1.0545125007629395,0,0.42035937309265137,11.359999656677246,0,0.1217581182718277,2.9561989307403564,0.42035937309265137,-0.403491735458374,0.4416504204273224,89.77401733398438,13,0.857572078704834,260000.0,0.04888235032558441,0.015450567938387394,98.51527404785156,0.009232484735548496,0.6947570443153381,49.5,40,1.9161336421966553,-0.030072391033172607,1.013241171836853,1746520659.479448,1.013241171836853,222.7816162109375,1000,124.26626586914062,0.4416504204273224,0.0068647731095552444
0.0002579999854788184,3446.80528923,0.01426461897790432,0.013855239376425743,3207.12939453125,NaN,0.45452359318733215,1.0147929191589355,0.4749002456665039,13,-0.22770988941192627,1.0416250228881836,0,0.45452359318733215,10.15999984741211,0,0.010451707988977432,2.3250041007995605,0.45452359318733215,-0.6311948299407959,0.4749002456665039,84.88320922851562,14,0.8848497867584229,280000.0,-0.19607096910476685,0.006301779765635729,107.75080871582031,-0.013402247801423073,0.6858721971511841,61.45000076293945,40,2.438220739364624,0.05468127131462097,1.0147929191589355,1746520895.1841002,1.0147929191589355,235.61785888671875,1000,127.86699676513672,0.4749002456665039,-0.009148788172751665
0.00025499999173916876,3679.476886697,0.015552954748272896,0.017589636147022247,3445.747802734375,NaN,0.4898003339767456,1.0174007415771484,0.5089824199676514,14,-0.2958355247974396,1.006970763206482,0,0.4898003339767456,16.110000610351562,0,0.06784668564796448,3.973724365234375,0.4898003339767456,1.6487202644348145,0.5089824199676514,83.84563446044922,15,1.1067841053009033,300000.0,-0.21912220120429993,0.007304530590772629,109.396484375,0.019284328445792198,0.6625630855560303,78.19999694824219,40,3.8810312747955322,-0.0681256353855133,1.0174007415771484,1746521133.8096733,1.0174007415771484,238.53358459472656,1000,129.13705444335938,0.5089824199676514,0.0010027508251369
0.0002519999979995191,3916.528517304,0.015261231921613216,0.017200438305735588,3678.4296875,NaN,0.524752140045166,1.0160096883773804,0.5434860587120056,15,-0.31507012248039246,0.9883520603179932,0,0.524752140045166,14.199999809265137,0,0.01869615539908409,2.9223625659942627,0.524752140045166,-1.0513617992401123,0.5434860587120056,85.989501953125,16,1.1059490442276,320000.0,0.13236725330352783,0.007177307736128569,103.8319320678711,-0.012793370522558689,0.6504153609275818,38.349998474121094,40,3.385119915008545,-0.01923459768295288,1.0160096883773804,1746521366.4813607,1.0160096883773804,232.58653259277344,1000,128.75454711914062,0.5434860587120056,-0.00012722285464406013
0.00024900000425986946,4135.898685222,0.01495958399027586,0.020062243565917015,3915.474365234375,NaN,0.5606058239936829,1.0110137462615967,0.578812837600708,16,-0.31769663095474243,0.9674549102783203,0,0.5606058239936829,18.079999923706055,0,0.021138353273272514,4.333434581756592,0.5606058239936829,1.411072015762329,0.578812837600708,84.40193939208984,17,1.563539981842041,340000.0,0.3004147410392761,0.006645881105214357,108.17130279541016,0.021214917302131653,0.6369837522506714,69.9000015258789,40,4.805086135864258,-0.0026265084743499756,1.0110137462615967,1746521603.5333104,1.0110137462615967,236.96139526367188,1000,128.7900390625,0.578812837600708,-0.0005314266309142113
0.0002460000105202198,4373.27673991,0.016021165996789932,0.02140689454972744,4134.84423828125,NaN,0.5973544120788574,1.0159966945648193,0.6152564883232117,17,-0.2806253433227539,0.938132643699646,0,0.5973544120788574,24.979999542236328,0,0.01730400137603283,5.58722448348999,0.5973544120788574,1.2537899017333984,0.6152564883232117,91.20491790771484,18,1.4126428365707397,360000.0,-0.013144329190254211,0.005067726597189903,109.15644073486328,-0.0021680372301489115,0.6185693144798279,78.30000305175781,34,4.227635860443115,0.037071287631988525,1.0159966945648193,1746521822.9035187,1.0159966945648193,219.2864227294922,1000,110.12994384765625,0.6152564883232117,-0.0015781545080244541
0.00024300000222865492,4603.58377226,0.015825392678380013,0.01905674859881401,4372.21923828125,NaN,0.6330274939537048,1.0180120468139648,0.6526540517807007,18,-0.40715861320495605,0.9186769127845764,0,0.6330274939537048,25.829999923706055,0,0.09643980860710144,4.842792510986328,0.6330274939537048,-0.7444319725036621,0.6526540517807007,84.2869873046875,19,2.289323329925537,380000.0,0.13689085841178894,0.006071820855140686,106.24492645263672,0.011976996436715126,0.6066985130310059,31.149999618530273,40,5.684999942779541,-0.12653326988220215,1.0180120468139648,1746522060.281344,1.0180119276046753,237.2845458984375,1000,131.03955078125,0.6526540517807007,0.0010040942579507828
0.00023999999393709004,4816.362531407,0.01584840565919876,0.01333214994519949,4602.54833984375,NaN,0.6662570238113403,1.0222587585449219,0.6902672052383423,19,-0.4003896117210388,0.9033671021461487,0,0.6662570238113403,18.540000915527344,0,-0.1176084354519844,2.133638620376587,0.6662570238113403,-2.709153890609741,0.6902672052383423,86.86663055419922,20,1.4049687385559082,400000.0,-0.030782097950577736,0.03848755732178688,100.94868469238281,0.013243063353002071,0.597667396068573,9.550000190734863,40,3.872865676879883,0.006769001483917236,1.0222587585449219,1746522290.5886185,1.0222587585449219,230.23802185058594,1000,129.28929138183594,0.6902672052383423,0.032415736466646194
0.00023700000019744039,5020.439599115,0.016541017219424248,0.022668927907943726,4815.31005859375,NaN,0.6997680068016052,1.0184967517852783,0.728309154510498,20,-0.32390105724334717,0.8835569620132446,0,0.6997680068016052,21.040000915527344,0,-0.010724225081503391,3.1865975856781006,0.6997680068016052,1.0529589653015137,0.728309154510498,94.03047943115234,21,1.4737704992294312,420000.0,0.0740533247590065,0.00979697611182928,105.94351959228516,-0.017165180295705795,0.5858244299888611,47.900001525878906,33,4.117445945739746,0.07648855447769165,1.0184967517852783,1746522503.3672264,1.0184967517852783,212.69699096679688,1000,106.7533950805664,0.728309154510498,-0.0286905812099576
0.00023400000645779073,5248.582677871,0.015778010711073875,0.020006997510790825,5019.38720703125,NaN,0.7338152527809143,1.013859510421753,0.7665783166885376,21,-0.28916358947753906,0.8710539937019348,0,0.7338152527809143,19.829999923706055,0,-0.038040824234485626,4.237059116363525,0.7338152527809143,1.0504615306854248,0.7665783166885376,98.04254913330078,22,1.2828211784362793,440000.0,-0.3397260010242462,0.00962228886783123,103.93637084960938,-0.014036706648766994,0.5785976052284241,54.150001525878906,31,4.175282955169678,0.034737467765808105,1.013859510421753,1746522707.4443936,1.0138596296310425,203.99307250976562,1000,100.056640625,0.7665783166885376,-0.0001746872439980507
0.00023099999816622585,5439.735645478,0.016594210639595985,0.020588185638189316,5247.52392578125,NaN,0.7663149833679199,1.020803451538086,0.8039544820785522,22,-0.4221610426902771,0.8510968685150146,0,0.7663149833679199,12.0,0,0.009847703389823437,2.581029176712036,0.7663149833679199,-1.6560299396514893,0.8039544820785522,87.69820404052734,23,1.7705738544464111,460000.0,-0.3346211612224579,0.0038289630319923162,102.85359191894531,0.002195345237851143,0.5671825408935547,19.350000381469727,39,5.33161735534668,-0.13299745321273804,1.020803451538086,1746522935.5874321,1.020803451538086,228.05484008789062,1000,125.20120239257812,0.8039544820785522,-0.005793325835838914
0.0002280000044265762,5652.457215597,0.015567577444016933,0.020349837839603424,5438.681640625,NaN,0.7987107038497925,1.0154683589935303,0.8407893180847168,23,-0.33639633655548096,0.8332219123840332,0,0.7987107038497925,13.489999771118164,0,-0.003728999989107251,2.9775969982147217,0.7987107038497925,0.39656782150268555,0.8407893180847168,104.67514038085938,24,1.8948156833648682,480000.0,0.006449714303016663,0.00412805937230587,104.88963317871094,0.013011250644922256,0.5571643114089966,39.04999923706055,27,4.531919479370117,0.08576470613479614,1.0154683589935303,1746523126.7404802,1.0154683589935303,191.06732177734375,1000,86.17764282226562,0.8407893180847168,0.0002990963403135538
0.00022499999613501132,5861.230715259,0.016889819875359535,0.020641237497329712,5651.419921875,NaN,0.8305830359458923,1.019445776939392,0.8775423169136047,24,-0.4099832773208618,0.8138485550880432,0,0.8305830359458923,16.059999465942383,0,0.1427018791437149,3.400404691696167,0.8305830359458923,0.4228076934814453,0.8775423169136047,94.04891204833984,25,1.9418914318084717,500000.0,0.2951800227165222,0.006042839959263802,105.02950286865234,0.033180054277181625,0.546596348285675,31.850000381469727,33,5.552483558654785,-0.07358694076538086,1.019445776939392,1746523339.4619646,1.019445776939392,212.65530395507812,1000,107.62574768066406,0.8775423169136047,0.0019147805869579315
0.00022200000239536166,6084.87604739,0.016439247876405716,0.021873213350772858,5860.158203125,NaN,0.8621161580085754,1.013271450996399,0.9135712385177612,25,-0.2530398666858673,0.8099842667579651,0,0.8621161580085754,12.0,0,-0.08492449671030045,2.4844624996185303,0.8621161580085754,-0.9159421920776367,0.9135712385177612,95.84414672851562,26,1.354690432548523,520000.0,-0.12672697007656097,0.006178406998515129,106.63859558105469,0.010504469275474548,0.5445931553840637,33.70000076293945,32,3.2075352668762207,0.1569434106349945,1.013271450996399,1746523548.2355077,1.013271450996399,208.67210388183594,1000,102.03345489501953,0.9135712385177612,0.00013556703925132751
0.00021899999410379678,6266.323136764,0.017275746911764145,0.02044997178018093,6083.8076171875,NaN,0.8927595615386963,1.0212844610214233,0.9485918283462524,26,-0.34859374165534973,0.7958376407623291,0,0.8927595615386963,9.979999542236328,0,0.1077565923333168,1.932310700416565,0.8927595615386963,-0.5521517992019653,0.9485918283462524,89.46625518798828,27,1.2745258808135986,540000.0,-0.06559750437736511,0.0054122707806527615,107.70487976074219,0.008067951537668705,0.5369920134544373,24.75,36,3.625944137573242,-0.09555387496948242,1.0212844610214233,1746523771.8808339,1.0212844610214233,223.54795837402344,1000,115.8430404663086,0.9485918283462524,-0.0007661362178623676
0.00021600000036414713,6469.831937851,0.016921725124120712,0.0209038108587265,6265.2744140625,NaN,0.9235249161720276,1.0186488628387451,0.9830806255340576,27,-0.3547248840332031,0.7703834176063538,0,0.9235249161720276,11.930000305175781,0,0.1309051513671875,2.985469341278076,0.9235249161720276,1.0531586408615112,0.9830806255340576,110.27216339111328,28,1.173543930053711,560000.0,0.04256727546453476,0.007919601164758205,101.25273132324219,0.02272878959774971,0.5236520171165466,38.5,25,4.909695148468018,-0.0061311423778533936,1.0186488628387451,1746523953.3279653,1.0186488628387451,181.36944580078125,1000,80.11666107177734,0.9830806255340576,0.002507330384105444
0.00021300000662449747,6659.989993536,0.016519298776984215,0.020174242556095123,6468.79833984375,NaN,0.9555152058601379,1.0136668682098389,1.0172991752624512,28,-0.30382320284843445,0.7550084590911865,0,0.9555152058601379,13.029999732971191,0,0.12743189930915833,3.7863521575927734,0.9555152058601379,0.8008828163146973,1.0172991752624512,98.3060531616211,29,1.567494511604309,580000.0,0.005137652158737183,0.006181921809911728,106.39091491699219,0.0208737850189209,0.5158674716949463,58.349998474121094,30,5.333041191101074,0.05090168118476868,1.0136668682098389,1746524156.8367662,1.0136668682098389,203.44627380371094,1000,97.05531311035156,1.0172991752624512,-0.0017376793548464775
0.0002099999983329326,6868.767541485,0.015895437449216843,0.021759139373898506,6658.6962890625,NaN,0.9875683784484863,1.0145219564437866,1.05133855342865,29,-0.3419606685638428,0.7355448603630066,0,0.9875683784484863,13.350000381469727,0,0.15740923583507538,3.8601417541503906,0.9875683784484863,0.07378959655761719,1.05133855342865,105.3543930053711,30,1.9691174030303955,600000.0,0.07043895870447159,0.005996758118271828,105.2357177734375,0.030210040509700775,0.5059762001037598,40.25,26,5.290279865264893,-0.038137465715408325,1.0145219564437866,1746524346.993901,1.0145219564437866,189.83546447753906,1000,84.59970092773438,1.05133855342865,-0.0001851636916399002
0.00020700000459328294,7049.676967733,0.016499923542141914,0.02060464210808277,6867.697265625,NaN,1.0178415775299072,1.0192832946777344,1.0851452350616455,30,-0.3418506681919098,0.7241314053535461,0,1.0178415775299072,12.920000076293945,0,0.2207697331905365,1.7710741758346558,1.0178415775299072,-2.089067578315735,1.0851452350616455,95.8494873046875,31,1.3666658401489258,620000.0,-0.04760102927684784,0.006079227197915316,102.58403015136719,0.006789932027459145,0.5004271268844604,13.399999618530273,33,3.6991405487060547,0.0001100003719329834,1.0192832946777344,1746524555.7722883,1.0192832946777344,208.6604766845703,1000,106.07640838623047,1.0851452350616455,8.246907964348793e-05
0.00020399999630171806,7247.688844779,0.01657920330762863,0.020244671031832695,7048.6455078125,NaN,1.0477837324142456,1.0159028768539429,1.1186383962631226,31,-0.2657664716243744,0.713333785533905,0,1.0477837324142456,12.319999694824219,0,0.04015614464879036,2.8156609535217285,1.0477837324142456,1.0445867776870728,1.1186383962631226,110.58950805664062,32,0.8670828342437744,640000.0,0.1233702301979065,0.008965959772467613,103.97412109375,-0.0032296311110258102,0.4953826665878296,30.950000762939453,24,3.0683977603912354,0.0760841965675354,1.0159028768539429,1746524736.6817832,1.0159028768539429,180.84898376464844,1000,76.87481689453125,1.1186383962631226,0.0028867325745522976
0.0002010000025620684,7450.078538536,0.01736549288034439,0.020338546484708786,7246.65478515625,NaN,1.0766538381576538,1.0206612348556519,1.1514662504196167,32,-0.36736375093460083,0.7018035650253296,0,1.0766538381576538,10.300000190734863,0,-0.04175324738025665,2.024749755859375,1.0766538381576538,-0.7909111976623535,1.1514662504196167,101.03642272949219,33,0.8514562249183655,660000.0,0.06485133618116379,0.020802928134799004,105.22762298583984,0.011266972869634628,0.4900611340999603,20.0,29,4.115352630615234,-0.10159727931022644,1.0206612348556519,1746524934.6936488,1.0206612348556519,197.9484100341797,1000,92.72074890136719,1.1514662504196167,0.01183696836233139
0.00019799999427050352,7645.953555425,0.016714321449398994,0.02146567404270172,7449.0361328125,NaN,1.1061550378799438,1.0131416320800781,1.183404803276062,33,-0.2295440435409546,0.6882079839706421,0,1.1061550378799438,8.84000015258789,0,0.08076474815607071,2.847439765930176,1.1061550378799438,0.8226900100708008,1.183404803276062,98.85407257080078,34,0.7087727785110474,680000.0,0.007940903306007385,0.008583971299231052,105.92322540283203,0.025263139978051186,0.48381543159484863,42.849998474121094,30,2.9203028678894043,0.13781970739364624,1.0131416320800781,1746525137.0831075,1.0131417512893677,202.31842041015625,1000,96.39513397216797,1.183404803276062,-0.012218956835567951
0.00019500000053085387,7818.736396567,0.017388809472322464,0.020905254408717155,7644.89990234375,NaN,1.1346430778503418,1.01767897605896,1.214047908782959,34,-0.3352687358856201,0.6751191020011902,0,1.1346430778503418,6.53000020980835,0,-0.019620094448328018,2.023983955383301,1.1346430778503418,-0.823455810546875,1.214047908782959,102.14958190917969,35,0.7859575152397156,700000.0,0.023576997220516205,0.007449180353432894,100.80176544189453,0.020575908944010735,0.47780293226242065,20.149999618530273,29,3.7415289878845215,-0.10572469234466553,1.01767897605896,1746525332.9583628,1.01767897605896,195.7913055419922,1000,94.989501953125,1.214047908782959,-0.0011347909457981586
0.00019200000679120421,7995.328401769,0.01672217808663845,0.020317070186138153,7817.6787109375,NaN,1.162816047668457,1.0143167972564697,1.2440718412399292,35,-0.2709640562534332,0.6589779853820801,0,1.162816047668457,9.0,0,-0.0454341322183609,2.8189382553100586,1.162816047668457,0.7949542999267578,1.2440718412399292,115.81053161621094,36,0.5696691274642944,720000.0,-0.19557228684425354,0.016159789636731148,104.46973419189453,0.029004497453570366,0.47050052881240845,28.100000381469727,21,2.638037919998169,0.06430467963218689,1.0143167972564697,1746525505.7411537,1.0143167972564697,172.69586181640625,1000,68.22608947753906,1.2440718412399292,0.008710609283298254
0.00018899999849963933,8170.206389383,0.016186436638236046,0.02130444347858429,7994.19970703125,NaN,1.1906899213790894,1.011344313621521,1.2733935117721558,36,-0.24429072439670563,0.6644313931465149,0,1.1906899213790894,8.300000190734863,0,0.026732688769698143,2.5754075050354004,1.1906899213790894,-0.2435307502746582,1.2733935117721558,113.35674285888672,37,1.0653951168060303,740000.0,0.0868263840675354,0.00629115616902709,102.08562469482422,-0.00020388945995364338,0.47346916794776917,27.75,23,3.2585906982421875,0.0266733318567276,1.011344313621521,1746525682.3324454,1.0113444328308105,176.43414306640625,1000,74.34847259521484,1.2733935117721558,-0.009868633467704058
0.00018600000475998968,8341.120916065,0.01661422662436962,0.02179674431681633,8169.1455078125,NaN,1.2190935611724854,1.0163087844848633,1.30290949344635,37,-0.28152984380722046,0.6431089639663696,0,1.2190935611724854,12.109999656677246,0,0.10835245996713638,2.6294751167297363,1.2190935611724854,0.05406761169433594,1.30290949344635,114.43456268310547,38,0.5190533995628357,760000.0,-0.0016107801347970963,0.008909907191991806,103.46110534667969,0.02260105311870575,0.46375182271003723,38.79999923706055,22,3.021817922592163,-0.03723911941051483,1.0163087844848633,1746525857.2110515,1.0163087844848633,174.7723846435547,1000,71.31121826171875,1.30290949344635,0.002618751022964716
0.0001829999964684248,8523.906281594,0.016461903229355812,0.021040495485067368,8340.0673828125,NaN,1.249173879623413,1.008703351020813,1.3329299688339233,38,-0.183156356215477,0.6433489918708801,0,1.249173879623413,13.699999809265137,0,-0.008732740767300129,5.066547870635986,1.249173879623413,2.43707275390625,1.3329299688339233,117.07378387451172,39,0.8507788777351379,780000.0,-0.058290623128414154,0.0072467331774532795,105.3271713256836,0.008866849355399609,0.46365803480148315,57.54999923706055,20,3.5865421295166016,0.09837348759174347,1.008703351020813,1746526028.1255515,1.008703351020813,170.8324432373047,1000,65.50521087646484,1.3329299688339233,-0.0016631740145385265
0.00018000000272877514,8704.590736869,0.015534826554358006,0.020293565467000008,8522.8544921875,NaN,1.2795295715332031,1.011090874671936,1.3637813329696655,39,-0.22228369116783142,0.6397952437400818,0,1.2795295715332031,15.630000114440918,0,0.038221631199121475,3.642347574234009,1.2795295715332031,-1.4242002964019775,1.3637813329696655,109.4688720703125,40,0.9082632660865784,800000.0,-0.06152353435754776,0.005947803612798452,104.90290832519531,0.010792744345963001,0.46178311109542847,38.75,24,3.190919876098633,-0.03912733495235443,1.011090874671936,1746526210.9110043,1.0110907554626465,182.70034790039062,1000,77.7973861694336,1.3637813329696655,-0.0012989295646548271
0.00017699999443721026,8880.494767683,0.0168010201305151,0.022141005843877792,8703.533203125,NaN,1.3097102642059326,1.0092450380325317,1.395210862159729,40,-0.1957373172044754,0.6407256722450256,0,1.3097102642059326,14.8100004196167,0,0.04255732521414757,3.1018307209014893,1.3097102642059326,-0.5405168533325195,1.395210862159729,110.74398040771484,41,0.9611907005310059,820000.0,0.05698674917221069,0.008834240958094597,102.72833251953125,-0.0020132665522396564,0.4622400999069214,32.599998474121094,24,2.9541118144989014,0.026546373963356018,1.0092450380325317,1746526391.5955374,1.0092449188232422,180.5967254638672,1000,77.86834716796875,1.395210862159729,0.0028864373452961445
0.0001740000006975606,9102.850737515,0.016228768974542618,0.020065458491444588,8879.451171875,NaN,1.3389084339141846,1.0136743783950806,1.4272191524505615,41,-0.2833636403083801,0.6353736519813538,0,1.3389084339141846,15.140000343322754,0,-0.0055190324783325195,2.7056639194488525,1.3389084339141846,-0.3961668014526367,1.4272191524505615,113.74561309814453,42,0.9821916222572327,840000.0,-0.021537113934755325,0.011112681590020657,102.10163116455078,0.01978309080004692,0.46016597747802734,21.350000381469727,23,3.4090328216552734,-0.08762632310390472,1.0136743783950806,1746526567.49958,1.0136743783950806,175.83096313476562,1000,73.72927856445312,1.4272191524505615,0.0022784406319260597
0.00017100000695791095,9299.22627635,0.017623398452997208,0.02228661999106407,9101.7861328125,NaN,1.3671441078186035,1.0201607942581177,1.458938717842102,42,-0.2891606390476227,0.6268049478530884,0,1.3671441078186035,11.149999618530273,0,-0.035344965755939484,1.5483375787734985,1.3671441078186035,-1.157326340675354,1.458938717842102,89.9838638305664,43,1.0161999464035034,860000.0,-0.07951448857784271,0.007906215265393257,105.97041320800781,0.03568168729543686,0.45672351121902466,20.299999237060547,36,3.280500888824463,-0.005796998739242554,1.0201607942581177,1746526789.855359,1.0201609134674072,222.26206970214844,1000,116.2916030883789,1.458938717842102,-0.0032064663246273994
0.00016799999866634607,9491.054461739,0.017621824517846107,0.021916795521974564,9298.177734375,NaN,1.394713282585144,1.0187711715698242,1.4899734258651733,43,-0.2627057731151581,0.6120356321334839,0,1.394713282585144,9.149999618530273,0,-0.09711281955242157,2.530900478363037,1.394713282585144,0.9825628995895386,1.4899734258651733,101.88845825195312,44,0.9639828205108643,880000.0,-0.16782066226005554,0.01086879801005125,100.43257904052734,-0.002492949366569519,0.45073360204696655,22.799999237060547,30,2.5915088653564453,0.0264548659324646,1.0187711715698242,1746526986.2309742,1.0187711715698242,196.2930908203125,1000,95.86045837402344,1.4899734258651733,0.0029625827446579933
0.00016500000492669642,9693.131854034,0.01634836383163929,0.02032296545803547,9489.9970703125,NaN,1.420863389968872,1.0141063928604126,1.5199520587921143,44,-0.2434009611606598,0.6079338788986206,0,1.420863389968872,7.179999828338623,0,-0.237165167927742,2.4775633811950684,1.420863389968872,-0.05333709716796875,1.5199520587921143,104.30699920654297,45,1.5046199560165405,900000.0,-0.19735240936279297,0.009000249207019806,100.83293151855469,-0.03416824713349342,0.44949615001678467,12.600000381469727,28,2.355069637298584,0.01930481195449829,1.0141063928604126,1746527178.059018,1.0141063928604126,191.74168395996094,1000,90.90869903564453,1.5199520587921143,-0.0018685488030314445
0.00016199999663513154,9797.701988537,0.017693255096673965,0.020580684766173363,9692.0791015625,NaN,1.4475510120391846,1.011915922164917,1.5490667819976807,45,-0.13977868854999542,0.6110904812812805,0,1.4475510120391846,7.539999961853027,0,-0.16766978800296783,3.2660298347473145,1.4475510120391846,0.7884664535522461,1.5490667819976807,99.01387786865234,46,0.8145450353622437,920000.0,-0.17204472422599792,0.013555269688367844,102.16629028320312,-0.015617112629115582,0.45141926407814026,35.5,31,2.1891796588897705,0.10362227261066437,1.011915922164917,1746527380.1362877,1.0119160413742065,201.99188232421875,1000,99.82554626464844,1.5490667819976807,0.004555020481348038
0.00015900000289548188,9966.051023671,0.01362625602632761,0.020453767850995064,9796.6455078125,NaN,1.4743255376815796,1.0004817247390747,1.5775182247161865,46,-0.18211199343204498,0.6058934926986694,0,1.4743255376815796,8.010000228881836,0,-0.1309976726770401,9.285273551940918,1.4743255376815796,6.0192437171936035,1.5775182247161865,191.42906188964844,47,1.2579245567321777,940000.0,0.03769218176603317,0.01770825870335102,101.0741195678711,0.020668793469667435,0.44921422004699707,30.200000762939453,1,3.159184455871582,-0.04233330488204956,1.0004817247390747,1746527484.7067106,1.0004817247390747,104.47734832763672,1000,3.4031875133514404,1.5775182247161865,0.004152989014983177
0.000155999994603917,10148.48273742,0.017305241897702217,0.02029598318040371,9965.0068359375,NaN,1.5029994249343872,1.0062358379364014,1.6053341627120972,47,-0.10321170091629028,0.6379058361053467,0,1.5029994249343872,7.820000171661377,0,-0.024877997115254402,2.969910144805908,1.5029994249343872,-6.31536340713501,1.6053341627120972,118.85252380371094,48,1.2334831953048706,960000.0,-0.10205520689487457,0.008640888147056103,106.97109985351562,0.011865814216434956,0.4637235999107361,55.349998474121094,19,3.676788330078125,0.0789002925157547,1.0062358379364014,1746527653.0558536,1.0062357187271118,168.27577209472656,1000,61.30460739135742,1.6053341627120972,-0.009067370556294918
0.00015300000086426735,10341.731845069,0.01542511023581028,0.022388609126210213,10147.4482421875,NaN,1.5322041511535645,1.0089654922485352,1.63278067111969,48,-0.21920634806156158,0.6421431303024292,0,1.5322041511535645,8.649999618530273,0,-0.023729901760816574,2.950806140899658,1.5322041511535645,-0.01910400390625,1.63278067111969,109.66812133789062,49,1.0356351137161255,980000.0,0.07719508558511734,0.014727318659424782,101.41133117675781,-0.0074706971645355225,0.46551087498664856,38.95000076293945,25,3.1024959087371826,-0.1159946471452713,1.0089654922485352,1746527835.4873753,1.0089656114578247,182.368408203125,1000,80.95702362060547,1.63278067111969,0.006086430512368679
0.0001500000071246177,10530.020216057,0.016208184882998466,0.020653050392866135,10340.681640625,NaN,1.561564326286316,1.0098035335540771,1.6602587699890137,49,-0.26591360569000244,0.6375274658203125,0,1.561564326286316,10.170000076293945,0,0.19172094762325287,3.162503957748413,1.561564326286316,0.21169781684875488,1.6602587699890137,103.53781127929688,50,1.3244982957839966,1000000.0,-0.2431919276714325,0.014190875925123692,105.69956970214844,0.01070057787001133,0.46374255418777466,34.54999923706055,27,3.86419415473938,-0.04670725762844086,1.0098035335540771,1746528028.7363102,1.0098035335540771,193.1661376953125,1000,87.46650695800781,1.6602587699890137,-0.0005364427343010902
0.00014699999883305281,10737.359509615,0.016341036185622215,0.020905740559101105,10528.9619140625,NaN,1.5903794765472412,1.0147546529769897,1.687412977218628,50,-0.28372111916542053,0.6304808855056763,0,1.5903794765472412,8.640000343322754,0,0.29085037112236023,1.7352917194366455,1.5903794765472412,-1.4272122383117676,1.687412977218628,106.2733154296875,51,0.9942625761032104,1020000.0,-0.10719069838523865,0.006886577699333429,104.4571762084961,0.004756622482091188,0.4607537090778351,25.549999237060547,26,3.630986213684082,-0.01780751347541809,1.0147546529769897,1746528217.025065,1.0147546529769897,188.19400024414062,1000,83.73677825927734,1.687412977218628,-0.007304298225790262
0.00014400000509340316,10941.396843572,0.01695171743631363,0.021036816760897636,10736.30859375,NaN,1.6191984415054321,1.0129719972610474,1.7141846418380737,51,-0.22870953381061554,0.6292805075645447,0,1.6191984415054321,8.229999542236328,0,0.38236674666404724,2.1140389442443848,1.6191984415054321,0.37874722480773926,1.7141846418380737,96.49746704101562,52,1.00809645652771,1040000.0,-0.23248589038848877,0.007819526828825474,100.81565856933594,0.024025460705161095,0.46034300327301025,31.799999237060547,33,3.2262468338012695,0.05501158535480499,1.0129719972610474,1746528424.364348,1.0129719972610474,207.2593231201172,1000,106.4436264038086,1.7141846418380737,0.0009329491294920444
0.00014099999680183828,11127.378616449,0.016203584149479866,0.020548686385154724,10940.3359375,NaN,1.6480549573898315,1.0136948823928833,1.740721583366394,52,-0.2596312463283539,0.624631404876709,0,1.6480549573898315,8.649999618530273,0,0.2582496106624603,2.2441630363464355,1.6480549573898315,0.13012409210205078,1.740721583366394,98.06443786621094,53,1.0073639154434204,1060000.0,0.041912421584129333,0.012727844528853893,105.0240478515625,0.053311169147491455,0.45862266421318054,32.150001525878906,31,3.7928969860076904,-0.030921712517738342,1.0136948823928833,1746528628.4014466,1.0136950016021729,203.94754028320312,1000,98.9234390258789,1.740721583366394,0.0049083177000284195
0.00013800000306218863,11328.863324779,0.016377046704292297,0.020303448662161827,11126.337890625,NaN,1.6781266927719116,1.0089374780654907,1.766775131225586,53,-0.1681610494852066,0.6292740106582642,0,1.6781266927719116,7.510000228881836,0,0.2560484707355499,2.527468204498291,1.6781266927719116,0.28330516815185547,1.766775131225586,107.58052825927734,54,1.0862396955490112,1080000.0,-0.10821280628442764,0.014020295813679695,105.98912048339844,0.04015370085835457,0.4613274931907654,48.0,25,3.61285662651062,0.09147019684314728,1.0089374780654907,1746528814.383353,1.0089374780654907,185.90725708007812,1000,79.91808319091797,1.766775131225586,0.0012924512848258018
0.00013499999477062374,11551.946658676,0.015972191467881203,0.02051837183535099,11327.814453125,NaN,1.7072911262512207,1.0136111974716187,1.7919299602508545,54,-0.32327231764793396,0.6236093640327454,0,1.7072911262512207,5.650000095367432,0,0.28641459345817566,2.061302423477173,1.7072911262512207,-0.46616578102111816,1.7919299602508545,99.30143737792969,55,0.8260818123817444,1100000.0,-0.059479597955942154,0.005702383350580931,107.60775756835938,0.026787813752889633,0.4591718912124634,21.799999237060547,29,3.7118918895721436,-0.15511126816272736,1.0136111974716187,1746529015.8681715,1.0136111974716187,201.40695190429688,1000,93.79914855957031,1.7919299602508545,-0.008317912463098764
0.0001320000010309741,11762.882525337,0.01717357151210308,0.020359596237540245,11550.8896484375,NaN,1.733864426612854,1.023860216140747,1.816153883934021,55,-0.344993531703949,0.6037089228630066,0,1.733864426612854,5.170000076293945,0,0.22031795978546143,0.8939460515975952,1.733864426612854,-1.1673563718795776,1.816153883934021,89.68730163574219,56,0.6748682856559753,1120000.0,-0.001224372535943985,0.008012236095964909,100.4010238647461,0.05588690936565399,0.45125043392181396,1.0,38,2.471452474594116,-0.021721214056015015,1.023860216140747,1746529238.951361,1.0238600969314575,222.99700927734375,1000,122.5959243774414,1.816153883934021,0.002309852745383978
0.0001289999927394092,11983.939042082,0.016814524307847023,0.020228886976838112,11761.82421875,NaN,1.7595524787902832,1.0167516469955444,1.8395754098892212,56,-0.22639122605323792,0.5907920598983765,0,1.7595524787902832,5.300000190734863,0,0.03877050429582596,1.523865818977356,1.7595524787902832,0.6299197673797607,1.8395754098892212,94.85470581054688,57,0.4961722791194916,1140000.0,0.4581551253795624,0.010558786801993847,98.22396850585938,0.020280810073018074,0.4461025297641754,17.850000381469727,36,1.859911322593689,0.11860230565071106,1.0167516469955444,1746529449.8869486,1.016751766204834,210.84878540039062,1000,112.624755859375,1.8395754098892212,0.0025465507060289383
0.00012599999899975955,12201.936127926,0.016276346519589424,0.015320356003940105,11982.884765625,NaN,1.7856113910675049,1.0171834230422974,1.8621608018875122,57,-0.09504435211420059,0.5915983319282532,0,1.7856113910675049,4.860000133514404,0,0.015396900475025177,1.4340204000473022,1.7856113910675049,-0.08984541893005371,1.8621608018875122,90.51237487792969,58,0.5185245275497437,1160000.0,0.1461830884218216,0.009752746671438217,97.32302856445312,0.009940829128026962,0.44603851437568665,31.899999618530273,40,1.9664984941482544,0.13134687393903732,1.0171834230422974,1746529670.9438634,1.0171834230422974,220.96426391601562,1000,123.64117431640625,1.8621608018875122,-0.0008060401305556297
0.0001230000052601099,12400.46482224,0.01652536541223526,0.015885107219219208,12200.8828125,NaN,1.8096280097961426,1.0221211910247803,1.883405089378357,58,-0.23494857549667358,0.5859729051589966,0,1.8096280097961426,2.680000066757202,0,-0.05863063782453537,0.759961724281311,1.8096280097961426,-0.6740586757659912,1.883405089378357,91.77873229980469,59,0.5143026113510132,1180000.0,0.19815589487552643,0.01382749155163765,94.10255432128906,-0.0016813278198242188,0.444009006023407,4.0,40,1.3436548709869385,-0.139904223382473,1.0221211910247803,1746529888.9406512,1.0221211910247803,217.9154052734375,1000,123.81278991699219,1.883405089378357,0.004074744880199432
0.00011999999696854502,12525.959409199,0.01808900199830532,0.020186245441436768,12399.423828125,NaN,1.8319587707519531,1.0265830755233765,1.9034581184387207,59,-0.2849525511264801,0.5693448781967163,0,1.8319587707519531,2.759999990463257,0,-0.2271973192691803,0.72016441822052,1.8319587707519531,-0.039797306060791016,1.9034581184387207,100.78050994873047,60,0.49306395649909973,1200000.0,-0.10534372925758362,0.0062193009071052074,95.9380111694336,-0.0059098186902701855,0.4379604756832123,5.849999904632568,33,1.9341968297958374,-0.05000397562980652,1.0265830755233765,1746530087.4696827,1.026582956314087,198.45106506347656,1000,102.51301574707031,1.9034581184387207,-0.007608190644532442
0.00011700000322889537,12748.493367378,0.016761058941483498,0.020288094878196716,12524.921875,NaN,1.8564600944519043,1.0008102655410767,1.9225819110870361,60,0.0435362346470356,0.5857868194580078,0,1.8564600944519043,3.2899999618530273,0,-0.10524477064609528,3.656034231185913,1.8564600944519043,2.935869812965393,1.9225819110870361,159.45408630371094,61,0.5359440445899963,1220000.0,0.055104829370975494,0.006504576653242111,100.56964111328125,-0.006113726645708084,0.44564035534858704,49.599998474121094,8,1.7265757322311401,0.3284887857735157,1.0008102655410767,1746530212.9643102,1.0008102655410767,125.4279556274414,1000,24.858266830444336,1.9225819110870361,0.00028527574613690376
0.0001140000022132881,12848.288922048,0.015959065407514572,0.01721217855811119,12747.455078125,NaN,1.8805286884307861,1.0097568035125732,1.940693974494934,61,-0.15229949355125427,0.6234691739082336,0,1.8805286884307861,2.6700000762939453,0,0.06239361688494682,1.360188603401184,1.8805286884307861,-2.295845627784729,1.940693974494934,89.9010238647461,62,0.4407557547092438,1240000.0,-0.05588799715042114,0.006845707539469004,97.13868713378906,0.005063595715910196,0.46274900436401367,20.600000381469727,40,1.3771501779556274,-0.19583572819828987,1.0097568035125732,1746530435.4980323,1.0097568035125732,222.4668731689453,1000,125.328125,1.940693974494934,0.00034113088622689247
0.00011100000119768083,13062.023162417,0.013488762080669403,0.022969091311097145,12847.2587890625,NaN,1.9049186706542969,0.998286783695221,1.9583410024642944,62,-0.06314067542552948,0.6185175180435181,0,1.9049186706542969,4.260000228881836,0,0.040645673871040344,9.603452682495117,1.9049186706542969,8.243264079093933,1.9583410024642944,200.5361328125,63,0.569195032119751,1260000.0,0.04394035413861275,0.008774816989898682,96.49983978271484,0.01195158064365387,0.4607102572917938,28.850000381469727,1,1.7421437501907349,0.08915881812572479,0.998286783695221,1746530535.29376,0.9982867240905762,99.73265075683594,1000,3.2327680587768555,1.9583410024642944,0.001929109450429678
0.00010800000018207356,13273.434457234,0.01608833484351635,0.022110512480139732,13060.974609375,NaN,1.9289209842681885,1.0140597820281982,1.9757537841796875,63,-0.224831223487854,0.6196303367614746,0,1.9289209842681885,4.900000095367432,0,0.15083254873752594,2.4151124954223633,1.9289209842681885,-7.188340187072754,1.9757537841796875,93.60811614990234,64,0.7588766813278198,1280000.0,0.2492314726114273,0.008622873574495316,98.5650634765625,0.019023528322577477,0.46200236678123474,20.850000381469727,37,2.4681570529937744,-0.16169054806232452,1.0140597820281982,1746530749.0280607,1.0140597820281982,213.65667724609375,1000,115.0915756225586,1.9757537841796875,-0.0001519434154033661
0.0001049999991664663,13463.399217139,0.016046831384301186,0.020173711702227592,13272.3984375,NaN,1.9523963928222656,1.0142000913619995,1.9931597709655762,64,-0.21579550206661224,0.6110937595367432,0,1.9523963928222656,5.599999904632568,0,0.19922088086605072,2.3524680137634277,1.9523963928222656,-0.06264448165893555,1.9931597709655762,94.63137817382812,65,0.6571826934814453,1300000.0,0.18834197521209717,0.010531037114560604,97.46339416503906,0.026632586494088173,0.45853638648986816,18.75,37,1.9704769849777222,0.00903572142124176,1.0142000913619995,1746530960.4393334,1.0142000913619995,211.3463897705078,1000,113.88294982910156,1.9931597709655762,0.0019081635400652885
0.00010199999815085903,13686.320734148,0.01593659445643425,0.020410142838954926,13462.3447265625,NaN,1.9760862588882446,1.0134804248809814,2.010909080505371,65,-0.1717110276222229,0.5969852805137634,0,1.9760862588882446,6.809999942779541,0,-0.03419722616672516,1.8690603971481323,1.9760862588882446,-0.4834076166152954,2.010909080505371,105.3285140991211,66,0.4838497042655945,1320000.0,-0.013696528971195221,0.009044524282217026,98.07904815673828,0.0020767024252563715,0.4527515769004822,26.549999237060547,30,1.8351362943649292,0.04408447444438934,1.0134804248809814,1746531150.4037333,1.013480544090271,189.88209533691406,1000,91.80301666259766,2.010909080505371,-0.0014865128323435783
9.899999713525176e-05,13792.172771876,0.015937257558107376,0.02012317255139351,13685.28125,NaN,1.9993047714233398,1.0135917663574219,2.028975248336792,66,-0.2161800116300583,0.5943506956100464,0,1.9993047714233398,6.800000190734863,0,-0.031234627589583397,1.6052354574203491,1.9993047714233398,-0.2638249397277832,2.028975248336792,89.74828338623047,67,0.6823886632919312,1340000.0,-0.4212670624256134,0.0068708742037415504,97.65458679199219,0.006175554823130369,0.4526531994342804,18.899999618530273,40,2.135138511657715,-0.04446898400783539,1.0135917663574219,1746531373.3255918,1.0135917663574219,222.84548950195312,1000,125.19085693359375,2.028975248336792,-0.0021736500784754753
9.600000339560211e-05,14000.121405361,0.014572123065590858,0.022128714248538017,13791.1357421875,NaN,2.026840925216675,0.9983555674552917,2.048694372177124,67,0.14841383695602417,0.5862902998924255,0,2.026840925216675,11.699999809265137,0,0.04081889986991882,13.43310546875,2.026840925216675,11.82787001132965,2.048694372177124,189.05984497070312,68,0.9205836057662964,1360000.0,-0.330984503030777,0.006262743379920721,102.7906494140625,0.03257133439183235,0.44937455654144287,78.1500015258789,1,3.1163089275360107,0.36459384858608246,0.9983555674552917,1746531479.1776006,0.9983555674552917,105.78661346435547,1000,2.9959161281585693,2.048694372177124,-0.0006081308238208294
9.300000237999484e-05,14196.600260867,0.015467975288629532,0.020607296377420425,13999.083984375,NaN,2.0551419258117676,1.0054030418395996,2.07034969329834,68,-0.13736779987812042,0.5864543914794922,0,2.0551419258117676,13.380000114440918,0,0.036824122071266174,4.004616737365723,2.0551419258117676,-9.428488731384277,2.07034969329834,96.2082748413086,69,0.6312106251716614,1380000.0,0.12282094359397888,0.0074985697865486145,102.12220001220703,0.01774238981306553,0.44919025897979736,38.45000076293945,34,2.4880974292755127,-0.2857816368341446,1.0054030418395996,1746531687.126234,1.0054031610488892,207.88233947753906,1000,105.76008605957031,2.07034969329834,0.0012358264066278934
9.000000136438757e-05,14418.802355449,0.015486027114093304,0.02129303477704525,14195.5634765625,NaN,2.0828745365142822,1.0107096433639526,2.093545436859131,69,-0.2782164216041565,0.5683015584945679,0,2.0828745365142822,12.649999618530273,0,-0.0984208881855011,3.1749825477600098,2.0828745365142822,-0.8296341896057129,2.093545436859131,101.82588958740234,70,0.9228060841560364,1400000.0,0.040061719715595245,0.03602626174688339,100.26615142822266,0.04391761124134064,0.4418887197971344,23.299999237060547,31,3.520890712738037,-0.14084862172603607,1.0107096433639526,1746531883.6051433,1.0107096433639526,196.4136962890625,1000,96.14750671386719,2.093545436859131,0.028527691960334778
8.70000003487803e-05,14641.768076091,0.015143911354243755,0.016701996326446533,14417.740234375,NaN,2.1094472408294678,1.0132362842559814,2.1179094314575195,70,-0.2216406613588333,0.5598889589309692,0,2.1094472408294678,11.84000015258789,0,-0.06280738860368729,1.553783655166626,2.1094472408294678,-1.6211988925933838,2.1179094314575195,90.0450439453125,71,0.45801132917404175,1420000.0,0.058363527059555054,0.006952054798603058,97.06608581542969,-0.02187877893447876,0.43911194801330566,15.800000190734863,40,1.9492238759994507,0.05657576024532318,1.0132362842559814,1746532105.8072016,1.0132362842559814,222.11105346679688,1000,125.04490661621094,2.1179094314575195,-0.029074206948280334
8.399999933317304e-05,14865.682288199,0.016245396807789803,0.018462657928466797,14640.71484375,NaN,2.133535146713257,1.0238264799118042,2.143115520477295,71,-0.35007837414741516,0.5314228534698486,0,2.133535146713257,11.050000190734863,0,-0.11781875789165497,0.8942212462425232,2.133535146713257,-0.6595624089241028,2.143115520477295,89.7330322265625,72,0.5370103716850281,1440000.0,-0.4484174847602844,0.006583481095731258,98.25841522216797,0.00734794931486249,0.4276951849460602,0.0,40,2.5675950050354004,-0.12843771278858185,1.0238264799118042,1746532328.772968,1.0238263607025146,222.88336181640625,1000,124.6249008178711,2.143115520477295,-0.00036857370287179947
8.099999831756577e-05,15087.65439426,0.015442037023603916,0.016126232221722603,14864.6220703125,NaN,2.156255006790161,1.018239140510559,2.167171001434326,72,-0.21645039319992065,0.528967022895813,0,2.156255006790161,4.139999866485596,0,-0.17399166524410248,0.5310171246528625,2.156255006790161,-0.36320412158966064,2.167171001434326,89.35533142089844,73,0.4811578094959259,1460000.0,-0.08888107538223267,0.005375722423195839,97.75993347167969,0.0007825510110706091,0.4278448224067688,9.550000190734863,40,1.841134786605835,0.1336279809474945,1.018239140510559,1746532552.6866903,1.018239140510559,223.82546997070312,1000,126.06546020507812,2.167171001434326,-0.0012077586725354195
7.79999973019585e-05,15308.684884098,0.016186019405722618,0.016936784610152245,15086.59765625,NaN,2.178687334060669,1.0152446031570435,2.1897246837615967,73,-0.18093439936637878,0.5287232398986816,0,2.178687334060669,2.5399999618530273,0,-0.25337323546409607,1.1992042064666748,2.178687334060669,0.6681870818138123,2.1897246837615967,90.13960266113281,74,0.30315831303596497,1480000.0,0.06105680391192436,0.00699876993894577,97.72991943359375,-0.007886362262070179,0.4285256564617157,19.950000762939453,40,1.6723898649215698,0.03551599383354187,1.0152446031570435,1746532774.6592596,1.0152446031570435,221.8780517578125,1000,124.1480941772461,2.1897246837615967,0.0016230475157499313
7.500000356230885e-05,15538.897110406,0.016408804804086685,0.020305784419178963,15307.630859375,NaN,2.2011992931365967,1.0161036252975464,2.2112560272216797,74,-0.17446771264076233,0.5178200602531433,0,2.2011992931365967,3.680000066757202,0,-0.07908759266138077,1.5043163299560547,2.2011992931365967,0.3051121234893799,2.2112560272216797,90.51911926269531,75,0.31048551201820374,1500000.0,-0.3442801833152771,0.007069298531860113,97.13795471191406,-0.010552757419645786,0.42454615235328674,23.649999618530273,40,1.7097800970077515,0.006466686725616455,1.0161036252975464,1746532995.6897333,1.0161036252975464,220.9477996826172,1000,123.80980682373047,2.2112560272216797,7.052859291434288e-05
7.200000254670158e-05,15766.245758326,0.014335823245346546,0.015141463838517666,15537.8564453125,NaN,2.223813533782959,1.0080269575119019,2.2316746711730957,75,-0.12287350744009018,0.52094966173172,0,2.223813533782959,3.0299999713897705,0,-0.019716311246156693,1.002363681793213,2.223813533782959,-0.5019526481628418,2.2316746711730957,86.90242767333984,76,0.23298369348049164,1520000.0,0.006729120388627052,0.0065297516994178295,104.15198516845703,-0.0008300532354041934,0.42659398913383484,23.899999618530273,40,1.6722220182418823,0.05159420520067215,1.0080269575119019,1746533225.9018393,1.0080269575119019,230.14315795898438,1000,125.99112701416016,2.2316746711730957,-0.0005395468324422836
6.900000153109431e-05,15991.646685158,0.015374453738331795,0.019630221650004387,15765.208984375,NaN,2.2475833892822266,1.007787823677063,2.2517378330230713,76,-0.09819277375936508,0.5314908623695374,0,2.2475833892822266,5.21999979019165,0,-0.14253276586532593,2.4257395267486572,2.2475833892822266,1.4233758449554443,2.2517378330230713,87.99735260009766,77,0.24979092180728912,1540000.0,-0.034641966223716736,0.010234413668513298,102.08216857910156,-0.031061066314578056,0.431733101606369,35.849998474121094,40,1.6468505859375,0.024680733680725098,1.007787823677063,1746533453.2504246,1.007787823677063,227.27955627441406,1000,125.19734191894531,2.2517378330230713,0.0037046619690954685
6.600000051548705e-05,16212.322460708,0.015349503606557846,0.019718458876013756,15990.609375,NaN,2.2706315517425537,1.014285922050476,2.2719061374664307,77,-0.22383208572864532,0.5162233114242554,0,2.2706315517425537,6.650000095367432,0,-0.134201779961586,2.1327860355377197,2.2706315517425537,-0.2929534912109375,2.2719061374664307,88.75824737548828,78,0.22046518325805664,1560000.0,0.1231006532907486,0.00690097501501441,101.74746704101562,-0.023053674027323723,0.42576849460601807,16.100000381469727,40,1.7297841310501099,-0.12563931196928024,1.014285922050476,1746533678.651354,1.014285922050476,225.3311767578125,1000,123.58367156982422,2.2719061374664307,-0.003333438653498888
6.299999949987978e-05,16427.074142778,0.015301331877708435,0.017938759177923203,16211.2763671875,NaN,2.2936434745788574,1.010711669921875,2.292264938354492,78,-0.14963077008724213,0.5000203847885132,0,2.2936434745788574,6.949999809265137,0,-0.1343080848455429,1.9057894945144653,2.2936434745788574,-0.2269965410232544,2.292264938354492,90.66336059570312,79,0.31392115354537964,1580000.0,-0.19045045971870422,0.0072744861245155334,97.52718353271484,-0.033207476139068604,0.4202634394168854,22.75,40,1.444319486618042,0.0742013156414032,1.010711669921875,1746533899.3271055,1.010711669921875,220.59628295898438,1000,123.06904602050781,2.292264938354492,0.00037351110950112343
5.999999848427251e-05,16649.486564402,0.01631186529994011,0.020261546596884727,16426.0078125,NaN,2.318977117538452,1.0046802759170532,2.3129966259002686,79,-0.03239382803440094,0.5119025111198425,0,2.318977117538452,7.610000133514404,0,-0.10237149149179459,2.7345988750457764,2.318977117538452,0.828809380531311,2.3129966259002686,93.17452239990234,80,0.4770752787590027,1600000.0,-0.10713092237710953,0.007961214520037174,100.13571166992188,-0.012169739231467247,0.42585042119026184,49.599998474121094,37,2.395165205001831,0.11723694205284119,1.0046802759170532,1746534114.0787513,1.0046802759170532,214.65093994140625,1000,114.51518249511719,2.3129966259002686,0.0006867283955216408
5.700000110664405e-05,16871.395544015,0.013487408868968487,0.01601041667163372,16648.4296875,NaN,2.342897891998291,1.0097718238830566,2.3339900970458984,80,-0.3066713809967041,0.5058428645133972,0,2.342897891998291,7.329999923706055,0,-0.07003360986709595,1.691874623298645,2.342897891998291,-1.0427242517471313,2.3339900970458984,89.96033477783203,81,0.4808904230594635,1620000.0,0.13407978415489197,0.007800846826285124,97.80631256103516,0.011988211423158646,0.42347481846809387,10.25,40,2.875993251800537,-0.27427755296230316,1.0097718238830566,1746534336.4914594,1.0097718238830566,222.32020568847656,1000,124.51383972167969,2.3339900970458984,-0.0001603676937520504
5.400000009103678e-05,17096.832270113,0.014207666739821434,0.017147134989500046,16870.337890625,NaN,2.365792989730835,1.013464331626892,2.3548836708068848,81,-0.24897849559783936,0.48624205589294434,0,2.365792989730835,6.170000076293945,0,0.04089481383562088,1.4239990711212158,2.365792989730835,-0.2678755521774292,2.3548836708068848,90.1620864868164,82,0.5547570586204529,1640000.0,-0.32920554280281067,0.004893229342997074,97.9073715209961,-0.0001254169037565589,0.41637101769447327,12.899999618530273,40,2.1657588481903076,0.057692885398864746,1.013464331626892,1746534558.400424,1.013464331626892,221.82273864746094,1000,123.91529846191406,2.3548836708068848,-0.0029076174832880497
5.0999999075429514e-05,17322.508772713,0.015438864007592201,0.017522497102618217,17095.783203125,NaN,2.3897764682769775,1.0067330598831177,2.3754754066467285,82,-0.06702558696269989,0.49143704771995544,0,2.3897764682769775,5.440000057220459,0,0.14871829748153687,1.642913818359375,2.3897764682769775,0.21891474723815918,2.3754754066467285,88.7471694946289,83,0.5149682760238647,1660000.0,-0.2206898033618927,0.007392582017928362,100.23175048828125,0.01831549033522606,0.4188256561756134,34.849998474121094,40,2.0192902088165283,0.18195290863513947,1.0067330598831177,1746534783.8371606,1.0067329406738281,225.3592987060547,1000,125.12750244140625,2.3754754066467285,0.0024993526749312878
4.8000001697801054e-05,17545.833434211,0.014233527705073357,0.015588975511491299,17321.455078125,NaN,2.4135901927948,1.0116225481033325,2.3957526683807373,83,-0.21688543260097504,0.49981242418289185,0,2.4135901927948,5.28000020980835,0,0.4136112928390503,1.5416765213012695,2.4135901927948,-0.10123729705810547,2.3957526683807373,88.65438079833984,84,0.5835036635398865,1680000.0,0.018680352717638016,0.006227696314454079,102.42306518554688,0.03491712734103203,0.423061728477478,22.100000381469727,40,2.572291851043701,-0.14985984563827515,1.0116225481033325,1746535009.5136616,1.0116225481033325,225.5951690673828,1000,123.17205810546875,2.3957526683807373,-0.0011648857034742832
4.5000000682193786e-05,17768.589741963,0.013829490169882774,0.015299241058528423,17544.771484375,NaN,2.4373080730438232,1.009323239326477,2.415529251098633,84,-0.16311752796173096,0.5060206055641174,0,2.4373080730438232,4.550000190734863,0,0.3580201268196106,1.6218297481536865,2.4373080730438232,0.08015322685241699,2.415529251098633,89.5916976928711,85,0.6155933737754822,1700000.0,-0.14104965329170227,0.005774571560323238,98.78750610351562,0.05883233621716499,0.42672446370124817,22.649999618530273,40,2.001087188720703,0.05376790463924408,1.009323239326477,1746535232.8379495,1.009323239326477,223.23497009277344,1000,124.44740295410156,2.415529251098633,-0.0004531247541308403
4.199999966658652e-05,17994.334541088,0.013052062131464481,0.012156879529356956,17767.548828125,NaN,2.4602158069610596,1.0087252855300903,2.4349234104156494,85,-0.16685545444488525,0.5125187635421753,0,2.4602158069610596,4.760000228881836,0,0.29584506154060364,1.192340612411499,2.4602158069610596,-0.4294891357421875,2.4349234104156494,89.81522369384766,86,0.32179996371269226,1720000.0,0.0069478824734687805,0.006698638666421175,98.46514892578125,0.04920525103807449,0.43121999502182007,14.850000381469727,40,1.6870136260986328,-0.003737926483154297,1.0087252855300903,1746535455.5945678,1.0087252855300903,222.6793975830078,1000,124.21420288085938,2.4349234104156494,0.0009240671060979366
3.899999865097925e-05,18220.703515622,0.014886600896716118,0.01701192557811737,17993.27734375,NaN,2.4852805137634277,1.0025599002838135,2.4543874263763428,86,0.007541022729128599,0.5301434993743896,0,2.4852805137634277,6.090000152587891,0,0.3379407525062561,2.715142011642456,2.4852805137634277,1.522801399230957,2.4543874263763428,88.6292953491211,87,0.7188701033592224,1740000.0,0.15344910323619843,0.01172561850398779,100.94950103759766,0.04022875055670738,0.4384654462337494,46.5,40,2.005967378616333,0.17439647717401385,1.0025599002838135,1746535681.3394427,1.0025599002838135,225.65902709960938,1000,124.70947265625,2.4543874263763428,0.005026979837566614
3.600000127335079e-05,18442.847548277,0.012193183414638042,0.013020874932408333,18219.654296875,NaN,2.5113468170166016,1.00471830368042,2.4741880893707275,87,-0.0764574334025383,0.5465108156204224,0,2.5113468170166016,6.960000038146973,0,0.33342689275741577,1.4325543642044067,2.5113468170166016,-1.2825876474380493,2.4741880893707275,88.38168334960938,88,0.6090335845947266,1760000.0,0.056225210428237915,0.006653112825006247,102.24942779541016,0.05665270984172821,0.4464028775691986,36.0,40,2.197812080383301,-0.0839984561316669,1.00471830368042,1746535907.7084045,1.00471830368042,226.29122924804688,1000,124.04173278808594,2.4741880893707275,-0.005072505678981543
3.300000025774352e-05,18663.532369233,0.012065937742590904,0.011756382882595062,18441.787109375,NaN,2.536606788635254,1.0065076351165771,2.4945409297943115,88,-0.15864820778369904,0.5575355291366577,0,2.536606788635254,7.75,0,-0.028374796733260155,1.5175386667251587,2.536606788635254,0.08498430252075195,2.4945409297943115,90.06766510009766,89,0.6432332992553711,1780000.0,-0.040374696254730225,0.012384028173983097,97.0075912475586,-0.0003908502694685012,0.45112335681915283,17.299999237060547,40,1.4374208450317383,-0.08219077438116074,1.0065076351165771,1746536129.8524408,1.0065076351165771,222.05528259277344,1000,125.04764556884766,2.4945409297943115,0.0057309153489768505
2.9999999242136255e-05,18888.510166163,0.011620384640991688,0.010408234782516956,18662.494140625,NaN,2.560673236846924,1.00968599319458,2.5149905681610107,89,-0.20917394757270813,0.5677827000617981,0,2.560673236846924,6.420000076293945,0,0.018340321257710457,1.212012529373169,2.560673236846924,-0.30552613735198975,2.5149905681610107,90.65445709228516,90,0.9024364948272705,1800000.0,0.057516541332006454,0.005955628119409084,96.7414779663086,0.01694437302649021,0.4560738205909729,12.350000381469727,40,2.021390914916992,-0.050525739789009094,1.00968599319458,1746536350.5372236,1.00968599319458,220.61793518066406,1000,123.87640380859375,2.5149905681610107,-0.006428400054574013
2.700000004551839e-05,19111.403972979,0.0117763327434659,0.010812883265316486,18887.474609375,NaN,2.583794593811035,1.0100425481796265,2.5357472896575928,90,-0.2060002237558365,0.5749327540397644,0,2.583794593811035,7.110000133514404,0,0.061107538640499115,1.161780834197998,2.583794593811035,-0.0502316951751709,2.5357472896575928,88.92271423339844,91,0.6534082889556885,1820000.0,0.09311312437057495,0.010751084424555302,100.72974395751953,0.0019524919334799051,0.4610154926776886,13.699999809265137,40,1.9205230474472046,0.003173723816871643,1.0100425481796265,1746536575.5149753,1.0100425481796265,224.91441345214844,1000,124.18462371826172,2.5357472896575928,0.004795456305146217
2.4000000848900527e-05,19332.737440261,0.01069588866084814,0.00940183736383915,19110.3671875,NaN,2.605414628982544,1.0083516836166382,2.556159257888794,91,-0.2582826316356659,0.5758758783340454,0,2.605414628982544,5.090000152587891,0,-0.003757314756512642,1.307698369026184,2.605414628982544,0.14591753482818604,2.556159257888794,89.755126953125,92,0.7663366198539734,1840000.0,-0.2753220796585083,0.007780122570693493,99.40744018554688,0.024133089929819107,0.4628373682498932,7.0,40,2.067793369293213,-0.05228240787982941,1.0083516836166382,1746536798.4088652,1.0083516836166382,222.8284912109375,1000,123.4209976196289,2.556159257888794,-0.0029709618538618088
2.099999983329326e-05,19554.604045001,0.01112310029566288,0.007855040952563286,19331.671875,NaN,2.6258459091186523,1.010934829711914,2.576129913330078,92,-0.2153375893831253,0.5749779343605042,0,2.6258459091186523,4.659999847412109,0,-0.06432727724313736,1.0368164777755737,2.6258459091186523,-0.27088189125061035,2.576129913330078,90.4000473022461,93,0.4871291518211365,1860000.0,0.09750083088874817,0.00943655613809824,96.9627685546875,0.021084289997816086,0.46298831701278687,8.699999809265137,40,1.4043279886245728,0.04294504225254059,1.010934829711914,1746537019.741896,1.010934829711914,221.2388153076172,1000,124.2759780883789,2.576129913330078,0.001656433567404747
1.8000000636675395e-05,19780.649388609,0.010926824063062668,0.009084455668926239,19553.564453125,NaN,2.6448278427124023,1.0100080966949463,2.5951900482177734,93,-0.2533075511455536,0.5749853849411011,0,2.6448278427124023,3.0399999618530273,0,0.05081355944275856,1.218361496925354,2.6448278427124023,0.18154501914978027,2.5951900482177734,90.17568969726562,94,0.796378493309021,1880000.0,-0.010583806782960892,0.006293408572673798,97.44842529296875,0.010024773888289928,0.46413925290107727,4.900000095367432,40,1.78342866897583,-0.037969961762428284,1.0100080966949463,1746537241.6089315,1.0100080966949463,221.7892608642578,1000,124.34077453613281,2.5951900482177734,-0.0031431475654244423
1.4999999621068127e-05,20001.802647182,0.01083865761756897,0.009037862531840801,19779.4609375,NaN,2.664158344268799,1.004004716873169,2.613762140274048,94,-0.09454365074634552,0.5826342105865479,0,2.664158344268799,4.070000171661377,0,0.02798483334481716,1.1426336765289307,2.664158344268799,-0.07572782039642334,2.613762140274048,88.5627212524414,95,0.549236536026001,1900000.0,0.2015170454978943,0.006233762018382549,101.7080078125,0.0026284458581358194,0.46807098388671875,21.700000762939453,40,1.2392181158065796,0.15876390039920807,1.004004716873169,1746537467.654051,1.004004716873169,225.8286590576172,1000,124.12060546875,2.613762140274048,-5.964655429124832e-05
1.2000000424450263e-05,20233.832173489,0.009535698220133781,0.0065482971258461475,20000.7578125,NaN,2.6823573112487793,1.0065398216247559,2.6316070556640625,95,-0.1576431542634964,0.6021323204040527,0,2.6823573112487793,3.1700000762939453,0,0.007762591820210218,0.6595780253410339,2.6823573112487793,-0.48305565118789673,2.6316070556640625,90.46757507324219,96,0.367008775472641,1920000.0,-0.24548056721687317,0.004905393347144127,97.75047302246094,-0.005574268288910389,0.47761091589927673,7.0,40,0.9894623160362244,-0.06309950351715088,1.0065398216247559,1746537688.807519,1.0065398216247559,221.0736846923828,1000,123.32315063476562,2.6316070556640625,-0.0013283686712384224
9.000000318337698e-06,20463.305233029,0.009520587511360645,0.007475757971405983,20232.7734375,NaN,2.7020342350006104,1.0030301809310913,2.6488800048828125,96,0.025985853746533394,0.6167018413543701,0,2.7020342350006104,3.4200000762939453,0,0.09971563518047333,1.0191031694412231,2.7020342350006104,0.3595251441001892,2.6488800048828125,86.22832489013672,97,0.4125319719314575,1940000.0,-0.04935907572507858,0.004625506233423948,107.27207946777344,0.002356590935960412,0.48478883504867554,32.400001525878906,40,0.9724549055099487,0.1836290080100298,1.0030301809310913,1746537920.8366144,1.0030301809310913,231.94235229492188,1000,124.67021942138672,2.6488800048828125,-0.0002798871137201786
6.000000212225132e-06,20688.219146814,0.008927568793296814,0.007023216690868139,20462.251953125,NaN,2.724972724914551,0.9992279410362244,2.665862798690796,97,0.11891816556453705,0.6315646767616272,0,2.724972724914551,4.099999904632568,0,-0.012030906975269318,2.4557995796203613,2.724972724914551,1.4366964101791382,2.665862798690796,87.19068908691406,98,0.45427852869033813,1960000.0,0.10638340562582016,0.007693716324865818,105.50487518310547,0.007733726408332586,0.4919746518135071,53.20000076293945,40,1.5369848012924194,0.09293231181800365,0.9992279410362244,1746538150.309673,0.9992279410362244,229.3822784423828,1000,123.87734985351562,2.665862798690796,0.0030682100914418697
3.000000106112566e-06,20910.553859832,0.007568687200546265,0.0048863026313483715,20687.17578125,NaN,2.747347116470337,1.0015209913253784,2.6825525760650635,98,-0.2533129155635834,0.6401098370552063,0,2.747347116470337,3.990000009536743,0,0.06298721581697464,1.5632902383804321,2.747347116470337,-0.8925093412399292,2.6825525760650635,88.95536804199219,99,0.9161199331283569,1980000.0,-0.0928865596652031,0.005609091836959124,100.998291015625,0.0006645845132879913,0.4961456060409546,16.25,40,2.8698890209198,-0.3722310811281204,1.0015209913253784,1746538375.2240255,1.0015209913253784,224.83184814453125,1000,123.83351135253906,2.6825525760650635,-0.0020846244879066944
0.0,20911.509549179,0.006086616311222315,0.003230980597436428,20909.50390625,NaN,2.7688517570495605,1.0017210245132446,2.698834180831909,99,-0.17171090841293335,0.6442208290100098,0,2.7688517570495605,3.5399999618530273,0,0.06808816641569138,1.4540857076644897,2.7688517570495605,-0.10920453071594238,2.698834180831909,89.98629760742188,100,0.5058341026306152,2000000.0,0.00856015458703041,0.010229809209704399,97.61114501953125,-0.01719919592142105,0.4981929659843445,12.550000190734863,40,1.5277318954467773,0.08160200715065002,1.0017210245132446,1746538597.5587006,1.001720905303955,222.2560577392578,1000,124.64485168457031,2.698834180831909,0.0046207173727452755
