Train/Epoch,Metrics/EpRet,Metrics/LagrangeMultiplier,Metrics/LagrangeMultiplier/Min,Loss/Loss_cost_critic,Safety/ShieldLagrangeMultiplier/Std,_step,Loss/Loss_reward_critic,Loss/Loss_reward_critic/Delta,Metrics/EpCost,Time/FPS,Safety/shield_violation,Time/Update,Metrics/LagrangeMultiplier/Max,Misc/H_inv_g,Misc/AcceptanceStep,Train/LR,Safety/ShieldLagrangeMultiplier/Min,_runtime,_timestamp,Metrics/EpLen,Value/Adv,Train/KL,Misc/Alpha,TotalEnvSteps,Train/PolicyStd,Value/cost,Train/PolicyRatio/Min,Time/Epoch,Train/Entropy,Train/StopIter,Loss/Loss_cost_critic/Delta,Misc/xHx,Time/Rollout,Safety/shield_adv_c,Train/PolicyRatio,Safety/EpCostShield,Metrics/LagrangeMultiplier/Std,Train/PolicyRatio/Max,Train/PolicyRatio/Std,Time/Total,Loss/Loss_pi,Misc/gradient_norm,Safety/ShieldLagrangeMultiplier,Loss/Loss_pi/Delta,Safety/ShieldLagrangeMultiplier/Max,Value/reward,Misc/FinalStepNorm
0,-3.440264940261841,0.03599999472498894,0.03599999472498894,1.7866727113723755,0,1,0.009183667600154877,0.009183667600154877,3.200000047683716,158.96006774902344,0.040255554020404816,18.251422882080078,0.03599999472498894,0.11156823486089706,1,0,0.044999994337558746,227.386059543,1746556683.591,1000,-1.831054596834747e-08,0.0003612310392782092,2.31445050239563,20000.0,1.0109375715255737,-0.19352088868618011,1.0010151863098145,125.81776428222656,1.4296470880508423,10,1.7866727113723755,0.0037336451932787895,107.56632232666016,-0.0359475202858448,1.0010151863098145,13.550000190734863,0,1.0010151863098145,0.0007178451051004231,125.81918334960938,-0.06647086888551712,0.07047098875045776,0.044999994337558746,-0.06647086888551712,0.044999994337558746,0.01274928729981184,0.2582191526889801
1,-2.5477800369262695,0.07066600024700165,0.07066600024700165,3.0769193172454834,0,2,0.004666700027883053,-0.004516967572271824,4.824999809265137,200.16912841796875,0.3494834899902344,18.643848419189453,0.07066600024700165,0.14002297818660736,1,0,0.07945410907268524,333.221169342,1746556783.9506721,1000,1.5258788677030566e-09,0.000488877936732024,1.2204790115356445,40000.0,1.026548981666565,-0.08911630511283875,1.0001630783081055,99.91551208496094,1.4448919296264648,10,1.290246605873108,0.01342669129371643,81.27164459228516,0.5461959838867188,1.0001630783081055,22.149999618530273,0,1.0001630783081055,0.00011536999954842031,225.79798889160156,-0.0743180438876152,0.1781117469072342,0.07945410907268524,-0.007847175002098083,0.07945410907268524,-0.023131363093852997,0.17089509963989258
2,-2.025520086288452,0.10408740490674973,0.10408740490674973,6.519197940826416,0,3,0.005326952785253525,0.000660252757370472,8.766666412353516,189.11221313476562,0.9820706248283386,18.331209182739258,0.10408740490674973,0.14047369360923767,1,0,0.11283944547176361,435.75645797,1746556889.787099,1000,0.0,0.00046556940651498735,1.5498766899108887,60000.0,1.0325437784194946,0.14642612636089325,1.0002079010009766,105.75731658935547,1.4507545232772827,10,3.4422786235809326,0.008325976319611073,87.42609405517578,1.0400092601776123,1.0002079010009766,38.849998474121094,0,1.0002079010009766,0.0001470082061132416,332.01300048828125,-0.04475980997085571,0.12037324160337448,0.11283944547176361,0.02955823391675949,0.11283944547176361,-0.039909135550260544,0.21771690249443054
3,-1.5602235794067383,0.13770923018455505,0.13770923018455505,5.149068355560303,0,4,0.003618295304477215,-0.00170865748077631,10.975000381469727,195.17713928222656,2.3768327236175537,18.404396057128906,0.13770923018455505,0.16796833276748657,1,0,0.14691954851150513,539.657068468,1746556992.3223543,1000,-3.051757735406113e-09,0.00040779783739708364,1.5159969329833984,80000.0,1.0308774709701538,0.4977802634239197,0.9998284578323364,102.47101593017578,1.4491262435913086,10,-1.3701295852661133,0.008702276274561882,84.06659698486328,-0.6343860030174255,0.9998283982276917,35.45000076293945,0,0.9998284578323364,0.0001213267314597033,434.54644775390625,-0.06481769680976868,0.11992420256137848,0.14691954851150513,-0.020057886838912964,0.14691954851150513,-0.04531470313668251,0.25463947653770447
4,-1.2984257936477661,0.17158153653144836,0.17158153653144836,7.875672817230225,0,5,0.00297243008390069,-0.0006458652205765247,13.789999961853027,192.6107635498047,2.2416369915008545,18.608348846435547,0.17158153653144836,0.1697424054145813,1,0,0.18114866316318512,641.770351769,1746557096.2229605,1000,3.051757735406113e-09,0.0002769099664874375,1.9533203840255737,100000.0,1.0508180856704712,0.8480484485626221,0.9996723532676697,103.83635711669922,1.4681921005249023,10,2.726604461669922,0.0052418215200304985,85.22798919677734,1.3895965814590454,0.9996723532676697,51.75,0,0.9996723532676697,0.000231695274123922,538.4468994140625,-0.025608422234654427,0.05487886071205139,0.18114866316318512,0.03920927457511425,0.18114866316318512,-0.0309611763805151,0.33156129717826843
5,-0.6033087372779846,0.2059047818183899,0.2059047818183899,5.299046993255615,0,6,0.003970487974584103,0.0009980578906834126,15.329999923706055,195.98609924316406,3.9706835746765137,18.35654640197754,0.2059047818183899,0.19597844779491425,1,0,0.21585088968276978,747.626389483,1746557198.3363514,1000,2.2888182460434336e-09,0.0002828200231306255,1.736146092414856,120000.0,1.0660488605499268,1.5635995864868164,1.0009645223617554,102.04805755615234,1.4827009439468384,10,-2.5766258239746094,0.0066352421417832375,83.69149017333984,-0.04589124023914337,1.0009645223617554,48.75,0,1.0009645223617554,0.0006820483831688762,640.56396484375,-0.06125619634985924,0.04722756892442703,0.21585088968276978,-0.03564777411520481,0.21585088968276978,-0.02925792895257473,0.3402472138404846
6,-0.19497562944889069,0.24071696400642395,0.24071696400642395,4.608677387237549,0,7,0.0020324622746556997,-0.001938025699928403,15.970000267028809,189.05471801757812,3.526259422302246,18.37874984741211,0.24071696400642395,0.19178618490695953,1,0,0.250698983669281,850.804627929,1746557304.1923423,1000,6.103515470812226e-09,0.0003113341226708144,1.7368206977844238,140000.0,1.072966456413269,1.2791271209716797,1.0010948181152344,105.78948211669922,1.48916757106781,10,-0.6903696060180664,0.006630089599639177,87.41070556640625,1.0769656896591187,1.0010948181152344,70.0999984741211,0,1.0010948181152344,0.0007741533336229622,746.4146728515625,0.01876114122569561,0.04738971218466759,0.250698983669281,0.08001733757555485,0.250698983669281,-0.02407141774892807,0.3330982029438019
7,-0.0005647277575917542,0.27592575550079346,0.27592575550079346,4.35603141784668,0,8,0.004152637906372547,0.0021201756317168474,15.069999694824219,194.00730895996094,3.1223878860473633,18.6264705657959,0.27592575550079346,0.18880367279052734,1,0,0.28505370020866394,955.298398494,1746557407.3705008,1000,4.1961669694501325e-09,0.0003811303758993745,1.643015742301941,160000.0,1.0708588361740112,1.2893798351287842,1.0002765655517578,103.08889770507812,1.4872153997421265,10,-0.25264596939086914,0.007408767938613892,84.46240997314453,0.20239003002643585,1.0002765655517578,33.79999923706055,0,1.0002765655517578,0.00019561758381314576,849.5702514648438,-0.07882200926542282,0.07872653007507324,0.28505370020866394,-0.09758315049111843,0.28505370020866394,-0.015753522515296936,0.31020739674568176
8,0.06083168089389801,0.3112186789512634,0.3112186789512634,4.180029392242432,0,9,0.005078709218651056,0.0009260713122785091,12.789999961853027,191.5785369873047,4.279858112335205,18.355972290039062,0.3112186789512634,0.18933013081550598,1,0,0.319716215133667,1057.698605906,1746557511.86414,1000,2.2888182460434336e-09,0.0002859158266801387,1.7360305786132812,180000.0,1.0692801475524902,1.3313548564910889,1.0004647970199585,104.39582824707031,1.4858657121658325,10,-0.17600202560424805,0.0066361259669065475,86.03984069824219,0.13123038411140442,1.0004647970199585,47.95000076293945,0,1.0004647970199585,0.00032868923153728247,954.0537109375,-0.07344948500394821,0.06266959756612778,0.319716215133667,0.005372524261474609,0.319716215133667,-0.01854807883501053,0.32868289947509766
9,0.21931782364845276,0.34610483050346375,0.34610483050346375,3.7920117378234863,0,10,0.0041292146779596806,-0.0009494945406913757,10.0,195.42457580566406,4.290971279144287,18.368680953979492,0.34610483050346375,0.19633528590202332,1,0,0.354076087474823,1159.850514174,1746557614.2645655,1000,-1.3732909920349812e-08,0.00029519572854042053,1.6915953159332275,200000.0,1.0707277059555054,1.2435396909713745,1.0002540349960327,102.34127044677734,1.4872703552246094,10,-0.3880176544189453,0.006989344488829374,83.97257232666016,-0.8696868419647217,1.0002540349960327,36.25,0,1.0002540349960327,0.0001795456191757694,1056.493408203125,-0.11494196206331253,0.05024820193648338,0.354076087474823,-0.04149247705936432,0.354076087474823,-0.011083756573498249,0.3321198523044586
10,0.1963692456483841,0.38047266006469727,0.38047266006469727,2.836854934692383,0,11,0.00647493451833725,0.002345719840377569,9.09000015258789,195.92247009277344,4.876258373260498,18.646249771118164,0.38047266006469727,0.17028270661830902,1,0,0.38687705993652344,1262.356520428,1746557716.4160337,1000,-1.907348501362094e-09,0.00032034522155299783,1.7847713232040405,220000.0,1.0747805833816528,1.4691312313079834,1.0033401250839233,102.0811996459961,1.4910434484481812,10,-0.9551568031311035,0.006278619170188904,83.43492889404297,-0.4870717525482178,1.0033401250839233,18.450000762939453,0,1.0033401250839233,0.0023617406841367483,1158.6409912109375,-0.20809002220630646,0.0685749277472496,0.38687705993652344,-0.09314806014299393,0.38687705993652344,-0.0008923468412831426,0.30391570925712585
11,0.07901240140199661,0.4149853587150574,0.4149853587150574,4.578102111816406,0,12,0.008928513154387474,0.0024535786360502243,11.960000038146973,195.24411010742188,3.4979593753814697,18.65390396118164,0.4149853587150574,0.1971464306116104,1,0,0.41997548937797546,1365.942914884,1746557818.9222739,1000,-4.76837147544984e-09,0.0002982777077704668,1.6127184629440308,240000.0,1.069867491722107,1.1009242534637451,0.9998002052307129,102.43586730957031,1.4864567518234253,10,1.7412471771240234,0.007689752150326967,83.78194427490234,0.005017891526222229,0.9998002052307129,40.849998474121094,0,0.9998002052307129,0.00014124815061222762,1261.1461181640625,-0.05788284167647362,0.07271812111139297,0.41997548937797546,0.15020718052983284,0.41997548937797546,-0.012712853960692883,0.31794169545173645
12,0.11459200829267502,0.4494428038597107,0.4494428038597107,3.483091115951538,0,13,0.011797445826232433,0.0028689326718449593,10.979999542236328,193.23513793945312,2.834942579269409,18.40165138244629,0.4494428038597107,0.19497191905975342,1,0,0.4527038335800171,1469.059903309,1746557922.5087473,1000,1.0681151962899094e-08,0.00031096942257136106,1.5995733737945557,260000.0,1.0558767318725586,1.0325415134429932,1.0005210638046265,103.50084686279297,1.4730968475341797,10,-1.0950109958648682,0.007816657423973083,85.09918212890625,-0.07169219851493835,1.0005210638046265,30.600000381469727,0,1.0005210638046265,0.0003684758266899735,1364.7108154296875,-0.07443388551473618,0.08011600375175476,0.4527038335800171,-0.016551043838262558,0.4527038335800171,-0.006869819480925798,0.31187188625335693
13,0.08013490587472916,0.4837014079093933,0.4837014079093933,2.359273672103882,0,14,0.005137269850820303,-0.00666017597541213,10.1899995803833,194.087158203125,3.404971122741699,18.38972282409668,0.4837014079093933,0.2032681256532669,1,0,0.4836905300617218,1573.470847158,1746558025.6258068,1000,0.0,0.00026953654014505446,1.6266690492630005,280000.0,1.058475375175476,1.2897274494171143,1.0006098747253418,103.04649353027344,1.4755784273147583,10,-1.1238174438476562,0.007558420300483704,84.65674591064453,-0.29859286546707153,1.0006098747253418,13.25,0,1.0006098747253418,0.00043124656076543033,1467.850341796875,-0.18249589204788208,0.09587021917104721,0.4836905300617218,-0.1080620065331459,0.4836905300617218,0.007815804332494736,0.3306499719619751
14,-0.13695687055587769,0.5176914930343628,0.5176914930343628,2.644146203994751,0,15,0.02056468464434147,0.015427414793521166,9.6899995803833,191.6715087890625,3.110044479370117,18.643800735473633,0.5176914930343628,0.3007698655128479,1,0,0.5161194801330566,1679.589914777,1746558130.0367734,1000,1.5258788677030566e-09,0.00032512814505025744,0.9740583300590515,300000.0,1.0530390739440918,1.00076425075531,0.9994912147521973,104.3451919555664,1.4705300331115723,10,0.28487253189086914,0.02107948064804077,85.70137786865234,-0.252193421125412,0.9994912147521973,60.599998474121094,0,0.9994912147521973,0.0003597374015953392,1572.2606201171875,0.05714084580540657,0.19766610860824585,0.5161194801330566,0.23963673785328865,0.5161194801330566,-0.001999764936044812,0.29296740889549255
15,-0.1516450047492981,0.5516427159309387,0.5516427159309387,3.8348517417907715,0,16,0.00603845901787281,-0.014526225626468658,10.5600004196167,188.5823974609375,4.373767375946045,18.394718170166016,0.5516427159309387,0.20177091658115387,1,0,0.5491166114807129,1786.574554829,1746558236.1558373,1000,-1.5258788677030566e-09,0.0002926030720118433,1.5526206493377686,320000.0,1.0410562753677368,1.2725881338119507,0.9996905326843262,106.05443572998047,1.4590221643447876,10,1.1907055377960205,0.008296573534607887,87.6596908569336,-0.47879278659820557,0.9996905326843262,45.70000076293945,0,0.9996905326843262,0.00021882643341086805,1678.3792724609375,-0.08475136011838913,0.09918216615915298,0.5491166114807129,-0.1418922059237957,0.5491166114807129,-0.0020300026517361403,0.31327369809150696
16,0.005613069515675306,0.5849652886390686,0.5849652886390686,3.4701220989227295,0,17,0.004160409793257713,-0.001878049224615097,7.929999828338623,187.06320190429688,4.396564960479736,18.640155792236328,0.5849652886390686,0.2528679370880127,1,0,0.5825721025466919,1893.132592222,1746558343.1405249,1000,-8.392333938900265e-09,0.0002713942958507687,1.2625609636306763,340000.0,1.0355969667434692,1.1667943000793457,1.000753402709961,106.91574096679688,1.4537453651428223,10,-0.364729642868042,0.012546567246317863,88.27556610107422,0.49064818024635315,1.000753402709961,45.349998474121094,0,1.000753402709961,0.0005327361868694425,1785.3668212890625,-0.09204917401075363,0.13248509168624878,0.5825721025466919,-0.007297813892364502,0.5825721025466919,0.0008529333863407373,0.31926119327545166
17,0.05478746071457863,0.6190351843833923,0.6190351843833923,9.926311492919922,0,18,0.0035248328931629658,-0.0006355769000947475,14.300000190734863,187.7991943359375,4.117383003234863,18.386436462402344,0.6190351843833923,0.31204453110694885,1,0,0.6175801753997803,1990.592312154,1746558449.698597,1000,-1.5258788677030566e-09,0.0002609276561997831,1.0448253154754639,360000.0,1.038069486618042,0.6831672787666321,0.999875545501709,106.49673461914062,1.4561704397201538,10,6.456189393997192,0.018320713192224503,88.11027526855469,0.39941370487213135,0.999875545501709,100.25,0,0.999875545501709,8.803072705632076e-05,1891.92626953125,0.22017590701580048,0.15427114069461823,0.6175801753997803,0.3122250810265541,0.6175801753997803,0.002966507337987423,0.32603201270103455
18,0.04922838509082794,0.6537472009658813,0.6537472009658813,2.951056718826294,0,19,0.0067148273810744286,0.003189994487911463,14.449999809265137,205.3627471923828,3.669860601425171,18.35784912109375,0.6537472009658813,0.18869540095329285,1,0,0.6498701572418213,2094.116667467,1746558547.1581764,1000,-3.051757735406113e-09,0.00025711976923048496,1.7843693494796753,380000.0,1.0368363857269287,1.0335291624069214,1.0016121864318848,97.3886489868164,1.4550307989120483,10,-6.975254774093628,0.006281448528170586,79.03077697753906,-0.4474424719810486,1.0016121864318848,5.449999809265137,0,1.0016121864318848,0.0011399879585951567,1989.3787841796875,-0.26140129566192627,0.07443485409021378,0.6498701572418213,-0.48157720267772675,0.6498701572418213,0.012314840219914913,0.33670228719711304
19,0.16081346571445465,0.6894249320030212,0.6894249320030212,7.00328254699707,0,20,0.01206957083195448,0.005354743450880051,17.75,193.32003784179688,3.7028110027313232,18.614412307739258,0.6894249320030212,0.3138335049152374,1,0,0.6829163432121277,2199.053852516,1746558650.6826684,1000,3.051757735406113e-09,0.0003221438091713935,0.9231051206588745,400000.0,1.0365755558013916,1.2560863494873047,1.0002424716949463,103.45539093017578,1.454699993133545,10,4.052225828170776,0.02347077801823616,84.8409652709961,-0.40359801054000854,1.0002423524856567,54.900001525878906,0,1.0002424716949463,0.000171397186932154,2092.911376953125,0.01829185150563717,0.24627475440502167,0.6829163432121277,0.27969314716756344,0.6829163432121277,0.020971251651644707,0.28970128297805786
20,0.11799635738134384,0.7260931134223938,0.7260931134223938,3.735740900039673,0,21,0.0068992809392511845,-0.005170289892703295,19.709999084472656,190.70863342285156,4.268713474273682,18.36146354675293,0.7260931134223938,0.262559711933136,1,0,0.7158587574958801,2304.697872949,1746558755.6196666,1000,0.0,0.0003204888489563018,1.1671580076217651,420000.0,1.0279403924942017,1.33417809009552,0.9995436072349548,104.87202453613281,1.4463697671890259,10,-3.2675416469573975,0.01468149945139885,86.51054382324219,-0.4255915582180023,0.9995436072349548,39.900001525878906,0,0.9995436072349548,0.0003227324632462114,2197.844482421875,-0.10733398795127869,0.16998057067394257,0.7158587574958801,-0.12562583945691586,0.7158587574958801,-0.004127163905650377,0.30644866824150085
21,-0.02637692540884018,0.7637805342674255,0.7637805342674255,5.8428449630737305,0,22,0.008104377426207066,0.0012050964869558811,22.229999542236328,189.4414520263672,3.905242919921875,18.64809799194336,0.7637805342674255,0.36234724521636963,1,0,0.7497205138206482,2411.206023445,1746558861.2638314,1000,3.051757735406113e-09,0.000263566937064752,0.872243344783783,440000.0,1.032594084739685,0.8763853311538696,0.998464822769165,105.5735092163086,1.450921654701233,10,2.1071040630340576,0.02628781646490097,86.92539978027344,0.3474406898021698,0.998464822769165,60.849998474121094,0,0.998464822769165,0.0010855342261493206,2303.48583984375,0.03534485027194023,0.2337866723537445,0.7497205138206482,0.14267883822321892,0.7497205138206482,-0.013890856876969337,0.3160549998283386
22,0.013993101194500923,0.8015820980072021,0.8015820980072021,4.36447286605835,0,23,0.006473699118942022,-0.0016306783072650433,15.680000305175781,187.89466857910156,5.745962619781494,18.649642944335938,0.8015820980072021,0.2993881404399872,1,0,0.7839215993881226,2514.950411933,1746558967.772001,1000,3.051757735406113e-09,0.00030077496194280684,1.0359996557235718,460000.0,1.040671467781067,1.1781256198883057,1.000133752822876,106.44261169433594,1.4587668180465698,10,-1.4783720970153809,0.018634192645549774,87.79295349121094,-0.1768316626548767,1.0001336336135864,50.900001525878906,0,1.000133752822876,9.452133963350207e-05,2409.99462890625,-0.14784272015094757,0.14967390894889832,0.7839215993881226,-0.1831875704228878,0.7839215993881226,0.010140904225409031,0.31016600131988525
23,0.04860693961381912,0.8398293256759644,0.8398293256759644,5.617395401000977,0,24,0.00707473186776042,0.0006010327488183975,18.389999389648438,192.9036865234375,5.1189117431640625,18.371395111083984,0.8398293256759644,0.3917982876300812,1,0,0.8191348314285278,2617.47644166,1746559071.51623,1000,2.2888182460434336e-09,0.00025387865025550127,0.8346310257911682,480000.0,1.050034523010254,1.0687800645828247,0.9986367225646973,103.6786880493164,1.467725157737732,10,1.252922534942627,0.0287105031311512,85.30726623535156,-0.6482245326042175,0.9986367225646973,68.3499984741211,0,0.9986367225646973,0.0009640108328312635,2513.743896484375,0.01266924012452364,0.1664745956659317,0.8191348314285278,0.1605119602754712,0.8191348314285278,-0.0047164177522063255,0.3270070254802704
24,0.07474887371063232,0.878170371055603,0.878170371055603,3.5992586612701416,0,25,0.004680688958615065,-0.0023940429091453552,16.31999969482422,195.2085418701172,4.270970344543457,18.357704162597656,0.878170371055603,0.36351874470710754,1,0,0.8538076877593994,2718.984102409,1746559174.0423036,1000,6.103515470812226e-09,0.00031458312878385186,0.806511402130127,500000.0,1.0543290376663208,1.0235464572906494,0.9996447563171387,102.45453643798828,1.471824049949646,10,-2.018136739730835,0.030747434124350548,84.09681701660156,-0.044495075941085815,0.9996447563171387,37.95000076293945,0,0.9996447563171387,0.0002511952188797295,2616.26611328125,-0.12816298007965088,0.18339796364307404,0.8538076877593994,-0.14083222020417452,0.8538076877593994,-0.00831194594502449,0.29318201541900635
25,0.07504017651081085,0.9167320132255554,0.9167320132255554,6.704554557800293,0,26,0.018545858561992645,0.01386516960337758,17.399999618530273,197.16477966308594,6.081107139587402,18.65757179260254,0.9167320132255554,0.34319978952407837,1,0,0.8881105184555054,2821.778201701,1746559275.5500574,1000,0.0,0.0002910297771450132,0.9183546900749207,520000.0,1.0506943464279175,0.9022693634033203,1.0031840801239014,101.43799591064453,1.468376636505127,10,3.1052958965301514,0.023714225739240646,82.78041076660156,-0.5954538583755493,1.0031839609146118,39.79999923706055,0,1.0031840801239014,0.002251484664157033,2717.7705078125,-0.2531479299068451,0.19598832726478577,0.8881105184555054,-0.12498494982719421,0.8881105184555054,-0.014717147685587406,0.31517913937568665
26,0.05110781639814377,0.9548079371452332,0.9548079371452332,3.058652877807617,0,27,0.010719060897827148,-0.007826797664165497,13.09000015258789,194.6993865966797,4.600317478179932,18.382726669311523,0.9548079371452332,0.23027105629444122,1,0,0.9205000996589661,2926.061392248,1746559378.3441708,1000,3.051757735406113e-09,0.00026869852445088327,1.3692295551300049,540000.0,1.0596970319747925,1.0192195177078247,1.0012578964233398,102.72246551513672,1.476883888244629,10,-3.645901679992676,0.010667853988707066,84.33971405029297,-1.1118454933166504,1.0012578964233398,14.949999809265137,0,1.0012578964233398,0.0008894109632819891,2820.5703125,-0.31020790338516235,0.10318103432655334,0.9205000996589661,-0.05705997347831726,0.9205000996589661,-0.04440370202064514,0.31529393792152405
27,0.009888124652206898,0.9928266406059265,0.9928266406059265,3.2659764289855957,0,28,0.007412645500153303,-0.0033064153976738453,15.34000015258789,191.8997802734375,4.911360740661621,18.37582015991211,0.9928266406059265,0.2650383710861206,1,0,0.9518579244613647,3034.408474668,1746559482.6273408,1000,1.5258788677030566e-09,0.00028315052622929215,1.151451826095581,560000.0,1.0717636346817017,1.1204371452331543,1.0008692741394043,104.2210693359375,1.4881833791732788,10,0.20732355117797852,0.015084752812981606,85.84523010253906,-0.543840229511261,1.0008692741394043,24.850000381469727,0,1.0008692741394043,0.0006146696396172047,2924.853759765625,-0.2688647508621216,0.10587441921234131,0.9518579244613647,0.04134315252304077,0.9518579244613647,0.0030512691009789705,0.3051789104938507
28,0.07517646998167038,1.0318461656570435,1.0318461656570435,4.912664413452148,0,29,0.005367301404476166,-0.0020453440956771374,23.549999237060547,184.69976806640625,3.9169468879699707,18.616470336914062,1.0318461656570435,0.3327104151248932,1,0,0.9851557016372681,3138.377596828,1746559590.974415,1000,-4.577636492086867e-09,0.0003686965210363269,0.7937187552452087,580000.0,1.0878844261169434,0.8864706754684448,0.9986224174499512,108.2838363647461,1.5030568838119507,10,1.6466879844665527,0.031746551394462585,89.66735076904297,0.19646024703979492,0.9986224174499512,79.6500015258789,0,0.9986224174499512,0.0009740698733367026,3033.198974609375,0.18458954989910126,0.17863720655441284,0.9851557016372681,0.45345430076122284,0.9851557016372681,0.003202366642653942,0.2640784978866577
29,0.03248780220746994,1.0714952945709229,1.0714952945709229,3.375166416168213,0,30,0.010689940303564072,0.005322638899087906,21.770000457763672,192.48297119140625,4.614657402038574,18.639324188232422,1.0714952945709229,0.2835072875022888,1,0,1.017005443572998,3241.129494059,1746559694.9434347,1000,7.629394338515283e-10,0.00023413806047756225,1.1720945835113525,600000.0,1.096971869468689,1.321990728378296,1.0004022121429443,103.9052963256836,1.5113307237625122,10,-1.5374979972839355,0.014558088965713978,85.26595306396484,0.3123578131198883,1.0004020929336548,20.600000381469727,0,1.0004022121429443,0.0002843507390934974,3137.167724609375,-0.28054940700531006,0.09482759982347488,1.017005443572998,-0.4651389569044113,1.017005443572998,-0.0050833518616855145,0.33229735493659973
30,0.07095472514629364,1.111128807067871,1.111128807067871,2.0947916507720947,0,31,0.0067894356325268745,-0.003900504671037197,17.6200008392334,194.76727294921875,3.1634716987609863,18.359479904174805,1.111128807067871,0.21060214936733246,1,0,1.0468438863754272,3349.027675638,1746559797.6952105,1000,-6.866454960174906e-09,0.00027740924269892275,1.5577596426010132,620000.0,1.1044645309448242,0.7229528427124023,1.0022895336151123,102.68665313720703,1.5179939270019531,10,-1.2803747653961182,0.008241923525929451,84.32716369628906,-0.5050032734870911,1.0022894144058228,10.699999809265137,0,1.0022895336151123,0.001618888578377664,3239.918701171875,-0.22938330471515656,0.09526684880256653,1.0468438863754272,0.0511661022901535,1.0468438863754272,-0.009911889210343361,0.32806751132011414
31,0.1384880244731903,1.1509366035461426,1.1509366035461426,3.010496139526367,0,32,0.006575125735253096,-0.00021430989727377892,19.049999237060547,185.51490783691406,3.9029977321624756,18.35810661315918,1.1509366035461426,0.2709226608276367,1,0,1.0768823623657227,3452.096377109,1746559905.5933323,1000,7.629394005448376e-09,0.00027650382253341377,1.1969388723373413,640000.0,1.0897027254104614,0.953203022480011,1.0012162923812866,107.80804443359375,1.5046333074569702,10,0.9157044887542725,0.01396001037210226,89.44992065429688,-0.46230512857437134,1.0012162923812866,40.349998474121094,0,1.0012162923812866,0.0008600204600952566,3347.794677734375,-0.07428628951311111,0.09042683243751526,1.0768823623657227,0.15509701520204544,1.0768823623657227,-0.01158418320119381,0.3242778480052948
32,0.049372609704732895,1.190476655960083,1.190476655960083,2.1645705699920654,0,33,0.013305875472724438,0.006730749737471342,16.260000228881836,194.20999145507812,4.311789035797119,18.65816307067871,1.190476655960083,0.2360178381204605,1,0,1.1051081418991089,3555.491260172,1746560008.661783,1000,-7.629394338515283e-10,0.0003318654198665172,1.2043259143829346,660000.0,1.0758835077285767,0.7142072319984436,1.00174880027771,102.98131561279297,1.492059588432312,10,-0.8459255695343018,0.013789279386401176,84.32313537597656,-0.6785963773727417,1.0017486810684204,11.100000381469727,0,1.00174880027771,0.0012364761205390096,3450.86376953125,-0.32777515053749084,0.15302522480487823,1.1051081418991089,-0.25348886102437973,1.1051081418991089,0.021241800859570503,0.2842424213886261
33,0.0025451851543039083,1.22831392288208,1.22831392288208,2.548532009124756,0,34,0.005541055928915739,-0.007764819543808699,8.109999656677246,193.61053466796875,3.2709717750549316,18.384389877319336,1.22831392288208,0.34605491161346436,1,0,1.1328234672546387,3656.525536542,1746560112.0571828,1000,-3.051757735406113e-09,0.00025481032207608223,0.9326607584953308,680000.0,1.0750278234481812,0.6674113273620605,1.0001325607299805,103.3001708984375,1.4911655187606812,10,0.38396143913269043,0.022992299869656563,84.91575622558594,-0.2662734389305115,1.0001325607299805,26.600000381469727,0,1.0001325607299805,9.379081893712282e-05,3554.25341796875,-0.12867209315299988,0.18304386734962463,1.1328234672546387,0.19910305738449097,1.1328234672546387,0.021955661475658417,0.32275182008743286
34,0.05042469874024391,1.264776587486267,1.264776587486267,2.546475887298584,0,35,0.004941349383443594,-0.0005997065454721451,8.880000114440918,198.1558837890625,3.2828476428985596,18.387401580810547,1.264776587486267,0.2604679465293884,1,0,1.1595454216003418,3759.975688087,1746560213.0915425,1000,-3.051757735406113e-09,0.0003180533240083605,1.1480295658111572,700000.0,1.0645108222961426,0.8629531264305115,1.0001438856124878,100.9306411743164,1.48133385181427,10,-0.002056121826171875,0.01517481915652752,82.54322052001953,-0.8472027778625488,1.0001438856124878,19.049999237060547,0,1.0001438856124878,0.0001017144022625871,3655.277099609375,-0.1868876963853836,0.1697346270084381,1.1595454216003418,-0.05821560323238373,1.1595454216003418,0.013074708171188831,0.29902490973472595
35,0.24843169748783112,1.3003971576690674,1.3003971576690674,3.996687412261963,0,36,0.007844164036214352,0.0029028146527707577,10.829999923706055,193.5277099609375,3.85268235206604,18.611736297607422,1.3003971576690674,0.32072681188583374,1,0,1.186566948890686,3866.024847217,1746560316.5416074,1000,5.340575981449547e-09,0.00031330090132541955,0.9554116129875183,720000.0,1.0417399406433105,1.4576112031936646,0.9997838735580444,103.34437561035156,1.45973539352417,10,1.450211524963379,0.021910320967435837,84.73262023925781,-0.35646817088127136,0.9997838139533997,35.79999923706055,0,0.9997838735580444,0.00015285257541108876,3758.729736328125,-0.1158766970038414,0.2496727705001831,1.186566948890686,0.0710109993815422,1.186566948890686,0.020738834515213966,0.30642610788345337
36,0.292404443025589,1.3356603384017944,1.3356603384017944,4.614010334014893,0,37,0.006152920424938202,-0.0016912436112761497,12.869999885559082,188.72573852539062,4.203701972961426,18.653156280517578,1.3356603384017944,0.3638157248497009,1,0,1.2149817943572998,3967.753165932,1746560422.5908535,1000,-1.5258788677030566e-09,0.0003163477231282741,0.8354029655456543,740000.0,1.0216227769851685,1.014719009399414,1.0002477169036865,105.97388458251953,1.4401594400405884,10,0.6173229217529297,0.028657469898462296,87.32070922851562,-0.011903822422027588,1.000247597694397,53.349998474121094,0,1.0002477169036865,0.00017516234947834164,3864.813232421875,-0.003256876254454255,0.19802777469158173,1.2149817943572998,0.11261982074938715,1.2149817943572998,0.03060268610715866,0.3039327561855316
37,0.19794589281082153,1.3705365657806396,1.3705365657806396,2.1477839946746826,0,38,0.027094990015029907,0.020942069590091705,12.5,196.7374725341797,3.4965813159942627,18.371051788330078,1.3705365657806396,0.22133828699588776,1,0,1.2412751913070679,4068.881455738,1746560524.3191805,1000,2.2888182460434336e-09,0.0003006990300491452,1.327054500579834,760000.0,1.0211164951324463,0.7513037323951721,1.0032079219818115,101.65831756591797,1.4394655227661133,10,-2.46622633934021,0.011356698349118233,83.2872543334961,-0.3946780562400818,1.003207802772522,5.25,0,1.0032079219818115,0.0022682310082018375,3966.53662109375,-0.3145681917667389,0.14853835105895996,1.2412751913070679,-0.31131131551228464,1.2412751913070679,0.02974427118897438,0.29372796416282654
38,0.1836351752281189,1.404390811920166,1.404390811920166,1.4114125967025757,0,39,0.016126666218042374,-0.010968323796987534,9.130000114440918,197.8926239013672,3.9382972717285156,18.624130249023438,1.404390811920166,0.2260955572128296,1,0,1.2660582065582275,4167.622426202,1746560625.4474244,1000,-3.051757735406113e-09,0.00028798694256693125,1.3694863319396973,780000.0,1.0243875980377197,0.76479172706604,1.002608299255371,101.06491088867188,1.4425477981567383,10,-0.7363713979721069,0.010663853958249092,82.44076538085938,-0.566185474395752,1.002608299255371,10.5,0,1.002608299255371,0.0018442898290231824,4067.671875,-0.31126096844673157,0.11858095228672028,1.2660582065582275,0.0033072233200073242,1.2660582065582275,0.006815488450229168,0.3096347749233246
39,0.06417549401521683,1.4371720552444458,1.4371720552444458,1.7145532369613647,0,40,0.026388924568891525,0.010262258350849152,8.390000343322754,202.68756103515625,2.9130616188049316,18.660058975219727,1.4371720552444458,0.23124606907367706,1,0,1.289942741394043,4270.270035107,1746560724.1881294,1000,-3.051757735406113e-09,0.00026024397811852396,1.3810501098632812,800000.0,1.0296777486801147,0.60451740026474,1.0007240772247314,98.67404174804688,1.4478397369384766,10,0.30314064025878906,0.010486019775271416,80.01396179199219,0.1338435411453247,1.000723958015442,16.450000762939453,0,1.0007240772247314,0.0005119437118992209,4166.40966796875,-0.1719045639038086,0.1197214424610138,1.289942741394043,0.13935640454292297,1.289942741394043,0.0022644612472504377,0.31936243176460266
40,-0.22294439375400543,1.4699573516845703,1.4699573516845703,2.812361717224121,0,41,0.007807258982211351,-0.018581665586680174,13.020000457763672,195.02792358398438,2.6487035751342773,18.655664443969727,1.4699573516845703,0.31375229358673096,1,0,1.3153914213180542,4371.114094971,1746560826.8360164,1000,0.0,0.0003228767600376159,0.9328698515892029,820000.0,1.037436604499817,0.5346674919128418,1.0000356435775757,102.54942321777344,1.4554673433303833,10,1.0978084802627563,0.022981993854045868,83.89373779296875,-0.6099085807800293,1.0000356435775757,49.150001525878906,0,1.0000356435775757,2.5231944164261222e-05,4269.03369140625,0.10670263320207596,0.1271732747554779,1.3153914213180542,0.27860719710588455,1.3153914213180542,-0.01781390607357025,0.2926900386810303
41,-0.4626098573207855,1.501995325088501,1.501995325088501,1.730455994606018,0,42,0.012306705117225647,0.004499446135014296,9.380000114440918,198.48707580566406,2.214693069458008,18.36305046081543,1.501995325088501,0.2505020797252655,1,0,1.3396284580230713,4472.181392325,1746560927.6800175,1000,-7.629394338515283e-10,0.000257511914242059,1.2653692960739136,840000.0,1.0452443361282349,0.5765490531921387,1.001180648803711,100.7622299194336,1.4627436399459839,10,-1.081905722618103,0.012490937486290932,82.39916229248047,-0.44025033712387085,1.001180648803711,13.25,0,1.001180648803711,0.0008348447736352682,4369.8857421875,-0.13951735198497772,0.1008436381816864,1.3396284580230713,-0.24621998518705368,1.3396284580230713,-0.03270980715751648,0.3169776201248169
42,-0.27468064427375793,1.5335955619812012,1.5335955619812012,2.170285224914551,0,43,0.009373166598379612,-0.002933538518846035,10.4399995803833,198.0946502685547,2.308300018310547,18.640039443969727,1.5335955619812012,0.2232559621334076,1,0,1.363294243812561,4577.346513368,1746561028.7473445,1000,-9.918212917625624e-09,0.0003051256062462926,1.4043924808502197,860000.0,1.0337716341018677,0.381184458732605,0.9998452067375183,100.96183776855469,1.451512336730957,10,0.4398292303085327,0.010140340775251389,82.32176971435547,0.5174051523208618,0.9998452067375183,19.850000381469727,0,0.9998452067375183,0.00010949753050226718,4470.9375,-0.09572134166955948,0.10116501897573471,1.363294243812561,0.04379601031541824,1.363294243812561,-0.05053090304136276,0.3135389983654022
43,-0.40282049775123596,1.5648800134658813,1.5648800134658813,2.174175262451172,0,44,0.008467054925858974,-0.0009061116725206375,10.770000457763672,190.3074951171875,2.4966280460357666,18.384626388549805,1.5648800134658813,0.4450036585330963,1,0,1.389719009399414,4679.652887722,1746561133.9125159,1000,2.2888182460434336e-09,0.0002892522024922073,0.6975675821304321,880000.0,1.0241626501083374,0.4714422821998596,0.9986443519592285,105.09307861328125,1.4425058364868164,10,0.0038900375366210938,0.04110146313905716,86.70843505859375,0.47571200132369995,0.9986443519592285,66.5999984741211,0,0.9986443519592285,0.0009585598600097001,4576.1337890625,0.26417964696884155,0.18011218309402466,1.389719009399414,0.35990098863840103,1.389719009399414,-0.03489156812429428,0.31042012572288513
44,-0.3212036192417145,1.5957615375518799,1.5957615375518799,1.648632526397705,0,45,0.006509807426482439,-0.0019572474993765354,10.1899995803833,195.6214599609375,2.2970550060272217,18.617521286010742,1.5957615375518799,0.30272963643074036,1,0,1.415333867073059,4781.71776365,1746561236.2184417,1000,-2.479553229406406e-09,0.00026707828510552645,1.0852128267288208,900000.0,1.0212953090667725,0.35711801052093506,0.9996652603149414,102.23826599121094,1.4399447441101074,10,-0.5255427360534668,0.016982432454824448,83.6207275390625,0.2707419991493225,0.9996652603149414,19.649999618530273,0,0.9996652603149414,0.00023666859488002956,4678.447265625,-0.09127653390169144,0.10405886173248291,1.415333867073059,-0.355456180870533,1.415333867073059,-0.03839157149195671,0.3285260796546936
45,-0.18161769211292267,1.6246581077575684,1.6246581077575684,1.4494578838348389,0,46,0.008254566229879856,0.001744758803397417,3.2200000286102295,196.10679626464844,1.6885172128677368,18.377172470092773,1.6246581077575684,0.21342457830905914,1,0,1.439394474029541,4883.05502005,1746561338.2833576,1000,3.051757735406113e-09,0.0002624981862027198,1.4815781116485596,920000.0,1.0309406518936157,0.4259812533855438,1.0009034872055054,101.9852523803711,1.449376106262207,10,-0.1991746425628662,0.009111301973462105,83.60806274414062,-0.2722312808036804,1.0009034872055054,9.25,0,1.0009034872055054,0.0006387776229530573,4780.5087890625,-0.1252036988735199,0.09788896143436432,1.439394474029541,-0.03392716497182846,1.439394474029541,-0.03502807766199112,0.3162051737308502
46,0.05132479593157768,1.6520452499389648,1.6520452499389648,1.7195241451263428,0,47,0.011496948078274727,0.0032423818483948708,4.389999866485596,197.4866180419922,2.2439215183258057,18.360916137695312,1.6520452499389648,0.2516504228115082,1,0,1.4624308347702026,4986.950138642,1746561439.6209803,1000,-3.051757735406113e-09,0.00025539472699165344,1.3072818517684937,940000.0,1.0308867692947388,0.4312670826911926,1.001198172569275,101.27268981933594,1.4493030309677124,10,0.2700662612915039,0.01170283742249012,82.91175079345703,-0.21102462708950043,1.001198172569275,13.949999809265137,0,1.001198172569275,0.000847207847982645,4881.84375,-0.13360773026943207,0.11038407683372498,1.4624308347702026,-0.00840403139591217,1.4624308347702026,-0.010213305242359638,0.328978031873703
47,-0.04278736934065819,1.6781774759292603,1.6781774759292603,2.7123045921325684,0,48,0.005817713215947151,-0.005679234862327576,4.829999923706055,192.6796875,2.5754518508911133,18.54593849182129,1.6781774759292603,0.3567085564136505,1,0,1.4857524633407593,5087.098104662,1746561543.5157466,1000,-5.340575981449547e-09,0.0003047188220079988,0.853416383266449,960000.0,1.0291814804077148,0.7202884554862976,1.0005186796188354,103.7992172241211,1.4476464986801147,10,0.9927804470062256,0.027460463345050812,85.25326538085938,-0.21150608360767365,1.0005186796188354,29.149999618530273,0,1.0005186796188354,0.00036673375871032476,4985.70849609375,-0.048304468393325806,0.19003719091415405,1.4857524633407593,0.08530326187610626,1.4857524633407593,0.0017405099933966994,0.30442091822624207
48,-0.039009157568216324,1.7036018371582031,1.7036018371582031,2.4460608959198,0,49,0.009978173300623894,0.0041604600846767426,6.539999961853027,199.8397216796875,1.9576263427734375,18.526975631713867,1.7036018371582031,0.35993364453315735,1,0,1.509993314743042,5190.550326134,1746561643.6640637,1000,3.051757735406113e-09,0.00027047336334362626,0.8936444520950317,980000.0,1.0266467332839966,0.4587459862232208,1.0000489950180054,100.0802001953125,1.4450764656066895,10,-0.26624369621276855,0.025043802335858345,81.55320739746094,0.3759264349937439,1.0000489950180054,37.75,0,1.0000489950180054,3.467283022473566e-05,5085.890625,0.08846607059240341,0.11020289361476898,1.509993314743042,0.13677053898572922,1.509993314743042,-0.002322376938536763,0.32165271043777466
49,0.0018618488684296608,1.728386402130127,1.728386402130127,2.4603967666625977,0,50,0.012557592242956161,0.0025794189423322678,6.510000228881836,193.4882354736328,3.1211612224578857,18.270586013793945,1.728386402130127,0.3239995241165161,1,0,1.5336977243423462,5291.054866726,1746561747.1161425,1000,0.0,0.00029841341893188655,0.9356435537338257,1000000.0,1.0190460681915283,0.7203232049942017,1.0013365745544434,103.3654556274414,1.4376296997070312,10,0.014335870742797852,0.022845936939120293,85.0948486328125,-0.25768232345581055,1.0013365745544434,20.049999237060547,0,1.0013365745544434,0.0009451009100303054,5189.3173828125,-0.1787005513906479,0.14683927595615387,1.5336977243423462,-0.2671666219830513,1.5336977243423462,0.00941647868603468,0.3031480610370636
50,-0.010329737327992916,1.752898097038269,1.752898097038269,2.0102930068969727,0,51,0.0046636504121124744,-0.007893941830843687,7.710000038146973,199.11349487304688,2.976337194442749,18.58349609375,1.752898097038269,0.2853376865386963,1,0,1.556787133216858,5395.274532197,1746561847.6207595,1000,1.5258788677030566e-09,0.00026549340691417456,1.1173909902572632,1020000.0,1.0093679428100586,0.6614687442779541,1.0010929107666016,100.44522857666016,1.4280647039413452,10,-0.450103759765625,0.01601840928196907,81.86170959472656,0.5207882523536682,1.0010929107666016,18.350000381469727,0,1.0010929107666016,0.0007727484335191548,5289.84912109375,-0.17278540134429932,0.16675765812397003,1.556787133216858,0.005915150046348572,1.556787133216858,0.012747155502438545,0.31883376836776733
51,-0.13044221699237823,1.7768272161483765,1.7768272161483765,3.411043882369995,0,52,0.02417220175266266,0.019508551340550184,6.329999923706055,192.12904357910156,2.639277458190918,18.51852798461914,1.7768272161483765,0.32108616828918457,1,0,1.5835281610488892,5501.094601782,1746561951.8405428,1000,-6.103515470812226e-09,0.0003282293910160661,0.8628173470497131,1040000.0,1.0164235830307007,0.5308274626731873,1.00058913230896,104.0967025756836,1.434495449066162,10,1.4007508754730225,0.02686532773077488,85.57816314697266,0.8152014017105103,1.0005890130996704,76.5,0,1.00058913230896,0.0004165232530795038,5394.01416015625,0.35869261622428894,0.15270386636257172,1.5835281610488892,0.5314780175685883,1.5835281610488892,0.007823564112186432,0.27703872323036194
52,-0.10694423317909241,1.800992727279663,1.800992727279663,2.882152795791626,0,53,0.0053142765536904335,-0.018857925198972225,9.350000381469727,189.14613342285156,2.729743242263794,18.27142906188965,1.800992727279663,0.34338119626045227,1,0,1.6105077266693115,5601.98312681,1746562057.660613,1000,1.2207030941624453e-08,0.0002780169015750289,0.9167075753211975,1060000.0,1.0141148567199707,0.5450655817985535,1.000889778137207,105.73834991455078,1.432281494140625,10,-0.5288910865783691,0.02379951998591423,87.46690368652344,0.9362440705299377,1.000889778137207,33.45000076293945,0,1.000889778137207,0.0006292243488132954,5499.8662109375,-0.018290145322680473,0.16888362169265747,1.6105077266693115,-0.3769827615469694,1.6105077266693115,-0.008715314790606499,0.3147801458835602
53,-0.07182338088750839,1.8250701427459717,1.8250701427459717,2.861046075820923,0,54,0.012591557577252388,0.0072772810235619545,8.100000381469727,198.4380645751953,2.138669490814209,18.253454208374023,1.8250701427459717,0.2203357070684433,1,0,1.6355655193328857,5700.709485597,1746562158.5491493,1000,-3.051757735406113e-09,0.0003208592825103551,1.3608341217041016,1080000.0,0.9964740872383118,0.6888576149940491,1.0010318756103516,100.78711700439453,1.415107250213623,10,-0.021106719970703125,0.010799885727465153,82.53364562988281,-0.2958334684371948,1.0010318756103516,6.5,0,1.0010318756103516,0.0007296462426893413,5600.7421875,-0.19998842477798462,0.12946762144565582,1.6355655193328857,-0.18169827945530415,1.6355655193328857,-0.019867606461048126,0.29984036087989807
54,-0.15470047295093536,1.8494319915771484,1.8494319915771484,2.77649188041687,0,55,0.008276058360934258,-0.0043154992163181305,9.520000457763672,202.7449493408203,2.187488317489624,18.54547119140625,1.8494319915771484,0.3713136315345764,1,0,1.6611005067825317,5806.819342879,1746562257.2754543,1000,-6.866454960174906e-09,0.00029260400333441794,0.815403401851654,1100000.0,0.9905145764350891,0.6824039816856384,0.9995018839836121,98.64610290527344,1.4093594551086426,10,-0.08455419540405273,0.030080484226346016,80.10061645507812,-0.11783826351165771,0.9995018839836121,34.04999923706055,0,0.9995018839836121,0.0003522633633110672,5699.49267578125,0.0366864837706089,0.19504019618034363,1.6611005067825317,0.23667490854859352,1.6611005067825317,0.0005902362754568458,0.3027704060077667
55,-0.11483634263277054,1.8739593029022217,1.8739593029022217,2.7724437713623047,0,56,0.00767585588619113,-0.0006002024747431278,9.119999885559082,188.6436309814453,2.226158380508423,18.24420738220215,1.8739593029022217,0.3413081467151642,1,0,1.685792088508606,5912.087823753,1746562363.3850036,1000,4.577636492086867e-09,0.0003263221005909145,0.8860363364219666,1120000.0,0.991363525390625,0.9674670696258545,1.001241683959961,106.02001190185547,1.4102603197097778,10,-0.00404810905456543,0.02547573670744896,87.77578735351562,0.22206182777881622,1.001241683959961,17.850000381469727,0,1.001241683959961,0.0008780593634583056,5805.58349609375,-0.10895037651062012,0.1531771719455719,1.685792088508606,-0.14563686028122902,1.685792088508606,-0.007624818477779627,0.30241140723228455
56,0.005022542551159859,1.8987197875976562,1.8987197875976562,1.9576753377914429,0,57,0.006157388910651207,-0.0015184669755399227,9.420000076293945,190.14747619628906,1.7607024908065796,18.558181762695312,1.8987197875976562,0.219584658741951,1,0,1.7092024087905884,6015.775804685,1746562468.6538181,1000,7.629394338515283e-10,0.00031711094197817147,1.348983883857727,1140000.0,1.0007798671722412,0.4490066468715668,1.0004756450653076,105.1815185546875,1.41969633102417,10,-0.8147684335708618,0.010990465059876442,86.62332153320312,-0.007237687706947327,1.000475525856018,11.550000190734863,0,1.0004756450653076,0.0003363318683113903,5910.85546875,-0.11281611770391464,0.13530465960502625,1.7092024087905884,-0.003865741193294525,1.7092024087905884,-1.4050203390070237e-05,0.2962161600589752
57,-0.09733632951974869,1.9225475788116455,1.9225475788116455,1.1794753074645996,0,58,0.010928193107247353,0.004770804196596146,4.960000038146973,193.02870178222656,1.4414595365524292,18.59226417541504,1.9225475788116455,0.22548210620880127,1,0,1.731087327003479,6117.579245135,1746562572.3416815,1000,-1.5258788677030566e-09,0.0002886168076656759,1.3630621433258057,1160000.0,1.0083011388778687,0.32606104016304016,1.0011796951293945,103.61153411865234,1.42719566822052,10,-0.7782000303268433,0.010764608159661293,85.01924896240234,-0.10472267121076584,1.0011796951293945,7.25,0,1.0011796951293945,0.0008341142674908042,6014.55419921875,-0.11276719719171524,0.11567401885986328,1.731087327003479,4.8920512199401855e-05,1.731087327003479,-0.005133536644279957,0.3073461353778839
58,-0.04723035916686058,1.9456998109817505,1.9456998109817505,1.4318362474441528,0,59,0.007552214432507753,-0.0033759786747395992,5.570000171661377,196.57449340820312,1.6656453609466553,18.23971939086914,1.9456998109817505,0.3547678589820862,1,0,1.7525959014892578,6223.910423572,1746562674.145179,1000,4.577636492086867e-09,0.0003012384695466608,0.8353835940361023,1180000.0,1.015041470527649,0.3850458562374115,1.0005500316619873,101.74259948730469,1.4338560104370117,10,0.2523609399795532,0.028658797964453697,83.50285339355469,-0.22102123498916626,1.0005499124526978,19.0,0,1.0005500316619873,0.0003888749051839113,6116.3720703125,-0.039219796657562256,0.1707327663898468,1.7525959014892578,0.07354740053415298,1.7525959014892578,0.011296932585537434,0.29636725783348083
59,0.06170376390218735,1.9695838689804077,1.9695838689804077,4.803918838500977,0,60,0.006008572410792112,-0.001543642021715641,10.699999809265137,188.276123046875,2.2874958515167236,18.523645401000977,1.9695838689804077,0.5399832129478455,1,0,1.7773540019989014,6324.162556088,1746562780.4763863,1000,4.959106458812812e-09,0.00027833355125039816,0.5659759044647217,1200000.0,1.025977611541748,0.6560657024383545,0.9978173971176147,106.22695922851562,1.4445565938949585,10,3.3720825910568237,0.06243584677577019,87.70329284667969,0.31132984161376953,0.99781733751297,65.0999984741211,0,0.9978173971176147,0.0015433894004672766,6222.66162109375,0.30473947525024414,0.34772729873657227,1.7773540019989014,0.3439592719078064,1.7773540019989014,0.002471457002684474,0.3056175112724304
60,-0.021642647683620453,1.9939327239990234,1.9939327239990234,2.7491185665130615,0,61,0.01531424093991518,0.009305668529123068,9.90999984741211,199.61837768554688,2.098139762878418,18.523717880249023,1.9939327239990234,0.28762876987457275,1,0,1.8011353015899658,6429.576685307,1746562880.728526,1000,0.0,0.0002700647746678442,1.1170740127563477,1220000.0,1.023065447807312,0.805960476398468,1.0012269020080566,100.19117736816406,1.4416475296020508,10,-2.054800271987915,0.016027502715587616,81.66743469238281,-0.4723072648048401,1.0012269020080566,15.25,0,1.0012269020080566,0.00086755066877231,6322.9560546875,-0.11378514766693115,0.1263844221830368,1.8011353015899658,-0.4185246229171753,1.8011353015899658,0.021817252039909363,0.321302592754364
61,0.022868193686008453,2.0192675590515137,2.0192675590515137,2.18923020362854,0,62,0.006233509164303541,-0.009080731775611639,12.130000114440918,189.89031982421875,1.9576996564865112,18.263347625732422,2.0192675590515137,0.34341952204704285,1,0,1.8249378204345703,6531.479076269,1746562986.1426337,1000,1.5258788677030566e-09,0.0002979167038574815,0.9014780521392822,1240000.0,1.0212527513504028,0.839780867099762,1.0018019676208496,105.32395935058594,1.4398483037948608,10,-0.5598883628845215,0.024610448628664017,87.06058502197266,-0.14431586861610413,1.0018019676208496,26.049999237060547,0,1.0018019676208496,0.001274183508940041,6428.34130859375,-0.004399918485432863,0.17640334367752075,1.8249378204345703,0.10938522918149829,1.8249378204345703,0.004885942675173283,0.3095851540565491
62,0.015403175726532936,2.0458836555480957,2.0458836555480957,2.999293327331543,0,63,0.01639278419315815,0.010159275028854609,13.729999542236328,196.42037963867188,1.39921236038208,18.494674682617188,2.0458836555480957,0.3328142464160919,1,0,1.848944067955017,6636.604932437,1746563088.04507,1000,0.0,0.00029042144888080657,0.9185641407966614,1260000.0,1.0172739028930664,0.3451163172721863,0.9993990659713745,101.82242584228516,1.435919165611267,10,0.8100631237030029,0.02370341122150421,83.3277359008789,0.736943244934082,0.9993990063667297,28.200000762939453,0,0.9993990659713745,0.0004249245102982968,6530.25341796875,0.07228688895702362,0.1484224647283554,1.848944067955017,0.07668680744245648,1.848944067955017,0.007883645594120026,0.30571120977401733
63,-0.017834434285759926,2.0733802318573,2.0733802318573,1.8302814960479736,0,64,0.007177154067903757,-0.009215630125254393,12.640000343322754,190.4166717529297,2.393190622329712,18.259307861328125,2.0733802318573,0.2196686714887619,1,0,1.8711007833480835,6742.403140816,1746563193.170596,1000,6.103515470812226e-09,0.0002872075419872999,1.391402244567871,1280000.0,1.0169779062271118,0.7069252729415894,1.0008348226547241,105.03282165527344,1.4357069730758667,10,-1.1690118312835693,0.010330566205084324,86.77349090576172,-0.41684162616729736,1.0008348226547241,4.25,0,1.0008348226547241,0.0005902244593016803,6635.3740234375,-0.24386481940746307,0.08461020141839981,1.8711007833480835,-0.3161517083644867,1.8711007833480835,0.012899008579552174,0.30564749240875244
64,-0.05627819150686264,2.0998923778533936,2.0998923778533936,1.1601216793060303,0,65,0.007422289345413446,0.00024513527750968933,5.699999809265137,189.17166137695312,1.6743488311767578,18.272348403930664,2.0998923778533936,0.2629010081291199,1,0,1.8922730684280396,6842.683230088,1746563298.9688368,1000,1.5258788677030566e-09,0.0002665689680725336,1.2198152542114258,1300000.0,1.0183974504470825,0.5750810503959656,0.9998098611831665,105.72408294677734,1.4371265172958374,10,-0.6701598167419434,0.013441307470202446,87.45172119140625,0.09014678746461868,0.9998098015785217,12.100000381469727,0,0.9998098611831665,0.00013447654782794416,6741.18310546875,-0.1002495065331459,0.14787445962429047,1.8922730684280396,0.14361531287431717,1.8922730684280396,-0.004386565648019314,0.3206906318664551
65,0.019164877012372017,2.125566005706787,2.125566005706787,1.4917693138122559,0,66,0.007253544870764017,-0.00016874447464942932,5.869999885559082,199.62026977539062,1.466483473777771,18.51874351501465,2.125566005706787,0.27945637702941895,1,0,1.9129220247268677,6947.502627232,1746563399.2492266,1000,1.3351439953623867e-09,0.0002147572231478989,1.2172966003417969,1320000.0,1.023450493812561,0.4612072706222534,0.9996109008789062,100.19023132324219,1.4420522451400757,10,0.3316476345062256,0.013496987521648407,81.67147064208984,-0.29701417684555054,0.9996109008789062,16.25,0,0.9996109008789062,0.00027513463282957673,6841.45654296875,-0.04453176259994507,0.09824097901582718,1.9129220247268677,0.055717743933200836,1.9129220247268677,0.011615925468504429,0.3401813209056854
66,-0.1346350461244583,2.1500978469848633,2.1500978469848633,1.988460898399353,0,67,0.013097255490720272,0.005843710619956255,4.440000057220459,190.97129821777344,1.6886179447174072,18.559307098388672,2.1500978469848633,0.438387006521225,1,0,1.9339776039123535,7048.635823326,1746563504.0684547,1000,-3.814697002724188e-09,0.00028663460398092866,0.7026626467704773,1340000.0,1.0297714471817017,0.4206039607524872,0.9990936517715454,104.72777557373047,1.4482370615005493,10,0.49669158458709717,0.04050756245851517,86.16845703125,-0.3455284833908081,0.9990935921669006,26.350000381469727,0,0.9990936517715454,0.0006409130874089897,6946.2734375,0.022933855652809143,0.317831814289093,1.9339776039123535,0.06746561825275421,1.9339776039123535,0.010351339355111122,0.3080381751060486
67,0.03506137803196907,2.1733977794647217,2.1733977794647217,2.2098817825317383,0,68,0.007305039092898369,-0.005792216397821903,3.7100000381469727,197.898193359375,2.136914014816284,18.272701263427734,2.1733977794647217,0.3970116376876831,1,0,1.9556595087051392,7151.052047035,1746563605.201485,1000,-3.8146971692576415e-10,0.00026943199918605387,0.8226607441902161,1360000.0,1.0225707292556763,0.5792107582092285,0.9992138147354126,101.06206512451172,1.4412275552749634,10,0.22142088413238525,0.029552098363637924,82.78934478759766,0.6646193861961365,0.9992137551307678,29.299999237060547,0,0.9992138147354126,0.0005559450364671648,7047.42578125,0.0026113931089639664,0.21652944386005402,1.9556595087051392,-0.020322462543845177,1.9556595087051392,-0.01416307408362627,0.326605886220932
68,0.1473652422428131,2.1961588859558105,2.1961588859558105,2.5533158779144287,0,69,0.007662689778953791,0.00035765068605542183,5.760000228881836,195.43934631347656,2.313528537750244,18.564720153808594,2.1961588859558105,0.39215347170829773,1,0,1.9777947664260864,7255.607153145,1746563707.6179297,1000,-7.629394338515283e-10,0.00026119465474039316,0.8288173079490662,1380000.0,1.0243111848831177,0.5295937657356262,1.0009896755218506,102.33354187011719,1.4429084062576294,10,0.34343409538269043,0.029114695265889168,83.76880645751953,0.28812089562416077,1.000989556312561,27.899999618530273,0,1.0009896755218506,0.0006997500895522535,7149.82958984375,-0.025816449895501137,0.15548206865787506,1.9777947664260864,-0.028427843004465103,1.9777947664260864,-0.0014445584965869784,0.3250235617160797
69,0.11218187212944031,2.2185702323913574,2.2185702323913574,1.667450189590454,0,70,0.005041006486862898,-0.002621683292090893,6.230000019073486,191.4241485595703,1.414454698562622,18.260568618774414,2.2185702323913574,0.2534938454627991,1,0,1.9989415407180786,7360.131860477,1746563812.1731133,1000,7.629394005448376e-09,0.0002834088518284261,1.255349040031433,1400000.0,1.0276964902877808,0.34216904640197754,0.9996336698532104,104.48002624511719,1.4462238550186157,10,-0.8858656883239746,0.012691140174865723,86.21943664550781,-0.663104772567749,0.9996336102485657,11.850000381469727,0,0.9996336698532104,0.0002590907388366759,7254.39599609375,-0.07831700891256332,0.13040411472320557,1.9989415407180786,-0.05250055901706219,1.9989415407180786,0.003735116682946682,0.3182232677936554
70,0.0815889835357666,2.2410638332366943,2.2410638332366943,2.1774604320526123,0,71,0.0074453577399253845,0.0024043512530624866,7.639999866485596,191.4778594970703,1.8851914405822754,18.277681350708008,2.2410638332366943,0.33861052989959717,1,0,2.020771026611328,7463.119583775,1746563916.6977606,1000,-3.051757735406113e-09,0.00028236047364771366,0.9088977575302124,1420000.0,1.0341498851776123,0.41296401619911194,1.001043677330017,104.45072174072266,1.4524401426315308,10,0.5100102424621582,0.024210277944803238,86.17301940917969,-0.16057470440864563,1.001043677330017,29.700000762939453,0,1.001043677330017,0.0007380194147117436,7358.919921875,0.04075019434094429,0.18325132131576538,2.020771026611328,0.11906720325350761,2.020771026611328,0.0034176758490502834,0.30776235461235046
71,0.30913296341896057,2.2636616230010986,2.2636616230010986,2.1915924549102783,0,72,0.005211659241467714,-0.00223369849845767,7.71999979019165,194.38031005859375,2.472921133041382,18.538318634033203,2.2636616230010986,0.3731788992881775,1,0,2.042553186416626,7565.731434189,1746564019.685542,1000,-3.6239622414058204e-09,0.00026811848510988057,0.8770614862442017,1440000.0,1.0354804992675781,0.5938716530799866,0.9995595216751099,102.89108276367188,1.453508973121643,10,0.014132022857666016,0.025999784469604492,84.35274505615234,-0.6363877058029175,0.9995594620704651,22.0,0,0.9995595216751099,0.00031149329151958227,7461.8876953125,-0.10154261440038681,0.13200344145298004,2.042553186416626,-0.1422928087413311,2.042553186416626,0.010782036930322647,0.3273008465766907
72,0.3110930919647217,2.2862446308135986,2.2862446308135986,2.0637643337249756,0,73,0.0048966542817652225,-0.00031500495970249176,7.300000190734863,195.07504272460938,2.0508999824523926,18.525829315185547,2.2862446308135986,0.2941640317440033,1,0,2.063312530517578,7666.902597953,1746564122.2974463,1000,1.0108947456899386e-08,0.0002886698639485985,1.0252450704574585,1460000.0,1.0423164367675781,0.47055763006210327,1.0003503561019897,102.52465057373047,1.460152268409729,10,-0.12782812118530273,0.01902717910706997,83.9988021850586,-0.3469388484954834,1.0003503561019897,11.0,0,1.0003503561019897,0.00024776728241704404,7564.5068359375,-0.15516477823257446,0.14070239663124084,2.063312530517578,-0.05362216383218765,2.063312530517578,0.02986697480082512,0.301590234041214
73,0.20754806697368622,2.3088583946228027,2.3088583946228027,3.1442370414733887,0,74,0.02728218026459217,0.022385525982826948,7.429999828338623,197.8345947265625,1.7956929206848145,18.58306312561035,2.3088583946228027,0.4427628219127655,1,0,2.0849828720092773,7769.672937629,1746564223.468325,1000,-7.629394338515283e-10,0.00028463092166930437,0.6927794814109802,1480000.0,1.0449384450912476,0.5173789262771606,0.9995392560958862,101.09455108642578,1.4628487825393677,10,1.080472707748413,0.04167156666517258,82.511474609375,-0.20758232474327087,0.9995391964912415,31.5,0,0.9995392560958862,0.0003258513461332768,7665.6845703125,0.06653403490781784,0.24665015935897827,2.0849828720092773,0.2216988131403923,2.0849828720092773,0.01582060568034649,0.3067370057106018
74,0.2928861975669861,2.332146406173706,2.332146406173706,3.592804431915283,0,75,0.01023772917687893,-0.01704445108771324,9.729999542236328,194.72740173339844,2.4952213764190674,18.27155876159668,2.332146406173706,0.4727522134780884,1,0,2.107957124710083,7876.080494277,1746564326.2389235,1000,-6.103515470812226e-09,0.00023369822883978486,0.7241682410240173,1500000.0,1.0498193502426147,0.7363720536231995,1.0002317428588867,102.70767974853516,1.4675474166870117,10,0.44856739044189453,0.03813738375902176,84.43610382080078,0.204865500330925,1.0002317428588867,37.04999923706055,0,1.0002317428588867,0.0001638669491512701,7768.46435546875,0.036837831139564514,0.12188507616519928,2.107957124710083,-0.029696203768253326,2.107957124710083,0.010536935180425644,0.34235215187072754
75,0.28579384088516235,2.3555569648742676,2.3555569648742676,2.7134461402893066,0,76,0.011964709497988224,0.0017269803211092949,7.960000038146973,188.12644958496094,2.8616511821746826,18.260591506958008,2.3555569648742676,0.5207783579826355,1,0,2.132080078125,7978.219484251,1746564432.6464303,1000,2.2888182460434336e-09,0.00030579473241232336,0.5800310969352722,1520000.0,1.0534809827804565,0.8078316450119019,0.9997524619102478,106.31147003173828,1.4710382223129272,10,-0.8793582916259766,0.05944664776325226,88.05085754394531,-0.9882758855819702,0.9997524619102478,36.75,0,0.9997524619102478,0.00017504990682937205,7874.84130859375,-0.005787173751741648,0.2648802399635315,2.132080078125,-0.04262500489130616,2.132080078125,0.03262901306152344,0.3020676374435425
76,0.1364339143037796,2.3792479038238525,2.3792479038238525,2.8601083755493164,0,77,0.011271924711763859,-0.0006927847862243652,8.539999961853027,195.9786834716797,1.9620860815048218,18.54052734375,2.3792479038238525,0.4380107820034027,1,0,2.155946969985962,8079.442407544,1746564534.7852852,1000,9.155272984173735e-09,0.0002900965919252485,0.725658655166626,1540000.0,1.0526479482650757,0.7048598527908325,0.9994850158691406,102.05191040039062,1.4702463150024414,10,0.14666223526000977,0.037980884313583374,83.51136779785156,-0.4802389144897461,0.9994850158691406,21.899999618530273,0,0.9994850158691406,0.00036414878559298813,7976.986328125,-0.043390680104494095,0.15945138037204742,2.155946969985962,-0.03760350635275245,2.155946969985962,0.0330674909055233,0.3178463280200958
77,0.018198929727077484,2.403493881225586,2.403493881225586,2.786033868789673,0,78,0.011132773943245411,-0.00013915076851844788,9.600000381469727,197.71617126464844,2.4593863487243652,18.234575271606445,2.403493881225586,0.4301914870738983,1,0,2.1809768676757812,8187.470764399,1746564636.0081115,1000,-1.1444091230217168e-09,0.00027445805608294904,0.7471823692321777,1560000.0,1.0514639616012573,0.901711106300354,1.0001466274261475,101.15510559082031,1.4690980911254883,10,-0.07407450675964355,0.035824209451675415,82.92051696777344,-0.5869067907333374,1.000146508216858,37.79999923706055,0,1.0001466274261475,0.00010368131916038692,8078.2294921875,0.05406605824828148,0.1676565408706665,2.1809768676757812,0.09745673835277557,2.1809768676757812,0.010314757004380226,0.3214314877986908
78,0.14769631624221802,2.428081512451172,2.428081512451172,2.5687382221221924,0,79,0.013254022225737572,0.002121248282492161,9.010000228881836,185.27818298339844,2.9098808765411377,18.232616424560547,2.428081512451172,0.38840726017951965,1,0,2.205014944076538,8293.460784616,1746564744.03678,1000,-3.051757735406113e-09,0.0002907730813603848,0.8022366762161255,1580000.0,1.0506469011306763,1.1108455657958984,1.000907301902771,107.94578552246094,1.4682809114456177,10,-0.21729564666748047,0.031075982376933098,89.7131576538086,0.7815012335777283,1.000907301902771,14.649999618530273,0,1.000907301902771,0.0006414750241674483,8186.24267578125,-0.22600068151950836,0.28107836842536926,2.205014944076538,-0.28006673976778984,2.205014944076538,0.029467791318893433,0.31159454584121704
79,0.13321377336978912,2.4521400928497314,2.4521400928497314,0.9727187752723694,0,80,0.005403859540820122,-0.00785016268491745,6.039999961853027,188.86590576171875,1.7998379468917847,18.546920776367188,2.4521400928497314,0.13921791315078735,1,0,2.2267906665802,8395.620932685,1746564850.026447,1000,-1.5258788677030566e-09,0.00029533382621593773,2.236672878265381,1600000.0,1.0546423196792603,0.6575866341590881,1.0032943487167358,105.89523315429688,1.471922755241394,10,-1.596019446849823,0.00399782694876194,87.34829711914062,-0.3566884696483612,1.0032943487167358,0.0,0,1.0032943487167358,0.002329484559595585,8292.2197265625,-0.23326821625232697,0.06337199360132217,2.2267906665802,-0.0072675347328186035,2.2267906665802,0.022722920402884483,0.311384916305542
80,0.07617872208356857,2.4762730598449707,2.4762730598449707,2.9468681812286377,0,81,0.0065764677710831165,0.0011726082302629948,7.940000057220459,195.89578247070312,1.4657983779907227,18.515981674194336,2.4762730598449707,0.49368035793304443,1,0,2.249856472015381,8503.146271395,1746564952.186917,1000,-6.103515470812226e-09,0.0002943739527836442,0.6432947516441345,1620000.0,1.0541034936904907,0.5652563571929932,0.9980858564376831,102.09510803222656,1.471158504486084,10,1.9741494059562683,0.04832923039793968,83.57910919189453,-0.37666454911231995,0.9980857968330383,36.400001525878906,0,0.9980858564376831,0.0013535039033740759,8394.4091796875,0.15344242751598358,0.18122026324272156,2.249856472015381,0.38671064376831055,2.249856472015381,0.04227962717413902,0.31758198142051697
81,0.07818335294723511,2.5003652572631836,2.5003652572631836,2.3279318809509277,0,82,0.0038935088086873293,-0.0026829589623957872,7.539999961853027,186.14756774902344,1.995422601699829,18.246601104736328,2.5003652572631836,0.3595218062400818,1,0,2.2754859924316406,8606.768426564,1746565059.7119234,1000,3.051757735406113e-09,0.00031424322514794767,0.779323935508728,1640000.0,1.0647801160812378,0.8485532999038696,0.999300479888916,107.44163513183594,1.4800071716308594,10,-0.61893630027771,0.0329301580786705,89.19502258300781,0.1788766086101532,0.999300479888916,53.0,0,0.999300479888916,0.0004946073167957366,8501.919921875,0.25774621963500977,0.22050680220127106,2.2754859924316406,0.10430379211902618,2.2754859924316406,0.02314773201942444,0.28018397092819214
82,0.20623202621936798,2.5240044593811035,2.5240044593811035,2.1911604404449463,0,83,0.010469174012541771,0.006575665203854442,6.079999923706055,193.14019775390625,2.466731548309326,18.538713455200195,2.5240044593811035,0.4033370912075043,1,0,2.3013219833374023,8708.981581671,1746565163.3339803,1000,1.5258788677030566e-09,0.00027103564934805036,0.7908817529678345,1660000.0,1.0720306634902954,0.9739318490028381,0.999443531036377,103.55171966552734,1.4860237836837769,10,-0.13677144050598145,0.03197471797466278,85.01299285888672,0.017091907560825348,0.999443531036377,28.600000381469727,0,0.999443531036377,0.0003935110871680081,8605.5517578125,-0.03032168187201023,0.18375597894191742,2.3013219833374023,-0.28806790150702,2.3013219833374023,0.025749698281288147,0.3189919590950012
83,0.18058006465435028,2.548006534576416,2.548006534576416,4.730010509490967,0,84,0.007191109005361795,-0.0032780650071799755,8.720000267028809,195.793701171875,1.692609190940857,18.5098934173584,2.548006534576416,0.31383147835731506,1,0,2.327925682067871,8809.997008463,1746565265.547367,1000,-1.5258788677030566e-09,0.0003324533754494041,0.8709004521369934,1680000.0,1.0869979858398438,0.7589342594146729,0.9994127154350281,102.14833068847656,1.5001977682113647,10,2.5388500690460205,0.026368949562311172,83.63842010498047,0.035647258162498474,0.9994127154350281,35.20000076293945,0,0.9994127154350281,0.000415258837165311,8707.7705078125,0.12089261412620544,0.1826380491256714,2.327925682067871,0.15121429599821568,2.327925682067871,0.02261621505022049,0.273315966129303
84,0.037198811769485474,2.5725393295288086,2.5725393295288086,2.207975387573242,0,85,0.0068999421782791615,-0.00029116682708263397,9.40999984741211,198.13792419433594,2.375082015991211,18.240665435791016,2.5725393295288086,0.28738701343536377,1,0,2.353532314300537,8912.073191352,1746565366.562954,1000,-5.340575981449547e-09,0.00026567417080514133,1.127895712852478,1700000.0,1.1055138111114502,0.6880961656570435,1.00076425075531,100.9397964477539,1.5173101425170898,10,-2.5220351219177246,0.01572142168879509,82.69910430908203,-0.15452569723129272,1.00076425075531,16.200000762939453,0,1.00076425075531,0.0005403787945397198,8808.775390625,-0.14324015378952026,0.09886832535266876,2.353532314300537,-0.2641327679157257,2.353532314300537,0.04142419621348381,0.32414257526397705
85,0.17419949173927307,2.5968737602233887,2.5968737602233887,1.4246667623519897,0,86,0.011302146129310131,0.00440220395103097,7.050000190734863,196.11878967285156,1.6779890060424805,18.276748657226562,2.5968737602233887,0.3687742054462433,1,0,2.3793389797210693,9011.654233849,1746565468.6391046,1000,6.103515470812226e-09,0.0002468417806085199,0.8962117433547974,1720000.0,1.1187831163406372,0.6846733689308167,0.9989411234855652,101.97901153564453,1.5289950370788574,10,-0.7833086252212524,0.02490052953362465,83.70223999023438,-0.09031449258327484,0.9989411234855652,28.299999237060547,0,0.9989411234855652,0.0007487247348763049,8910.833984375,0.06492400914430618,0.16148419678211212,2.3793389797210693,0.20816416293382645,2.3793389797210693,0.03608206659555435,0.3304997682571411
86,0.15179763734340668,2.62078857421875,2.62078857421875,0.9655755758285522,0,87,0.017913321033120155,0.006611174903810024,6.210000038146973,200.9713592529297,1.5129663944244385,18.526243209838867,2.62078857421875,0.22484375536441803,1,0,2.403221368789673,9115.959512293,1746565568.2201636,1000,-4.577636492086867e-09,0.00028355958056636155,1.392989158630371,1740000.0,1.1240729093551636,0.5580297112464905,1.0022821426391602,99.51667022705078,1.5330840349197388,10,-0.4590911865234375,0.010307042859494686,80.99040222167969,0.2990511357784271,1.0022821426391602,5.400000095367432,0,1.0022821426391602,0.001613718457520008,9010.443359375,-0.15144775807857513,0.12463252991437912,2.403221368789673,-0.21637176722288132,2.403221368789673,0.05485905706882477,0.31320491433143616
87,0.1182686984539032,2.644505739212036,2.644505739212036,2.0597784519195557,0,88,0.003508269554004073,-0.014405051479116082,6.800000190734863,191.89678955078125,1.4986765384674072,18.507034301757812,2.644505739212036,0.32033756375312805,1,0,2.42643404006958,9216.918770797,1746565672.52551,1000,-6.103515470812226e-09,0.0002941679849755019,0.9408974647521973,1760000.0,1.1272672414779663,0.5049779415130615,0.9997609853744507,104.22269439697266,1.536087989807129,10,1.0942028760910034,0.02259150892496109,85.71564483642578,-0.3433176875114441,0.9997609257698059,16.75,0,0.9997609853744507,0.00016900886839721352,9114.7314453125,-0.04101972281932831,0.1888502836227417,2.42643404006958,0.11042803525924683,2.42643404006958,0.047334227710962296,0.30140483379364014
88,0.17488130927085876,2.6670455932617188,2.6670455932617188,1.7479830980300903,0,89,0.004052962642163038,0.0005446930881589651,3.4600000381469727,198.2616729736328,1.5044596195220947,18.234445571899414,2.6670455932617188,0.36617717146873474,1,0,2.448723077774048,9321.677563221,1746565773.484776,1000,7.629394338515283e-10,0.0002425818529445678,0.9122834205627441,1780000.0,1.123817801475525,0.618980884552002,0.9998781085014343,100.87678527832031,1.5332894325256348,10,-0.31179535388946533,0.024030912667512894,82.64232635498047,-0.222971111536026,0.9998781085014343,13.300000190734863,0,0.9998781085014343,8.620435983175412e-05,9215.69140625,-0.07629497349262238,0.15304259955883026,2.448723077774048,-0.03527525067329407,2.448723077774048,0.04372027888894081,0.33405739068984985
89,0.29027628898620605,2.6885526180267334,2.6885526180267334,1.768163800239563,0,90,0.006057704798877239,0.002004742156714201,3.549999952316284,191.06851196289062,1.9109197854995728,18.511821746826172,2.6885526180267334,0.40099701285362244,1,0,2.4720215797424316,9421.882150628,1746565878.2430456,1000,-1.907348501362094e-09,0.0002812306338455528,0.7603411674499512,1800000.0,1.1365985870361328,0.7157227396965027,0.9998469352722168,104.67449951171875,1.5449243783950806,10,0.020180702209472656,0.03459496051073074,86.16265869140625,1.4426591396331787,0.9998469352722168,33.150001525878906,0,0.9998469352722168,0.00010820501483976841,9320.4482421875,0.07478957623243332,0.14539843797683716,2.4720215797424316,0.1510845497250557,2.4720215797424316,0.055643968284130096,0.3048945367336273
90,0.2511797249317169,2.7093112468719482,2.7093112468719482,1.812915563583374,0,91,0.014105498790740967,0.008047793991863728,4.139999866485596,199.7276611328125,1.8662937879562378,18.620742797851562,2.7093112468719482,0.2951016128063202,1,0,2.4936363697052,9520.805935825,1746565978.4481354,1000,-1.5258788677030566e-09,0.0002552680089138448,1.1332271099090576,1820000.0,1.1376944780349731,0.692969560623169,1.0009586811065674,100.13636016845703,1.5458869934082031,10,0.044751763343811035,0.015573842450976372,81.5156021118164,0.7029948830604553,1.0009585618972778,5.400000095367432,0,1.0009586811065674,0.0006778336828574538,9420.66796875,-0.19458626210689545,0.11461590975522995,2.4936363697052,-0.26937583833932877,2.4936363697052,0.05889998748898506,0.3344171345233917
91,0.21699753403663635,2.729290008544922,2.729290008544922,1.2449737787246704,0,92,0.005470398813486099,-0.008635099977254868,3.7899999618530273,202.31268310546875,1.6965739727020264,18.240943908691406,2.729290008544922,0.24933016300201416,1,0,2.5137875080108643,9625.036069308,1746566077.3719127,1000,-6.103515470812226e-09,0.00025979665224440396,1.3231134414672852,1840000.0,1.1357002258300781,0.6764556765556335,1.0024179220199585,98.85688018798828,1.543962001800537,10,-0.5679417848587036,0.011424453929066658,80.61592102050781,-0.26627451181411743,1.0024179220199585,6.0,0,1.0024179220199585,0.0017097571399062872,9519.5927734375,-0.16419070959091187,0.0927661657333374,2.5137875080108643,0.03039555251598358,2.5137875080108643,0.04480479657649994,0.329892098903656
92,0.2202269732952118,2.748236656188965,2.748236656188965,0.8502007722854614,0,93,0.0044022430665791035,-0.0010681557469069958,2.7300000190734863,192.05052185058594,1.7216007709503174,18.571552276611328,2.748236656188965,0.24191272258758545,1,0,2.5328259468078613,9726.23938437,1746566181.6017473,1000,-3.814697002724188e-09,0.00028189437580294907,1.3179261684417725,1860000.0,1.1355414390563965,0.550407886505127,1.0014076232910156,104.13926696777344,1.5440794229507446,10,-0.394773006439209,0.011514563113451004,85.56769561767578,-0.46977460384368896,1.0014076232910156,8.149999618530273,0,1.0014076232910156,0.0009952838299795985,9623.798828125,-0.14706751704216003,0.09356709569692612,2.5328259468078613,0.01712319254875183,2.5328259468078613,0.0413387194275856,0.31882309913635254
93,0.2323678582906723,2.7659332752227783,2.7659332752227783,0.8652525544166565,0,94,0.004908105358481407,0.0005058622919023037,1.7200000286102295,197.788818359375,1.4557056427001953,18.490297317504883,2.7659332752227783,0.22786670923233032,1,0,2.55104660987854,9824.844598489,1746566282.8053608,1000,-7.629394005448376e-09,0.00027473384398035705,1.371883749961853,1880000.0,1.1390162706375122,0.4552342891693115,1.0011825561523438,101.11795806884766,1.5477124452590942,10,0.015051782131195068,0.010626615025103092,82.62763214111328,-0.14138640463352203,1.0011825561523438,10.050000190734863,0,1.0011825561523438,0.0008361372747458518,9725.017578125,-0.09758662432432175,0.10396034270524979,2.55104660987854,0.04948089271783829,2.55104660987854,0.05568906292319298,0.3126066327095032
94,0.20472076535224915,2.7823150157928467,2.7823150157928467,0.6417158842086792,0,95,0.007575433701276779,0.002667328342795372,1.1399999856948853,202.99903869628906,1.0539823770523071,18.214677810668945,2.7823150157928467,0.18815959990024567,1,0,2.5678250789642334,9928.066549619,1746566381.4106116,1000,9.155272984173735e-09,0.0002387130371062085,1.8075213432312012,1900000.0,1.1435834169387817,0.35912764072418213,1.000844955444336,98.52263641357422,1.5519981384277344,10,-0.2235366702079773,0.006121564656496048,80.30793762207031,-0.1669105589389801,1.000844955444336,2.9000000953674316,0,1.000844955444336,0.0005974736995995045,9823.6171875,-0.12118390202522278,0.06310591846704483,2.5678250789642334,-0.02359727770090103,2.5678250789642334,0.05346759036183357,0.34010249376296997
95,0.3026904761791229,2.7974307537078857,2.7974307537078857,0.831741988658905,0,96,0.005532464478164911,-0.002042969223111868,0.8999999761581421,193.90365600585938,1.1200222969055176,18.508108139038086,2.7974307537078857,0.2614695131778717,1,0,2.5844829082489014,10028.160622759,1746566484.6324272,1000,4.577636492086867e-09,0.00027134508127346635,1.2502334117889404,1920000.0,1.1420871019363403,0.43166083097457886,0.9998838305473328,103.14400482177734,1.550951600074768,10,0.19002610445022583,0.012795209884643555,84.63587951660156,-0.21301355957984924,0.9998838305473328,14.850000381469727,0,0.9998838305473328,8.213015826186165e-05,9926.841796875,-0.011900271289050579,0.14040644466876984,2.5844829082489014,0.1092836307361722,2.5844829082489014,0.058394238352775574,0.3268979489803314
96,0.4163746237754822,2.8114795684814453,2.8114795684814453,1.0014567375183105,0,97,0.00895998626947403,0.0034275217913091183,1.1399999856948853,199.9804229736328,1.4439417123794556,18.223896026611328,2.8114795684814453,0.29245832562446594,1,0,2.600433349609375,10133.500086979,1746566584.7266138,1000,-3.051757735406113e-09,0.00028909402317367494,1.1095341444015503,1940000.0,1.1324883699417114,0.44715064764022827,1.002129316329956,100.0097885131836,1.5421491861343384,10,0.16971474885940552,0.016246072947978973,81.78588104248047,0.2147851139307022,1.0021291971206665,8.75,0,1.002129316329956,0.0015055416151881218,10026.9306640625,-0.1157200038433075,0.11612934619188309,2.600433349609375,-0.10381973255425692,2.600433349609375,0.05447683855891228,0.32449251413345337
97,0.3580838143825531,2.82466197013855,2.82466197013855,1.2037312984466553,0,98,0.007996771484613419,-0.000963214784860611,1.440000057220459,190.1389617919922,1.3314546346664429,18.238780975341797,2.82466197013855,0.5078293681144714,1,0,2.617807149887085,10237.780403123,1746566690.0660527,1000,-1.5258788677030566e-09,0.00021598323655780405,0.6890948414802551,1960000.0,1.1275078058242798,0.32363954186439514,0.9991087317466736,105.18622589111328,1.5379985570907593,10,0.20227456092834473,0.04211840406060219,86.94742584228516,-0.08149170875549316,0.9991087317466736,29.700000762939453,0,0.9991087317466736,0.0006302358815446496,10132.2001953125,0.11368117481470108,0.14700385928153992,2.617807149887085,0.22940117865800858,2.617807149887085,0.05690094456076622,0.3499425947666168
98,0.2676772177219391,2.837261915206909,2.837261915206909,1.0900598764419556,0,99,0.003404895542189479,-0.00459187594242394,2.049999952316284,191.93109130859375,1.0701773166656494,18.55152130126953,2.837261915206909,0.20586688816547394,1,0,2.634218692779541,10337.112474905,1746566794.346195,1000,1.5258788677030566e-09,0.0003012101224157959,1.4875757694244385,1980000.0,1.127008080482483,0.3018580973148346,1.001944899559021,104.20406341552734,1.538183569908142,10,-0.11367142200469971,0.009037978947162628,85.65252685546875,-0.14075015485286713,1.001944899559021,6.849999904632568,0,1.001944899559021,0.0013751673977822065,10236.5576171875,-0.08442670106887817,0.14433546364307404,2.634218692779541,-0.19810787588357925,2.634218692779541,0.03954417631030083,0.30624258518218994
99,0.3081444203853607,2.849311590194702,2.849311590194702,0.9931814670562744,0,100,0.008199984207749367,0.004795088665559888,1.9700000286102295,201.4988250732422,0.7735962867736816,18.262388229370117,2.849311590194702,0.2720418870449066,1,0,2.650235652923584,10337.378485899,1746566893.6782203,1000,-1.5258788677030566e-09,0.0002690135152079165,1.206088900566101,2000000.0,1.121436595916748,0.2743094265460968,0.999846339225769,99.25616455078125,1.5333881378173828,10,-0.09687840938568115,0.013748997822403908,80.99375915527344,0.1280927211046219,0.9998462796211243,11.550000190734863,0,0.999846339225769,0.00010871077392948791,10335.8994140625,-0.003916676621884108,0.1155143603682518,2.650235652923584,0.08051002444699407,2.650235652923584,0.032790716737508774,0.32810673117637634
