Misc/s,Misc/q,Value/reward,Loss/Loss_cost_critic,Time/FPS,Value/cost,Train/KL,Misc/AcceptanceStep,Time/Epoch,_step,Misc/Lambda_star,Train/StopIter,Metrics/EpLen,Metrics/EpCost,Metrics/EpRet,Misc/Nu_star,Train/PolicyRatio,Misc/r,Misc/H_inv_g,Train/LR,_timestamp,Misc/FinalStepNorm,Train/PolicyRatio/Std,Misc/cost_gradient_norm,Value/Adv,Time/Total,Loss/Loss_pi,Misc/OptimCase,Time/Rollout,_runtime,TotalEnvSteps,Misc/xHx,Train/PolicyRatio/Min,Loss/Loss_cost_critic/Delta,Misc/B,Time/Update,Misc/gradient_norm,Train/PolicyRatio/Max,Misc/A,Loss/Loss_reward_critic,Train/Epoch,Train/Entropy,Misc/Alpha,Loss/Loss_pi/Delta,Loss/Loss_reward_critic/Delta,Train/PolicyStd
0.059177711606025696,0.006154094822704792,0.23559902608394623,27.8557071685791,210.87957763671875,0.09070273488759995,0.00018514628754928708,1,94.84085845947266,1,0.0,10,500,205.35000610351562,-1.2779628038406372,0.5813475847244263,0.9992683529853821,-0.001140192965976894,0.15667641162872314,0,1743306019.7726352,0.2734900414943695,0.0005173666286282241,0.24766774475574493,4.0435789827597546e-08,94.84207916259766,-0.009673484601080418,0,85.03446960449219,189.648397462,20000.0,0.006154094822704792,0.9992684125900269,27.8557071685791,-712576.0,9.80636215209961,0.10645023733377457,0.9992684125900269,0.006132126320153475,0.024995917454361916,0,1.4182649850845337,1.802737832069397,-0.009673484601080418,0.024995917454361916,0.9993358254432678
0.0652998834848404,0.010982846841216087,0.1604188084602356,19.058063507080078,216.49356079101562,7.2688188552856445,0.00014134423690848053,1,92.38150024414062,2,0.0,10,500,201.72500610351562,-1.2045074701309204,0.5534249544143677,1.0002392530441284,-0.002095493720844388,0.18208222091197968,0,1743306112.234043,0.29455432295799255,0.00016914935258682817,0.26078861951828003,1.7738342350526182e-08,187.2998046875,-0.00924858171492815,0,84.0348129272461,285.733286461,40000.0,0.010982846841216087,1.0002392530441284,-8.797643661499023,-623170.6875,8.346668243408203,0.17774143815040588,1.0002392530441284,0.010915601626038551,0.01711254008114338,1,1.4402731657028198,1.3494516611099243,0.00042490288615226746,-0.007883377373218536,1.0217535495758057
0.18838980793952942,0.012636694125831127,0.1403161883354187,18.9149112701416,208.28341674804688,9.186461448669434,0.00024370178289245814,1,96.02301025390625,3,0.0,10,500,178.3000030517578,-0.8057439923286438,0.32582640647888184,0.9985246062278748,-0.02800748124718666,0.23182664811611176,0,1743306208.3192677,0.20154410600662231,0.001043274998664856,0.7138566374778748,-2.160072298806881e-08,283.4015808105469,-0.022002561017870903,0,84.56792449951172,379.750704307,60000.0,0.012636694125831127,0.9985246062278748,-0.14315223693847656,-168750.546875,11.455063819885254,0.15470021963119507,0.9985246062278748,0.008472885936498642,0.021667201071977615,2,1.4507869482040405,1.258050560951233,-0.012753979302942753,0.004554660990834236,1.0324188470840454
0.046611424535512924,0.01317885983735323,0.2359120398759842,7.709728240966797,212.88723754882812,3.1368370056152344,0.0002032698248513043,1,93.94644927978516,4,0.0,10,500,114.0999984741211,-0.618827760219574,0.6550413966178894,1.0006424188613892,-0.004816671833395958,0.2650202810764313,0,1743306302.3362572,0.2765422463417053,0.00045428681187331676,0.23166482150554657,4.577636492086867e-09,377.40496826171875,-0.01018790528178215,0,84.89479064941406,473.261677015,80000.0,0.01317885983735323,1.0006425380706787,-11.205183029174805,-279305.03125,9.0516357421875,0.1389334797859192,1.0006425380706787,0.01268112100660801,0.024831822142004967,3,1.4402685165405273,1.2319011688232422,0.011814655736088753,0.0031646210700273514,1.0216513872146606
0.02955476939678192,0.015163647010922432,0.16400215029716492,6.356586933135986,214.01539611816406,2.924321413040161,0.00013735594984609634,1,93.45121765136719,5,0.0,10,500,60.65999984741211,-0.168412983417511,0.8226235508918762,1.0005779266357422,-0.006731313653290272,0.32536962628364563,0,1743306395.8476236,0.34777870774269104,0.0004086558474227786,0.11600310355424881,0.0,470.932373046875,-0.011860422790050507,0,84.96898651123047,566.923816332,100000.0,0.015163647010922432,1.0005779266357422,-1.3531413078308105,-124502.1953125,8.482218742370605,0.08761737495660782,1.0005779266357422,0.01363054197281599,0.022024035453796387,4,1.4512027502059937,1.1484524011611938,-0.0016725175082683563,-0.00280778668820858,1.0328850746154785
0.008428893983364105,0.022909745573997498,0.19554726779460907,1.3507646322250366,213.76417541503906,0.5522177815437317,0.00016867379599716514,1,93.56104278564453,6,0.0,10,500,23.770000457763672,0.5988231897354126,1.5403854846954346,0.999183177947998,-0.0013100742362439632,0.37584617733955383,0,1743306489.5090787,0.3381541967391968,0.0005775804165750742,0.06502237170934677,3.051757735406113e-09,564.5479125976562,-0.005099739879369736,0,85.3018798828125,660.644644522,120000.0,0.022909745573997498,0.999183177947998,-5.00582230091095,-67032.765625,8.259150505065918,0.10342139005661011,0.999183177947998,0.022706124931573868,0.017596034333109856,5,1.4639707803726196,0.9343396425247192,0.006760682910680771,-0.004428001120686531,1.046497106552124
0.0016718331025913358,0.024398794397711754,0.17861364781856537,0.8132269978523254,213.5767822265625,0.10500471293926239,0.00017849211872089654,1,93.64314270019531,7,0.0,10,500,6.28000020980835,0.6005939245223999,3.4587345123291016,1.0010056495666504,0.001975033897906542,0.35111960768699646,0,1743306583.2303724,0.31543976068496704,0.0007111015729606152,0.043494295328855515,6.103515470812226e-09,658.3041381835938,0.004600137006491423,0,85.28351593017578,754.44395281,140000.0,0.024398794397711754,1.0010056495666504,-0.5375376343727112,-23589.7578125,8.359607696533203,0.1481136679649353,1.0010056495666504,0.02206558547914028,0.0194892268627882,6,1.4610395431518555,0.9053796529769897,0.009699876885861158,0.0018931925296783447,1.044240951538086
0.004781125113368034,0.02434246614575386,0.15995872020721436,1.2700386047363281,213.3693084716797,0.019456030800938606,0.00020103274437133223,1,93.73419189453125,8,0.0,10,500,5.900000095367432,0.2417539656162262,2.045264720916748,1.000667929649353,-0.001075822627171874,0.31582996249198914,0,1743306677.0298529,0.27035120129585266,0.00047232568613253534,0.0769505500793457,-5.340575981449547e-09,752.1044311523438,-0.004553899168968201,0,85.22772216796875,848.218174958,160000.0,0.02434246614575386,1.000667929649353,0.4568116068840027,-7280.6787109375,8.506457328796387,0.2203572541475296,1.000667929649353,0.024100391194224358,0.018579697236418724,7,1.4720197916030884,0.9064265489578247,-0.009154036175459623,-0.0009095296263694763,1.0557599067687988
0.0074153016321361065,0.023476043716073036,0.07624176144599915,1.5218693017959595,213.45899963378906,0.49514317512512207,0.00015763378178235143,1,93.69480895996094,9,0.0,10,500,6.050000190734863,-0.6145349740982056,1.6422916650772095,1.0009101629257202,0.003981583286076784,0.292310506105423,0,1743306770.8033974,0.2988574504852295,0.0006435542600229383,0.09274692833423615,9.918212917625624e-09,845.8638305664062,0.0021015540696680546,0,84.99691772460938,941.869232295,180000.0,0.023476043716073036,1.0009101629257202,0.25183069705963135,-4936.05078125,8.697868347167969,0.281206339597702,1.0009101629257202,0.021338168531656265,0.019028548151254654,8,1.4842485189437866,0.9230016469955444,0.006655453238636255,0.00044885091483592987,1.068507194519043
0.010757677257061005,0.019972149282693863,0.06055860593914986,1.5403839349746704,213.70994567871094,0.8978851437568665,0.00018746708519756794,1,93.58478546142578,10,0.0,10,500,12.770000457763672,-1.044142246246338,1.3635011911392212,1.0002079010009766,0.0009380698902532458,0.28573501110076904,0,1743306864.4550946,0.2826448976993561,0.0001470082061132416,0.13047240674495697,-2.4414061883248905e-08,939.538818359375,-0.002628133399412036,0,85.32594299316406,1038.007039674,200000.0,0.019972149282693863,1.0002079010009766,0.018514633178710938,-15158.712890625,8.258825302124023,0.1701773703098297,1.0002079010009766,0.019890349358320236,0.02927131950855255,9,1.4610258340835571,1.0006967782974243,-0.0047296874690800905,0.010242771357297897,1.044808268547058
0.029321905225515366,0.0193787869066,0.0981898307800293,3.646395683288574,208.19725036621094,1.4080755710601807,0.00019795123080257326,1,96.06275177001953,11,0.0,10,500,20.149999618530273,-0.7283250689506531,0.8258835673332214,1.0010267496109009,0.006298240274190903,0.2575025260448456,0,1743306960.592604,0.2808837294578552,0.0007259934791363776,0.23010051250457764,9.918212917625624e-09,1035.6572265625,-0.002208293415606022,0,85.47242736816406,1131.782613238,220000.0,0.0193787869066,1.0010268688201904,2.106011748313904,-13847.0458984375,10.590301513671875,0.20088434219360352,1.0010268688201904,0.018025947734713554,0.02584868110716343,10,1.4438036680221558,1.0159014463424683,0.00041983998380601406,-0.003422638401389122,1.0276697874069214
0.023036625236272812,0.020254064351320267,-0.000374572176951915,5.460285663604736,213.43406677246094,2.9997305870056152,0.00013413454871624708,1,93.70575714111328,12,0.0,10,500,26.540000915527344,-1.004633903503418,0.9317630529403687,0.9995360374450684,-0.0005798385245725513,0.25534117221832275,0,1743307054.3684695,0.3165450990200043,0.00032807106617838144,0.14963777363300323,-3.8814544467413725e-08,1129.4432373046875,-0.005504437256604433,0,85.46174621582031,1225.415277495,240000.0,0.020254064351320267,0.9995360374450684,1.813889980316162,-30576.1328125,8.243986129760742,0.174078568816185,0.9995360374450684,0.020239470526576042,0.0342043898999691,11,1.4399901628494263,0.9937080144882202,-0.003296143840998411,0.008355708792805672,1.0229369401931763
0.01824112795293331,0.022211745381355286,-0.011246629059314728,2.7226979732513428,213.7489013671875,2.1780948638916016,0.00014938284584786743,1,93.56773376464844,13,0.0,10,500,31.56999969482422,-1.6816900968551636,1.0471020936965942,0.9999367594718933,-0.006495242472738028,0.27025389671325684,0,1743307148.0012221,0.3068251311779022,4.470376006793231e-05,0.16055814921855927,1.5640258865801115e-08,1223.0758056640625,-0.009215518832206726,0,85.33599090576172,1319.924446067,260000.0,0.022211745381355286,0.9999367594718933,-2.7375876903533936,-54638.2890625,8.23172378540039,0.2739545702934265,0.9999367594718933,0.01989894174039364,0.03570123016834259,12,1.4525337219238281,0.9489067792892456,-0.003711081575602293,0.0014968402683734894,1.0348831415176392
0.04328599199652672,0.02474023588001728,0.019854513928294182,4.293385982513428,211.76986694335938,3.008354663848877,0.00019426130165811628,1,94.44214630126953,14,0.0,10,500,26.020000457763672,-1.0128023624420166,0.6797375082969666,0.9997507929801941,-0.013650648295879364,0.30840161442756653,0,1743307242.5103765,0.25001785159111023,0.0001762300089467317,0.3908531367778778,-5.7220459481754915e-09,1317.5823974609375,-0.014352606609463692,0,85.91050720214844,1415.652805839,280000.0,0.02474023588001728,0.9997507929801941,1.570688009262085,-15641.0732421875,8.531618118286133,0.19517508149147034,0.9997507929801941,0.020435376092791557,0.02892167493700981,13,1.4589223861694336,0.8991103768348694,-0.005137087777256966,-0.006779555231332779,1.0409682989120483
0.02831530012190342,0.014758102595806122,0.07891982793807983,1.8740018606185913,209.04019165039062,2.5280022621154785,0.00020901915559079498,1,95.67538452148438,15,0.0,10,500,24.59000015258789,-0.12053833156824112,0.8404353857040405,1.0005220174789429,-0.0025105345994234085,0.24757425487041473,0,1743307338.2386749,0.26956596970558167,0.0003690939920488745,0.377612441778183,-3.051757735406113e-09,1413.3248291015625,-0.00779491662979126,0,86.162109375,1510.699806625,300000.0,0.014758102595806122,1.0005220174789429,-2.4193841218948364,-21354.79296875,9.51325798034668,0.12903618812561035,1.0005220174789429,0.014535509981215,0.025177467614412308,14,1.454366683959961,1.164124846458435,0.006557689979672432,-0.0037442073225975037,1.0360826253890991
0.0004582314286381006,0.02719683013856411,0.10334426164627075,0.6772677302360535,210.57684326171875,0.1652238965034485,0.00018465385073795915,1,94.97721099853516,16,0.0,10,500,14.9399995803833,0.19867868721485138,6.606444835662842,1.0002537965774536,-0.0014619522262364626,0.2854980528354645,0,1743307433.2855818,0.2943955063819885,0.00017948937602341175,0.023386012762784958,1.0681151962899094e-08,1508.3551025390625,-0.008855880238115788,0,86.26334381103516,1604.841295042,320000.0,0.02719683013856411,1.0002539157867432,-1.1967341303825378,-487087.25,8.713835716247559,0.2801799476146698,1.0002539157867432,0.022532686591148376,0.024494675919413567,15,1.442559838294983,0.8575426936149597,-0.0010609636083245277,-0.0006827916949987411,1.0239472389221191
0.0005911781918257475,0.016420217230916023,0.09359466284513474,0.4939911961555481,212.62034606933594,0.42338651418685913,0.00019289726333227009,1,94.06437683105469,17,0.0,10,500,2.140000104904175,0.4185224771499634,5.816370964050293,0.9999564290046692,0.0005983019364066422,0.24477021396160126,0,1743307527.4267352,0.28924357891082764,3.082340117543936e-05,0.030150992795825005,-9.155272984173735e-09,1602.4901123046875,0.0021439148113131523,0,85.81442260742188,1699.001027724,340000.0,0.016420217230916023,0.999956488609314,-0.18327653408050537,-7746.41357421875,8.249931335449219,0.19550225138664246,0.999956488609314,0.01581471599638462,0.026514412835240364,16,1.4378312826156616,1.1036348342895508,0.01099979504942894,0.0020197369158267975,1.0191656351089478
0.012514464557170868,0.013673863373696804,0.09444478899240494,1.2771250009536743,212.57269287109375,0.4914701581001282,0.00017450051382184029,1,94.08546447753906,18,0.0,10,500,3.180000066757202,0.3233126699924469,1.2641793489456177,1.0005764961242676,0.0009526915964670479,0.24856819212436676,0,1743307621.5866597,0.27906808257102966,0.00040764431469142437,0.16432663798332214,-1.3732909920349812e-08,1696.6571044921875,-0.002367752604186535,0,85.8154067993164,1793.32409258,360000.0,0.013673863373696804,1.0005764961242676,0.7831338047981262,-808.0363159179688,8.27004337310791,0.11719595640897751,1.0005764961242676,0.013601337559521198,0.020267529413104057,17,1.4266729354858398,1.2093979120254517,-0.004511667415499687,-0.006246883422136307,1.0078823566436768
0.00028618803480640054,0.015316217206418514,0.05139721557497978,0.4102753698825836,212.1844940185547,0.20675507187843323,0.00022084696684032679,1,94.2575912475586,19,0.0,10,500,3.180000066757202,0.05790172144770622,8.359525680541992,1.0009924173355103,0.0005406989366747439,0.23776650428771973,0,1743307715.910026,0.2340015470981598,0.0007018293254077435,0.04014752805233002,1.0681151962899094e-08,1790.9891357421875,0.002440469339489937,0,85.96278381347656,1888.287980752,380000.0,0.015316217206418514,1.0009925365447998,-0.8668496310710907,-35333.5546875,8.294766426086426,0.2123229056596756,1.0009925365447998,0.014294703491032124,0.01839117705821991,18,1.4177273511886597,1.1427180767059326,0.004808221943676472,-0.0018763523548841476,0.9988492131233215
7.414137508021668e-05,0.018930446356534958,-0.005106928758323193,0.3199153244495392,210.79127502441406,0.17701022326946259,0.00016502772632520646,1,94.88058471679688,20,0.0,10,500,1.399999976158142,-0.4618399441242218,16.42310905456543,1.000888466835022,0.0003706872812472284,0.2355201095342636,0,1743307810.8733642,0.28997835516929626,0.0006282689864747226,0.007882771082222462,-4.577636492086867e-09,1885.9295654296875,0.0043969484977424145,0,85.60121154785156,1984.132613794,400000.0,0.018930446356534958,1.0008885860443115,-0.09036004543304443,-26432.396484375,9.279354095458984,0.2827712595462799,1.0008885860443115,0.017077358439564705,0.019451618194580078,19,1.4166659116744995,1.02786123752594,0.0019564791582524776,0.0010604411363601685,0.9977934956550598
0.00047468626871705055,0.017344871535897255,-0.008106831461191177,0.4275013208389282,208.87030029296875,0.07401406764984131,0.0001720542786642909,1,95.7531967163086,21,0.0,10,500,0.38999998569488525,-0.4941379129886627,6.490932464599609,1.0011440515518188,0.0009232424199581146,0.2200281172990799,0,1743307906.718261,0.28352969884872437,0.0008089946932159364,0.03393326699733734,1.678466787780053e-08,1981.7786865234375,0.0035444768145680428,0,85.32972717285156,2078.104574188,420000.0,0.017344871535897255,1.0011441707611084,0.10758599638938904,-320.3953552246094,10.423456192016602,0.2469390332698822,1.0011441707611084,0.015549246221780777,0.021678511053323746,20,1.4093860387802124,1.0738146305084229,-0.0008524716831743717,0.0022268928587436676,0.9906551837921143
0.0025306101888418198,0.014571042731404305,-0.04476679861545563,0.36046433448791504,213.02371215820312,0.2843681275844574,0.000137255949084647,1,93.88626098632812,22,0.0,10,500,1.0299999713897705,-0.6199175119400024,2.811263084411621,1.0003374814987183,-0.002618806902319193,0.23568589985370636,0,1743308000.6897063,0.3018651604652405,0.0002386073610978201,0.08012491464614868,-1.5258788677030566e-09,2075.74853515625,-0.006180416326969862,0,85.47259521484375,2173.053128677,440000.0,0.014571042731404305,1.0003374814987183,-0.06703698635101318,-419.2052917480469,8.41364574432373,0.21324080228805542,1.0003374814987183,0.011860975995659828,0.03224561735987663,21,1.3996297121047974,1.1715734004974365,-0.009724893141537905,0.010567106306552887,0.981040894985199
0.000111554836621508,0.022506965324282646,-0.0446426160633564,0.20252446830272675,210.80587768554688,0.31750690937042236,0.00019954616436734796,1,94.87401580810547,23,0.0,10,500,1.0299999713897705,-0.5855466723442078,13.389098167419434,1.0003395080566406,0.0002938441757578403,0.25917699933052063,0,1743308095.638956,0.2626091539859772,0.00024006844614632428,0.01765122078359127,-3.814697002724188e-09,2170.715087890625,0.0021506149787455797,0,85.63172912597656,2267.089010662,460000.0,0.022506965324282646,1.0003395080566406,-0.1579398661851883,-9509.2490234375,9.242259979248047,0.307157963514328,1.0003395080566406,0.021733026951551437,0.024715876206755638,22,1.3987022638320923,0.9426629543304443,0.008331031305715442,-0.007529741153120995,0.9800906777381897
0.0002712296845857054,0.020891133695840836,-0.051287975162267685,0.17890794575214386,212.81341552734375,0.24141228199005127,0.00015460944268852472,1,93.97904205322266,24,0.0,10,500,0.5400000214576721,-0.7001306414604187,8.586938858032227,1.0003434419631958,0.00023795080778654665,0.23684120178222656,0,1743308189.67488,0.26985687017440796,0.00024287824635393918,0.02655336633324623,1.1444091230217168e-09,2264.75732421875,-6.686961569357663e-05,0,85.5677490234375,2361.407267041,480000.0,0.020891133695840836,1.0003435611724854,-0.023616522550582886,-1075.0439453125,8.411263465881348,0.3359956443309784,1.0003435611724854,0.020682387053966522,0.02785010077059269,23,1.3942126035690308,0.9784393310546875,-0.0022174845944391564,0.0031342245638370514,0.9759265780448914
0.010622677393257618,0.020071735605597496,-0.05454915761947632,0.8872846961021423,212.29335021972656,0.32119593024253845,0.00015293211617972702,1,94.20925903320312,25,0.0,10,500,3.700000047683716,-0.8148677945137024,1.3721380233764648,1.0005431175231934,-0.0040223258547484875,0.23475052416324615,0,1743308283.9925585,0.2998327910900116,0.00038404209772124887,0.20539559423923492,7.486343100993054e-09,2359.024169921875,-0.007446892559528351,0,85.57433319091797,2455.807592517,500000.0,0.020071735605597496,1.0005431175231934,0.7083767503499985,-1288.7310791015625,8.634915351867676,0.281948983669281,1.0005431175231934,0.018548665568232536,0.0359434112906456,24,1.398903727531433,0.998211145401001,-0.007380022943834774,0.00809331052005291,0.9808385968208313
0.013723289594054222,0.017823658883571625,-0.016005627810955048,1.047898530960083,212.0966339111328,0.4912775456905365,0.00013189800665713847,1,94.29663848876953,26,0.0,10,500,7.989999771118164,-0.5830090045928955,1.207218050956726,0.9999729990959167,-0.0010874585714191198,0.24262583255767822,0,1743308378.3928063,0.3127836287021637,1.907848309201654e-05,0.15969586372375488,0.0,2453.441162109375,-0.0045513431541621685,0,85.61805725097656,2550.082752148,520000.0,0.017823658883571625,0.9999729990959167,0.16061383485794067,-4651.9296875,8.67856216430664,0.25770872831344604,0.9999729990959167,0.017737487331032753,0.025116946548223495,25,1.4056755304336548,1.0592938661575317,0.0028955494053661823,-0.010826464742422104,0.9877324104309082
0.001475313794799149,0.013821735978126526,0.011406009085476398,0.38871657848358154,212.34446716308594,0.3550196886062622,0.00016886623052414507,1,94.18658447265625,27,0.0,10,500,6.920000076293945,0.05098141357302666,3.681894302368164,1.0001368522644043,-0.001772633520886302,0.23301811516284943,0,1743308472.6682372,0.25810572504997253,9.676916670287028e-05,0.06986241042613983,3.814697002724188e-09,2547.7314453125,-0.005681482143700123,0,85.52564239501953,2645.632334194,540000.0,0.013821735978126526,1.0001368522644043,-0.6591819524765015,-32458.212890625,8.660923957824707,0.1953788697719574,1.0001368522644043,0.01169187854975462,0.026296118274331093,26,1.4203872680664062,1.202911138534546,-0.0011301389895379543,0.0011791717261075974,1.002318024635315
0.012520085088908672,0.014268811792135239,0.00040017280844040215,1.6556109189987183,209.4628448486328,0.4427048861980438,0.00017731243860907853,1,95.4823226928711,28,0.0,10,500,6.300000190734863,0.8057968020439148,1.2638955116271973,1.001287579536438,-0.000614101649262011,0.216053768992424,0,1743308568.2182717,0.28797340393066406,0.0009104842902161181,0.17500725388526917,-3.433227480087453e-09,2643.30126953125,-0.004563616588711739,0,85.86320495605469,2739.588932573,560000.0,0.014268811792135239,1.0012876987457275,1.2668943405151367,-3170.083984375,9.619104385375977,0.24383407831192017,1.0012876987457275,0.014238690957427025,0.0371464379131794,27,1.4118918180465698,1.1839160919189453,0.0011178655549883842,0.010850319638848305,0.9935929775238037
7.932546577649191e-05,0.017766891047358513,-0.03906625509262085,0.25182604789733887,213.03408813476562,0.18871359527111053,0.00017127236060332507,1,93.88168334960938,29,0.0,10,500,4.039999961853027,0.6212602853775024,15.877470970153809,1.0004278421401978,0.000195281594642438,0.23213830590248108,0,1743308662.1742103,0.2581678330898285,0.0003026143822353333,0.0166877880692482,-2.2888182460434336e-09,2737.23876953125,0.0020166521426290274,0,85.64391326904297,2833.7296001,580000.0,0.017766891047358513,1.0004279613494873,-1.4037848711013794,-205728.921875,8.237754821777344,0.2728152275085449,1.0004279613494873,0.017286211252212524,0.022772494703531265,28,1.3887614011764526,1.0609848499298096,0.006580268731340766,-0.014373943209648132,0.9705739617347717
0.008523576892912388,0.015648066997528076,-0.04280756041407585,0.8984661102294922,212.71800231933594,0.3312806785106659,0.00019454924040473998,1,94.02119445800781,30,0.0,10,500,5.239999771118164,0.08301166445016861,1.5318061113357544,1.0008583068847656,0.002529316581785679,0.24281218647956848,0,1743308756.3148348,0.2684418559074402,0.0006069708033464849,0.18508026003837585,0.0,2831.344970703125,-0.0008565958705730736,0,85.78360748291016,2927.382863471,600000.0,0.015648066997528076,1.0008583068847656,0.6466400623321533,-3221.346435546875,8.237570762634277,0.17607441544532776,1.0008583068847656,0.014897509478032589,0.029712876304984093,29,1.3872638940811157,1.1305363178253174,-0.002873248013202101,0.0069403816014528275,0.9690885543823242
0.024071861058473587,0.01429518312215805,-0.09655236452817917,1.1808679103851318,213.7017822265625,0.7720962166786194,0.00014308006211649626,1,93.58836364746094,31,0.0,10,500,10.1899995803833,-0.3669380843639374,0.9115071296691895,1.0007022619247437,0.0016165541019290686,0.23890307545661926,0,1743308849.9688196,0.29152441024780273,0.0004965460393577814,0.236421599984169,5.340575981449547e-09,2925.0546875,-0.0034293360076844692,0,85.34774017333984,3021.193256044,620000.0,0.01429518312215805,1.0007022619247437,0.28240180015563965,-4313.56591796875,8.240610122680664,0.20587944984436035,1.0007022619247437,0.014186622574925423,0.033018771559000015,30,1.3853427171707153,1.1828235387802124,-0.0025727401371113956,0.0033058952540159225,0.9671286940574646
0.009670227766036987,0.018439309671521187,-0.12677772343158722,0.6278336644172668,213.32235717773438,0.3857243061065674,0.0001821172918425873,1,93.75482177734375,32,0.0,10,500,10.350000381469727,-0.44199562072753906,1.438124179840088,1.00006103515625,-0.0015557175502181053,0.2817018926143646,0,1743308943.7790954,0.2822372019290924,4.3102249037474394e-05,0.1890135556459427,-7.629394338515283e-10,3018.863037109375,-0.003712298581376672,0,85.43953704833984,3114.943633313,640000.0,0.018439309671521187,1.00006103515625,-0.553034245967865,-11077.5263671875,8.315271377563477,0.20317000150680542,1.00006103515625,0.01818903163075447,0.02862417697906494,31,1.3699358701705933,1.0414599180221558,-0.00028296257369220257,-0.004394594579935074,0.9526193737983704
0.04843391478061676,0.019450718536973,-0.10488535463809967,2.9478673934936523,213.48992919921875,1.6286932229995728,0.00018037001427728683,1,93.68123626708984,33,0.0,10,500,23.059999465942383,-0.30989301204681396,0.6425991654396057,1.0001907348632812,0.005582691170275211,0.2541733980178833,0,1743309037.5295544,0.2784549593925476,0.00013486991520039737,0.4069867730140686,0.0,3112.599853515625,-0.004951941780745983,0,85.44904327392578,3209.284389507,660000.0,0.019450718536973,1.0001907348632812,2.3200337290763855,-10979.134765625,8.232177734375,0.25856083631515503,1.0001907348632812,0.01880723424255848,0.03558686003088951,32,1.3667017221450806,1.0140212774276733,-0.0012396431993693113,0.00696268305182457,0.9494193196296692
0.00694848271086812,0.0153749268501997,-0.12135389447212219,0.7123978137969971,212.1551971435547,0.3942403197288513,0.0001669589546509087,1,94.2706069946289,34,0.0,10,500,16.559999465942383,-0.3866344690322876,1.6965618133544922,1.000123143196106,0.0017962020356208086,0.24811646342277527,0,1743309131.8701596,0.2941823899745941,8.710349356988445e-05,0.10350869596004486,-9.155272984173735e-09,3206.939208984375,-0.0005025275168009102,0,85.1765365600586,3304.836281704,680000.0,0.0153749268501997,1.0001232624053955,-2.2354695796966553,-39466.609375,9.094043731689453,0.1902824491262436,1.0001232624053955,0.014910603873431683,0.03128346428275108,33,1.3512567281723022,1.1405342817306519,0.004449414263945073,-0.004303395748138428,0.934727668762207
0.00018100695160683244,0.013182426802814007,-0.12118645012378693,0.3250139653682709,209.4556427001953,0.17177186906337738,0.00014390300202649087,1,95.48561096191406,35,0.0,10,500,9.550000190734863,-0.5492134690284729,10.511274337768555,0.9983962178230286,-0.00010081014625029638,0.23961757123470306,0,1743309227.421938,0.3076842725276947,0.0011340592755004764,0.01796529069542885,4.577636492086867e-09,3302.497314453125,-0.0016635300125926733,0,85.63848114013672,3398.769576072,700000.0,0.013182426802814007,0.9983962774276733,-0.3873838484287262,-503834.0625,9.847101211547852,0.17095041275024414,0.9983962774276733,0.013126284815371037,0.027614356949925423,34,1.3440828323364258,1.2317346334457397,-0.001161002495791763,-0.0036691073328256607,0.9279628396034241
0.00014032103354111314,0.014448321424424648,-0.11396989971399307,0.22978055477142334,213.0864715576172,0.17771710455417633,0.0001645243028178811,1,93.85861206054688,36,0.0,10,500,1.0199999809265137,-0.5719652771949768,11.938180923461914,0.9983091354370117,6.845023017376661e-05,0.2715609073638916,0,1743309321.35512,0.2886382043361664,0.0011956498492509127,0.012312782928347588,1.5258788677030566e-09,3396.425048828125,0.00037936121225357056,0,85.596435546875,3492.754691866,720000.0,0.014448321424424648,0.9983091354370117,-0.09523341059684753,-7413.8779296875,8.26215648651123,0.06203418970108032,0.9983091354370117,0.014414932578802109,0.02213733270764351,35,1.3345555067062378,1.1765384674072266,0.002042891224846244,-0.005477024242281914,0.9191710352897644
4.952759627485648e-05,0.012525936588644981,-0.11023430526256561,0.15274399518966675,212.96871948242188,0.12972033023834229,1.0449158314797843e-15,17,93.91050720214844,37,-2950.408447265625,10,500,0.0,-0.19409745931625366,0.5955897569656372,1.0000001192092896,-2.950408452306874e-05,0.22019080817699432,0,1743309415.3406,2.09594168154581e-06,1.0592023613753554e-07,0.01563635654747486,1.3732909920349812e-08,3490.409912109375,1.037511765389354e-06,1,85.5440444946289,3586.537532167,740000.0,0.012525936588644981,1.0000001192092896,-0.07703655958175659,0.019999999552965164,8.366450309753418,0.14242126047611237,1.0000001192092896,0.012508364394307137,0.02125917188823223,36,1.3294541835784912,1.26360023021698,-0.0003783237004881812,-0.0008781608194112778,0.9144552946090698
4.632967466022819e-05,0.009676403366029263,-0.10511075705289841,0.09923173487186432,213.41065979003906,0.25728026032447815,0.0,0,93.71602630615234,38,-10623.6748046875,10,500,0.0,0.14894163608551025,2.2925655841827393,1.0,-0.00010623674461385235,0.2013111710548401,0,1743309509.1230087,0.0,0.0,0.016331369057297707,-6.103515470812226e-09,3584.196044921875,2.085395180984051e-07,1,85.35665893554688,3680.580550773,760000.0,0.009676403366029263,1.0,-0.05351226031780243,0.019999999552965164,8.359347343444824,0.11714407801628113,1.0,0.009432848542928696,0.024512238800525665,37,1.3294544219970703,1.4376652240753174,-8.289722472909489e-07,0.003253066912293434,0.9144555926322937
9.382647476741113e-06,0.012112022377550602,-0.04015813022851944,0.06294538825750351,212.80023193359375,0.17430563271045685,0.0,0,93.98486328125,39,-9389.029296875,10,500,0.0,0.20208284258842468,9.996147155761719,1.0,-9.389028855366632e-05,0.21233510971069336,0,1743309603.1665068,0.0,2.541550614409971e-08,0.005874643102288246,-7.629394338515283e-10,3678.252197265625,2.9695655712203006e-07,1,85.43570709228516,3774.459019643,780000.0,0.012112022377550602,1.0,-0.03628634661436081,0.019999999552965164,8.549140930175781,0.18955475091934204,1.0,0.011173481121659279,0.025989782065153122,38,1.3294544219970703,1.2850098609924316,8.841703902362497e-08,0.0014775432646274567,0.9144555926322937
4.71752900921274e-06,0.010289816185832024,-0.06713149696588516,0.04032858461141586,213.19227600097656,0.1756192147731781,2.0898315835502298e-16,0,93.81202697753906,40,-1970.8338623046875,10,500,0.0,-0.0007785415509715676,4.1688456535339355,0.9999999403953552,-1.9708339095814154e-05,0.23268622159957886,0,1743309697.044676,0.0,8.61881730429559e-08,0.004035903140902519,0.0,3772.1181640625,1.1291411965430598e-06,1,85.47064971923828,3868.558775442,800000.0,0.010289816185832024,0.9999999403953552,-0.022616803646087646,0.019999999552965164,8.341363906860352,0.07264641672372818,0.9999999403953552,0.010207654908299446,0.024183951318264008,39,1.329453945159912,1.3941547870635986,8.321846394210297e-07,-0.0018058307468891144,0.914455235004425
0.0049902587197721004,0.017016585916280746,-0.054772619158029556,0.4410981237888336,212.76678466796875,0.16370749473571777,0.00022626097779721022,1,93.9996337890625,41,0.0,10,500,0.75,-0.08572585135698318,2.0019490718841553,1.000753402709961,0.0005555475363507867,0.24082589149475098,0,1743309791.1439233,0.2724606990814209,0.0005327361868694425,0.11435582488775253,3.814697002724188e-09,3866.188232421875,-0.0014709050301462412,0,85.48289489746094,3962.793618068,820000.0,0.017016585916280746,1.000753402709961,0.40076953917741776,-112.69938659667969,8.516717910766602,0.2637508809566498,1.000753402709961,0.016954738646745682,0.023929478600621223,40,1.331394076347351,1.0841232538223267,-0.0014720341713427842,-0.0002544727176427841,0.91665118932724
0.007659760303795338,0.01951119489967823,-0.0587255023419857,0.9772028923034668,212.45156860351562,0.21057802438735962,0.00016094764578156173,1,94.13911437988281,42,0.0,10,500,3.690000057220459,-0.0015566301299259067,1.6158726215362549,0.9996954798698425,0.0014886001590639353,0.24482372403144836,0,1743309885.3796022,0.31630778312683105,0.00021531419770326465,0.11361458152532578,-3.814697002724188e-09,3960.434814453125,-0.0018001412972807884,0,85.89797973632812,4057.395750672,840000.0,0.01951119489967823,0.9996954798698425,0.5361047685146332,-1777.592041015625,8.241108894348145,0.27898547053337097,0.9996954798698425,0.019221900030970573,0.030081963166594505,41,1.3278461694717407,1.0124485492706299,-0.00032923626713454723,0.006152484565973282,0.9132500290870667
0.0015485973563045263,0.013898791745305061,-0.0387590229511261,0.15388886630535126,211.6172332763672,0.38885048031806946,0.00016921586939133704,1,94.51026153564453,43,0.0,10,500,3.690000057220459,-0.14322642982006073,3.5937209129333496,0.9992828965187073,0.0001097430067602545,0.2479773610830307,0,1743309979.9812999,0.29926735162734985,0.0005070546758361161,0.03897496685385704,-2.8610229740877458e-09,4055.029296875,-0.001413152669556439,0,85.55573272705078,4151.268837679,860000.0,0.013898791745305061,0.999282956123352,-0.8233140259981155,-8792.4609375,8.954501152038574,0.14047081768512726,0.999282956123352,0.013891015201807022,0.02471945993602276,42,1.3381872177124023,1.199571967124939,0.0003869886277243495,-0.005362503230571747,0.9225032925605774
0.018289512023329735,0.014409905299544334,-0.014606518670916557,0.7852527499198914,213.2582244873047,0.3301583230495453,0.00016323862655553967,1,93.78302001953125,44,0.0,10,500,7.059999942779541,0.1042955294251442,1.0457161664962769,1.0011764764785767,-0.0046620480716228485,0.21724016964435577,0,1743310073.8540947,0.31878355145454407,0.0008318664040416479,0.21312279999256134,4.1961669694501325e-09,4148.9091796875,-0.007879616692662239,0,85.53521728515625,4246.658512746,880000.0,0.014409905299544334,1.0011765956878662,0.6313638836145401,-2725.234375,8.247787475585938,0.2297857254743576,1.0011765956878662,0.01322153676301241,0.02954319678246975,43,1.348575234413147,1.1781057119369507,-0.0064664640231058,0.004823736846446991,0.9320778250694275
0.023289041593670845,0.01141433883458376,-0.014537942595779896,1.2255676984786987,209.8544158935547,0.6344353556632996,0.00016203206905629486,1,95.30416870117188,45,0.0,10,500,6.989999771118164,0.4479312002658844,0.9266998767852783,1.0006179809570312,0.001314955297857523,0.19989804923534393,0,1743310169.244072,0.2947438359260559,0.0004369785310700536,0.3644772469997406,7.629394338515283e-10,4244.31005859375,-0.004091273061931133,0,85.62742614746094,4340.857621622,900000.0,0.01141433883458376,1.0006179809570312,0.4403149485588074,-2097.9658203125,9.676716804504395,0.195219025015831,1.0006179809570312,0.011340092867612839,0.0355268158018589,44,1.3617326021194458,1.3236995935440063,0.003788343630731106,0.0059836190193891525,0.9444692134857178
0.006882773712277412,0.00922863557934761,0.013379626907408237,0.8516979217529297,212.49856567382812,0.811323344707489,0.00012811890337616205,1,94.1182861328125,46,0.0,10,500,5.159999847412109,0.7282564043998718,1.7046409845352173,0.9997625946998596,0.0017656020354479551,0.18773828446865082,0,1743310263.4429324,0.3214908540248871,0.00016785685147624463,0.08099569380283356,6.866454960174906e-09,4338.50732421875,-0.0005039680982008576,0,85.48192596435547,4435.312660997,920000.0,0.00922863557934761,0.9997626543045044,-0.37386977672576904,-3868.414794921875,8.636345863342285,0.16579122841358185,0.9997626543045044,0.008775715716183186,0.04205635190010071,45,1.3707419633865356,1.472129464149475,0.0035873049637302756,0.006529536098241806,0.9532315731048584
0.006964588537812233,0.014257781207561493,0.006963700987398624,0.40665972232818604,211.9850616455078,0.6293002963066101,0.00014956234372220933,1,94.34626770019531,47,0.0,10,500,4.539999961853027,0.7263892889022827,1.6945990324020386,0.9995541572570801,0.003316557267680764,0.2225894182920456,0,1743310357.8977447,0.32533103227615356,0.00031525842496193945,0.10894946753978729,6.103515470812226e-09,4432.9404296875,0.0015428389888256788,0,85.4747543334961,4532.254129765,940000.0,0.014257781207561493,0.9995541572570801,-0.44503819942474365,-2959.46142578125,8.871490478515625,0.1915024071931839,0.9995541572570801,0.01267842948436737,0.03648556396365166,46,1.3748637437820435,1.1843739748001099,0.0020468070870265365,-0.005570787936449051,0.9572151303291321
0.000639443751424551,0.019321434199810028,-0.03549124673008919,0.22889943420886993,206.52349853515625,0.30360159277915955,0.0001241356658283621,1,96.84127807617188,48,0.0,10,500,4.28000020980835,0.36783379316329956,5.592556953430176,0.9996593594551086,0.0003626542747952044,0.2600521743297577,0,1743310454.8394063,0.3249729871749878,0.00024088328063953668,0.02371600642800331,-1.1825560974898508e-08,4529.89111328125,0.00013979803770780563,0,85.72908782958984,4626.328194444,960000.0,0.019321434199810028,0.9996594190597534,-0.1777602881193161,-28646.931640625,11.112173080444336,0.22981354594230652,0.9996594190597534,0.019115760922431946,0.029985975474119186,47,1.377484917640686,1.0174081325531006,-0.0014030409511178732,-0.006499588489532471,0.9600047469139099
0.00020975127699784935,0.013151491060853004,-0.01335106510668993,0.14385059475898743,212.8083038330078,0.235795795917511,0.0,20,93.98129272460938,49,-54220.42578125,10,500,0.0,-0.050814855843782425,2.5848634243011475,1.0,-0.0005422042449936271,0.22929880023002625,0,1743310548.9134336,6.950509856551434e-08,0.0,0.020812273025512695,7.438659466174613e-09,4623.97216796875,5.196073615820751e-08,1,85.65796661376953,4720.311622322,980000.0,0.013151491060853004,1.0,-0.08504883944988251,0.019999999552965164,8.323307037353516,0.14360806345939636,1.0,0.011749967001378536,0.027807045727968216,48,1.3781965970993042,1.233182430267334,-0.00013974607697164743,-0.0021789297461509705,0.9608438611030579
6.235645560082048e-05,0.013323627412319183,-0.0019973404705524445,0.08899681270122528,212.95864868164062,0.1537291556596756,0.0,19,93.91494750976562,50,-8163.52099609375,10,500,0.0,-0.0237223319709301,1.3089603185653687,1.0,-8.163521124515682e-05,0.2332335263490677,0,1743310642.8975394,5.206570676818956e-07,0.0,0.016235627233982086,-9.53674295089968e-09,4717.9794921875,3.795666998485103e-07,1,85.58308410644531,4815.423629213,1000000.0,0.013323627412319183,1.0,-0.054853782057762146,0.019999999552965164,8.331849098205566,0.13034941256046295,1.0,0.013216770254075527,0.02395465597510338,49,1.3781967163085938,1.2251904010772705,3.276059636903028e-07,-0.0038523897528648376,0.9608440399169922
0.002175594214349985,0.011196546256542206,-0.015748251229524612,0.4753386080265045,210.45404052734375,0.13007912039756775,0.00019330465875100344,1,95.03263092041016,51,0.0,10,500,0.47999998927116394,-0.19447986781597137,3.031970977783203,1.0005130767822266,0.00017238502914551646,0.22486110031604767,0,1743310738.0091257,0.2947133779525757,0.0003627438854891807,0.06899552047252655,3.051757735406113e-09,4813.0693359375,-0.001008329214528203,0,85.76971435546875,4909.247303693,1020000.0,0.011196546256542206,1.0005130767822266,0.38634179532527924,-105.8816146850586,9.262901306152344,0.1097339540719986,1.0005130767822266,0.011182887479662895,0.027557898312807083,50,1.388992190361023,1.3365116119384766,-0.0010087087812280515,0.003603242337703705,0.9716318249702454
0.006424267776310444,0.014249667525291443,-0.006255433429032564,0.6540473699569702,213.34620666503906,0.1193828135728836,0.00016128663264680654,1,93.74434661865234,52,0.0,10,500,2.4600000381469727,-0.2930386960506439,1.7644236087799072,1.0006273984909058,0.0010390912648290396,0.23299242556095123,0,1743310831.8331988,0.30318742990493774,0.0004436096060089767,0.0800807848572731,-4.577636492086867e-09,4906.904296875,-0.001002877252176404,0,85.43313598632812,5003.074335735,1040000.0,0.014249667525291443,1.0006273984909058,0.1787087619304657,-941.9691772460938,8.311190605163574,0.19572363793849945,1.0006273984909058,0.014081600122153759,0.02868618816137314,51,1.3716036081314087,1.1847110986709595,5.451962351799011e-06,0.0011282898485660553,0.9546970725059509
0.002685557585209608,0.014329946599900723,-0.01090338733047247,0.1697699874639511,213.32391357421875,0.22711804509162903,0.0001673029619269073,1,93.75414276123047,53,0.0,10,500,2.4600000381469727,-0.07448956370353699,2.7289586067199707,1.0002098083496094,0.000493378727696836,0.24100865423679352,0,1743310925.6600015,0.28406310081481934,0.0001483569067204371,0.08061700314283371,-3.051757735406113e-09,5000.72705078125,-0.0011482571717351675,0,85.46939086914062,5097.181828956,1060000.0,0.014329946599900723,1.0002098083496094,-0.4842773824930191,-2253.3583984375,8.284734725952148,0.17915992438793182,1.0002098083496094,0.014239305630326271,0.03345636650919914,52,1.3490420579910278,1.181388020515442,-0.0001453799195587635,0.004770178347826004,0.9331927299499512
0.000615740311332047,0.009597983211278915,-0.006790112238377333,0.09966477006673813,212.68763732910156,0.25749045610427856,3.210982413293095e-08,0,94.03461456298828,54,0.6927475333213806,10,500,0.0,0.003982501104474068,0.0,0.9997704029083252,7.383996853604913e-05,0.21323421597480774,0,1743311019.7674875,0.0,0.00025236798683181405,0.04786636680364609,6.103515470812226e-09,5094.8388671875,-0.0029522187542170286,1,85.7209243774414,5191.127961427,1080000.0,0.009597983211278915,0.99977046251297,-0.07010521739721298,0.019999999552965164,8.313674926757812,0.0908881425857544,0.99977046251297,0.009589128196239471,0.027371643111109734,53,1.346749186515808,1.4435265064239502,-0.0018039615824818611,-0.006084723398089409,0.9309988617897034
0.00037343124859035015,0.01581517979502678,-0.0003810989437624812,0.07796210050582886,213.0358123779297,0.20305609703063965,4.1180985732580666e-08,0,93.88093566894531,55,0.8892462849617004,10,500,0.0,-0.27524903416633606,0.0,1.0000262260437012,4.901030479231849e-06,0.22720517218112946,0,1743311113.7138863,0.0,4.05037535529118e-05,0.03079058974981308,-3.051757735406113e-09,5188.79296875,-0.0038893213495612144,1,85.53829956054688,5286.091888139,1100000.0,0.01581517979502678,1.0000262260437012,-0.02170266956090927,0.019999999552965164,8.34261417388916,0.2669450044631958,1.0000262260437012,0.015815114602446556,0.02417306788265705,54,1.3419770002365112,1.1245474815368652,-0.0009371025953441858,-0.0031985752284526825,0.9265753030776978
0.001015380723401904,0.017973771318793297,0.02365781180560589,0.4210866689682007,210.7653350830078,0.19262224435806274,0.00019331005751155317,1,94.89226531982422,56,0.0,10,500,0.4300000071525574,-0.28042495250701904,4.438113212585449,1.0007034540176392,0.00016585743287578225,0.2454969584941864,0,1743311208.6775637,0.24733304977416992,0.0004975014016963542,0.03712550178170204,-6.103515470812226e-09,5283.74560546875,-0.000566468050237745,0,85.57624816894531,5379.957430193,1120000.0,0.017973771318793297,1.0007035732269287,0.3431245684623718,-182.07737731933594,9.315997123718262,0.30546849966049194,1.0007035732269287,0.017946679145097733,0.025151634588837624,55,1.3500909805297852,1.054861068725586,0.0033228532993234694,0.0009785667061805725,0.9361889958381653
0.001622860785573721,0.0224643312394619,0.013471478596329689,0.2882923185825348,213.20758056640625,0.15194502472877502,0.00018030530191026628,1,93.8052978515625,57,0.0,10,500,0.8999999761581421,-0.35781097412109375,3.510532855987549,0.9997425079345703,0.0005370319122448564,0.2501552700996399,0,1743311302.5432851,0.29028990864753723,0.00018204627849627286,0.07527747005224228,3.051757735406113e-09,5377.62744140625,0.0004892429569736123,0,85.38157653808594,5473.858112416,1140000.0,0.0224643312394619,0.9997425079345703,-0.1327943503856659,-499.09552001953125,8.423704147338867,0.412075400352478,0.9997425079345703,0.02228661999106407,0.023563584312796593,56,1.3413395881652832,0.94355708360672,0.0010557110072113574,-0.0015880502760410309,0.9288504719734192
0.00012640330533031374,0.018262632191181183,-0.03268221393227577,0.06184424087405205,213.14944458007812,0.08670764416456223,0.00017113146896008402,1,93.83088684082031,58,0.0,10,500,0.8999999761581421,-0.5924266576766968,12.578203201293945,0.9992777705192566,0.00026346166850999,0.23060360550880432,0,1743311396.4437504,0.27648305892944336,0.000510735553689301,0.018680959939956665,-5.340575981449547e-09,5471.513671875,0.0019134520553052425,0,85.5844955444336,5568.071042426,1160000.0,0.018262632191181183,0.9992777705192566,-0.22644807770848274,-6407.533203125,8.246373176574707,0.32513946294784546,0.9992777705192566,0.01771354489028454,0.018960053101181984,57,1.335981845855713,1.046485424041748,0.0014242090983316302,-0.004603531211614609,0.923905074596405
6.730029417667538e-05,0.016473976895213127,-0.04526132717728615,0.04068611189723015,212.43685913085938,0.08300693333148956,0.0001948799763340503,1,94.14562225341797,59,0.0,10,500,0.4699999988079071,-0.6600553393363953,17.237499237060547,0.9997666478157043,-0.00021692353766411543,0.2588958144187927,0,1743311490.6568599,0.24160274863243103,0.000164990866323933,0.014604531228542328,-7.343292196537732e-09,5565.7333984375,-0.003209521993994713,0,85.73096466064453,5662.704472939,1180000.0,0.016473976895213127,0.9997667074203491,-0.0211581289768219,-3281.796142578125,8.414630889892578,0.1566236913204193,0.9997667074203491,0.015774888917803764,0.017649855464696884,58,1.332319736480713,1.1018327474594116,-0.005122974049299955,-0.0013101976364850998,0.9197813868522644
0.0008568899938836694,0.011094765737652779,-0.026048693805933,0.1422862708568573,211.53549194335938,0.038648273795843124,0.000161487958393991,1,94.54678344726562,60,0.0,10,500,0.23000000417232513,-0.5765751004219055,4.831143379211426,0.9994085431098938,-0.00019253784557804465,0.2167954444885254,0,1743311585.2897084,0.2998339831829071,0.00041820912156254053,0.043462663888931274,7.629394338515283e-10,5660.345703125,-0.0018629456171765924,0,85.91858673095703,5756.527235472,1200000.0,0.011094765737652779,0.9994086027145386,0.10160015895962715,-61.71416091918945,8.628181457519531,0.1720713973045349,0.9994086027145386,0.01105150394141674,0.019962850958108902,59,1.333985686302185,1.342628002166748,0.0013465763768181205,0.002312995493412018,0.9202234148979187
0.002283204346895218,0.013812942430377007,-0.03955979645252228,0.18688100576400757,213.35980224609375,0.07872382551431656,0.00016559033247176558,1,93.73837280273438,61,0.0,10,500,0.6800000071525574,-0.4835476577281952,2.9596588611602783,0.9996101260185242,-0.0003626974066719413,0.2623739242553711,0,1743311679.1127403,0.29169899225234985,0.0002756684843916446,0.08024726063013077,1.907348501362094e-09,5754.18017578125,-0.0021188780665397644,0,85.40151977539062,5851.671291221,1220000.0,0.013812942430377007,0.9996101260185242,0.04459473490715027,-202.5015106201172,8.336830139160156,0.111577607691288,0.9996101260185242,0.01375532615929842,0.02590157836675644,60,1.3442697525024414,1.2032939195632935,-0.00025593244936317205,0.005938727408647537,0.9292849898338318
0.019557757303118706,0.010997516103088856,-0.05275362730026245,0.4119897484779358,210.37838745117188,0.11994276195764542,0.00014822781668044627,1,95.0667953491211,62,0.0,10,500,4.019999980926514,-0.44645631313323975,1.0112426280975342,1.0008879899978638,-0.0023056906647980213,0.20726752281188965,0,1743311774.2569752,0.309090256690979,0.0006279318477027118,0.20840220153331757,-1.5258788677030566e-09,5849.32373046875,-0.007919942028820515,0,85.6025161743164,5945.428234401,1240000.0,0.010997516103088856,1.0008881092071533,0.22510874271392822,-826.2706298828125,9.464265823364258,0.18646055459976196,1.0008881092071533,0.010725695639848709,0.034608300775289536,61,1.3656545877456665,1.3485513925552368,-0.00580106396228075,0.008706722408533096,0.9495280385017395
0.029085952788591385,0.008350254967808723,-0.007409107405692339,0.8896744251251221,213.51239013671875,0.16402222216129303,0.00020829310233239084,1,93.67137908935547,63,0.0,10,500,7.679999828338623,0.00029574392829090357,0.8292267322540283,0.9997535347938538,0.002379967598244548,0.19522395730018616,0,1743311868.0135012,0.2814961075782776,0.0001742631575325504,0.2552536129951477,-1.2969969986897922e-08,5943.07275390625,-0.004490841180086136,0,85.44160461425781,6039.913282678,1260000.0,0.008350254967808723,0.9997535943984985,0.4776846766471863,-2027.8448486328125,8.229764938354492,0.14338582754135132,0.9997535943984985,0.008155513554811478,0.03330780193209648,62,1.3561362028121948,1.5476218461990356,0.003429100848734379,-0.0013004988431930542,0.9399078488349915
0.0006721550016663969,0.01151974406093359,-0.04161370173096657,0.26370108127593994,211.8728790283203,0.16381140053272247,0.00020107027376070619,1,94.39622497558594,64,0.0,10,500,4.550000190734863,0.10419078916311264,5.454777240753174,0.9982466101646423,-0.0005723547074012458,0.2160475254058838,0,1743311962.498603,0.2665236294269562,0.001239847857505083,0.051471270620822906,3.051757735406113e-09,6037.5556640625,-0.003995607141405344,0,85.25116729736328,6133.789643033,1280000.0,0.01151974406093359,0.9982466101646423,-0.6259733438491821,-30799.708984375,9.145037651062012,0.17506979405879974,0.9982466101646423,0.011032378301024437,0.02898215688765049,63,1.3462635278701782,1.3176296949386597,0.0004952340386807919,-0.0043256450444459915,0.9309520721435547
0.0009488165378570557,0.017326561734080315,-0.03859715536236763,0.22971361875534058,213.2261505126953,0.21965746581554413,0.0001860371557995677,1,93.79712677001953,65,0.0,10,500,0.4399999976158142,0.15814901888370514,4.591150760650635,1.0004297494888306,-0.00020589155610650778,0.23130543529987335,0,1743312056.3753285,0.2818634510040283,0.0003038506838493049,0.0475955493748188,7.629394005448376e-09,6131.44775390625,-0.0020297064911574125,0,85.54532623291016,6228.14072103,1300000.0,0.017326561734080315,1.0004298686981201,-0.033987462520599365,-204.021484375,8.25178337097168,0.31574496626853943,1.0004298686981201,0.01728188432753086,0.026800068095326424,64,1.3593602180480957,1.074381947517395,0.0019659006502479315,-0.002182088792324066,0.9438199400901794
7.009126420598477e-05,0.013612831942737103,-0.03419561684131622,0.10479649901390076,212.1953125,0.07387864589691162,0.00016051146667450666,1,94.25279235839844,66,0.0,10,500,0.4399999976158142,0.162529855966568,16.890871047973633,1.0002576112747192,-0.00018544589693192393,0.22664184868335724,0,1743312150.687591,0.28144147992134094,0.00018218677723780274,0.017179904505610466,-1.907348501362094e-09,6225.7724609375,-0.0020888824947178364,0,85.60417175292969,6322.549186329,1320000.0,0.013612831942737103,1.0002577304840088,-0.12491711974143982,-2761.698974609375,8.648605346679688,0.22450138628482819,1.0002577304840088,0.013122253119945526,0.02435355633497238,65,1.3610082864761353,1.2121059894561768,-5.917600356042385e-05,-0.002446511760354042,0.9457736015319824
4.2914798541460186e-05,0.010499583557248116,0.003101038746535778,0.06460394710302353,211.91937255859375,0.07713071256875992,0.00015832736971788108,1,94.37551879882812,67,0.0,10,500,0.23000000417232513,0.6235455870628357,21.585437774658203,1.0003503561019897,3.084311174461618e-06,0.20753000676631927,0,1743312245.1350207,0.27385202050209045,0.00024776728241704404,0.008151881396770477,-1.907348590179936e-08,6320.2021484375,-0.0002732879656832665,0,85.70979309082031,6416.612501774,1340000.0,0.010499583557248116,1.0003503561019897,-0.04019255191087723,-1232.367919921875,8.6657075881958,0.1424916833639145,1.0003503561019897,0.010499361902475357,0.02914176695048809,66,1.3501700162887573,1.3801578283309937,0.0018155945290345699,0.004788210615515709,0.9361721873283386
6.198229584697401e-06,0.012600792571902275,-0.007480671629309654,0.0363784022629261,212.81887817382812,0.0293932743370533,0.0,0,93.97662353515625,68,-3841.86865234375,10,500,0.0,0.6090595126152039,6.188348293304443,1.0,-3.8418686017394066e-05,0.22812913358211517,0,1743312339.1977503,0.0,1.437718140095967e-07,0.0033950621727854013,-9.918212917625624e-09,6414.25537109375,7.262685244313616e-07,1,85.68668365478516,6510.864327067,1360000.0,0.012600792571902275,1.0,-0.028225544840097427,0.019999999552965164,8.289926528930664,0.1516498476266861,1.0,0.012363044545054436,0.02752821147441864,67,1.3460272550582886,1.2598414421081543,0.0002740142342076979,-0.0016135554760694504,0.9324945211410522
4.589459422277287e-06,0.015685655176639557,0.05859198793768883,0.022783085703849792,212.38250732421875,0.05673405900597572,2.0898315835502298e-16,0,94.16971588134766,69,-1939.1185302734375,10,500,0.0,0.7539858818054199,4.215970516204834,0.9999996423721313,-1.939118556038011e-05,0.24270908534526825,0,1743312433.449878,0.0,4.0505651099920215e-07,0.0031030147802084684,-9.155272984173735e-09,6508.51904296875,1.7546169601700967e-06,1,85.81986236572266,6606.154495451,1380000.0,0.015685655176639557,0.9999997019767761,-0.01359531655907631,0.019999999552965164,8.349828720092773,0.11673127859830856,0.9999997019767761,0.015603902749717236,0.035553939640522,68,1.3460278511047363,1.129180908203125,1.0283484357387351e-06,0.008025728166103363,0.9324951767921448
0.0023211585357785225,0.010156506672501564,0.1499561369419098,0.5331215858459473,210.0810546875,0.05889204144477844,0.0001837309537222609,1,95.20135498046875,70,0.0,10,500,0.6100000143051147,1.398462176322937,2.935361862182617,1.0020724534988403,-0.0003129148099105805,0.20503294467926025,0,1743312528.7398088,0.281621515750885,0.001465474022552371,0.09194853901863098,1.3732909920349812e-08,6603.7958984375,-0.0022556129842996597,0,85.91678619384766,6700.256012883,1400000.0,0.010156506672501564,1.0020725727081299,0.5103385001420975,-160.2871856689453,9.284553527832031,0.109450563788414,1.0020725727081299,0.01011432334780693,0.04364677518606186,69,1.3591703176498413,1.403274416923523,-0.00225736760125983,0.008092835545539856,0.9450387954711914
0.00027965038316324353,0.011343108490109444,0.03331031650304794,0.05710137262940407,212.72210693359375,0.09661681205034256,0.00017999668489210308,1,94.01937866210938,71,0.0,10,500,0.6100000143051147,1.0506274700164795,8.456672668457031,1.0010504722595215,0.00021275659673847258,0.22072578966617584,0,1743312622.8416514,0.2780669331550598,0.0007427959935739636,0.02396753802895546,-2.6702879907247734e-09,6697.9111328125,0.0009000906138680875,0,85.77709197998047,6796.619653902,1420000.0,0.011343108490109444,1.0010504722595215,-0.4760202132165432,-1330.5224609375,8.242267608642578,0.16417786478996277,1.0010504722595215,0.011181250214576721,0.03250055015087128,70,1.36904776096344,1.327849268913269,0.0031557035981677473,-0.011146225035190582,0.9541075825691223
0.0021508298814296722,0.017081063240766525,0.00821833685040474,0.27401289343833923,207.71775817871094,0.09086499363183975,0.00018217450997326523,1,96.28450012207031,72,0.0,10,500,0.6399999856948853,0.7053428888320923,3.0493757724761963,1.0004962682724,0.0016011670231819153,0.23225140571594238,0,1743312719.205303,0.28815436363220215,0.0003509427479002625,0.0732199102640152,-1.525878801089675e-08,6794.2705078125,0.002237240318208933,0,85.86819458007812,6890.805529285,1440000.0,0.017081063240766525,1.0004962682724,0.21691152080893517,-190.41722106933594,10.416287422180176,0.29254236817359924,1.0004962682724,0.015889093279838562,0.03350500762462616,71,1.381357192993164,1.0820751190185547,0.0013371497043408453,0.0010044574737548828,0.966395378112793
0.00011381982767488807,0.014845528639853,-0.01366090215742588,0.07268427312374115,212.54010009765625,0.014076531864702702,0.00014610520156566054,1,94.09989166259766,73,0.0,10,500,0.6399999856948853,0.2869190275669098,13.255221366882324,0.9996016025543213,0.0001518046628916636,0.23483845591545105,0,1743312813.390713,0.28770798444747925,0.00028170953737571836,0.0122612239792943,-1.0108947456899386e-08,6888.44970703125,0.0009062138851732016,0,85.68236541748047,6985.038565503,1460000.0,0.014845528639853,0.9996016025543213,-0.20132862031459808,-3598.333984375,8.417508125305176,0.19443891942501068,0.9996016025543213,0.014643080532550812,0.03625143691897392,72,1.391736388206482,1.1606920957565308,-0.0013310264330357313,0.002746429294347763,0.976884663105011
0.004814952611923218,0.016657305881381035,-0.016066698357462883,0.6127744317054749,212.4293975830078,0.053500451147556305,0.00018494977848604321,1,94.14892578125,74,0.0,10,500,1.4700000286102295,-0.03644508495926857,2.03806734085083,1.0006537437438965,0.0024317000061273575,0.23333269357681274,0,1743312907.6242476,0.2870486080646515,0.0004622666456270963,0.10398924350738525,7.247924482811641e-09,6982.6904296875,0.0013783782487735152,0,85.91631317138672,7079.098826495,1480000.0,0.016657305881381035,1.0006537437438965,0.5400901585817337,-448.7685852050781,8.232599258422852,0.2756304144859314,1.0006537437438965,0.015429224818944931,0.02822236716747284,73,1.392214298248291,1.0957525968551636,0.00047216436360031366,-0.008029069751501083,0.9793794751167297
0.0029854951426386833,0.014148938469588757,-0.0666658952832222,0.49834364652633667,212.7618408203125,0.20475555956363678,0.00015271441952791065,1,94.00181579589844,75,0.0,10,500,2.369999885559082,-0.3496211767196655,2.5882492065429688,1.0008999109268188,0.00043254438787698746,0.23314635455608368,0,1743313001.6847558,0.2970276176929474,0.0006363611901178956,0.052457597106695175,-5.340575981449547e-09,7076.77001953125,-0.0009566386579535902,0,85.61798095703125,7173.281190642,1500000.0,0.014148938469588757,1.0009000301361084,-0.11443078517913818,-1881.3699951171875,8.383820533752441,0.21564529836177826,1.0009000301361084,0.014086270704865456,0.030116569250822067,74,1.4007997512817383,1.1889207363128662,-0.0023350169067271054,0.001894202083349228,0.9893420338630676
0.0011766152456402779,0.0160444937646389,-0.0785093605518341,0.11969243735074997,212.52529907226562,0.19943533837795258,0.00013354228576645255,1,94.1064453125,76,0.0,10,500,2.369999885559082,-0.9681243896484375,4.1228346824646,0.9999890327453613,-4.659584374167025e-05,0.2622469663619995,0,1743313095.8671813,0.33026283979415894,7.75502030592179e-06,0.03760271146893501,6.103515470812226e-09,7170.93017578125,-0.001079436158761382,0,85.8698959350586,7267.758045006,1520000.0,0.0160444937646389,0.9999890327453613,-0.3786512091755867,-4773.716796875,8.236516952514648,0.18102431297302246,0.9999890327453613,0.016042647883296013,0.03267959877848625,75,1.3997993469238281,1.1164823770523071,-0.00012279750080779195,0.0025630295276641846,0.9887598156929016
2.8764134185621515e-05,0.01358986459672451,0.003608226776123047,0.07100582867860794,211.84829711914062,0.07748671621084213,0.00018526118947193027,1,94.40718078613281,77,0.0,10,500,0.8999999761581421,-0.5964696407318115,26.364154815673828,1.0006154775619507,-5.9455775044625625e-05,0.22449640929698944,0,1743313190.3437388,0.2398679405450821,0.0004352364339865744,0.00611459044739604,3.051757735406113e-09,7265.41357421875,-0.001573065877892077,0,85.80623626708984,7364.611225666,1540000.0,0.01358986459672451,1.0006154775619507,-0.04868660867214203,-28150.259765625,8.600930213928223,0.21107634902000427,1.0006154775619507,0.013467011973261833,0.033752165734767914,76,1.3937407732009888,1.2131298780441284,-0.0004936297191306949,0.001072566956281662,0.9837376475334167
0.02105710282921791,0.012305859476327896,-0.06621893495321274,1.141426920890808,206.65896606445312,0.1087358146905899,0.00016077322652563453,1,96.77780151367188,78,0.0,10,500,3.9600000381469727,-0.6635867953300476,0.9745756983757019,1.0006881952285767,0.00514439819380641,0.21662193536758423,0,1743313287.1968932,0.27480974793434143,0.0004866555973421782,0.2976575791835785,3.8146971692576415e-10,7362.265625,-0.0002694646827876568,0,85.47019958496094,7458.880242788,1560000.0,0.012305859476327896,1.0006883144378662,1.0704210922122002,-744.697509765625,11.307585716247559,0.1420929878950119,1.0006883144378662,0.011049047112464905,0.04323388263583183,77,1.3921713829040527,1.2748491764068604,0.0013036011951044202,0.009481716901063919,0.9839180111885071
0.0022626854479312897,0.017689598724246025,-0.059300024062395096,0.470458060503006,212.33340454101562,0.11563324928283691,0.0001658303663134575,1,94.19149017333984,79,0.0,10,500,4.53000020980835,-0.462087482213974,2.973048210144043,1.0003204345703125,0.0013802769826725125,0.23221753537654877,0,1743313381.46588,0.294842004776001,0.00022658145462628454,0.06970147788524628,-1.3732909920349812e-08,7456.5322265625,0.0010368803050369024,0,85.53411865234375,7553.018594085,1580000.0,0.017689598724246025,1.0003204345703125,-0.6709688603878021,-9069.208984375,8.657358169555664,0.19718047976493835,1.0003204345703125,0.016847610473632812,0.05530465394258499,78,1.3887596130371094,1.0633001327514648,0.0013063449878245592,0.012070771306753159,0.9825904965400696
0.0018589090323075652,0.010564775206148624,-0.06058882921934128,0.264892578125,212.6379852294922,0.16675220429897308,0.00018768146401271224,1,94.05657196044922,80,0.0,10,500,4.510000228881836,-1.0761728286743164,3.2800822257995605,0.9998448491096497,-0.00031270584440790117,0.19922104477882385,0,1743313475.6038632,0.27252623438835144,0.00010966611444018781,0.07621724903583527,-6.866454960174906e-09,7550.6669921875,-0.003016116563230753,0,85.56880187988281,7646.877677167,1600000.0,0.010564775206148624,0.9998449087142944,-0.20556548237800598,-10941.876953125,8.487754821777344,0.14903540909290314,0.9998449087142944,0.010512172244489193,0.05326901748776436,79,1.3875845670700073,1.375892996788025,-0.004052996868267655,-0.002035636454820633,0.9843905568122864
6.500714516732842e-05,0.015300375409424305,0.07945273071527481,0.08369950950145721,213.2643280029297,0.05767011642456055,0.00018738694780040532,1,93.78033447265625,81,0.0,10,500,1.2300000190734863,-0.09393127262592316,17.538846969604492,1.0003957748413086,-0.00033388484735041857,0.2307710498571396,0,1743313569.4632607,0.27044519782066345,0.0002799112698994577,0.01395304873585701,-7.629394005448376e-09,7644.53515625,-0.004742786288261414,0,85.54381561279297,7740.933073769,1620000.0,0.015300375409424305,1.0003957748413086,-0.18119306862354279,-23269.228515625,8.23649787902832,0.15388737618923187,1.0003957748413086,0.013585764914751053,0.06084533408284187,80,1.376124382019043,1.143309473991394,-0.0017266697250306606,0.007576316595077515,0.9748956561088562
0.03429337963461876,0.0165819451212883,0.056013140827417374,1.0031213760375977,212.8264923095703,0.07712525874376297,0.00019718008115887642,1,93.9732666015625,82,0.0,10,500,1.9299999475479126,0.4810979962348938,0.7636771202087402,0.9994571805000305,-3.137922612950206e-05,0.25882282853126526,0,1743313663.5181558,0.30267810821533203,0.0003838453849311918,0.238876610994339,1.1444091230217168e-09,7738.58154296875,-0.0069661615416407585,0,85.5081787109375,7834.869936701,1640000.0,0.0165819451212883,0.9994572401046753,0.9194218665361404,-108.59859466552734,8.46506118774414,0.1351402848958969,0.9994572401046753,0.01658191718161106,0.06257317215204239,81,1.3667407035827637,1.0982396602630615,-0.002223375253379345,0.0017278380692005157,0.9653051495552063
0.0009317355579696596,0.016499113291502,0.20328091084957123,0.17997071146965027,213.09593200683594,0.08893968909978867,0.00016982684610411525,1,93.85444641113281,83,0.0,10,500,2.0999999046325684,1.1967724561691284,4.633042812347412,1.0003737211227417,-0.0011340262135490775,0.2632291913032532,0,1743313757.4556167,0.2964000701904297,0.00026423262897878885,0.04116550832986832,6.103515470812226e-09,7832.52392578125,-0.005422904621809721,0,85.60054016113281,7928.723186873,1660000.0,0.016499113291502,1.0003737211227417,-0.8231506645679474,-4733.03125,8.253890037536621,0.14431774616241455,1.0003737211227417,0.01511889137327671,0.05986155942082405,82,1.3689708709716797,1.100993037223816,0.0015432569198310375,-0.002711612731218338,0.9652700424194336
3.592785287764855e-05,0.014289412647485733,0.23579463362693787,0.07588604092597961,213.28114318847656,0.013601546175777912,0.00021598959574475884,1,93.77294158935547,84,0.0,10,500,0.17000000178813934,1.407156229019165,23.59059715270996,0.9996328949928284,-9.024104656418785e-05,0.23630978167057037,0,1743313851.3088717,0.22708387672901154,0.0002595683909021318,0.009029775857925415,3.814697002724188e-09,7926.37255859375,-0.0015509689692407846,0,85.50934600830078,8022.884079905,1680000.0,0.014289412647485733,0.9996329545974731,-0.10408467054367065,-804.14599609375,8.263577461242676,0.2834477126598358,0.9996329545974731,0.01406281441450119,0.04891442880034447,83,1.356601595878601,1.1830624341964722,0.0038719356525689363,-0.010947130620479584,0.9498613476753235
2.9503175028366968e-05,0.013691907748579979,0.2959617078304291,0.05007212609052658,212.577880859375,0.018485626205801964,4.094900774020971e-08,0,94.08316802978516,85,0.8274028301239014,10,500,0.0,1.6884219646453857,0.0,0.9998553991317749,2.407269857940264e-05,0.21223033964633942,0,1743313945.4696245,0.0,0.0001515699696028605,0.005236607510596514,2.2888182460434336e-09,8020.5361328125,-0.003508439287543297,1,85.77520751953125,8118.195395338,1700000.0,0.013691907748579979,0.9998553991317749,-0.025813914835453033,0.019999999552965164,8.30793571472168,0.25070080161094666,0.9998553991317749,0.01367227267473936,0.04996469244360924,84,1.3478871583938599,1.2086007595062256,-0.001957470318302512,0.0010502636432647705,0.9399576783180237
4.322667336964514e-06,0.012478690594434738,0.3959291875362396,0.030173515900969505,210.2913055419922,0.04507816955447197,4.113595508670187e-08,0,95.10616302490234,86,0.789895236492157,10,500,0.0,1.964876651763916,0.0,1.0000122785568237,3.067659417865798e-05,0.20177119970321655,0,1743314040.78061,0.0,5.505507215275429e-05,0.003265746869146824,7.629394338515283e-10,8115.72021484375,-0.003369213780388236,1,86.78248596191406,8212.725890684,1720000.0,0.012478690594434738,1.0000123977661133,-0.019898610189557076,0.019999999552965164,8.323660850524902,0.2684076726436615,1.0000123977661133,0.012261491268873215,0.04955192282795906,85,1.3499038219451904,1.265990138053894,0.00013922550715506077,-0.000412769615650177,0.942594587802887
1.3291182767716236e-06,0.011340674944221973,0.3256453573703766,0.01809874176979065,211.7450408935547,0.0677495002746582,4.1796631671004597e-16,0,94.45321655273438,87,-1012.4475708007812,10,500,0.0,2.1424949169158936,7.560554027557373,0.9999999403953552,-1.01244759207475e-05,0.23047278821468353,0,1743314135.3117723,0.0,1.5973397182733606e-07,0.002202414907515049,-3.051757735406113e-09,8210.3857421875,2.4252633465948747e-06,1,85.93882751464844,8306.755483088,1740000.0,0.011340674944221973,0.9999999403953552,-0.012074774131178856,0.019999999552965164,8.514363288879395,0.1281849592924118,0.9999999403953552,0.011264128610491753,0.051783714443445206,86,1.3494197130203247,1.3279916048049927,0.003371639043734831,0.002231791615486145,0.9416475892066956
0.007762618828564882,0.012233025394380093,0.39823266863822937,0.8168853521347046,212.85765075683594,0.054304059594869614,0.00017854321049526334,1,93.95950317382812,88,0.0,10,500,1.4500000476837158,2.5796172618865967,1.6051313877105713,1.0003547668457031,-0.0013151358580216765,0.2003544270992279,0,1743314229.3413491,0.27747759222984314,0.00025085805100388825,0.17929355800151825,-5.340575981449547e-09,8304.41015625,-0.004460247233510017,0,85.64073944091797,8404.258862367,1760000.0,0.012233025394380093,1.0003547668457031,0.7987866103649139,-270.8290100097656,8.318740844726562,0.277616411447525,1.0003547668457031,0.01201021671295166,0.0576622299849987,87,1.3434406518936157,1.2786388397216797,-0.004462672496856612,0.005878515541553497,0.9366218447685242
0.0003667628043331206,0.01265095453709364,0.3304627537727356,0.08823691308498383,205.2635498046875,0.09408999979496002,0.00013759468856733292,1,97.43571472167969,89,0.0,10,500,1.4500000476837158,2.4093430042266846,7.384420394897461,1.000321865081787,-0.0005191637901589274,0.23535484075546265,0,1743314326.8445523,0.31165599822998047,0.00022759298735763878,0.019217783585190773,-6.866454960174906e-09,8401.9169921875,-0.0033669332042336464,0,85.89520263671875,8498.45853491,1780000.0,0.01265095453709364,1.000321865081787,-0.7286484390497208,-5732.412109375,11.54049301147461,0.15716981887817383,1.000321865081787,0.011916082352399826,0.04637438431382179,88,1.3500276803970337,1.2573412656784058,0.001093314029276371,-0.01128784567117691,0.9425458312034607
7.72130151744932e-05,0.01251504197716713,0.3840327560901642,0.05254063382744789,212.4868927001953,0.07240089029073715,0.00013747747289016843,1,94.12345123291016,90,0.0,10,500,0.7699999809265137,2.57631778717041,16.093170166015625,1.0001109838485718,0.00014172252849675715,0.2226131409406662,0,1743314421.0441995,0.3104654848575592,7.850553811294958e-05,0.010969193652272224,-9.155272984173735e-09,8496.1123046875,0.0012213191948831081,0,85.88176727294922,8592.93183311,1800000.0,0.01251504197716713,1.0001109838485718,-0.035696279257535934,-7677.74267578125,8.241670608520508,0.19599567353725433,1.0001109838485718,0.012254947796463966,0.04705333709716797,89,1.354994773864746,1.2641501426696777,0.0045882523991167545,0.0006789527833461761,0.9471169114112854
1.5726065612398088e-05,0.013739841990172863,0.26449713110923767,0.027234051376581192,211.88841247558594,0.06288780272006989,3.620763777689717e-08,0,94.3893051147461,91,0.8288498520851135,10,500,0.0,2.034851551055908,0.0,1.0000505447387695,3.565463703125715e-05,0.2365751713514328,0,1743314515.5177376,0.0,6.717204087181017e-05,0.006985771935433149,-1.2207030941624453e-08,8590.5771484375,-0.003596344729885459,1,86.05606842041016,8688.023981016,1820000.0,0.013739841990172863,1.0000505447387695,-0.0253065824508667,0.019999999552965164,8.333219528198242,0.13745664060115814,1.0000505447387695,0.013659056276082993,0.03685872629284859,90,1.3532675504684448,1.2064906358718872,-0.004817663924768567,-0.010194610804319382,0.9454376101493835
0.013927080668509007,0.012296471744775772,0.3227943778038025,0.7380695939064026,210.5159912109375,0.04912414401769638,0.00018386769806966186,1,95.0046615600586,92,0.0,10,500,2.8499999046325684,1.944058895111084,1.1983530521392822,0.9979076981544495,0.003339389804750681,0.2139071375131607,0,1743314610.6091573,0.27255889773368835,0.0014794667949900031,0.16676613688468933,-5.340575981449547e-09,8685.6611328125,-0.0008526670280843973,0,85.81350708007812,8782.124077725,1840000.0,0.012296471744775772,0.9979077577590942,0.7108355425298214,-583.19580078125,9.191119194030762,0.18628419935703278,0.9979077577590942,0.01149576436728239,0.039518773555755615,91,1.365517020225525,1.2753357887268066,0.0027436777018010616,0.002660047262907028,0.9546732902526855
0.0026102710980921984,0.011953319422900677,0.16917847096920013,0.6035855412483215,212.93020629882812,0.18953491747379303,0.00018249318236485124,1,93.927490234375,93,0.0,10,500,3.4000000953674316,1.1765773296356201,2.768033504486084,0.9999586939811707,-7.056385220494121e-05,0.22916868329048157,0,1743314704.70936,0.27984902262687683,2.919372491305694e-05,0.07923705875873566,6.484984993448961e-09,8779.6875,-0.002117582829669118,0,85.68568420410156,8880.398178986,1860000.0,0.011953319422900677,0.9999586939811707,-0.13448405265808105,-4428.6220703125,8.241792678833008,0.12522505223751068,0.9999586939811707,0.011951412074267864,0.03741849213838577,92,1.3496001958847046,1.293512225151062,-0.0012649158015847206,-0.0021002814173698425,0.9374871253967285
0.0010004359064623713,0.013035563752055168,0.21767812967300415,0.13114376366138458,204.30857849121094,0.1823003888130188,0.00019129454449284822,1,97.8911361694336,94,0.0,10,500,0.550000011920929,0.8759880065917969,4.471138954162598,1.0003973245620728,-0.00015695796173531562,0.24415719509124756,0,1743314802.9835281,0.2784525156021118,0.00028092280263081193,0.05249426141381264,2.2888182460434336e-09,8877.751953125,-0.0015010758070275187,0,88.52798461914062,8974.775174788,1880000.0,0.013035563752055168,1.0003974437713623,-0.47244177758693695,-302.3451843261719,9.363137245178223,0.1370743215084076,1.0003974437713623,0.01301093865185976,0.03872830420732498,93,1.3191739320755005,1.2386537790298462,0.0006165070226415992,0.001309812068939209,0.9086131453514099
0.0003053220279980451,0.01376956794410944,0.34593746066093445,0.08279474079608917,212.11544799804688,0.19707809388637543,0.0001554037444293499,1,94.28827667236328,95,0.0,10,500,0.550000011920929,1.6322746276855469,8.093358993530273,0.9997460842132568,2.482577838236466e-05,0.22535988688468933,0,1743314897.3611152,0.29967984557151794,0.0001795455755200237,0.01703314110636711,8.392333938900265e-09,8972.4228515625,-0.0006656130426563323,0,85.99742889404297,9068.756824748,1900000.0,0.01376956794410944,0.9997460842132568,-0.04834902286529541,-990.7047119140625,8.290836334228516,0.24407672882080078,0.9997460842132568,0.013767549768090248,0.04824136942625046,94,1.3211290836334229,1.2051876783370972,0.0008354627643711865,0.009513065218925476,0.9107623100280762
0.009345555678009987,0.014078709296882153,0.37623095512390137,1.4206968545913696,212.94293212890625,0.35229721665382385,0.00019482623611111194,1,93.92188262939453,96,0.0,10,500,2.0799999237060547,2.1809160709381104,1.4628918170928955,1.0003852844238281,-0.0011885692365467548,0.2261534333229065,0,1743314991.3427289,0.2624732255935669,0.0002724934311117977,0.18511031568050385,4.577636492086867e-09,9066.421875,-0.004609423223882914,0,85.64724731445312,9163.385939773,1920000.0,0.014078709296882153,1.0003852844238281,1.3379021137952805,-462.9161071777344,8.274617195129395,0.26768431067466736,1.0003852844238281,0.013927547261118889,0.04761430248618126,95,1.3434419631958008,1.1918823719024658,-0.003943810181226581,-0.0006270669400691986,0.9311137199401855
0.004872117191553116,0.013059374876320362,0.3412730097770691,0.4296887516975403,211.50155639648438,0.39201903343200684,0.00018883011944126338,1,94.56195068359375,97,0.0,10,500,2.9200000762939453,2.6101934909820557,2.026075839996338,1.000240683555603,0.0010484786471351981,0.21748130023479462,0,1743315085.9716225,0.2656611502170563,0.0001701608853181824,0.10759295523166656,1.3732909920349812e-08,9161.0439453125,-0.0003782609128393233,0,85.55925750732422,9259.45298346,1940000.0,0.013059374876320362,1.000240683555603,-0.9910081028938293,-1750.0166015625,9.002674102783203,0.2631217837333679,1.000240683555603,0.01283374335616827,0.05417010933160782,96,1.3505382537841797,1.2375239133834839,0.00423116231104359,0.0065558068454265594,0.9380268454551697
0.000511362508405,0.016390260308980942,0.2662464380264282,0.1903693974018097,208.3677520751953,0.2676849663257599,0.00015543936751782894,1,95.98413848876953,98,0.0,10,500,2.0199999809265137,2.1338295936584473,6.253833293914795,0.998728334903717,-0.0002658398007042706,0.24645762145519257,0,1743315182.0382621,0.3203613758087158,0.0008991889772005379,0.02534511685371399,-7.629394005448376e-09,9257.099609375,-0.0022026735823601484,0,85.7251968383789,9353.563013494,1960000.0,0.016390260308980942,0.9987283945083618,-0.2393193542957306,-7979.29052734375,10.258933067321777,0.266509473323822,0.9987283945083618,0.01625206135213375,0.04639730229973793,97,1.3305882215499878,1.1046429872512817,-0.0018244126695208251,-0.007772807031869888,0.9189975261688232
0.00011499973334139213,0.01743498258292675,0.28620845079421997,0.09058722853660583,212.70436096191406,0.2323209047317505,3.936533587989288e-08,0,94.0272216796875,99,0.9336750507354736,10,500,0.0,1.6385562419891357,0.0,0.9999786019325256,7.978343637660146e-05,0.24892698228359222,0,1743315276.1486754,0.0,2.6110288672498427e-05,0.016025269404053688,-4.577636492086867e-09,9351.216796875,-0.0039501432329416275,1,85.69837188720703,9447.764853287,1980000.0,0.01743498258292675,0.9999786019325256,-0.09978216886520386,0.019999999552965164,8.328839302062988,0.21185091137886047,0.9999786019325256,0.0173796359449625,0.04885925352573395,98,1.318053960800171,1.0710361003875732,-0.001747469650581479,0.0024619512259960175,0.907328188419342
3.079892849200405e-05,0.016763964667916298,0.25937163829803467,0.04981158673763275,212.5695343017578,0.20695985853672028,0.0,0,94.08686065673828,100,-3443.353515625,10,500,0.0,1.1691040992736816,1.1176478862762451,1.0,-3.443353489274159e-05,0.24844399094581604,0,1743315370.3499868,0.0,5.6830799621820915e-08,0.006152966525405645,5.340575981449547e-09,9445.3798828125,1.0450777381265652e-06,1,85.55477142333984,9448.152780493,2000000.0,0.016763964667916298,1.0,-0.040775641798973083,0.019999999552965164,8.532061576843262,0.22380605340003967,1.0,0.016725480556488037,0.04625057056546211,99,1.3208858966827393,1.0922611951828003,0.003951188310679754,-0.0026086829602718353,0.9095883965492249
