Safety/ShieldLagrangeMultiplier/Max,Metrics/LagrangeMultiplier/Max,Loss/Loss_pi/Delta,Value/cost,Loss/Loss_reward_critic/Delta,Time/Total,Train/PolicyRatio/Min,Train/KL,Loss/Loss_cost_critic/Delta,Safety/ShieldLagrangeMultiplier,Misc/FinalStepNorm,Safety/ShieldLagrangeMultiplier/Min,Misc/gradient_norm,Metrics/LagrangeMultiplier/Std,TotalEnvSteps,Train/PolicyStd,Misc/AcceptanceStep,Metrics/LagrangeMultiplier/Min,Train/Entropy,Metrics/EpRet,Loss/Loss_reward_critic,Metrics/EpLen,Train/Epoch,Time/Rollout,Misc/xHx,Safety/shield_violation,Time/Epoch,Misc/H_inv_g,Time/FPS,Value/reward,Train/LR,_runtime,Safety/EpCostShield,Train/PolicyRatio/Max,_step,Safety/shield_adv_c,Loss/Loss_cost_critic,Train/PolicyRatio/Std,_timestamp,Metrics/EpCost,Misc/Alpha,Train/PolicyRatio,Train/StopIter,Metrics/LagrangeMultiplier,Time/Update,Loss/Loss_pi,Safety/ShieldLagrangeMultiplier/Std,Value/Adv
0.044999994337558746,0.035999998450279236,-0.46557489037513733,0.023538867011666298,0.010695014148950577,135.91122436523438,1.0019015073776245,0.0003187561815138906,13.248320579528809,0.044999994337558746,0.3007620573043823,0.044999994337558746,0.03054756671190262,0,20000.0,0.9967535138130188,1,0.035999998450279236,1.4153623580932617,-0.7417740821838379,0.010695014148950577,1000,0,117.03702545166016,0.0012513009132817388,0.20846675336360931,135.9100341796875,0.0752299353480339,147.15615844726562,0.18948571383953094,0,240.005752312,60.75,1.0019015073776245,1,0.7338008284568787,13.248320579528809,0.0013445406220853329,1746525537.3144085,28.75,3.997904062271118,1.0019015073776245,10,0.035999998450279236,18.87299346923828,-0.46557489037513733,0,8.01086397217432e-09
0.07987333834171295,0.0710471048951149,0.040367722511291504,0.2247636765241623,-0.003466282971203327,238.89227294921875,1.002378225326538,0.0002741243224591017,4.197997093200684,0.07987333834171295,0.3194543123245239,0.07987333834171295,0.030800096690654755,0,40000.0,1.0121980905532837,1,0.0710471048951149,1.4306411743164062,-0.21570023894309998,0.00722873117774725,1000,1,84.16063690185547,0.0022340186405926943,1.514135479927063,102.90811157226562,0.10676726698875427,194.34814453125,0.13358816504478455,0,343.855621177,82.69999694824219,1.002378225326538,2,0.8330812454223633,17.446317672729492,0.0016816593706607819,1746525640.306665,31.600000381469727,2.9920623302459717,1.0023781061172485,10,0.0710471048951149,18.747459411621094,-0.4252071678638458,0,-6.103515470812226e-09
0.113897904753685,0.10540233552455902,0.051625609397888184,0.752622663974762,0.00018850667402148247,342.7207336425781,1.0025050640106201,0.00027398456586524844,5.634077072143555,0.113897904753685,0.32687923312187195,0.113897904753685,0.029857981950044632,0,60000.0,1.0366066694259644,1,0.10540233552455902,1.454562783241272,0.03625461086630821,0.007417237851768732,1000,2,85.11565399169922,0.0016175041673704982,2.6013033390045166,103.73999786376953,0.09296005964279175,192.7896728515625,0.12770326435565948,0,447.458653876,138.0,1.0025050640106201,3,0.8570337891578674,23.080394744873047,0.0017713477136567235,1746525744.156141,53.78333282470703,3.516340732574463,1.0025049448013306,10,0.10540233552455902,18.62432861328125,-0.37358155846595764,0,-9.155272984173735e-09
0.1473212093114853,0.1401233971118927,-0.0604555606842041,2.340580940246582,0.007347253616899252,446.3434753417969,1.0030570030212402,0.00032322469633072615,-8.790139198303223,0.1473212093114853,0.30375993251800537,0.1473212093114853,0.04594150930643082,0,80000.0,1.051662802696228,1,0.1401233971118927,1.4688701629638672,0.2333419770002365,0.014764491468667984,1000,3,84.72416687011719,0.0022885603830218315,5.697803020477295,103.50688934326172,0.10275372862815857,193.22386169433594,0.10763517022132874,0,551.01507999,68.55000305175781,1.0030570030212402,4,-0.7981060743331909,14.290255546569824,0.002161627635359764,1746525847.7595668,48.662498474121094,2.956193685531616,1.0030570030212402,10,0.1401233971118927,18.782703399658203,-0.43403711915016174,0,-2.2888182460434336e-09
0.18109646439552307,0.17508168518543243,0.04970875382423401,2.7356159687042236,-0.007420029491186142,549.8895874023438,1.0016705989837646,0.0003178788465447724,1.4875211715698242,0.18109646439552307,0.31090047955513,0.18109646439552307,0.03607636317610741,0,100000.0,1.0769364833831787,1,0.17508168518543243,1.4923057556152344,0.40240219235420227,0.007344461977481842,1000,4,84.66913604736328,0.0027054371312260628,5.961893558502197,103.4561996459961,0.11434730142354965,193.3185272216797,0.09849725663661957,0,655.655422201,90.9000015258789,1.0016705989837646,5,1.4185500144958496,15.777776718139648,0.0011811795411631465,1746525951.3156338,48.36000061035156,2.718914031982422,1.001670479774475,10,0.17508168518543243,18.787046432495117,-0.38432836532592773,0,3.051757735406113e-09
0.21530655026435852,0.21030201017856598,0.025447040796279907,2.929668426513672,0.0026093916967511177,654.5358276367188,1.0025660991668701,0.00036213936982676387,3.4441795349121094,0.21530655026435852,0.2992364764213562,0.21530655026435852,0.0496792271733284,0,120000.0,1.102590560913086,1,0.21030201017856598,1.5158156156539917,0.8165044188499451,0.00995385367423296,1000,5,85.97380065917969,0.005178759805858135,5.9208455085754395,104.541259765625,0.15226946771144867,191.31202697753906,0.11330776661634445,0,759.854806847,103.05000305175781,1.0025660991668701,6,1.8268967866897583,19.221956253051758,0.0018144500209018588,1746526055.9562578,54.65999984741211,1.965177059173584,1.0025659799575806,10,0.21030201017856598,18.56743812561035,-0.3588813245296478,0,-2.2888182460434336e-09
0.24999693036079407,0.2457893043756485,-0.012994587421417236,4.402416229248047,0.0005594287067651749,758.7360229492188,1.002724051475525,0.00035440141800791025,-3.0516090393066406,0.24999693036079407,0.27605101466178894,0.24999693036079407,0.08561473339796066,0,140000.0,1.1299302577972412,1,0.2457893043756485,1.5401614904403687,1.0690430402755737,0.010513282380998135,1000,6,85.46357727050781,0.005981677211821079,8.184746742248535,104.10452270507812,0.15096844732761383,192.1146240234375,0.08968044072389603,0,863.651519738,120.8499984741211,1.002724051475525,7,0.4237515926361084,16.170347213745117,0.0019261109409853816,1746526160.155574,60.369998931884766,1.828534483909607,1.002724051475525,10,0.2457893043756485,18.64092254638672,-0.37187591195106506,0,7.629394338515283e-10
0.2850854992866516,0.28145232796669006,0.037222087383270264,4.036656856536865,0.0038590682670474052,862.5306396484375,1.0017247200012207,0.00029077293584123254,0.6188564300537109,0.2850854992866516,0.3192145824432373,0.2850854992866516,0.05116088688373566,0,160000.0,1.1610592603683472,1,0.28145232796669006,1.5672820806503296,1.4004024267196655,0.01437235064804554,1000,7,85.12183380126953,0.00421485397964716,7.5179314613342285,103.70108032226562,0.14654111862182617,192.86203002929688,0.11789680272340775,0,968.062372537,126.0999984741211,1.0017247200012207,8,0.5127121210098267,16.789203643798828,0.0012195612071081996,1746526263.952408,57.65999984741211,2.178327798843384,1.0017247200012207,10,0.28145232796669006,18.579225540161133,-0.3346538245677948,0,2.2888182460434336e-09
0.32057714462280273,0.317381888628006,0.035697221755981445,3.8638875484466553,0.01926475204527378,966.9481201171875,1.0017118453979492,0.00028183122049085796,6.356317520141602,0.32057714462280273,0.31899580359458923,0.32057714462280273,0.05472176894545555,0,180000.0,1.1917967796325684,1,0.317381888628006,1.5935546159744263,2.0113115310668945,0.03363710269331932,1000,8,85.88859558105469,0.004969954025000334,7.872045516967773,104.3208236694336,0.1590181291103363,191.71627807617188,0.14017035067081451,0,1074.363807069,139.9499969482422,1.0017118453979492,9,2.0818381309509277,23.14552116394043,0.0012105136411264539,1746526368.363795,65.37000274658203,2.0060343742370605,1.0017118453979492,10,0.317381888628006,18.432209014892578,-0.29895660281181335,0,1.3732909920349812e-08
0.356504887342453,0.35365012288093567,0.03906214237213135,4.69543981552124,-0.012875376269221306,1073.2357177734375,1.0008387565612793,0.0002730644482653588,2.7873764038085938,0.356504887342453,0.31357342004776,0.356504887342453,0.0685330256819725,0,200000.0,1.2187646627426147,1,0.35365012288093567,1.6164312362670898,2.435096025466919,0.020761726424098015,1000,9,87.72090148925781,0.006096485070884228,9.551002502441406,106.20902252197266,0.17312681674957275,188.30792236328125,0.19214780628681183,0,1178.797487377,171.0500030517578,1.0008387565612793,10,1.1061887741088867,25.932897567749023,0.0005930904299020767,1746526474.664544,78.05999755859375,1.8112354278564453,1.0008387565612793,10,0.35365012288093567,18.488101959228516,-0.259894460439682,0,1.907348501362094e-09
0.3920992314815521,0.3901774287223816,-0.12748265266418457,4.907297611236572,0.01387074775993824,1177.6824951171875,1.00101637840271,0.00025039262254722416,-9.382291793823242,0.3920992314815521,0.3296591341495514,0.3920992314815521,0.04514005407691002,0,220000.0,1.2455565929412842,1,0.3901774287223816,1.6384358406066895,2.978053569793701,0.034632474184036255,1000,10,85.59002685546875,0.004484501667320728,9.205995559692383,104.34060668945312,0.15610171854496002,191.679931640625,0.1776871532201767,0,1280.033229512,103.75,1.00101637840271,11,-0.7467030882835388,16.55060577392578,0.000718575669452548,1746526579.0987272,74.13999938964844,2.1118226051330566,1.0010162591934204,10,0.3901774287223816,18.750564575195312,-0.3873771131038666,0,-7.629394005448376e-09
0.42625847458839417,0.4267542064189911,-0.11588546633720398,4.771297454833984,-0.006900789216160774,1278.9102783203125,1.0046024322509766,0.00028747550095431507,-7.014666557312012,0.42625847458839417,0.30408233404159546,0.42625847458839417,0.07243618369102478,0,240000.0,1.290567398071289,1,0.4267542064189911,1.673818588256836,3.293402671813965,0.02773168496787548,1000,11,82.5287857055664,0.005921517498791218,9.31562614440918,101.14826202392578,0.1654600203037262,197.72955322265625,0.2385798841714859,0,1385.231947528,56.95000076293945,1.0046024322509766,12,0.16468237340450287,9.53593921661377,0.0032543549314141273,1746526680.334031,66.02999877929688,1.8377995491027832,1.0046024322509766,10,0.4267542064189911,18.619457244873047,-0.5032625794410706,0,-3.814697002724188e-09
0.45981383323669434,0.4630448520183563,0.035795360803604126,4.904715061187744,0.002454349771142006,1384.0894775390625,1.0034141540527344,0.0002506199525669217,2.199321746826172,0.45981383323669434,0.3421720564365387,0.45981383323669434,0.04369256645441055,0,260000.0,1.3187719583511353,1,0.4630448520183563,1.6955300569534302,3.7016024589538574,0.030186034739017487,1000,12,86.44998168945312,0.004936093930155039,9.903952598571777,105.0799560546875,0.16998934745788574,190.3312530517578,0.29782792925834656,0,1488.257933393,78.25,1.0034141540527344,13,-0.14600688219070435,11.735260963439941,0.00241422769613564,1746526785.5325174,55.27000045776367,2.0129029750823975,1.0034141540527344,10,0.4630448520183563,18.62995719909668,-0.46746721863746643,0,-3.051757735406113e-09
0.4928804636001587,0.4987598657608032,0.004216820001602173,4.455921173095703,-0.0037977416068315506,1487.1361083984375,1.0022300481796265,0.0002931460039690137,-3.051283836364746,0.4928804636001587,0.2943515181541443,0.4928804636001587,0.05294869467616081,0,280000.0,1.3513153791427612,1,0.4987598657608032,1.71975839138031,3.6108059883117676,0.026388293132185936,1000,13,84.4045181274414,0.0049814037047326565,10.09217643737793,102.92185974121094,0.1469019651412964,194.3221893310547,0.2723988890647888,0,1592.206034163,78.69999694824219,1.0022300481796265,14,-1.5509696006774902,8.683977127075195,0.0015769102610647678,1746526888.5587127,46.65999984741211,2.003727674484253,1.0022300481796265,10,0.4987598657608032,18.517322540283203,-0.46325039863586426,0,4.577636492086867e-09
0.5263725519180298,0.5334093570709229,0.12368342280387878,4.087292194366455,0.01146707870066166,1591.0811767578125,1.0029224157333374,0.00031740014674142003,2.44498348236084,0.5263725519180298,0.3083942234516144,0.5263725519180298,0.08101391047239304,0,300000.0,1.360566258430481,1,0.5334093570709229,1.7266842126846313,3.7974328994750977,0.037855371832847595,1000,14,85.14096069335938,0.009929172694683075,9.276998519897461,103.84700012207031,0.2172941267490387,192.5910186767578,0.31933990120887756,0,1695.853439558,115.9000015258789,1.0029224157333374,15,0.8490171432495117,11.128960609436035,0.002066431799903512,1746526992.5072153,34.63999938964844,1.4192478656768799,1.0029224157333374,10,0.5334093570709229,18.706024169921875,-0.3395669758319855,0,-3.051757735406113e-09
0.559456467628479,0.5670519471168518,-0.128444641828537,4.238007068634033,-0.00342395156621933,1694.730712890625,1.0038522481918335,0.00029883149545639753,-0.6706628799438477,0.559456467628479,0.3035738468170166,0.559456467628479,0.07420772314071655,0,320000.0,1.3712811470031738,1,0.5670519471168518,1.734583854675293,3.9450156688690186,0.034431420266628265,1000,15,84.8290023803711,0.009180376306176186,9.738450050354004,103.5549545288086,0.2056742012500763,193.13417053222656,0.3513556122779846,0,1801.969510852,81.25,1.0038522481918335,16,-0.5107796788215637,10.458297729492188,0.0027239227201789618,1746527096.1542037,32.95000076293945,1.4759937524795532,1.0038522481918335,10,0.5670519471168518,18.725934982299805,-0.46801161766052246,0,-3.051757735406113e-09
0.5927686095237732,0.6000058054924011,0.07520672678947449,4.25160551071167,0.008940551429986954,1800.8583984375,1.002389907836914,0.00022314592206384987,1.1392974853515625,0.5927686095237732,0.34446981549263,0.5927686095237732,0.05844273418188095,0,340000.0,1.3897830247879028,1,0.6000058054924011,1.7480491399765015,4.435445785522461,0.04337197169661522,1000,16,87.4453353881836,0.006652392912656069,10.042881965637207,106.02864074707031,0.19866685569286346,188.62828063964844,0.35029149055480957,0,1907.249989612,105.6500015258789,1.002389907836914,17,0.42963841557502747,11.59759521484375,0.001689863856881857,1746527202.2708037,36.209999084472656,1.7339067459106445,1.002389907836914,10,0.6000058054924011,18.583284378051758,-0.392804890871048,0,-1.2207030941624453e-08
0.6260241270065308,0.6326201558113098,-0.022430747747421265,4.064640045166016,-0.013581085950136185,1906.129150390625,1.002495527267456,0.00028243791894055903,0.9612674713134766,0.6260241270065308,0.3238382041454315,0.6260241270065308,0.07406038790941238,0,360000.0,1.4048019647598267,1,0.6326201558113098,1.758818507194519,4.452459812164307,0.029790885746479034,1000,17,86.50263214111328,0.008084517903625965,9.672944068908691,105.19535064697266,0.20589245855808258,190.12246704101562,0.45225879549980164,0,2011.83837277,94.25,1.002495527267456,18,0.13887712359428406,12.558862686157227,0.0017646042397245765,1746527307.5507982,40.959999084472656,1.5728511810302734,1.0024954080581665,10,0.6326201558113098,18.692703247070312,-0.41523563861846924,0,4.577636492086867e-09
0.6588680148124695,0.6649774312973022,-0.04179883003234863,3.9723544120788574,0.007733002305030823,2010.7432861328125,1.0030317306518555,0.00028091599233448505,-1.3349103927612305,0.6588680148124695,0.32163581252098083,0.6588680148124695,0.07094025611877441,0,380000.0,1.4047349691390991,1,0.6649774312973022,1.7587782144546509,4.899560451507568,0.03752388805150986,1000,18,86.11585235595703,0.007951720617711544,9.443346977233887,104.51699829101562,0.20280574262142181,191.35643005371094,0.4869648516178131,0,2117.361005513,79.4000015258789,1.0030317306518555,19,-0.6160058975219727,11.223952293395996,0.002143813529983163,1746527412.1397798,41.529998779296875,1.5859304666519165,1.0030317306518555,10,0.6649774312973022,18.401126861572266,-0.45703446865081787,0,0.0
0.6916483640670776,0.6970364451408386,0.03860542178153992,3.766834259033203,-0.005865808576345444,2116.22802734375,1.0028858184814453,0.00032128195744007826,-0.6788911819458008,0.6916483640670776,0.29204457998275757,0.6916483640670776,0.10917434841394424,0,400000.0,1.414538025856018,1,0.6970364451408386,1.7656742334365845,4.942389965057373,0.03165807947516441,1000,19,86.98951721191406,0.011169254779815674,9.703534126281738,105.42530059814453,0.21824610233306885,189.70777893066406,0.4600619673728943,0,2221.810457304,90.69999694824219,1.0028858184814453,20,-1.6952584981918335,10.545061111450195,0.0020406378898769617,1746527517.6617203,39.95000076293945,1.3381434679031372,1.0028858184814453,10,0.6970364451408386,18.435762405395508,-0.41842904686927795,0,6.866454960174906e-09
0.724112331867218,0.7287644147872925,-0.058360666036605835,4.8912482261657715,0.0022786594927310944,2220.71142578125,1.0022658109664917,0.0002733917790465057,-0.4586000442504883,0.724112331867218,0.31730520725250244,0.724112331867218,0.08881848305463791,0,420000.0,1.4266786575317383,1,0.7287644147872925,1.7742491960525513,4.994137763977051,0.03393673896789551,1000,20,85.6949691772461,0.010584072209894657,9.95004653930664,104.37039947509766,0.2308281660079956,191.62521362304688,0.4554263651371002,0,2324.159442933,80.25,1.0022658109664917,21,-0.9872543811798096,10.086461067199707,0.0016021422343328595,1746527622.1118631,38.4900016784668,1.3746380805969238,1.0022658109664917,10,0.7287644147872925,18.67539405822754,-0.4767897129058838,0,1.5258788677030566e-09
0.7561125755310059,0.7601618766784668,0.012263685464859009,3.942749500274658,0.00212816521525383,2323.063232421875,1.0020091533660889,0.0002375881449552253,0.033477783203125,0.7561125755310059,0.3394508361816406,0.7561125755310059,0.0579625703394413,0,440000.0,1.438901424407959,1,0.7601618766784668,1.7827976942062378,4.795047760009766,0.03606490418314934,1000,21,83.76224517822266,0.00821839552372694,9.145915985107422,102.28861999511719,0.21759839355945587,195.52517700195312,0.4900590777397156,0,2428.55266162,73.1500015258789,1.0020091533660889,22,0.004268288612365723,10.119938850402832,0.0014205735642462969,1746527724.4608405,37.61000061035156,1.5599877834320068,1.0020090341567993,10,0.7601618766784668,18.5263614654541,-0.4645260274410248,0,0.0
0.7882029414176941,0.7908613681793213,0.08403122425079346,3.660109043121338,0.018800463527441025,2427.419189453125,1.0026344060897827,0.00023145385785028338,-0.47276973724365234,0.7882029414176941,0.335489958524704,0.7882029414176941,0.07556205987930298,0,460000.0,1.4537688493728638,1,0.7908613681793213,1.7930482625961304,5.080099582672119,0.05486536771059036,1000,22,85.74434661865234,0.009618631564080715,8.769810676574707,104.29540252685547,0.23265981674194336,191.7630157470703,0.6124320030212402,0,2532.574519031,91.44999694824219,1.0026344060897827,23,-0.3049548864364624,9.64716911315918,0.0018628344405442476,1746527828.8535364,30.479999542236328,1.4419763088226318,1.0026344060897827,10,0.7908613681793213,18.55103874206543,-0.3804948031902313,0,0.0
0.819593071937561,0.8207785487174988,-0.09701851010322571,3.613032102584839,-0.005677651613950729,2531.430419921875,1.0028722286224365,0.00030166588840074837,-0.47388362884521484,0.819593071937561,0.3057110607624054,0.819593071937561,0.13133499026298523,0,480000.0,1.468389630317688,1,0.8207785487174988,1.8030375242233276,5.283604145050049,0.04918771609663963,1000,23,85.15266418457031,0.011755424551665783,8.259756088256836,103.90071868896484,0.23437727987766266,192.491455078125,0.5950875282287598,0,2632.77244086,63.099998474121094,1.0028722286224365,24,-1.476976990699768,9.173285484313965,0.0020309723913669586,1746527932.8750637,27.729999542236328,1.3043545484542847,1.002872109413147,10,0.8207785487174988,18.748035430908203,-0.47751331329345703,0,1.5258788677030566e-09
0.8500431776046753,0.8496377468109131,-0.03551983833312988,3.376417875289917,-0.0020612217485904694,2631.66259765625,1.0030009746551514,0.00031849450897425413,-2.2355237007141113,0.8500431776046753,0.3060554265975952,0.8500431776046753,0.07282985001802444,0,500000.0,1.462063193321228,1,0.8496377468109131,1.798600196838379,5.598212718963623,0.047126494348049164,1000,24,81.41629028320312,0.008986375294625759,7.925368785858154,100.10586547851562,0.20515288412570953,199.7884979248047,0.5637616515159607,0,2734.679565641,52.599998474121094,1.0030009746551514,25,-0.9340201616287231,6.9377617835998535,0.0021220094058662653,1746528033.0738118,22.09000015258789,1.4918407201766968,1.0030008554458618,10,0.8496377468109131,18.689552307128906,-0.5130331516265869,0,3.051757735406113e-09
0.8799663186073303,0.8776000142097473,0.07184123992919922,3.0881588459014893,-0.010124646127223969,2733.584716796875,1.0025818347930908,0.0002648527151905,0.5631904602050781,0.8799663186073303,0.3247707486152649,0.8799663186073303,0.07685691118240356,0,520000.0,1.4603281021118164,1,0.8776000142097473,1.797464370727539,5.764493465423584,0.037001848220825195,1000,25,83.40641784667969,0.008836431428790092,7.533395290374756,101.84781646728516,0.21587413549423218,196.3714141845703,0.6154865026473999,0,2837.401675792,62.29999923706055,1.0025818347930908,26,0.04896673560142517,7.500952243804932,0.0018255767645314336,1746528134.9809833,22.75,1.50444495677948,1.0025817155838013,10,0.8776000142097473,18.441387176513672,-0.4411919116973877,0,1.5258788677030566e-09
0.9099094271659851,0.9047327041625977,0.06273481249809265,3.5671489238739014,0.020806726068258286,2836.283203125,1.002834677696228,0.0002911638584919274,1.606889247894287,0.9099094271659851,0.3140251636505127,0.9099094271659851,0.09681955724954605,0,540000.0,1.4687563180923462,1,0.9047327041625977,1.8032175302505493,6.227683067321777,0.05780857428908348,1000,26,83.90937805175781,0.012439204379916191,7.684894561767578,102.6392822265625,0.24765433371067047,194.85716247558594,0.5825061798095703,0,2940.971501436,78.19999694824219,1.002834677696228,27,0.46505385637283325,9.107841491699219,0.0020044478587806225,1746528237.7029855,22.270000457763672,1.2679978609085083,1.002834677696228,10,0.9047327041625977,18.729890823364258,-0.37845709919929504,0,-2.6702879907247734e-09
0.9402124881744385,0.9312587976455688,0.07627665996551514,3.2212469577789307,-0.02367626130580902,2939.853759765625,1.0009911060333252,0.0002536237007007003,-1.4040279388427734,0.9402124881744385,0.3321278691291809,0.9402124881744385,0.09219034016132355,0,560000.0,1.4721879959106445,1,0.9312587976455688,1.8054195642471313,5.704272270202637,0.03413231298327446,1000,27,84.9400405883789,0.01479138620197773,7.401554584503174,103.4876937866211,0.2856241464614868,193.25970458984375,0.5160837173461914,0,3045.801977149,89.8499984741211,1.0009911060333252,28,-0.18238258361816406,7.703813552856445,0.0007007616222836077,1746528341.272387,24.139999389648438,1.1628144979476929,1.0009909868240356,10,0.9312587976455688,18.547632217407227,-0.3021804392337799,0,-9.918212917625624e-09
0.970697820186615,0.9574846625328064,-0.07949739694595337,3.7926366329193115,0.01881866529583931,3044.66796875,1.0026366710662842,0.00028489684336818755,4.1076812744140625,0.970697820186615,0.30629706382751465,0.970697820186615,0.1149352490901947,0,580000.0,1.4723492860794067,1,0.9574846625328064,1.805472731590271,5.358615875244141,0.05295097827911377,1000,28,86.12995147705078,0.01874605193734169,8.38794231414795,104.72135162353516,0.29653969407081604,190.9830322265625,0.5219936370849609,0,3150.448593347,84.80000305175781,1.0026366710662842,29,-0.6380405426025391,11.811494827270508,0.00186435179784894,1746528446.1026115,27.530000686645508,1.032904028892517,1.0026365518569946,10,0.9574846625328064,18.591381072998047,-0.3816778361797333,0,-3.814697002724188e-09
1.0012670755386353,0.9838377833366394,-0.06062877178192139,3.6190218925476074,0.008601386100053787,3149.33056640625,1.0014829635620117,0.0002787945559248328,-3.1677064895629883,1.0012670755386353,0.3137056827545166,1.0012670755386353,0.10732673108577728,0,600000.0,1.4834684133529663,1,0.9838377833366394,1.8130197525024414,5.005956649780273,0.06155236437916756,1000,29,85.62716674804688,0.018484065309166908,9.18620491027832,104.54855346679688,0.30158260464668274,191.29867553710938,0.5046931505203247,0,3252.194839542,81.8499984741211,1.0014829635620117,30,-0.05126604437828064,8.64378833770752,0.0010486135724931955,1746528550.7499874,33.220001220703125,1.0401982069015503,1.0014829635620117,10,0.9838377833366394,18.92136573791504,-0.44230660796165466,0,-7.629394005448376e-09
1.031858205795288,1.0104893445968628,0.017984002828598022,3.6870858669281006,-0.007820550352334976,3251.0947265625,1.0011829137802124,0.0002600266598165035,-0.3139801025390625,1.031858205795288,0.314662367105484,1.031858205795288,0.15361569821834564,0,620000.0,1.494038462638855,1,1.0104893445968628,1.8201055526733398,4.895181655883789,0.05373181402683258,1000,30,83.15946960449219,0.017169643193483353,8.635934829711914,101.68196105957031,0.29154834151268005,196.69171142578125,0.6190149188041687,0,3354.773429609,79.80000305175781,1.0011829137802124,31,-0.5108844637870789,8.329808235168457,0.0008364744717255235,1746528652.496075,35.83000183105469,1.0792802572250366,1.0011829137802124,10,1.0104893445968628,18.522457122802734,-0.42432260513305664,0,-2.6702879907247734e-09
1.0614089965820312,1.0372506380081177,-0.11787551641464233,3.1383073329925537,-0.012836389243602753,3353.651611328125,1.0040149688720703,0.00032135529909282923,-1.7985033988952637,1.0614089965820312,0.2929830551147461,1.0614089965820312,0.11076293140649796,0,640000.0,1.5137258768081665,1,1.0372506380081177,1.8333102464675903,4.510824203491211,0.04089542478322983,1000,31,83.76060485839844,0.013880125246942043,8.017059326171875,102.48797607421875,0.24407561123371124,195.1448516845703,0.5295226573944092,0,3457.147169597,46.20000076293945,1.0040149688720703,32,-1.3489203453063965,6.531304836273193,0.0028390679508447647,1746528755.0742567,33.290000915527344,1.2003782987594604,1.0040149688720703,10,1.0372506380081177,18.72735023498535,-0.542198121547699,0,2.2888182460434336e-09
1.0893734693527222,1.063828706741333,-0.14779072999954224,3.3238582611083984,0.008524972945451736,3456.02685546875,1.00396728515625,0.0002548148622736335,-1.753030776977539,1.0893734693527222,0.3218289017677307,1.0893734693527222,0.124400794506073,0,660000.0,1.5220321416854858,1,1.063828706741333,1.8388100862503052,4.895683288574219,0.049420397728681564,1000,32,83.63519287109375,0.010620423592627048,8.643031120300293,102.27830505371094,0.23452068865299225,195.54489135742188,0.563221275806427,0,3560.335171114,27.649999618530273,1.00396728515625,33,-0.9393194913864136,4.778274059295654,0.0028053505811840296,1746528857.4478557,29.0,1.3722835779190063,1.00396728515625,10,1.063828706741333,18.643098831176758,-0.6899888515472412,0,-3.051757735406113e-09
1.1171114444732666,1.090125322341919,0.25365403294563293,2.900223731994629,-0.012687716633081436,3559.219970703125,1.0022265911102295,0.00026424293173477054,1.0171279907226562,1.1171114444732666,0.3210761249065399,1.1171114444732666,0.10650890320539474,0,680000.0,1.526835560798645,1,1.090125322341919,1.841910481452942,4.615757942199707,0.03673268109560013,1000,33,84.38900756835938,0.01307956874370575,7.447137355804443,103.09561920166016,0.25965094566345215,193.99465942382812,0.4370992183685303,0,3664.59758118,62.04999923706055,1.0022265911102295,34,-0.5159270763397217,5.7954020500183105,0.0015743252588436007,1746528960.6361182,27.18000030517578,1.2365683317184448,1.00222647190094,10,1.090125322341919,18.706594467163086,-0.4363348186016083,0,1.5258788677030566e-09
1.143646001815796,1.1157748699188232,-0.19071826338768005,2.7974600791931152,-0.009754681959748268,3663.489990234375,1.004073143005371,0.0003021455486305058,-0.09591960906982422,1.143646001815796,0.29190096259117126,1.143646001815796,0.13538414239883423,0,700000.0,1.5416897535324097,1,1.1157748699188232,1.851383090019226,4.325915336608887,0.02697799913585186,1000,34,85.2017593383789,0.014508257620036602,8.071578025817871,104.1817398071289,0.24861553311347961,191.9722137451172,0.4944065809249878,0,3766.593275407,33.25,1.004073143005371,35,-1.0260009765625,5.699482440948486,0.0028800908476114273,1746529064.8985977,21.6200008392334,1.1741057634353638,1.004073143005371,10,1.1157748699188232,18.979965209960938,-0.6270530819892883,0,-1.2207030941624453e-08
1.168881893157959,1.1403586864471436,0.04061746597290039,2.65899920463562,-0.00025548599660396576,3765.481689453125,1.002657413482666,0.0002379100042162463,-1.453077793121338,1.168881893157959,0.3399192988872528,1.168881893157959,0.06245096027851105,0,720000.0,1.5419031381607056,1,1.1403586864471436,1.8514734506607056,3.7142152786254883,0.026722513139247894,1000,35,83.15914154052734,0.00945420190691948,6.933173656463623,101.91106414794922,0.2337079495191574,196.24954223632812,0.4750102460384369,0,3869.640722722,27.5,1.002657413482666,36,-1.0388373136520386,4.246404647827148,0.001879075076431036,1746529166.8942327,15.1899995803833,1.4544618129730225,1.002657413482666,10,1.1403586864471436,18.75189971923828,-0.5864356160163879,0,-1.831054596834747e-08
1.1931089162826538,1.1639387607574463,0.06300234794616699,2.4590842723846436,0.01764063909649849,3868.5224609375,1.002690315246582,0.0002776654437184334,0.3447113037109375,1.1931089162826538,0.3161361515522003,1.1931089162826538,0.09312191605567932,0,740000.0,1.5396623611450195,1,1.1639387607574463,1.8499479293823242,3.5880231857299805,0.044363152235746384,1000,36,84.58248138427734,0.010432597249746323,6.444075107574463,102.95497131347656,0.22832612693309784,194.25967407226562,0.520342230796814,0,3972.701491979,31.799999237060547,1.002690315246582,37,0.13813450932502747,4.591115951538086,0.0019023400964215398,1746529269.9416091,14.619999885559082,1.3845816850662231,1.002690315246582,10,1.1639387607574463,18.372474670410156,-0.523433268070221,0,8.77380390562621e-09
1.2173722982406616,1.1870182752609253,0.12367817759513855,2.6784920692443848,0.0018614605069160461,3971.577880859375,1.0011595487594604,0.00030917327967472374,2.598721504211426,1.2173722982406616,0.30484363436698914,1.2173722982406616,0.13567335903644562,0,760000.0,1.5353082418441772,1,1.1870182752609253,1.8470321893692017,3.676931858062744,0.04622461274266243,1000,37,84.31478881835938,0.016424082219600677,6.390476703643799,102.96199798583984,0.27625033259391785,194.24642944335938,0.5048516392707825,0,4076.056198606,57.20000076293945,1.0011595487594604,38,0.8172074556350708,7.189837455749512,0.0008198966970667243,1746529373.002865,19.709999084472656,1.10350501537323,1.0011595487594604,10,1.1870182752609253,18.647188186645508,-0.3997550904750824,0,-3.051757735406113e-09
1.243238091468811,1.2098971605300903,0.27848076075315475,2.533677339553833,-0.008874811232089996,4074.95703125,1.000300407409668,0.0002714786387514323,3.5042619705200195,1.243238091468811,0.3175339996814728,1.243238091468811,0.11041873693466187,0,780000.0,1.5346975326538086,1,1.2098971605300903,1.8462409973144531,3.7085680961608887,0.037349801510572433,1000,38,84.79940032958984,0.025299763306975365,6.096024036407471,103.29122161865234,0.35713595151901245,193.62730407714844,0.4479663074016571,0,4177.10187113,103.19999694824219,1.000300407409668,39,-0.04212665557861328,10.694099426269531,0.00021242011280264705,1746529476.3575926,22.799999237060547,0.8891124129295349,1.000300407409668,10,1.2098971605300903,18.491798400878906,-0.12127432972192764,0,4.577636492086867e-09
1.2679526805877686,1.2325068712234497,-0.4300660118460655,2.7073004245758057,-0.004992309957742691,4175.9462890625,1.0039918422698975,0.00027994211995974183,-3.9409146308898926,1.2679526805877686,0.30414146184921265,1.2679526805877686,0.10608741641044617,0,800000.0,1.55746328830719,1,1.2325068712234497,1.8605961799621582,3.928769588470459,0.03235749155282974,1000,39,82.26984405517578,0.012586452066898346,6.422958850860596,100.92579650878906,0.24127505719661713,198.16539001464844,0.5105343461036682,0,4280.031497562,29.5,1.0039918422698975,40,-0.7559734582901001,6.753184795379639,0.002822546288371086,1746529577.4014769,21.540000915527344,1.2605589628219604,1.003991723060608,10,1.2325068712234497,18.65593147277832,-0.5513403415679932,0,0.0
1.2930612564086914,1.2553579807281494,0.23342040181159973,2.8288991451263428,0.00520634651184082,4278.90576171875,1.0013771057128906,0.0002654711715877056,-0.3913421630859375,1.2930612564086914,0.32735222578048706,1.2930612564086914,0.1361844688653946,0,820000.0,1.5673760175704956,1,1.2553579807281494,1.8669699430465698,3.9021925926208496,0.03756383806467056,1000,40,84.35481262207031,0.014992349781095982,6.245324611663818,102.81404113769531,0.28342312574386597,194.5259552001953,0.43761786818504333,0,4380.498579302,68.0,1.0013771057128906,41,0.2534874677658081,6.361842632293701,0.0009738169610500336,1746529680.3322523,27.56999969482422,1.1549947261810303,1.0013771057128906,10,1.2553579807281494,18.45920753479004,-0.31791993975639343,0,-6.866454960174906e-09
1.3178850412368774,1.2784353494644165,-0.13063687086105347,2.556532859802246,-0.0017056092619895935,4379.3984375,1.0031402111053467,0.0002635466225910932,-0.26738786697387695,1.3178850412368774,0.3248423933982849,1.3178850412368774,0.09828334301710129,0,840000.0,1.560308814048767,1,1.2784353494644165,1.8618626594543457,3.7378106117248535,0.03585822880268097,1000,41,82.00052642822266,0.01236418541520834,6.791524410247803,100.38887023925781,0.25541162490844727,199.22528076171875,0.4236460030078888,0,4484.70712227,50.150001525878906,1.0031402111053467,42,-0.9211796522140503,6.094454765319824,0.0022204644046723843,1746529780.8000197,27.530000686645508,1.2718387842178345,1.0031400918960571,10,1.2784353494644165,18.388324737548828,-0.4485568106174469,0,-1.0681151962899094e-08
1.3427448272705078,1.301637887954712,0.038257062435150146,2.35949969291687,0.005125623196363449,4483.5849609375,1.0013383626937866,0.00026362156495451927,-0.17842483520507812,1.3427448272705078,0.3225131332874298,1.3427448272705078,0.112432561814785,0,860000.0,1.5684279203414917,1,1.301637887954712,1.8661036491394043,3.679417371749878,0.04098385199904442,1000,42,85.39653778076172,0.015671880915760994,6.864649772644043,104.12238311767578,0.2854914367198944,192.0816650390625,0.5857030153274536,0,4589.448404995,57.75,1.0013383626937866,43,-1.0330588817596436,5.916029930114746,0.0009463372407481074,1746529885.0085566,26.3799991607666,1.1296770572662354,1.0013383626937866,10,1.301637887954712,18.72582244873047,-0.41029974818229675,0,-2.2888182460434336e-09
1.3667974472045898,1.3244465589523315,-0.1023997962474823,2.32146954536438,0.002633824944496155,4588.3369140625,1.002533197402954,0.00028250948525965214,-1.2103333473205566,1.3667974472045898,0.3116418123245239,1.3667974472045898,0.09575122594833374,0,880000.0,1.57306706905365,1,1.3244465589523315,1.8696011304855347,3.9504172801971436,0.04361767694354057,1000,43,86.01834869384766,0.010736357420682907,6.3568243980407715,104.665283203125,0.22833339869976044,191.08534240722656,0.5226494669914246,0,4693.226380549,35.45000076293945,1.002533197402954,44,-0.5792815089225769,4.7056965827941895,0.0017911848844960332,1746529989.749386,19.950000762939453,1.364854335784912,1.0025330781936646,10,1.3244465589523315,18.646915435791016,-0.512699544429779,0,-4.577636492086867e-09
1.3910775184631348,1.347095251083374,0.18917039036750793,2.0378315448760986,0.0007172301411628723,4692.11083984375,1.0010466575622559,0.00023269148368854076,1.3217473030090332,1.3910775184631348,0.347496896982193,1.3910775184631348,0.10863801091909409,0,900000.0,1.5697487592697144,1,1.347095251083374,1.8676495552062988,4.367789268493652,0.044334907084703445,1000,44,85.02155303955078,0.018364474177360535,5.904922008514404,103.68865966796875,0.3329854905605316,192.8851318359375,0.384613037109375,0,4797.503303317,60.150001525878906,1.0010466575622559,45,-0.0036057084798812866,6.027443885803223,0.0007400985923595726,1746530093.5273395,22.219999313354492,1.0435796976089478,1.0010466575622559,10,1.347095251083374,18.667083740234375,-0.3235291540622711,0,2.0599363992346298e-08
1.4176961183547974,1.369897723197937,0.27945705130696297,2.3733417987823486,-0.011697899550199509,4796.3857421875,0.999011754989624,0.00026817133766599,3.0510196685791016,1.4176961183547974,0.33318591117858887,1.4176961183547974,0.17824125289916992,0,920000.0,1.5624231100082397,1,1.369897723197937,1.8632272481918335,4.873541355133057,0.03263700753450394,1000,45,85.46385955810547,0.02050105482339859,7.243288993835449,104.18534851074219,0.3373337686061859,191.965576171875,0.56148761510849,0,4899.753754849,121.44999694824219,0.999011754989624,46,0.8266410827636719,9.078463554382324,0.0006987947272136807,1746530197.8042257,25.739999771118164,0.9877039194107056,0.999011754989624,10,1.369897723197937,18.721473693847656,-0.04407210275530815,0,2.6702879907247734e-09
1.4440138339996338,1.3927401304244995,-0.39360659196972847,2.2569215297698975,-0.0005154348909854889,4898.6318359375,1.0028858184814453,0.000259178108535707,-3.733912467956543,1.4440138339996338,0.3258541524410248,1.4440138339996338,0.1203031912446022,0,940000.0,1.558881163597107,1,1.3927401304244995,1.8615580797195435,4.7848219871521,0.03212157264351845,1000,46,83.79231262207031,0.01870311051607132,6.849839210510254,102.15340423583984,0.31511223316192627,195.7839813232422,0.41229134798049927,0,5003.28838537,53.099998474121094,1.0028858184814453,47,-1.4106621742248535,5.344551086425781,0.002040581777691841,1746530300.0545654,24.399999618530273,1.0340890884399414,1.0028858184814453,10,1.3927401304244995,18.361068725585938,-0.4376786947250366,0,-2.2888182460434336e-09
1.47001051902771,1.4156068563461304,0.0037815868854522705,1.9598218202590942,0.0018673203885555267,5002.08935546875,1.001095175743103,0.0002441749966237694,0.23955154418945312,1.47001051902771,0.327963262796402,1.47001051902771,0.16219259798526764,0,960000.0,1.560672402381897,1,1.4156068563461304,1.862843632698059,4.607949256896973,0.033988893032073975,1000,47,84.58879852294922,0.021404217928647995,6.704290390014648,103.35885620117188,0.3392813503742218,193.50059509277344,0.44778990745544434,0,5108.110617581,51.54999923706055,1.001095175743103,48,-0.20088011026382446,5.584102630615234,0.0007743780734017491,1746530403.5889666,24.1299991607666,0.9666410088539124,1.001095175743103,10,1.4156068563461304,18.770038604736328,-0.43389710783958435,0,-4.577636492086867e-09
1.4988535642623901,1.4397108554840088,0.5347662568092346,2.40432071685791,0.007598955184221268,5107.01220703125,1.0004771947860718,0.00023916609643492848,4.351541519165039,1.4988535642623901,0.33478879928588867,1.4988535642623901,0.12903693318367004,0,980000.0,1.5742348432540894,1,1.4397108554840088,1.8715753555297852,4.5425028800964355,0.04158784821629524,1000,48,86.03557586669922,0.021804464980959892,7.341282844543457,104.74043273925781,0.34956562519073486,190.94822692871094,0.5089938044548035,0,5212.518025642,143.75,1.0004771947860718,49,2.6473300457000732,9.935644149780273,0.00033745577093213797,1746530508.4120374,39.099998474121094,0.9577280282974243,1.0004771947860718,10,1.4397108554840088,18.7048397064209,0.10086914896965027,0,-4.577636492086867e-09
1.5289056301116943,1.4651705026626587,-0.3174576908349991,2.7161383628845215,-0.01073664240539074,5211.39990234375,1.0014915466308594,0.000274583202553913,-2.5007219314575195,1.5289056301116943,0.3207443654537201,1.5289056301116943,0.14644354581832886,0,1000000.0,1.591996192932129,1,1.4651705026626587,1.883004069328308,4.178065299987793,0.030851205810904503,1000,49,85.58135986328125,0.026889916509389877,8.100940704345703,104.32485961914062,0.37191084027290344,191.7088623046875,0.5035142302513123,0,5316.91880876,103.19999694824219,1.0014915466308594,50,1.0741312503814697,7.434922218322754,0.0010547389974817634,1746530612.8194737,42.290000915527344,0.8624227046966553,1.0014915466308594,10,1.4651705026626587,18.743480682373047,-0.21658854186534882,0,7.629394338515283e-10
1.5598878860473633,1.4915342330932617,0.024114295840263367,2.2326579093933105,0.0031389091163873672,5315.8173828125,1.0004773139953613,0.0003152615390717983,0.34171628952026367,1.5598878860473633,0.29849889874458313,1.5598878860473633,0.16199392080307007,0,1020000.0,1.5897092819213867,1,1.4915342330932617,1.8818477392196655,4.04079532623291,0.03399011492729187,1000,50,85.60063934326172,0.0371532142162323,7.52402400970459,104.3349380493164,0.4068422019481659,191.69033813476562,0.5379070043563843,0,5421.769923062,98.9000015258789,1.0004773139953613,51,-0.47780752182006836,7.776638507843018,0.0003375119704287499,1746530717.220181,38.25,0.7336969971656799,1.0004773139953613,10,1.4915342330932617,18.73427963256836,-0.19247424602508545,0,-9.918212917625624e-09
1.590957522392273,1.5192806720733643,-0.13267800211906433,2.1391215324401855,0.013076946139335632,5420.67138671875,1.0011062622070312,0.0002783830277621746,-0.14645814895629883,1.590957522392273,0.31051376461982727,1.590957522392273,0.16439072787761688,0,1040000.0,1.5983768701553345,1,1.5192806720733643,1.886778712272644,4.5542311668396,0.0470670610666275,1000,51,86.1426773071289,0.030871182680130005,7.445060729980469,104.78828430175781,0.38578253984451294,190.86102294921875,0.46519458293914795,0,5525.916076894,76.8499984741211,1.0011062622070312,52,-0.9398621320724487,7.630180358886719,0.0007822455372661352,1746530822.0713258,45.81999969482422,0.8048932552337646,1.0011062622070312,10,1.5192806720733643,18.645591735839844,-0.3251522481441498,0,4.00543198608716e-09
1.6214475631713867,1.548024296760559,-0.192143052816391,2.2163124084472656,-0.015716329216957092,5524.81884765625,1.0022315979003906,0.00031103965011425316,-0.7776308059692383,1.6214475631713867,0.29549020528793335,1.6214475631713867,0.15287496149539948,0,1060000.0,1.6174756288528442,1,1.548024296760559,1.8976317644119263,4.454046249389648,0.03135073184967041,1000,52,85.5704116821289,0.023272402584552765,8.365599632263184,104.08464050292969,0.31874898076057434,192.15130615234375,0.5886386632919312,0,5629.274565155,58.20000076293945,1.0022315979003906,53,-0.48309126496315,6.8525495529174805,0.001577921793796122,1746530926.217522,42.68000030517578,0.9270310997962952,1.0022315979003906,10,1.548024296760559,18.514211654663086,-0.5172953009605408,0,0.0
1.6510637998580933,1.5766009092330933,0.025322526693344116,1.9940485954284668,0.0029683858156204224,5628.1650390625,1.0005124807357788,0.0002833419421222061,-0.7042393684387207,1.6510637998580933,0.3187154233455658,1.6510637998580933,0.1398349553346634,0,1080000.0,1.6131010055541992,1,1.5766009092330933,1.8945189714431763,4.399473667144775,0.03431911766529083,1000,53,84.59040069580078,0.02031361497938633,7.285464763641357,103.28450775146484,0.32120463252067566,193.639892578125,0.5185196995735168,0,5727.621817059,48.54999923706055,1.0005124807357788,54,-0.44018036127090454,6.14831018447876,0.00036240668850950897,1746531029.5759916,28.920000076293945,0.992250382900238,1.0005124807357788,10,1.5766009092330933,18.694082260131836,-0.49197277426719666,0,5.7220459481754915e-09
1.6785651445388794,1.6045045852661133,-0.2302134931087494,1.856335163116455,7.917359471321106e-05,5726.52392578125,1.0047595500946045,0.00030910232453607023,-2.7917885780334473,1.6785651445388794,0.30783790349960327,1.6785651445388794,0.10201311111450195,0,1100000.0,1.5908350944519043,1,1.6045045852661133,1.8810285329818726,4.415338516235352,0.034398291260004044,1000,54,79.51688385009766,0.011321010999381542,7.271179676055908,98.28508758544922,0.23160605132579803,203.4896697998047,0.5354862213134766,0,5831.064503094,14.649999618530273,1.0047595500946045,55,-1.1475543975830078,3.3565216064453125,0.003365397686138749,1746531127.9232204,22.420000076293945,1.3291444778442383,1.004759430885315,10,1.6045045852661133,18.76818084716797,-0.722186267375946,0,6.866454960174906e-09
1.7061138153076172,1.631562352180481,0.39199361205101013,1.6023732423782349,-0.006726769730448723,5829.96826171875,1.0008838176727295,0.00032001908402889967,1.7990546226501465,1.7061138153076172,0.3095020055770874,1.7061138153076172,0.19400210678577423,0,1120000.0,1.573062777519226,1,1.631562352180481,1.8702291250228882,4.522768974304199,0.02767152152955532,1000,55,84.86735534667969,0.019241420552134514,6.540623664855957,103.38195037841797,0.3035757839679718,193.45738220214844,0.537392258644104,0,5932.809039246,64.80000305175781,1.0008838176727295,56,-0.44303467869758606,5.155576229095459,0.0006248972495086491,1746531231.3658965,19.5,1.0195213556289673,1.00088369846344,10,1.631562352180481,18.514570236206055,-0.3301926553249359,0,3.051757735406113e-09
1.7327429056167603,1.657261610031128,-0.17471781373023987,1.5326447486877441,0.00029085390269756317,5931.708984375,1.002446174621582,0.0002841641253326088,-1.2793762683868408,1.7327429056167603,0.3166998624801636,1.7327429056167603,0.12256158888339996,0,1140000.0,1.5808449983596802,1,1.657261610031128,1.8754582405090332,4.270069122314453,0.027962375432252884,1000,56,82.98222351074219,0.018008768558502197,6.552881717681885,101.6799087524414,0.3005211353302002,196.69569396972656,0.5670685768127441,0,6037.085441091,39.54999923706055,1.002446174621582,57,-0.31601816415786743,3.876199960708618,0.0017297628801316023,1746531333.110398,12.569999694824219,1.0538356304168701,1.002446174621582,10,1.657261610031128,18.697649002075195,-0.5049104690551758,0,1.2207030941624453e-08
1.7612007856369019,1.6825228929519653,0.5171678466722369,1.4775331020355225,0.0008996706455945969,6035.9287109375,1.0008633136749268,0.00032823559013195336,1.2134640216827393,1.7612007856369019,0.2962307631969452,1.7612007856369019,0.15302278101444244,0,1160000.0,1.5673907995224,1,1.6825228929519653,1.8671531677246094,4.245394706726074,0.02886204607784748,1000,57,85.42122650146484,0.032926686108112335,6.425544738769531,104.15525817871094,0.38009244203567505,192.02102661132812,0.3963371217250824,0,6138.493258431,111.5,1.0008633136749268,58,1.6545710563659668,5.089663982391357,0.0006103987689130008,1746531437.3860018,21.600000381469727,0.7793650031089783,1.0008631944656372,10,1.6825228929519653,18.7340145111084,0.012257377617061138,0,3.8146971692576415e-10
1.7896173000335693,1.707593560218811,-0.3081484539434314,1.5959261655807495,0.015260959044098854,6137.3896484375,1.0019229650497437,0.0002664873609319329,0.4118976593017578,1.7896173000335693,0.32235264778137207,1.7896173000335693,0.15112365782260895,0,1180000.0,1.5622464418411255,1,1.707593560218811,1.863989233970642,4.677740097045898,0.044123005121946335,1000,58,82.8902359008789,0.027569616213440895,6.046813011169434,101.3212890625,0.37847018241882324,197.3918914794922,0.5329975485801697,0,6239.925851716,64.80000305175781,1.0019229650497437,59,0.5257042050361633,5.501561641693115,0.001359769725240767,1746531538.794282,23.889999389648438,0.8517253398895264,1.0019229650497437,10,1.707593560218811,18.431028366088867,-0.29589107632637024,0,1.1444091230217168e-09
1.8182235956192017,1.733295202255249,0.05776587128639221,1.3869143724441528,-0.015941902995109558,6238.82861328125,1.0006860494613647,0.00024712717276997864,0.04559946060180664,1.8182235956192017,0.3354114890098572,1.8182235956192017,0.11874868720769882,0,1200000.0,1.5480772256851196,1,1.733295202255249,1.8548091650009155,4.583239555358887,0.028181102126836777,1000,59,82.67803955078125,0.020884761586785316,6.0087103843688965,101.36353302001953,0.3427502512931824,197.3096160888672,0.41846543550491333,0,6342.535110874,70.69999694824219,1.0006860494613647,60,0.23449313640594482,5.547161102294922,0.00048513832734897733,1746531640.2272475,33.29999923706055,0.9785885810852051,1.0006860494613647,10,1.733295202255249,18.68548011779785,-0.23812520503997803,0,5.7220459481754915e-09
1.8455599546432495,1.7593393325805664,-0.2917866110801697,1.810762882232666,0.003222797065973282,6341.416015625,1.0040030479431152,0.00029386032838374376,-1.3189349174499512,1.8455599546432495,0.31009045243263245,1.8455599546432495,0.1219584196805954,0,1220000.0,1.5318838357925415,1,1.7593393325805664,1.844589114189148,4.500536918640137,0.03140389919281006,1000,60,83.64474487304688,0.0221963282674551,6.2047038078308105,102.52566528320312,0.3266736567020416,195.07310485839844,0.5334475636482239,0,6441.34194876,33.29999923706055,1.0040030479431152,61,1.0027599334716797,4.228226184844971,0.0028305824380367994,1746531742.8365228,30.530000686645508,0.949236273765564,1.0040030479431152,10,1.7593393325805664,18.880905151367188,-0.5299118161201477,0,-7.629394338515283e-10
1.871861219406128,1.7857683897018433,0.09960535168647766,1.590815782546997,0.0019172430038452148,6440.24609375,1.002129316329956,0.00028677904629148543,1.0749478340148926,1.871861219406128,0.3072722554206848,1.871861219406128,0.11432236433029175,0,1240000.0,1.529802680015564,1,1.7857683897018433,1.8433040380477905,4.416800498962402,0.03332114219665527,1000,61,80.4104995727539,0.022893909364938736,5.365213871002197,98.74653625488281,0.3287520110607147,202.53875732421875,0.3900943696498871,0,6541.60176681,36.0,1.002129316329956,62,-0.7927236557006836,5.303174018859863,0.0015055416151881218,1746531841.6433585,31.360000610351562,0.9346626996994019,1.0021291971206665,10,1.7857683897018433,18.336021423339844,-0.43030646443367004,0,-3.051757735406113e-09
1.8980804681777954,1.811875820159912,0.15802040696144104,1.6827725172042847,0.009149044752120972,6540.47998046875,1.0022265911102295,0.0002767237601801753,0.3313565254211426,1.8980804681777954,0.31410443782806396,1.8980804681777954,0.20726202428340912,0,1260000.0,1.5429754257202148,1,1.811875820159912,1.8517192602157593,4.552484035491943,0.042470186948776245,1000,62,81.60904693603516,0.03347690403461456,5.282085418701172,100.17402648925781,0.40637949109077454,199.65255737304688,0.45395761728286743,0,6642.805603762,57.25,1.0022265911102295,63,-0.3228728473186493,5.634530544281006,0.0015743252588436007,1746531941.903168,23.459999084472656,0.7729337811470032,1.00222647190094,10,1.811875820159912,18.564960479736328,-0.272286057472229,0,-3.814697002724188e-09
1.922977089881897,1.8375173807144165,-0.2397173047065735,1.5205260515213013,-0.006315082311630249,6641.68994140625,1.0040433406829834,0.0002525837335269898,-1.3411626815795898,1.922977089881897,0.33090338110923767,1.922977089881897,0.08847090601921082,0,1280000.0,1.5608326196670532,1,1.8375173807144165,1.863207221031189,3.9857916831970215,0.036155104637145996,1000,63,82.49620819091797,0.013879802078008652,5.405004501342773,101.12366485595703,0.27566272020339966,197.77764892578125,0.3870601952075958,0,6745.116498571,26.200000762939453,1.0040433406829834,64,-0.22923561930656433,4.293367862701416,0.002858961233869195,1746532043.10651,21.3700008392334,1.200392246246338,1.0040432214736938,10,1.8375173807144165,18.627437591552734,-0.5120033621788025,0,0.0
1.9486165046691895,1.8622517585754395,0.37877193093299866,1.5161503553390503,0.015167415142059326,6743.99169921875,1.000736951828003,0.0002451956388540566,0.527381420135498,1.9486165046691895,0.33206284046173096,1.9486165046691895,0.15101003646850586,0,1300000.0,1.571031928062439,1,1.8622517585754395,1.8693853616714478,4.167516708374023,0.05132251977920532,1000,64,83.3272476196289,0.02978801727294922,5.0357136726379395,102.21733856201172,0.4052529036998749,195.66152954101562,0.44760841131210327,0,6845.16701714,74.25,1.000736951828003,65,0.3777460753917694,4.820749282836914,0.0005210474482737482,1746532145.417956,15.859999656677246,0.8193965554237366,1.0007368326187134,10,1.8622517585754395,18.89006805419922,-0.13323143124580383,0,3.051757735406113e-09
1.9726905822753906,1.8861141204833984,-0.3480694890022278,1.4216012954711914,-0.017554767429828644,6844.046875,1.004884123802185,0.0002698978642001748,-1.5057826042175293,1.9726905822753906,0.3169324994087219,1.9726905822753906,0.12883679568767548,0,1320000.0,1.5794388055801392,1,1.8861141204833984,1.874654769897461,4.1778244972229,0.03376775234937668,1000,65,81.28107452392578,0.012372585013508797,4.565182209014893,99.96583557128906,0.2492770105600357,200.068359375,0.4534088373184204,0,6947.155823846,19.049999237060547,1.004884123802185,66,-0.6913672685623169,3.3149666786193848,0.003453569021075964,1746532245.467944,15.229999542236328,1.271406888961792,1.004884123802185,10,1.8861141204833984,18.684741973876953,-0.4813009202480316,0,3.814697002724188e-09
1.9970241785049438,1.9092572927474976,0.26514193415641785,1.33955979347229,0.003444049507379532,6946.04443359375,1.000880241394043,0.00028122166986577213,2.0688157081604004,1.9970241785049438,0.3130427300930023,1.9970241785049438,0.1507163792848587,0,1340000.0,1.5953717231750488,1,1.9092572927474976,1.884840965270996,4.2992401123046875,0.03721180185675621,1000,66,83.06901550292969,0.032670777291059494,4.772865295410156,101.90242767333984,0.40009987354278564,196.26617431640625,0.4812716841697693,0,7046.325210725,59.400001525878906,1.000880241394043,67,-0.5062769651412964,5.383782386779785,0.0006224246462807059,1746532347.457053,15.920000076293945,0.7824114561080933,1.000880241394043,10,1.9092572927474976,18.833375930786133,-0.21615898609161377,0,-4.1961669694501325e-09
2.019925117492676,1.9315105676651,-0.25827690958976746,1.3572558164596558,0.00186983123421669,7045.20361328125,1.0026617050170898,0.000245762086706236,-2.1306650638580322,2.019925117492676,0.33305585384368896,2.019925117492676,0.09618372470140457,0,1360000.0,1.6020206212997437,1,1.9315105676651,1.8889490365982056,4.060513496398926,0.0390816330909729,1000,67,80.73186492919922,0.01392325945198536,4.395224094390869,99.07837677001953,0.2778898775577545,201.8603973388672,0.47148266434669495,0,7148.205158867,19.200000762939453,1.0026617050170898,68,-0.25091683864593506,3.253117322921753,0.0018820534460246563,1746532446.6260412,13.279999732971191,1.1985174417495728,1.0026617050170898,10,1.9315105676651,18.346494674682617,-0.4744358956813812,0,1.2207030941624453e-08
2.042271375656128,1.9529612064361572,0.20592305064201355,1.0388994216918945,-0.008619917556643486,7147.087890625,1.0012935400009155,0.0002697926829569042,0.5347323417663574,2.042271375656128,0.31771180033683777,2.042271375656128,0.13215447962284088,0,1380000.0,1.6112200021743774,1,1.9529612064361572,1.8946819305419922,3.943087100982666,0.030461715534329414,1000,68,83.22959899902344,0.01924554631114006,3.6739063262939453,101.7861557006836,0.31166180968284607,196.49038696289062,0.40634727478027344,0,7250.888066358,36.5,1.0012935400009155,69,-0.4452393651008606,3.7878496646881104,0.0009146989905275404,1746532548.50618,13.25,1.0194120407104492,1.0012935400009155,10,1.9529612064361572,18.556533813476562,-0.2685128450393677,0,5.340575981449547e-09
2.0651185512542725,1.9736512899398804,0.1393292397260666,1.106415033340454,0.01841326616704464,7249.77783203125,1.000791311264038,0.00027485183090902865,2.4874141216278076,2.0651185512542725,0.3185451924800873,2.0651185512542725,0.15473295748233795,0,1400000.0,1.6039199829101562,1,1.9736512899398804,1.8903274536132812,4.160747528076172,0.048874981701374054,1000,69,83.84864807128906,0.02351904846727848,3.9520628452301025,102.59959411621094,0.3454347550868988,194.93255615234375,0.5789270401000977,0,7350.682443033,60.29999923706055,1.000791311264038,70,0.4839603900909424,6.275263786315918,0.0005594291724264622,1746532651.1890905,12.829999923706055,0.922157347202301,1.0007911920547485,10,1.9736512899398804,18.750926971435547,-0.1291836053133011,0,0.0
2.0869429111480713,1.9937055110931396,-0.2800772935152054,1.1702625751495361,-0.012781251221895218,7349.57275390625,1.0025825500488281,0.00025392163661308587,-2.612008571624756,2.0869429111480713,0.3316366672515869,2.0869429111480713,0.1082538440823555,0,1420000.0,1.5976155996322632,1,1.9937055110931396,1.8860136270523071,4.043878555297852,0.036093730479478836,1000,70,81.18408203125,0.018859652802348137,4.082036018371582,99.71157836914062,0.3220434784889221,200.57850646972656,0.5554955005645752,0,7451.946630983,25.25,1.0025825500488281,71,-0.8479573130607605,3.663255214691162,0.001826194697059691,1746532750.9838629,13.319999694824219,1.0297884941101074,1.0025825500488281,10,1.9937055110931396,18.527477264404297,-0.40926089882850647,0,-6.103515470812226e-09
2.1088058948516846,2.013093948364258,0.21746443212032318,1.019619107246399,-0.006277643144130707,7450.8173828125,1.0005182027816772,0.00028043182101100683,-0.09585928916931152,2.1088058948516846,0.3201104402542114,2.1088058948516846,0.13158833980560303,0,1440000.0,1.6032495498657227,1,2.013093948364258,1.888847827911377,3.7209300994873047,0.02981608733534813,1000,71,82.53558349609375,0.019044116139411926,3.601632833480835,101.17080688476562,0.31236717104911804,197.68548583984375,0.45305654406547546,0,7550.497975989,47.54999923706055,1.0005182027816772,72,-0.07226905226707458,3.5673959255218506,0.00036645279033109546,1746532852.2474792,12.319999694824219,1.0247890949249268,1.0005182027816772,10,2.013093948364258,18.635208129882812,-0.1917964667081833,0,6.103515470812226e-09
2.129107713699341,2.031924247741699,-0.34795404970645905,1.3064526319503784,-0.004016350954771042,7549.3876953125,1.0037133693695068,0.0002374340983806178,-1.2070882320404053,2.129107713699341,0.3347057104110718,2.129107713699341,0.08877702802419662,0,1460000.0,1.626238465309143,1,2.031924247741699,1.9035154581069946,3.5547075271606445,0.025799736380577087,1000,72,79.47150421142578,0.009660589508712292,4.374608039855957,98.46195983886719,0.2326216697692871,203.12413024902344,0.4376525282859802,0,7650.651022454,10.800000190734863,1.0037133693695068,73,-1.0027782917022705,2.3603076934814453,0.0026256924029439688,1746532950.7989953,12.720000267028809,1.438841462135315,1.0037132501602173,10,2.031924247741699,18.99043846130371,-0.5397505164146423,0,0.0
2.148831367492676,2.05013370513916,0.20823165774345398,1.2319457530975342,0.012921612709760666,7649.5322265625,1.00111722946167,0.00027611482073552907,0.4480006694793701,2.148831367492676,0.32162684202194214,2.148831367492676,0.09928125143051147,0,1480000.0,1.6367521286010742,1,2.05013370513916,1.9101619720458984,3.679586172103882,0.03872134909033775,1000,73,81.5602035522461,0.015147482976317406,3.7491109371185303,100.06137084960938,0.2799031138420105,199.87734985351562,0.45844194293022156,0,7751.893162816,29.549999237060547,1.00111722946167,74,-0.6364350914955139,2.8083083629608154,0.0007900004857219756,1746533050.9522564,11.479999542236328,1.1490650177001953,1.00111722946167,10,2.05013370513916,18.501142501831055,-0.33151885867118835,0,0.0
2.167703628540039,2.0674936771392822,0.01295897364616394,0.8965849876403809,-0.01426028087735176,7750.7978515625,1.0017995834350586,0.00026572722708806396,-0.2569601535797119,2.167703628540039,0.319151908159256,2.167703628540039,0.13395947217941284,0,1500000.0,1.644339680671692,1,2.0674936771392822,1.9147378206253052,2.8780300617218018,0.024461068212985992,1000,74,82.51946258544922,0.017901476472616196,2.925668478012085,101.17781066894531,0.30194440484046936,197.6717987060547,0.3205314576625824,0,7851.135704133,22.049999237060547,1.0017995834350586,75,-0.3478572368621826,2.5513482093811035,0.0012724414700642228,1746533152.1945264,8.529999732971191,1.0569889545440674,1.0017995834350586,10,2.0674936771392822,18.6583251953125,-0.3185598850250244,0,-7.438659466174613e-09
2.1869754791259766,2.0841264724731445,0.1608489602804184,1.0041265487670898,0.005574667826294899,7849.9814453125,1.000420331954956,0.00024265832325909287,1.220522165298462,2.1869754791259766,0.33662691712379456,2.1869754791259766,0.13190750777721405,0,1520000.0,1.6379197835922241,1,2.0841264724731445,1.9109264612197876,2.8931474685668945,0.03003573603928089,1000,75,80.78480529785156,0.01844935491681099,3.3808367252349854,99.12361907958984,0.32331404089927673,201.7682647705078,0.4583314061164856,0,7952.825688872,48.29999923706055,1.000420331954956,76,-0.1684958040714264,3.7718703746795654,0.00029710718081332743,1746533251.4367332,8.90999984741211,1.0411763191223145,1.0004202127456665,10,2.0841264724731445,18.338796615600586,-0.15771092474460602,0,7.629394005448376e-09
2.2066094875335693,2.0999605655670166,-0.1182176023721695,1.3218846321105957,0.003529658541083336,7951.7197265625,1.002676248550415,0.0002916215162258595,-0.7206685543060303,2.2066094875335693,0.3199519217014313,2.2066094875335693,0.12761861085891724,0,1540000.0,1.6519451141357422,1,2.0999605655670166,1.9193943738937378,3.1412243843078613,0.03356539458036423,1000,76,83.11349487304688,0.02341485768556595,4.598913192749023,101.61067199707031,0.34619084000587463,196.82972717285156,0.5485432744026184,0,8052.804454653,48.150001525878906,1.002676248550415,77,-0.42191192507743835,3.051201820373535,0.001892337342724204,1746533353.1268244,7.480000019073486,0.9242067933082581,1.0026761293411255,10,2.0999605655670166,18.49715232849121,-0.2759285271167755,0,-1.2207030941624453e-08
2.2253129482269287,2.1150319576263428,-0.1770196557044983,1.4591953754425049,-0.006769638508558273,8051.70654296875,1.002228021621704,0.0002468201273586601,-0.4946308135986328,2.2253129482269287,0.3345929980278015,2.2253129482269287,0.10334222763776779,0,1560000.0,1.6620759963989258,1,2.1150319576263428,1.9248777627944946,3.1686949729919434,0.026795756071805954,1000,77,81.11598205566406,0.011787754483520985,4.261627197265625,99.91152954101562,0.2568724453449249,200.17710876464844,0.5303422212600708,0,8152.357145271,19.899999618530273,1.002228021621704,78,-0.8204294443130493,2.5565710067749023,0.0015753930201753974,1746533453.1056142,7.059999942779541,1.3025646209716797,1.0022279024124146,10,2.1150319576263428,18.7955265045166,-0.4529481828212738,0,-1.525878801089675e-08
2.243903160095215,2.1296815872192383,0.21258239448070526,0.9389273524284363,0.006265278905630112,8151.23876953125,1.0024452209472656,0.00028129277052357793,0.32970666885375977,2.243903160095215,0.3116111755371094,2.243903160095215,0.11736330389976501,0,1580000.0,1.676186442375183,1,2.1296815872192383,1.9332637786865234,3.1866087913513184,0.033061034977436066,1000,78,80.7893295288086,0.01920345053076744,3.2222824096679688,99.46382141113281,0.3053428828716278,201.07814025878906,0.44856318831443787,0,8254.36009617,35.849998474121094,1.0024452209472656,79,0.3168677091598511,2.886277675628662,0.0017290884861722589,1746533552.658057,9.649999618530273,1.020528793334961,1.0024452209472656,10,2.1296815872192383,18.674476623535156,-0.24036578834056854,0,-6.103515470812226e-09
2.2631051540374756,2.144157886505127,0.11635522544384003,1.05501389503479,0.015453614294528961,8253.25390625,0.9992992281913757,0.0002630577655509114,1.373927116394043,2.2631051540374756,0.33004334568977356,2.2631051540374756,0.17276112735271454,0,1600000.0,1.6805340051651,1,2.144157886505127,1.9360257387161255,3.7762622833251953,0.04851464927196503,1000,79,82.9882583618164,0.03147335350513458,3.2422916889190674,101.92322540283203,0.4140259623527527,196.2261199951172,0.42579540610313416,0,8353.54279849,51.599998474121094,0.9992992281913757,80,0.9419739246368408,4.260204792022705,0.0004955064505338669,1746533654.6614444,11.630000114440918,0.7971561551094055,0.9992992281913757,10,2.144157886505127,18.934951782226562,-0.12401056289672852,0,-7.629394338515283e-10
2.2818500995635986,2.1585328578948975,-0.14950990676879883,0.8106984496116638,-0.025603659451007843,8352.4482421875,1.001432180404663,0.0002624965272843838,-0.8212137222290039,2.2818500995635986,0.3240550458431244,2.2818500995635986,0.12560328841209412,0,1620000.0,1.6913379430770874,1,2.1585328578948975,1.9416176080703735,3.5265700817108154,0.022910989820957184,1000,80,80.24417877197266,0.021605122834444046,2.944077730178833,99.12384033203125,0.33680790662765503,201.76780700683594,0.40716493129730225,0,8454.115644278,29.100000381469727,1.001432180404663,81,0.6298470497131348,3.438991069793701,0.0010125921107828617,1746533753.844223,12.109999656677246,0.9621360898017883,1.0014320611953735,10,2.1585328578948975,18.879642486572266,-0.27352046966552734,0,-1.9836425835251248e-08
2.2990972995758057,2.172683000564575,-0.2597540020942688,1.0268572568893433,0.014453854411840439,8452.984375,1.0040791034698486,0.0002927555178757757,-1.2779135704040527,2.2990972995758057,0.31450173258781433,2.2990972995758057,0.08302026987075806,0,1640000.0,1.6896586418151855,1,2.172683000564575,1.9401534795761108,3.541355848312378,0.03736484423279762,1000,81,82.02230834960938,0.011771045625209808,3.8344757556915283,100.47677612304688,0.24127690494060516,199.0509796142578,0.4969790577888489,0,8554.892651652,5.699999809265137,1.0040791034698486,82,-0.4807327687740326,2.1610774993896484,0.0028843055479228497,1746533854.4166336,10.770000457763672,1.3034887313842773,1.004078984260559,10,2.172683000564575,18.454452514648438,-0.5332744717597961,0,4.577636492086867e-09
2.31589412689209,2.18694806098938,0.2697867155075073,0.7671941518783569,-0.0071710459887981415,8553.7724609375,1.0027244091033936,0.00022601900855079293,-0.05433964729309082,2.31589412689209,0.3465639054775238,2.31589412689209,0.06817509233951569,0,1660000.0,1.679793357849121,1,2.18694806098938,1.933953881263733,3.5219593048095703,0.03019379824399948,1000,82,81.95671081542969,0.006942083593457937,2.609264612197876,100.68272399902344,0.20418016612529755,198.643798828125,0.358230859041214,0,8653.921191207,24.950000762939453,1.0027244091033936,83,-0.2575134038925171,2.1067378520965576,0.0019263919675722718,1746533955.1935732,13.770000457763672,1.6973435878753662,1.002724289894104,10,2.18694806098938,18.725996017456055,-0.2634877562522888,0,3.814697002724188e-09
2.3315398693084717,2.200934410095215,-0.13259226083755493,0.7159870862960815,0.005057722330093384,8652.82421875,1.003968596458435,0.0002734959125518799,-0.1674799919128418,2.3315398693084717,0.3194373548030853,2.3315398693084717,0.07226947695016861,0,1680000.0,1.6719942092895508,1,2.200934410095215,1.9302034378051758,3.2546510696411133,0.035251520574092865,1000,83,80.65328216552734,0.006393887102603912,2.6253182888031006,98.95732116699219,0.1806148737668991,202.10733032226562,0.4935249388217926,0,8751.577516304,9.100000381469727,1.003968596458435,84,-0.48330849409103394,1.9392578601837158,0.002806137315928936,1746534054.2225897,10.0600004196167,1.7686103582382202,1.003968596458435,10,2.200934410095215,18.30402183532715,-0.39608001708984375,0,-1.2588500908350397e-08
2.3462095260620117,2.2144904136657715,0.05846419930458069,0.6441680192947388,-0.004645870998501778,8750.453125,1.0037813186645508,0.0002964068844448775,0.18465542793273926,2.3462095260620117,0.3181227445602417,2.3462095260620117,0.07612371444702148,0,1700000.0,1.658734679222107,1,2.2144904136657715,1.9233531951904297,2.8767707347869873,0.030605649575591087,1000,84,79.14409637451172,0.007357432972639799,2.0983028411865234,97.56753540039062,0.19294928014278412,204.98622131347656,0.40191951394081116,0,8851.313041914,10.449999809265137,1.0037813186645508,85,0.011825010180473328,2.123913288116455,0.0026738522574305534,1746534151.87826,8.329999923706055,1.6487376689910889,1.0037813186645508,10,2.2144904136657715,18.42342185974121,-0.33761581778526306,0,-1.5258788677030566e-09
2.360558271408081,2.227541208267212,0.09056724607944489,0.6623725295066833,0.006172431632876396,8850.18359375,1.0020345449447632,0.0002462482370901853,0.4409761428833008,2.360558271408081,0.3295792043209076,2.360558271408081,0.11474652588367462,0,1720000.0,1.6663618087768555,1,2.227541208267212,1.928221344947815,3.2536206245422363,0.036778081208467484,1000,85,80.96875,0.010705024003982544,2.118393659591675,99.62818145751953,0.24112308025360107,200.7464141845703,0.46335142850875854,0,8950.687104275,22.149999618530273,1.0020345449447632,86,0.08350515365600586,2.564889430999756,0.0014385562390089035,1746534251.613769,7.210000038146973,1.3668503761291504,1.0020345449447632,10,2.227541208267212,18.659408569335938,-0.24704857170581818,0,6.866454960174906e-09
2.3743233680725098,2.240208148956299,-0.021913066506385803,0.4240424335002899,-0.011453727260231972,8949.568359375,1.001259207725525,0.0002986779436469078,-0.42351388931274414,2.3743233680725098,0.30737167596817017,2.3743233680725098,0.11211396008729935,0,1740000.0,1.675808310508728,1,2.240208148956299,1.9341349601745605,2.8302559852600098,0.025324353948235512,1000,86,80.82933044433594,0.011117477901279926,1.9060386419296265,99.27680206298828,0.22916707396507263,201.45693969726562,0.43007567524909973,0,9050.842823202,15.949999809265137,1.001259207725525,87,0.2066187560558319,2.1413755416870117,0.0008904223795980215,1746534350.9879112,7.860000133514404,1.3412559032440186,1.001259207725525,10,2.240208148956299,18.44745445251465,-0.268961638212204,0,-3.814697002724188e-09
2.3875396251678467,2.252206563949585,-0.016186237335205078,0.6127875447273254,0.0010434072464704514,9049.716796875,1.0020416975021362,0.00026896331110037863,-0.45543956756591797,2.3875396251678467,0.3218994736671448,2.3875396251678467,0.07923302054405212,0,1760000.0,1.685447335243225,1,2.252206563949585,1.9396897554397583,2.9692413806915283,0.026367761194705963,1000,87,81.65499877929688,0.009187901392579079,1.976274013519287,100.05389404296875,0.2181793600320816,199.89227294921875,0.4784001410007477,0,9151.308801196,15.449999809265137,1.0020416975021362,88,-0.2397264540195465,1.6859359741210938,0.0014436700148507953,1746534451.1439388,4.860000133514404,1.4753891229629517,1.0020416975021362,10,2.252206563949585,18.398874282836914,-0.28514787554740906,0,7.629394005448376e-09
2.4021921157836914,2.2644731998443604,0.3480621352791786,0.5279820561408997,0.0010635778307914734,9150.1865234375,1.0010178089141846,0.00034402121673338115,0.9438557624816895,2.4021921157836914,0.2666530907154083,2.4021921157836914,0.12162401527166367,0,1780000.0,1.7013559341430664,1,2.2644731998443604,1.9486509561538696,2.827672004699707,0.027431339025497437,1000,88,81.61438751220703,0.021196313202381134,1.7271535396575928,100.37268829345703,0.2745123505592346,199.25738525390625,0.33984848856925964,0,9250.932931463,55.599998474121094,1.0010178089141846,89,0.6316881775856018,2.629791736602783,0.0007196433725766838,1746534551.6096249,12.869999885559082,0.9713701009750366,1.001017689704895,10,2.2644731998443604,18.75828742980957,0.06291425973176956,0,-3.051757735406113e-09
2.416311025619507,2.2769615650177,-0.35439077764749527,0.5443379878997803,-0.0012425016611814499,9249.8173828125,1.002670168876648,0.00029900053050369024,-0.6182551383972168,2.416311025619507,0.31426846981048584,2.416311025619507,0.10439327359199524,0,1800000.0,1.6866651773452759,1,2.2769615650177,1.9394639730453491,2.923292875289917,0.026188837364315987,1000,89,80.66022491455078,0.0144241563975811,2.154944896697998,99.53362274169922,0.2668893039226532,200.93711853027344,0.4069177806377411,0,9351.956170914,17.399999618530273,1.002670168876648,90,-0.38192155957221985,2.0115365982055664,0.0018880664138123393,1746534651.2339175,12.619999885559082,1.1775236129760742,1.002670168876648,10,2.2769615650177,18.87337875366211,-0.2914765179157257,0,-4.00543198608716e-09
2.4314136505126953,2.2896127700805664,0.2910171775147319,0.52955162525177,0.0030416157096624374,9350.833984375,1.0014793872833252,0.0002970875648315996,0.23360848426818848,2.4314136505126953,0.3174123466014862,2.4314136505126953,0.10110147297382355,0,1820000.0,1.6423267126083374,1,2.2896127700805664,1.9120959043502808,2.8238043785095215,0.029230453073978424,1000,90,82.33158874511719,0.015020456165075302,1.7412996292114258,100.92988586425781,0.27507463097572327,198.15736389160156,0.4139319360256195,0,9449.113206367,47.54999923706055,1.0014793872833252,91,0.5538343787193298,2.245145082473755,0.0010460285702720284,1746534752.257602,12.220000267028809,1.1539136171340942,1.0014792680740356,10,2.2896127700805664,18.598281860351562,-0.000459340400993824,0,-2.6702879907247734e-09
2.445962905883789,2.3025355339050293,-0.19275327306240797,0.357822984457016,-0.004518765956163406,9448.0029296875,1.0027403831481934,0.0002766080142464489,-0.233048677444458,2.445962905883789,0.31729060411453247,2.445962905883789,0.08865118771791458,0,1840000.0,1.6247190237045288,1,2.3025355339050293,1.9017902612686157,2.997908115386963,0.024711687117815018,1000,91,78.33824920654297,0.01590188778936863,1.33030104637146,97.08258819580078,0.28292199969291687,206.01016235351562,0.3576253354549408,0,9549.603350015,17.75,1.0027403831481934,92,-0.035672396421432495,2.012096405029297,0.0019377433927729726,1746534849.4141023,13.300000190734863,1.1214773654937744,1.0027403831481934,10,2.3025355339050293,18.744319915771484,-0.1932126134634018,0,4.577636492086867e-09
2.4617421627044678,2.316257953643799,0.27169982343912125,0.38586553931236267,0.0007194560021162033,9548.4775390625,0.9988119006156921,0.0002693526621442288,3.264756679534912,2.4617421627044678,0.3225061595439911,2.4617421627044678,0.14062602818012238,0,1860000.0,1.6318498849868774,1,2.316257953643799,1.9067381620407104,2.9720513820648193,0.02543114311993122,1000,92,81.72272491455078,0.03550255671143532,1.592800498008728,100.39031982421875,0.4296876788139343,199.22239685058594,0.32288819551467896,0,9647.896566564,53.150001525878906,0.9988119006156921,93,0.7254860401153564,5.276853084564209,0.0008401552913710475,1746534949.9047954,18.299999237060547,0.7505594491958618,0.9988119006156921,10,2.316257953643799,18.667577743530273,0.07848720997571945,0,0.0
2.476754903793335,2.329876184463501,-0.38966628164052963,0.5347990989685059,-0.0018160492181777954,9646.7763671875,1.0023988485336304,0.0002516737440600991,-2.318498134613037,2.476754903793335,0.3269350826740265,2.476754903793335,0.12503962218761444,0,1880000.0,1.6419013738632202,1,2.329876184463501,1.9130878448486328,2.867077112197876,0.023615093901753426,1000,93,79.57283020019531,0.017629394307732582,2.2937209606170654,98.20858764648438,0.30694836378097534,203.64817810058594,0.3695000112056732,0,9750.702848737,14.649999618530273,1.0023988485336304,94,-0.3443286418914795,2.958354949951172,0.0016962139634415507,1746535048.1980188,10.729999542236328,1.0651142597198486,1.0023988485336304,10,2.329876184463501,18.6357421875,-0.3111790716648102,0,9.53674250681047e-10
2.493821620941162,2.344029426574707,0.4788905084133148,0.6880508065223694,0.008246203884482384,9749.580078125,1.0007731914520264,0.00026336617884226143,5.498639106750488,2.493821620941162,0.3258398473262787,2.493821620941162,0.15178848803043365,0,1900000.0,1.6438919305801392,1,2.344029426574707,1.9144049882888794,2.929882764816284,0.03186129778623581,1000,94,83.90029907226562,0.03380218893289566,2.2361061573028564,102.71907043457031,0.4236055910587311,194.705810546875,0.3772571384906769,0,9849.359867391,70.9000015258789,1.0007731914520264,95,-0.589497447013855,8.45699405670166,0.0005466727307066321,1746535151.0042734,16.360000610351562,0.7692057490348816,1.0007730722427368,10,2.344029426574707,18.818754196166992,0.16771143674850464,0,3.051757735406113e-09
2.5107574462890625,2.358795642852783,-0.3492487221956253,1.0059224367141724,-0.00737401656806469,9848.232421875,1.0009310245513916,0.00027207101811654866,-3.919154644012451,2.5107574462890625,0.3131217062473297,2.5107574462890625,0.1924816220998764,0,1920000.0,1.6498280763626099,1,2.358795642852783,1.9172276258468628,2.743137836456299,0.02448728121817112,1000,95,79.7261734008789,0.02486969158053398,2.22587251663208,98.56492614746094,0.34916722774505615,202.9119415283203,0.2646026909351349,0,9948.689143036,29.899999618530273,1.0009310245513916,96,-0.3854234516620636,4.537839412689209,0.0006582775386050344,1746535249.6613288,17.469999313354492,0.8967671990394592,1.000930905342102,10,2.358795642852783,18.838733673095703,-0.18153728544712067,0,0.0
2.527278423309326,2.3741087913513184,-0.054454416036605835,0.9539847373962402,-0.0010158568620681763,9947.5791015625,1.0005815029144287,0.00023499035160057247,-0.857952356338501,2.527278423309326,0.3420739769935608,2.527278423309326,0.12232029438018799,0,1940000.0,1.6474107503890991,1,2.3741087913513184,1.9152089357376099,2.5491721630096436,0.023471424356102943,1000,96,80.58751678466797,0.019161880016326904,2.3286402225494385,99.25474548339844,0.3348298668861389,201.501708984375,0.24427661299705505,0,10050.397451962,23.799999237060547,1.0005815029144287,97,-0.14716723561286926,3.679887056350708,0.0004111846792511642,1746535348.9900992,17.350000381469727,1.0216351747512817,1.0005813837051392,10,2.3741087913513184,18.667213439941406,-0.2359917014837265,0,-1.907348501362094e-09
2.5450353622436523,2.3895771503448486,0.2864060550928116,0.9416967034339905,-0.0016099344938993454,10049.2841796875,1.0000823736190796,0.00033236335730180144,0.0878291130065918,2.5450353622436523,0.29051002860069275,2.5450353622436523,0.3002542555332184,0,1960000.0,1.6392515897750854,1,2.3895771503448486,1.9108366966247559,2.3504650592803955,0.021861489862203598,1000,97,82.7349624633789,0.04452104493975639,2.162665605545044,101.62239837646484,0.43343988060951233,196.8070068359375,0.31791868805885315,0,10149.538289029,56.400001525878906,1.0000823736190796,98,-0.3899915814399719,3.7677161693573,5.81627718929667e-05,1746535450.6981485,14.25,0.670242965221405,1.0000823736190796,10,2.3895771503448486,18.887420654296875,0.05041435360908508,0,1.5258788677030566e-09
2.562711477279663,2.4053163528442383,-0.2537592500448227,0.8496133685112,0.012266784906387329,10148.423828125,1.0002341270446777,0.00024063173623289913,0.19397616386413574,2.562711477279663,0.324987530708313,2.562711477279663,0.22815756499767303,0,1980000.0,1.6375818252563477,1,2.4053163528442383,1.9102460145950317,2.7144970893859863,0.03412827476859093,1000,98,80.5638427734375,0.03770965710282326,2.595834493637085,99.05572509765625,0.4462498426437378,201.90655517578125,0.33625560998916626,0,10249.693760305,31.950000762939453,1.0002341270446777,99,0.318137526512146,3.9616923332214355,0.00016555281763430685,1746535549.839225,15.359999656677246,0.7282636761665344,1.0002341270446777,10,2.4053163528442383,18.49186897277832,-0.2033448964357376,0,0.0
2.580007553100586,2.4206998348236084,0.008511245250701904,0.8322804570198059,0.008789364248514175,10248.5751953125,1.0003273487091064,0.0002419214870315045,-0.6252727508544922,2.580007553100586,0.32449907064437866,2.580007553100586,0.15814216434955597,0,2000000.0,1.6506816148757935,1,2.4206998348236084,1.9177182912826538,2.9195384979248047,0.0429176390171051,1000,99,81.25340270996094,0.02162216417491436,1.9579172134399414,100.05455780029297,0.3374023735523224,199.8909454345703,0.3809390068054199,0,10250.696400254,25.700000762939453,1.0003273487091064,100,-0.2086767852306366,3.3364195823669434,0.00023141430574469268,1746535649.9945228,9.989999771118164,0.9617569446563721,1.000327229499817,10,2.4206998348236084,18.801137924194336,-0.1948336511850357,0,7.629394338515283e-10
