Loss/Loss_reward_critic,Metrics/EpRet,Time/Epoch,Value/reward,Train/PolicyRatio,Misc/FinalStepNorm,Safety/ShieldLagrangeMultiplier/Std,Train/StopIter,_timestamp,Metrics/LagrangeMultiplier/Max,Time/FPS,Train/KL,Value/cost,Train/Entropy,Metrics/LagrangeMultiplier,Safety/EpCostShield,Metrics/EpCost,Safety/ShieldLagrangeMultiplier,Value/Adv,Loss/Loss_pi/Delta,Safety/ShieldLagrangeMultiplier/Min,Train/LR,Time/Rollout,Misc/xHx,Time/Update,Train/Epoch,Loss/Loss_pi,Time/Total,TotalEnvSteps,Loss/Loss_cost_critic/Delta,_step,Loss/Loss_cost_critic,Misc/H_inv_g,Misc/AcceptanceStep,Safety/shield_violation,Metrics/EpLen,Safety/ShieldLagrangeMultiplier/Max,Train/PolicyRatio/Min,Metrics/LagrangeMultiplier/Min,Misc/gradient_norm,Train/PolicyStd,Safety/shield_adv_c,_runtime,Train/PolicyRatio/Max,Train/PolicyRatio/Std,Misc/Alpha,Loss/Loss_reward_critic/Delta,Metrics/LagrangeMultiplier/Std
0.008388536982238293,-0.5783126950263977,176.1151123046875,-0.19262680411338806,1.0010385513305664,0.23117056488990784,0,10,1746496581.7606187,0.035999998450279236,113.56209564208984,0.00038287462666630745,-0.16891522705554962,1.4517616033554077,0.035999998450279236,102.0999984741211,61.20000076293945,0.04500000178813934,-1.2207030941624453e-08,-0.14124548435211182,0.04500000178813934,0,151.00204467773438,0.0015306401764973998,25.113040924072266,0,-0.14124548435211182,176.11642456054688,20000.0,35.18661117553711,1,35.18661117553711,0.06395220756530762,1,0.0261242613196373,1000,0.04500000178813934,1.0010385513305664,0.035999998450279236,0.04295050725340843,1.0336904525756836,0.349906861782074,312.874308225,1.0010385513305664,0.0007343104807659984,3.6147396564483643,0.008388536982238293,0
0.004456777591258287,-0.45718035101890564,135.50160217285156,-0.1649353802204132,1.001456618309021,0.23860253393650055,0,10,1746496717.371818,0.07104697823524475,147.5997314453125,0.0003924836637452245,1.0513557195663452,1.4788055419921875,0.07104697823524475,127.5999984741211,67.17500305175781,0.07998763024806976,-2.2888182460434336e-09,-0.2505721151828766,0.07998763024806976,0,111.01749420166016,0.0028225909918546677,24.484081268310547,1,-0.3918175995349884,311.75799560546875,40000.0,-4.198871612548828,2,30.98773956298828,0.08963648229837418,1,1.4540350437164307,1000,0.07998763024806976,1.001456618309021,0.07104697823524475,0.07298458367586136,1.0617913007736206,1.0838348865509033,445.908096826,1.001456618309021,0.001029900391586125,2.661890983581543,-0.003931759390980005,0
0.004859812092036009,-0.17610883712768555,132.9397430419922,-0.13444630801677704,1.0007872581481934,0.3195951581001282,0,10,1746496850.4057672,0.10611526668071747,150.44410705566406,0.0003094449348282069,2.2701823711395264,1.5066814422607422,0.10611526668071747,141.75,66.56666564941406,0.11506827175617218,-2.4414061883248905e-08,0.025356203317642212,0.11506827175617218,0,108.79839324951172,0.0017679836601018906,24.14130210876465,2,-0.3664613962173462,444.8016662597656,60000.0,-6.499092102050781,3,24.4886474609375,0.0950223058462143,1,2.688567876815796,1000,0.11506827175617218,1.0007872581481934,0.10611526668071747,0.041427720338106155,1.0918680429458618,0.7333305478096008,584.891748891,1.0007872581481934,0.0005566756008192897,3.363369941711426,0.0004030345007777214,0
0.00449669873341918,-0.12715867161750793,138.87142944335938,-0.0971931666135788,1.0012973546981812,0.3559502363204956,0,10,1746496989.389978,0.14126092195510864,144.01809692382812,0.00021744922560174018,3.024151563644409,1.5211080312728882,0.14126092195510864,186.5500030517578,70.8375015258789,0.1501116007566452,-6.103515470812226e-09,0.05897894501686096,0.1501116007566452,0,112.98927307128906,0.001393265905790031,25.88213348388672,3,-0.30748245120048523,583.7618408203125,80000.0,9.425605773925781,4,33.91425323486328,0.09394915401935577,1,3.4928078651428223,1000,0.1501116007566452,1.0012973546981812,0.14126092195510864,0.02907474897801876,1.1077768802642822,2.061746835708618,704.915939843,1.0012973546981812,0.000917340163141489,3.7887542247772217,-0.0003631133586168289,0
0.011446293443441391,-0.13764633238315582,119.92668914794922,-0.08673860132694244,1.002794861793518,0.29269999265670776,0,10,1746497109.4133675,0.17636163532733917,166.7685546875,0.0003762510896194726,1.601768970489502,1.5429754257202148,0.17636163532733917,78.8499984741211,66.12999725341797,0.18374621868133545,-3.433227480087453e-09,-0.038739800453186035,0.18374621868133545,0,95.4115219116211,0.0019122118828818202,24.51513671875,4,-0.34622225165367126,703.796142578125,100000.0,-19.511003494262695,5,14.403249740600586,0.09050589799880981,1,1.9316598176956177,1000,0.18374621868133545,1.0027949810028076,0.17636163532733917,0.05921594053506851,1.1323696374893188,-0.7000185251235962,834.671199894,1.0027949810028076,0.0019763498567044735,3.2340433597564697,0.006949594710022211,0
0.006846810225397348,0.2666384279727936,129.6541290283203,-0.03696326166391373,1.0007473230361938,0.278796523809433,0,10,1746497239.1688497,0.21153785288333893,154.25656127929688,0.0004183243727311492,3.5540547370910645,1.5529159307479858,0.21153785288333893,153.4499969482422,70.97000122070312,0.21789304912090302,3.356933575560106e-08,0.0778840184211731,0.21789304912090302,0,106.01827239990234,0.0038633057847619057,23.63582420349121,5,-0.26833823323249817,833.5603637695312,120000.0,11.879268646240234,6,26.28251838684082,0.12253282219171524,1,4.411524772644043,1000,0.21789304912090302,1.0007474422454834,0.21153785288333893,0.10531113296747208,1.1434270143508911,0.9345060586929321,959.101836367,1.0007474422454834,0.0005284090875647962,2.275280237197876,-0.004599483218044043,0
0.008727673441171646,0.699211835861206,124.33893585205078,0.028343770653009415,1.001297950744629,0.25655487179756165,0,10,1746497363.5996125,0.24652299284934998,160.8506622314453,0.0003969110257457942,3.1313629150390625,1.569018006324768,0.24652299284934998,53.650001525878906,61.599998474121094,0.25015202164649963,-1.0681151962899094e-08,-0.13340279459953308,0.25015202164649963,0,99.6452865600586,0.0025529861450195312,24.69361686706543,6,-0.40174102783203125,958.0018310546875,140000.0,-9.357006072998047,7,16.925512313842773,0.0916622057557106,1,5.0217437744140625,1000,0.25015202164649963,1.001297950744629,0.24652299284934998,0.09860216081142426,1.1620503664016724,0.15686452388763428,1084.394816037,1.001297950744629,0.0009177335305139422,2.7989163398742676,0.0018808632157742977,0
0.008449296467006207,0.8760772943496704,125.17813110351562,0.05166098102927208,1.0008902549743652,0.2528850734233856,0,10,1746497488.892355,0.2811412811279297,159.77232360839844,0.00040675076888874173,1.578423261642456,1.5980688333511353,0.2811412811279297,62.099998474121094,54.970001220703125,0.28126198053359985,6.103515470812226e-09,0.09440359473228455,0.28126198053359985,0,100.42343139648438,0.0026776320300996304,24.754669189453125,7,-0.3073374330997467,1083.26318359375,160000.0,-7.591935157775879,8,9.333577156066895,0.09253040701150894,1,4.0562744140625,1000,0.28126198053359985,1.0008902549743652,0.2811412811279297,0.09335485100746155,1.1963711977005005,0.284076452255249,1211.888156921,1.0008902549743652,0.0006295053171925247,2.732994318008423,-0.0002783769741654396,0
0.009604724124073982,1.353601098060608,127.38981628417969,0.08246346563100815,1.001852035522461,0.24666446447372437,0,10,1746497616.385907,0.31507545709609985,156.99842834472656,0.00041015809983946383,2.8784656524658203,1.613019585609436,0.31507545709609985,68.3499984741211,45.33000183105469,0.3116913437843323,-1.3732909920349812e-08,-0.06094774603843689,0.3116913437843323,0,103.75444030761719,0.003066307632252574,23.635343551635742,8,-0.3682851791381836,1210.7762451171875,180000.0,1.5911588668823242,9,10.924736022949219,0.09658288210630417,1,4.757501602172852,1000,0.3116913437843323,1.001852035522461,0.31507545709609985,0.09462972730398178,1.214232325553894,1.8562654256820679,1340.469350489,1.001852035522461,0.001309643150307238,2.553915023803711,0.0011554276570677757,0
0.01816084235906601,2.1925570964813232,128.49359130859375,0.12307728081941605,1.0006914138793945,0.26112645864486694,0,10,1746497744.9674678,0.34837377071380615,155.64979553222656,0.0003456859558355063,3.051309823989868,1.6299505233764648,0.34837377071380615,64.5999984741211,43.16999816894531,0.34147900342941284,3.051757735406113e-09,-0.0004539191722869873,0.34147900342941284,0,104.30481719970703,0.0028213278856128454,24.188743591308594,9,-0.3687390983104706,1339.3671875,200000.0,5.956794738769531,10,16.88153076171875,0.09807616472244263,1,5.9167985916137695,1000,0.34147900342941284,1.0006914138793945,0.34837377071380615,0.0697164312005043,1.2352455854415894,0.7034649848937988,1466.513815286,1.0006914138793945,0.000488903431687504,2.6624865531921387,0.008556118234992027,0
0.018540596589446068,2.5641696453094482,125.95536804199219,0.1529243439435959,1.002091407775879,0.3493378460407257,0,10,1746497871.0112298,0.38051652908325195,158.78640747070312,0.0002224499185103923,2.7941856384277344,1.6422382593154907,0.38051652908325195,47.849998474121094,31.200000762939453,0.37018871307373047,-1.8692016823251834e-08,-0.02511775493621826,0.37018871307373047,0,101.79656219482422,0.0018583012279123068,24.15877342224121,10,-0.39385685324668884,1465.401611328125,220000.0,-3.700385093688965,11,13.181145668029785,0.10648535192012787,1,5.337159156799316,1000,0.37018871307373047,1.002091407775879,0.38051652908325195,0.0323503203690052,1.250685453414917,0.014174506068229675,1589.436672992,1.002091407775879,0.0014788485132157803,3.280618906021118,0.0003797542303800583,0
0.018208680674433708,2.972304582595825,122.814697265625,0.2254437953233719,1.0009628534317017,0.3174645006656647,0,10,1746497993.9340467,0.41170451045036316,162.84695434570312,0.0003277874493505806,3.3266875743865967,1.6449332237243652,0.41170451045036316,45.599998474121094,31.219999313354492,0.39792415499687195,6.103515470812226e-09,0.0023716390132904053,0.39792415499687195,0,97.18254852294922,0.0019095614552497864,25.632122039794922,11,-0.39148521423339844,1588.31396484375,240000.0,-0.3482398986816406,12,12.832905769348145,0.09809528291225433,1,5.73845100402832,1000,0.39792415499687195,1.0009629726409912,0.41170451045036316,0.05759090557694435,1.2541446685791016,-0.07114642858505249,1716.21474216,1.0009629726409912,0.000680812110658735,3.2362871170043945,-0.0003319159150123596,0
0.01595541462302208,3.3149962425231934,126.68792724609375,0.19573378562927246,1.002366065979004,0.3019137680530548,0,10,1746498120.7126331,0.44208288192749023,157.8682403564453,0.00030829000752419233,2.936556100845337,1.6532474756240845,0.44208288192749023,62.5,30.969999313354492,0.4254399240016937,7.629394338515283e-10,0.0496598482131958,0.4254399240016937,0,103.0215835571289,0.002108281012624502,23.666316986083984,12,-0.34182536602020264,1715.1156005859375,260000.0,-1.5089492797851562,13,11.323956489562988,0.09802418202161789,1,4.711938858032227,1000,0.4254399240016937,1.002366065979004,0.44208288192749023,0.0824403315782547,1.2646287679672241,0.6398589611053467,1843.822920296,1.002366065979004,0.0016731175128370523,3.0799927711486816,-0.0022532660514116287,0
0.016265207901597023,3.2984063625335693,127.50730895996094,0.20770901441574097,1.000666618347168,0.32855409383773804,0,10,1746498248.3203518,0.47173717617988586,156.853759765625,0.00026957353111356497,3.0479633808135986,1.6736739873886108,0.47173717617988586,56.0,30.200000762939453,0.45257189869880676,0.0,-0.03374925255775452,0.45257189869880676,0,103.0644760131836,0.003116161562502384,24.442808151245117,13,-0.37557461857795715,1842.705078125,280000.0,-2.1163806915283203,14,9.207575798034668,0.1296888291835785,1,5.695588111877441,1000,0.45257189869880676,1.000666618347168,0.47173717617988586,0.06237565726041794,1.2909551858901978,0.29410749673843384,1966.756177535,1.000666618347168,0.00047137035289779305,2.533403158187866,0.00030979327857494354,0
0.02181197702884674,3.327887535095215,122.84644317626953,0.2654130160808563,1.0013370513916016,0.3400876820087433,0,10,1746498371.2541816,0.5004613995552063,162.8048858642578,0.00024245223903562874,4.479861259460449,1.688620924949646,0.5004613995552063,26.899999618530273,25.170000076293945,0.4782942235469818,0.0,-0.15603163838386536,0.4782942235469818,0,97.72137451171875,0.002571785356849432,25.12503433227539,14,-0.5316062569618225,1965.6558837890625,300000.0,-0.9646415710449219,15,8.242934226989746,0.12195345759391785,1,7.231738090515137,1000,0.4782942235469818,1.0013370513916016,0.5004613995552063,0.04826832935214043,1.3112616539001465,-0.6550195813179016,2093.620333779,1.0013370513916016,0.0009454942774027586,2.788667917251587,0.005546769127249718,0
0.02339673787355423,3.685018539428711,126.77476501464844,0.3029140532016754,1.0025696754455566,0.2960396111011505,0,10,1746498498.1178393,0.5282760262489319,157.76011657714844,0.0002964758314192295,2.9590816497802734,1.7163867950439453,0.5282760262489319,49.150001525878906,23.5,0.5036521553993225,-1.525878801089675e-08,0.1477760672569275,0.5036521553993225,0,101.58893585205078,0.0040971809066832066,25.185791015625,15,-0.383830189704895,2092.512451171875,320000.0,-0.8838415145874023,16,7.359092712402344,0.13399170339107513,1,5.395390033721924,1000,0.5036521553993225,1.0025696754455566,0.5282760262489319,0.06678949296474457,1.3496724367141724,-0.2866310775279999,2219.872304872,1.0025696754455566,0.0018170347902923822,2.2093875408172607,0.001584760844707489,0
0.02497590146958828,4.402495384216309,126.14840698242188,0.4759555757045746,1.002449631690979,0.27112099528312683,0,10,1746498624.3699813,0.5553316473960876,158.54342651367188,0.0003681305970530957,4.249868869781494,1.7432470321655273,0.5553316473960876,56.599998474121094,23.8799991607666,0.5289816856384277,4.577636492086867e-09,-0.12606525421142578,0.5289816856384277,0,100.85627746582031,0.005753202363848686,25.292104721069336,16,-0.5098954439163208,2218.753662109375,340000.0,4.032410621643066,17,11.39150333404541,0.14541304111480713,1,9.156665802001953,1000,0.5289816856384277,1.0024497509002686,0.5553316473960876,0.0764281377196312,1.388144850730896,-0.39446938037872314,2343.799702741,1.0024497509002686,0.0017321230843663216,1.8644888401031494,0.00157916359603405,0
0.019237786531448364,4.815555095672607,123.80595397949219,0.3671382665634155,1.0002745389938354,0.31815582513809204,0,10,1746498748.2972953,0.5817562937736511,161.54312133789062,0.00033847405575215816,2.8958561420440674,1.7587989568710327,0.5817562937736511,64.25,24.219999313354492,0.5545745491981506,1.4114379887075756e-08,0.14301836490631104,0.5545745491981506,0,100.92964172363281,0.004381493199616671,22.876285552978516,17,-0.36687707901000977,2342.661865234375,360000.0,-0.40473461151123047,18,10.98676872253418,0.14891430735588074,1,6.432573318481445,1000,0.5545745491981506,1.0002745389938354,0.5817562937736511,0.08025903254747391,1.411009430885315,0.7189213037490845,2465.945383704,1.0002745389938354,0.0001941002847161144,2.136502742767334,-0.0057381149381399155,0
0.022325465455651283,5.236745834350586,122.04765319824219,0.31150105595588684,1.001402735710144,0.31149378418922424,0,10,1746498870.442976,0.6075178980827332,163.87042236328125,0.00030196618172340095,2.540983200073242,1.7606409788131714,0.6075178980827332,49.099998474121094,22.5,0.5798773169517517,-5.340575981449547e-09,0.0005871355533599854,0.5798773169517517,0,96.51493072509766,0.004686635918915272,25.53268051147461,18,-0.3662899434566498,2464.838134765625,380000.0,-2.2402706146240234,19,8.746498107910156,0.15078754723072052,1,5.216141223907471,1000,0.5798773169517517,1.001402735710144,0.6075178980827332,0.07877787202596664,1.4122356176376343,-0.7789602279663086,2587.84530436,1.001402735710144,0.0009918558644130826,2.065779209136963,0.003087678924202919,0
0.024959005415439606,5.414376258850098,121.8056640625,0.3636711537837982,1.001275658607483,0.2754290699958801,0,10,1746498992.342552,0.6326549649238586,164.19598388671875,0.0003593201981857419,2.8929011821746826,1.7801192998886108,0.6326549649238586,20.850000381469727,21.799999237060547,0.6038104891777039,6.484984993448961e-09,-0.12224167585372925,0.6038104891777039,0,96.499267578125,0.003442765213549137,25.30636978149414,19,-0.48853161931037903,2586.72900390625,400000.0,-2.7545132637023926,20,5.991984844207764,0.11427444964647293,1,5.444266319274902,1000,0.6038104891777039,1.0012757778167725,0.6326549649238586,0.1076919287443161,1.4398528337478638,-0.8091769218444824,2711.261850583,1.0012757778167725,0.0009021111181937158,2.4102420806884766,0.0026335399597883224,0
0.029244283214211464,5.421224594116211,123.32659912109375,0.3668273091316223,1.0026880502700806,0.2848356068134308,0,10,1746499115.7595782,0.6573546528816223,162.1710205078125,0.0003086021461058408,2.873310089111328,1.8149253129959106,0.6573546528816223,46.599998474121094,23.25,0.627574622631073,1.2207030941624453e-08,0.09679210186004639,0.627574622631073,0,99.1837158203125,0.0034780295100063086,24.142850875854492,20,-0.39173951745033264,2710.155029296875,420000.0,2.3147196769714355,21,8.3067045211792,0.11878088116645813,1,5.720580577850342,1000,0.627574622631073,1.0026881694793701,0.6573546528816223,0.09074125438928604,1.4899870157241821,-0.44681110978126526,2831.588561047,1.0026881694793701,0.0019008228555321693,2.3979921340942383,0.004285277798771858,0
0.03107707016170025,5.032339096069336,120.24596405029297,0.35720095038414,1.002027988433838,0.30744001269340515,0,10,1746499236.0861273,0.6814600229263306,166.32574462890625,0.0002981271827593446,2.294147253036499,1.8450313806533813,0.6814600229263306,27.850000381469727,20.260000228881836,0.6504431962966919,0.0,-0.028249025344848633,0.6504431962966919,0,95.42293548583984,0.003170538228005171,24.8230037689209,21,-0.4199885427951813,2830.49169921875,440000.0,-3.1598291397094727,22,5.146875381469727,0.12240878492593765,1,4.644972801208496,1000,0.6504431962966919,1.002027988433838,0.6814600229263306,0.06228753179311752,1.5349622964859009,-0.3601059913635254,2953.487846135,1.002027988433838,0.0014340042835101485,2.511584520339966,0.0018327869474887848,0
0.02821555733680725,5.268538951873779,121.7832260131836,0.4071952700614929,1.0023952722549438,0.31719404458999634,0,10,1746499357.9853878,0.7048652172088623,164.22622680664062,0.00030234953737817705,2.7247729301452637,1.870343565940857,0.7048652172088623,37.75,17.8700008392334,0.6729333400726318,6.866454960174906e-09,-0.020507097244262695,0.6729333400726318,0,98.74369812011719,0.005136111751198769,23.03950309753418,22,-0.44049564003944397,2952.358642578125,460000.0,0.8363180160522461,23,5.983193397521973,0.16074137389659882,1,5.48695707321167,1000,0.6729333400726318,1.0023953914642334,0.7048652172088623,0.09991296380758286,1.5746464729309082,-0.9736895561218262,3066.890468117,1.0023953914642334,0.0016937413020059466,1.9733192920684814,-0.0028615128248929977,0
0.026734154671430588,4.894764423370361,113.2984619140625,0.2867698073387146,1.0014033317565918,0.29240962862968445,0,10,1746499471.3882313,0.7275935411453247,176.52490234375,0.0003207748231943697,1.4569721221923828,1.891130805015564,0.7275935411453247,30.950000762939453,17.100000381469727,0.6948118209838867,-5.7220459481754915e-09,0.08918166160583496,0.6948118209838867,0,89.810791015625,0.003034549532458186,23.487653732299805,23,-0.351313978433609,3065.77587890625,480000.0,-1.1736340522766113,24,4.809559345245361,0.11390019208192825,1,3.281726598739624,1000,0.6948118209838867,1.0014033317565918,0.7275935411453247,0.0779271125793457,1.6065865755081177,-0.36410167813301086,3189.498271247,1.0014033317565918,0.0009923053439706564,2.567244052886963,-0.0014814026653766632,0
0.03359663113951683,5.446892261505127,122.51963806152344,0.4704844653606415,1.0026044845581055,0.2796233594417572,0,10,1746499593.995835,0.749814510345459,163.23915100097656,0.0003427419578656554,2.4463624954223633,1.9058119058609009,0.749814510345459,22.600000381469727,18.239999771118164,0.7157847881317139,3.051757735406113e-09,-0.11824429035186768,0.7157847881317139,0,97.75150299072266,0.005141636356711388,24.76808738708496,24,-0.4695582687854767,3188.3896484375,500000.0,1.2632012367248535,25,6.072760581970215,0.14177823066711426,1,4.825869560241699,1000,0.7157847881317139,1.0026044845581055,0.749814510345459,0.12841831147670746,1.6308311223983765,-0.38093364238739014,3316.69282794,1.0026044845581055,0.0018415924860164523,1.9722588062286377,0.006862476468086243,0
0.034180570393800735,6.186345100402832,127.09576416015625,0.5559979677200317,1.0014060735702515,0.30433619022369385,0,10,1746499721.1905208,0.7715230584144592,157.36166381835938,0.000296915415674448,3.1936542987823486,1.9033411741256714,0.7715230584144592,40.900001525878906,17.3799991607666,0.7367510795593262,-4.577636492086867e-09,0.0238494873046875,0.7367510795593262,0,102.51188659667969,0.004788971971720457,24.583845138549805,25,-0.4457087814807892,3315.585693359375,520000.0,0.8307399749755859,26,6.903500556945801,0.14892247319221497,1,5.907774925231934,1000,0.7367510795593262,1.0014060735702515,0.7715230584144592,0.10703332722187042,1.6278249025344849,-0.5594797730445862,3444.77698258,1.0014060735702515,0.0009941599564626813,2.043588161468506,0.000583939254283905,0
0.03634019196033478,6.811128616333008,127.9903564453125,0.6613675951957703,1.0013347864151,0.3141013979911804,0,10,1746499849.2745528,0.7930931448936462,156.26177978515625,0.00027197253075428307,3.2775421142578125,1.9091968536376953,0.7930931448936462,62.20000076293945,21.270000457763672,0.7586047649383545,-3.051757735406113e-09,0.08889392018318176,0.7586047649383545,0,101.73856353759766,0.0043177055194973946,26.251768112182617,26,-0.3568148612976074,3443.668212890625,540000.0,2.0208473205566406,27,8.924347877502441,0.14594252407550812,1,6.058762073516846,1000,0.7586047649383545,1.0013349056243896,0.7930931448936462,0.06187311187386513,1.6390767097473145,-0.3325043320655823,3570.002231594,1.0013349056243896,0.0009439208079129457,2.152226686477661,0.0021596215665340424,0
0.035420503467321396,7.940058708190918,125.14351654052734,0.8337001204490662,1.0031131505966187,0.3019700050354004,0,10,1746499974.5004513,0.8145143389701843,159.81651306152344,0.0002882439875975251,3.3202342987060547,1.926999568939209,0.8145143389701843,39.45000076293945,20.780000686645508,0.7803266048431396,-1.678466787780053e-08,-0.12781944870948792,0.7803266048431396,0,100.85169219970703,0.005320084281265736,24.29178237915039,27,-0.48463431000709534,3568.90673828125,560000.0,-1.6592602729797363,28,7.265087604522705,0.15574297308921814,1,6.348036766052246,1000,0.7803266048431396,1.0031131505966187,0.8145143389701843,0.08141766488552094,1.6684532165527344,-0.9798139333724976,3695.855268724,1.0031131505966187,0.0022012456320226192,1.9388996362686157,-0.000919688493013382,0
0.039589185267686844,9.647546768188477,125.77891540527344,0.8257372975349426,1.00124990940094,0.32194867730140686,0,10,1746500100.3529856,0.8359827399253845,159.0091552734375,0.00027171510737389326,2.955759286880493,1.9314171075820923,0.8359827399253845,56.29999923706055,22.860000610351562,0.8026543855667114,1.5258788677030566e-09,0.1093992292881012,0.8026543855667114,0,101.28250885009766,0.004025531001389027,24.496379852294922,28,-0.37523508071899414,3694.75537109375,580000.0,0.6294827461242676,29,7.894570350646973,0.1444387584924698,1,5.805937767028809,1000,0.8026543855667114,1.0012500286102295,0.8359827399253845,0.06562666594982147,1.676974892616272,-0.24514198303222656,3820.486761351,1.0012500286102295,0.0008839037036523223,2.2289631366729736,0.004168681800365448,0
0.040721673518419266,10.417427062988281,124.53827667236328,0.8277878165245056,1.0011940002441406,0.2920253574848175,0,10,1746500224.9844606,0.8576661348342896,160.59320068359375,0.0003342421550769359,2.4637668132781982,1.9352830648422241,0.8576661348342896,44.5,24.829999923706055,0.8250458836555481,-6.103515470812226e-09,-0.02233639359474182,0.8250458836555481,0,99.55744171142578,0.004285946488380432,24.98081398010254,29,-0.39757147431373596,3819.375,600000.0,-0.4268321990966797,30,7.467738151550293,0.13518528640270233,1,5.282430648803711,1000,0.8250458836555481,1.0011940002441406,0.8576661348342896,0.07300294935703278,1.68546724319458,0.1098543331027031,3944.830321989,1.0011940002441406,0.0008442856487818062,2.1601860523223877,0.0011324882507324219,0
0.03824014216661453,10.50478744506836,124.23822784423828,0.8021809458732605,1.0014251470565796,0.2581426501274109,0,10,1746500349.3282096,0.8797018527984619,160.98106384277344,0.0003552979906089604,2.603624105453491,1.9361695051193237,0.8797018527984619,56.900001525878906,26.639999389648438,0.8480318784713745,9.155272984173735e-09,0.051747798919677734,0.8480318784713745,0,99.5899887084961,0.0059498269110918045,24.648204803466797,30,-0.3458236753940582,3943.710205078125,620000.0,0.18447256088256836,31,7.652210712432861,0.14079825580120087,1,5.253185749053955,1000,0.8480318784713745,1.0014251470565796,0.8797018527984619,0.17955385148525238,1.6912223100662231,0.30557987093925476,4069.487282414,1.0014251470565796,0.0010076469043269753,1.833422064781189,-0.0024815313518047333,0
0.04594359174370766,11.586690902709961,124.56700897216797,0.9764333963394165,1.0006098747253418,0.2766558825969696,0,10,1746500473.9850338,0.9017853140830994,160.55616760253906,0.00037916682776995003,2.8051140308380127,1.9284824132919312,0.9017853140830994,30.700000762939453,23.110000610351562,0.8704293966293335,-2.4414061883248905e-08,-0.1335430145263672,0.8704293966293335,0,99.49279022216797,0.005411910358816385,25.074188232421875,31,-0.4793666899204254,4068.380126953125,640000.0,-1.1428031921386719,32,6.5094075202941895,0.14391319453716278,1,5.645308494567871,1000,0.8704293966293335,1.0006098747253418,0.9017853140830994,0.1145552322268486,1.6788287162780762,-0.5837194323539734,4197.399088552,1.0006098747253418,0.00043124656076543033,1.9223803281784058,0.007703449577093124,0
0.04483795538544655,11.83366584777832,127.82759094238281,1.010170340538025,1.002069115638733,0.2698259949684143,0,10,1746500601.8970423,0.9241669178009033,156.46075439453125,0.0003549327084328979,2.752323865890503,1.9213827848434448,0.9241669178009033,63.099998474121094,26.079999923706055,0.8937127590179443,-1.2207030941624453e-08,0.1366453468799591,0.8937127590179443,0,102.88118743896484,0.006151013076305389,24.946372985839844,32,-0.3427213430404663,4196.30029296875,660000.0,2.8162026405334473,33,9.325610160827637,0.14963819086551666,1,5.713957786560059,1000,0.8937127590179443,1.0020692348480225,0.9241669178009033,0.11355004459619522,1.6667717695236206,-0.4082614481449127,4315.397763722,1.0020692348480225,0.0014631699305027723,1.8031892776489258,-0.0011056363582611084,0
0.04593875631690025,11.692490577697754,117.91378021240234,0.8502749800682068,1.0017911195755005,0.2734943926334381,0,10,1746500719.8956249,0.9467470645904541,169.61546325683594,0.0003358637331984937,2.52514386177063,1.9205924272537231,0.9467470645904541,49.54999923706055,25.049999237060547,0.9172309637069702,6.103515470812226e-09,-0.004323989152908325,0.9172309637069702,0,95.3922348022461,0.004394805058836937,22.521507263183594,33,-0.34704533219337463,4314.2958984375,680000.0,-2.025730609893799,34,7.299879550933838,0.12820462882518768,1,4.728227615356445,1000,0.9172309637069702,1.00179123878479,0.9467470645904541,0.12789765000343323,1.6678298711776733,-0.12837296724319458,4440.397562894,1.00179123878479,0.0012665408430621028,2.1332645416259766,0.0011008009314537048,0
0.047474008053541183,12.035181045532227,124.91814422607422,1.1027189493179321,1.0021743774414062,0.2568962574005127,0,10,1746500844.8954618,0.9696589708328247,160.10484313964844,0.000374206923879683,3.0386147499084473,1.9332135915756226,0.9696589708328247,57.900001525878906,26.760000228881836,0.941329300403595,-4.577636492086867e-09,0.0029327869415283203,0.941329300403595,0,100.68453979492188,0.005944269709289074,24.23358154296875,34,-0.3441125452518463,4439.29736328125,700000.0,0.5501260757446289,35,7.850005626678467,0.14005298912525177,1,5.394525527954102,1000,0.941329300403595,1.0021743774414062,0.9696589708328247,0.10799703001976013,1.692292332649231,0.4942360818386078,4564.389842577,1.0021743774414062,0.001537460833787918,1.83427894115448,0.0015352517366409302,0
0.04447498545050621,12.777170181274414,123.87970733642578,1.1250277757644653,1.0023198127746582,0.2624712884426117,0,10,1746500968.8871977,0.9928603768348694,161.4469451904297,0.0003638344642240554,3.0859110355377197,1.9553498029708862,0.9928603768348694,54.849998474121094,26.489999771118164,0.965830385684967,-5.340575981449547e-09,-0.03372633457183838,0.965830385684967,0,100.09579467773438,0.005250017158687115,23.783864974975586,35,-0.3778388798236847,4563.25634765625,720000.0,1.0148510932922363,36,8.864856719970703,0.13447687029838562,1,5.817235469818115,1000,0.965830385684967,1.0023198127746582,0.9928603768348694,0.16666129231452942,1.7296606302261353,-0.49063560366630554,4686.689223384,1.0023198127746582,0.0016403553308919072,1.9517951011657715,-0.002999022603034973,0
0.04450094699859619,12.443828582763672,122.18765258789062,1.1125235557556152,1.0033010244369507,0.2851139307022095,0,10,1746501091.186638,1.0163218975067139,163.6826629638672,0.00032563632703386247,3.1985599994659424,1.9710060358047485,1.0163218975067139,27.700000762939453,26.329999923706055,0.9894886612892151,0.0,-0.132425457239151,0.9894886612892151,0,97.0343246459961,0.0048477910459041595,25.153305053710938,36,-0.5102643370628357,4685.568359375,740000.0,-2.7686424255371094,37,6.096214294433594,0.14037050306797028,1,5.916399955749512,1000,0.9894886612892151,1.0033010244369507,1.0163218975067139,0.13167276978492737,1.7524375915527344,-0.5163658857345581,4811.984807215,1.0033010244369507,0.0023340925108641386,2.0311527252197266,2.596154808998108e-05,0
0.04669111594557762,12.314903259277344,125.18936157226562,1.095015048980713,1.002280831336975,0.27412736415863037,0,10,1746501216.4830656,1.039846658706665,159.7579803466797,0.00035935186315327883,3.0158886909484863,1.963150143623352,1.039846658706665,42.099998474121094,24.1299991607666,1.0130597352981567,1.0681151962899094e-08,0.07715722918510437,1.0130597352981567,0,101.353271484375,0.005932065658271313,23.836071014404297,37,-0.4331071078777313,4810.865234375,760000.0,0.6370067596435547,38,6.733221054077148,0.1492934376001358,1,5.713160991668701,1000,1.0130597352981567,1.0022809505462646,1.039846658706665,0.16141635179519653,1.7362858057022095,-0.12270981073379517,4940.471272545,1.0022809505462646,0.001612875610589981,1.8361647129058838,0.00219016894698143,0
0.0441499762237072,13.421339988708496,128.3961181640625,1.317543625831604,1.000818133354187,0.3207477331161499,0,10,1746501344.9688184,1.0633240938186646,155.7679443359375,0.0002699146862141788,3.293132781982422,1.9561433792114258,1.0633240938186646,53.29999923706055,22.760000228881836,1.0370668172836304,1.3732909920349812e-08,0.023284614086151123,1.0370668172836304,0,104.10664367675781,0.004523955751210451,24.289430618286133,38,-0.4098224937915802,4939.35888671875,780000.0,0.8562817573547363,39,7.589502811431885,0.15254859626293182,1,6.267073154449463,1000,1.0370668172836304,1.000818133354187,1.0633240938186646,0.06878028810024261,1.7211300134658813,-0.40613818168640137,5066.333607796,1.000818133354187,0.0005784795503132045,2.1025936603546143,-0.0025411397218704224,0
0.04136672616004944,13.760920524597168,125.76675415039062,1.3468130826950073,1.0016098022460938,0.31466543674468994,0,10,1746501470.8314133,1.086698293685913,159.0245361328125,0.00029193132650107145,2.7047903537750244,1.9491381645202637,1.086698293685913,53.79999923706055,21.920000076293945,1.0614993572235107,6.484984993448961e-09,0.03716611862182617,1.0614993572235107,0,101.0643081665039,0.004613336641341448,24.70241928100586,39,-0.37265637516975403,5065.22314453125,800000.0,1.082852840423584,40,8.672355651855469,0.15112702548503876,1,5.675006866455078,1000,1.0614993572235107,1.0016098022460938,1.086698293685913,0.0876506119966507,1.708849549293518,0.15225256979465485,5197.863373585,1.0016098022460938,0.0011382459197193384,2.082125663757324,-0.0027832500636577606,0
0.043843988329172134,14.208305358886719,131.44039916992188,1.3819397687911987,1.002192497253418,0.3026822805404663,0,10,1746501602.3613083,1.1098533868789673,152.16021728515625,0.0003034435212612152,2.7318196296691895,1.9429594278335571,1.1098533868789673,41.79999923706055,20.350000381469727,1.0857821702957153,-5.340575981449547e-09,-0.07165324687957764,1.0857821702957153,0,105.48957061767578,0.004173721186816692,25.950786590576172,40,-0.44430962204933167,5196.7578125,820000.0,-1.743539810180664,41,6.928815841674805,0.1382720172405243,1,5.938501358032227,1000,1.0857821702957153,1.002192497253418,1.1098533868789673,0.1046498715877533,1.6982852220535278,-0.3819780945777893,5323.296192084,1.002192497253418,0.0015503858448937535,2.189035177230835,0.002477262169122696,0
0.040123652666807175,14.942880630493164,125.33055114746094,1.4644540548324585,1.0021839141845703,0.30556318163871765,0,10,1746501727.7939978,1.1329714059829712,159.5780029296875,0.00029604442534036934,2.78474760055542,1.9353151321411133,1.1329714059829712,49.95000076293945,22.049999237060547,1.1103150844573975,-4.577636492086867e-09,0.03703084588050842,1.1103150844573975,0,101.83900451660156,0.0052604712545871735,23.49152374267578,41,-0.40727877616882324,5322.1748046875,840000.0,0.37842702865600586,42,7.3072428703308105,0.15671074390411377,1,5.936159610748291,1000,1.1103150844573975,1.0021839141845703,1.1329714059829712,0.07515565305948257,1.684751033782959,-0.23817287385463715,5456.41292409,1.0021839141845703,0.0015443166485056281,1.9498547315597534,-0.0037203356623649597,0
0.04114549607038498,15.402109146118164,133.0091094970703,1.3978803157806396,1.0020653009414673,0.28717389702796936,0,10,1746501860.9106808,1.1562721729278564,150.3656463623047,0.000285821472061798,2.833693742752075,1.9550358057022095,1.1562721729278564,72.0999984741211,24.3799991607666,1.1360561847686768,-7.629394005448376e-09,0.08969166874885559,1.1360561847686768,0,109.43218994140625,0.0072844307869672775,23.576892852783203,42,-0.31758710741996765,5455.28759765625,860000.0,4.258391857147217,43,11.565634727478027,0.1733117699623108,1,6.510749816894531,1000,1.1360561847686768,1.0020654201507568,1.1562721729278564,0.11785229295492172,1.7187366485595703,-0.6763052940368652,5590.251783784,1.0020654201507568,0.0014603601302951574,1.6569786071777344,0.0010218434035778046,0
0.04589414969086647,15.843805313110352,133.7516326904297,1.4942398071289062,1.0010391473770142,0.2832275927066803,0,10,1746501994.7493262,1.1801894903182983,149.5308837890625,0.00031821837183088064,3.502720594406128,1.9848030805587769,1.1801894903182983,90.8499984741211,29.459999084472656,1.1636356115341187,1.0681151962899094e-08,0.05481904745101929,1.1636356115341187,0,109.01043701171875,0.009645757265388966,24.74115562438965,43,-0.26276805996894836,5589.1484375,880000.0,-0.17090320587158203,44,11.394731521606445,0.1966930478811264,1,7.317593574523926,1000,1.1636356115341187,1.0010392665863037,1.1801894903182983,0.12465514987707138,1.7708988189697266,-0.09056341648101807,5720.356407276,1.0010392665863037,0.0007348724757321179,1.439947247505188,0.004748653620481491,0
0.04242954030632973,16.060022354125977,129.9993133544922,1.577809453010559,1.0018806457519531,0.29399603605270386,0,10,1746502124.853838,1.2048372030258179,153.8469696044922,0.000327886373270303,3.3898820877075195,1.9840484857559204,1.2048372030258179,71.25,31.420000076293945,1.1920467615127563,6.6757199768119335e-09,-0.09421047568321228,1.1920467615127563,0,105.43830108642578,0.0074884588830173016,24.56098175048828,44,-0.35697853565216064,5719.234375,900000.0,-1.4046993255615234,45,9.990032196044922,0.17989659309387207,1,7.345465660095215,1000,1.1920467615127563,1.0018806457519531,1.2048372030258179,0.10245993733406067,1.7741276025772095,-0.19953382015228271,5851.032611177,1.0018806457519531,0.0013298735721036792,1.6342500448226929,-0.003464609384536743,0
0.04289371520280838,15.843840599060059,130.57391357421875,1.4588865041732788,1.0025644302368164,0.29194945096969604,0,10,1746502255.530206,1.2304085493087769,153.16993713378906,0.00031556820613332093,3.4229726791381836,1.9879473447799683,1.2304085493087769,63.04999923706055,34.52000045776367,1.2208592891693115,3.051757735406113e-09,-0.034137219190597534,1.2208592891693115,0,104.71312713623047,0.008278567343950272,25.860755920410156,45,-0.3911157548427582,5849.92041015625,920000.0,0.3921775817871094,46,10.382209777832031,0.18783241510391235,1,6.980131149291992,1000,1.2208592891693115,1.0025644302368164,1.2304085493087769,0.15630370378494263,1.7838186025619507,-0.7203652262687683,5982.090664996,1.0025644302368164,0.0018133821431547403,1.5543081760406494,0.00046417489647865295,0
0.05612751096487045,15.770124435424805,130.8610076904297,1.5213466882705688,1.0016471147537231,0.304952472448349,0,10,1746502386.5882175,1.2570470571517944,152.83392333984375,0.0003362490679137409,3.722943067550659,1.9924403429031372,1.2570470571517944,72.25,37.380001068115234,1.2504230737686157,-1.5258788677030566e-09,0.032852768898010254,1.2504230737686157,0,106.1727294921875,0.008447405882179737,24.688234329223633,46,-0.3582629859447479,5980.87744140625,940000.0,-0.09818840026855469,47,10.284021377563477,0.19818881154060364,1,7.364322662353516,1000,1.2504230737686157,1.0016472339630127,1.2570470571517944,0.13865423202514648,1.7935007810592651,-0.9576425552368164,6102.411210224,1.0016472339630127,0.0011647141072899103,1.5386967658996582,0.013233795762062073,0
0.05325845628976822,15.846501350402832,120.2280502319336,1.3506453037261963,1.0011743307113647,0.302023321390152,0,10,1746502506.909145,1.2844188213348389,166.3505401611328,0.00030753115424886346,3.3586549758911133,1.9969288110733032,1.2844188213348389,49.900001525878906,34.650001525878906,1.2797008752822876,2.2888182460434336e-09,-0.05995285511016846,1.2797008752822876,0,96.28269958496094,0.009268736466765404,23.945329666137695,47,-0.4182158410549164,6101.31005859375,960000.0,-3.093900203704834,48,7.190121173858643,0.20560608804225922,1,6.188448429107666,1000,1.2797008752822876,1.0011743307113647,1.2844188213348389,0.1902419477701187,1.8010330200195312,-1.1364597082138062,6231.156160089,1.0011743307113647,0.0008302929345518351,1.4689414501190186,-0.002869054675102234,0
0.050778407603502274,14.977360725402832,128.63656616210938,1.4254591464996338,1.0013221502304077,0.2846217453479767,0,10,1746502635.6540244,1.3122377395629883,155.47679138183594,0.0003487674694042653,3.225882053375244,1.9851006269454956,1.3122377395629883,55.45000076293945,32.06999969482422,1.3089759349822998,-4.1961669694501325e-09,0.026969611644744873,1.3089759349822998,0,104.53666687011719,0.007669043727219105,24.099882125854492,48,-0.3912462294101715,6230.0302734375,980000.0,1.2555956840515137,49,8.445716857910156,0.17624790966510773,1,6.320068836212158,1000,1.3089759349822998,1.0013221502304077,1.3122377395629883,0.07930662482976913,1.7860608100891113,-0.32922694087028503,6363.782151909,1.0013221502304077,0.0009348733001388609,1.6148942708969116,-0.0024800486862659454,0
0.04320680350065231,14.854211807250977,132.5269317626953,1.5699033737182617,1.0027917623519897,0.2727755606174469,0,10,1746502768.279762,1.340316653251648,150.9127197265625,0.00032479059882462025,3.4712016582489014,1.9881523847579956,1.340316653251648,63.099998474121094,30.31999969482422,1.3385902643203735,-6.103515470812226e-09,0.01304212212562561,1.3385902643203735,0,108.25346374511719,0.008247948251664639,24.273441314697266,49,-0.3782041072845459,6362.66455078125,1000000.0,-0.25614452362060547,50,8.18957233428955,0.1751715987920761,1,6.880187511444092,1000,1.3385902643203735,1.0027917623519897,1.340316653251648,0.27971190214157104,1.7974992990493774,-0.40688180923461914,6493.580722996,1.0027917623519897,0.0019739896524697542,1.5571905374526978,-0.00757160410284996,0
0.048027753829956055,14.600523948669434,129.6823272705078,1.4412585496902466,1.0007190704345703,0.3175041079521179,0,10,1746502898.0780768,1.3685832023620605,154.2230224609375,0.00029574817745015025,3.706224203109741,1.9866873025894165,1.3685832023620605,67.25,29.700000762939453,1.3686919212341309,3.051757735406113e-09,0.018650978803634644,1.3686919212341309,0,106.33583068847656,0.007945624180138111,23.34646987915039,50,-0.35955312848091125,6492.45361328125,1020000.0,1.3319196701049805,51,9.521492004394531,0.20012374222278595,1,6.948516368865967,1000,1.3686919212341309,1.0007190704345703,1.3685832023620605,0.08901342749595642,1.8018909692764282,0.6574523448944092,6624.089207555,1.0007190704345703,0.0005084033473394811,1.5865389108657837,0.0048209503293037415,0
0.04790012910962105,14.599535942077637,130.40756225585938,1.4702222347259521,1.0013998746871948,0.3073711097240448,0,10,1746503028.5868795,1.3969298601150513,153.36534118652344,0.00028788845520466566,3.3673250675201416,1.994046688079834,1.3969298601150513,56.79999923706055,28.59000015258789,1.3987785577774048,1.831054596834747e-08,-0.05972239375114441,1.3987785577774048,0,106.15363311767578,0.008074050769209862,24.253904342651367,51,-0.41927552223205566,6622.97900390625,1040000.0,-0.6088180541992188,52,8.912673950195312,0.19529633224010468,1,6.9495625495910645,1000,1.3987785577774048,1.0013998746871948,1.3969298601150513,0.13464288413524628,1.8235000371932983,0.947048544883728,6753.987923321,1.0013998746871948,0.0009898327989503741,1.5738704204559326,-0.00012762472033500671,0
0.0483572892844677,14.7608642578125,129.80198669433594,1.4788691997528076,1.001546859741211,0.2928606867790222,0,10,1746503158.4856553,1.4254928827285767,154.0808563232422,0.0003011008957400918,3.4400851726531982,1.9921566247940063,1.4254928827285767,53.849998474121094,30.18000030517578,1.4287258386611938,9.155272984173735e-09,-0.008482605218887329,1.4287258386611938,0,105.05669403076172,0.006671852432191372,24.745229721069336,52,-0.427758127450943,6752.87548828125,1060000.0,-0.6414222717285156,53,8.271251678466797,0.16914907097816467,1,6.810401439666748,1000,1.4287258386611938,1.001546859741211,1.4254928827285767,0.16123643517494202,1.8260616064071655,-0.9712464213371277,6879.586779266,1.001546859741211,0.0010937388287857175,1.73137629032135,0.00045716017484664917,0
0.05127454549074173,14.901391983032227,125.50981903076172,1.376178503036499,1.001173973083496,0.2722718417644501,0,10,1746503284.0844688,1.4540510177612305,159.35008239746094,0.00036973791429772973,2.927243947982788,1.9788373708724976,1.4540510177612305,45.45000076293945,27.809999465942383,1.4581700563430786,0.0,0.01587444543838501,1.4581700563430786,0,102.01067352294922,0.007334149908274412,23.49911117553711,53,-0.411883682012558,6878.482421875,1080000.0,-1.7509255409240723,54,6.520326137542725,0.16487808525562286,1,5.841393947601318,1000,1.4581700563430786,1.001173973083496,1.4540510177612305,0.1764247715473175,1.8032406568527222,0.2289782464504242,7011.520078209,1.001173973083496,0.0008301243069581687,1.6513525247573853,0.0029172562062740326,0
0.05283883586525917,14.492339134216309,131.85377502441406,1.4454591274261475,1.0019088983535767,0.27339041233062744,0,10,1746503416.0183568,1.4825959205627441,151.6831817626953,0.0003438870480749756,2.941185474395752,1.9768329858779907,1.4825959205627441,67.19999694824219,27.6299991607666,1.4881511926651,-9.918212917625624e-09,0.08741164207458496,1.4881511926651,0,106.93890380859375,0.010315421968698502,24.914846420288086,54,-0.324472039937973,7010.423828125,1100000.0,1.5224013328552246,55,8.04272747039795,0.19634146988391876,1,6.5661702156066895,1000,1.4881511926651,1.0019090175628662,1.4825959205627441,0.20472262799739838,1.7996095418930054,-0.19601932168006897,7138.114633615,1.0019090175628662,0.0013498230837285519,1.3924232721328735,0.0015642903745174408,0
0.048155687749385834,14.884071350097656,126.49018859863281,1.472920536994934,1.003177523612976,0.2774985432624817,0,10,1746503542.6119537,1.5108373165130615,158.1150360107422,0.0003233866882510483,2.9926698207855225,2.000284433364868,1.5108373165130615,28.049999237060547,24.280000686645508,1.5167995691299438,-6.103515470812226e-09,-0.21930429339408875,1.5167995691299438,0,101.09424591064453,0.008884182199835777,25.395904541015625,55,-0.5437763333320618,7136.98388671875,1120000.0,-2.231837272644043,56,5.810890197753906,0.18495014309883118,1,6.101670742034912,1000,1.5167995691299438,1.003177523612976,1.5108373165130615,0.14315713942050934,1.845375418663025,0.12376394867897034,7261.105546557,1.003177523612976,0.002246820367872715,1.500396490097046,-0.004683148115873337,0
0.05167905613780022,14.705126762390137,122.87747955322266,1.3573343753814697,1.0009222030639648,0.2935616374015808,0,10,1746503665.602831,1.5387828350067139,162.7637481689453,0.0003158334002364427,2.645002841949463,2.014068365097046,1.5387828350067139,52.45000076293945,23.950000762939453,1.5454176664352417,-4.577636492086867e-09,0.2124975621700287,1.5454176664352417,0,97.46244812011719,0.007171341218054295,25.41500473022461,56,-0.3312787711620331,7259.98193359375,1140000.0,2.3505382537841797,57,8.161428451538086,0.17578621208667755,1,5.517742156982422,1000,1.5454176664352417,1.0009222030639648,1.5387828350067139,0.1268460750579834,1.8736084699630737,-0.28452831506729126,7387.182478535,1.0009222030639648,0.0006521522300317883,1.669992446899414,0.003523368388414383,0
0.051983870565891266,14.686349868774414,125.9831771850586,1.5430480241775513,1.0022683143615723,0.3099720776081085,0,10,1746503791.680408,1.5662511587142944,158.75135803222656,0.0003108982928097248,2.7898342609405518,2.0116806030273438,1.5662511587142944,36.04999923706055,21.579999923706055,1.5732333660125732,2.2888182460434336e-09,-0.13780048489570618,1.5732333660125732,0,100.04615783691406,0.005261239130049944,25.93699836730957,57,-0.46907925605773926,7386.078125,1160000.0,-1.7492070198059082,58,6.412221431732178,0.15898346900939941,1,5.809959888458252,1000,1.5732333660125732,1.0022683143615723,1.5662511587142944,0.11802550405263901,1.8715111017227173,-0.9727336168289185,7517.599561756,1.0022683143615723,0.0016039403853937984,1.9497125148773193,0.0003048144280910492,0
0.05713217332959175,14.362771034240723,130.33612060546875,1.4278959035873413,1.000902533531189,0.2935166656970978,0,10,1746503922.0976543,1.5933988094329834,153.44940185546875,0.0002938148390967399,2.5785961151123047,2.011150598526001,1.5933988094329834,50.900001525878906,22.68000030517578,1.6010475158691406,9.155272984173735e-09,0.15442201495170593,1.6010475158691406,0,105.23585510253906,0.01089492253959179,25.10023307800293,58,-0.3146572411060333,7516.50048828125,1180000.0,0.2650899887084961,59,6.677311420440674,0.21663568913936615,1,5.147412300109863,1000,1.6010475158691406,1.000902533531189,1.5933988094329834,0.1206451803445816,1.877423644065857,-0.8443870544433594,7643.522217494,1.000902533531189,0.0006381032872013748,1.3548859357833862,0.005148302763700485,0
0.05055699869990349,13.830863952636719,125.8487319946289,1.2897179126739502,1.0026741027832031,0.27975624799728394,0,10,1746504048.0202434,1.6200660467147827,158.92095947265625,0.0003363581490702927,2.7383148670196533,2.032421827316284,1.6200660467147827,39.79999923706055,20.559999465942383,1.6283318996429443,6.866454960174906e-09,-0.11913001537322998,1.6283318996429443,0,101.89349365234375,0.011910181492567062,23.95519256591797,59,-0.4337872564792633,7642.4228515625,1200000.0,-0.6093320846557617,60,6.067979335784912,0.21588584780693054,1,5.629225254058838,1000,1.6283318996429443,1.0026741027832031,1.6200660467147827,0.24518337845802307,1.918879508972168,-0.31592923402786255,7765.048476206,1.0026741027832031,0.0018909323262050748,1.2958526611328125,-0.006575174629688263,0
0.052208948880434036,13.781349182128906,121.43167114257812,1.439143180847168,1.0022951364517212,0.3184615969657898,0,10,1746504169.5459828,1.6462881565093994,164.70167541503906,0.00028801773441955447,2.312520980834961,2.05216121673584,1.6462881565093994,30.950000762939453,20.360000610351562,1.6547045707702637,-8.392333938900265e-09,0.007730066776275635,1.6547045707702637,0,96.46199035644531,0.007049354258924723,24.969654083251953,60,-0.42605718970298767,7763.93505859375,1220000.0,-0.3944082260131836,61,5.6735711097717285,0.1890675574541092,1,4.78585958480835,1000,1.6547045707702637,1.0022952556610107,1.6462881565093994,0.09224647283554077,1.951938271522522,-0.14624664187431335,7894.309976236,1.0022952556610107,0.001622934709303081,1.6843798160552979,0.001651950180530548,0
0.05522896349430084,13.269277572631836,129.1636505126953,1.4071356058120728,1.0018354654312134,0.3024933934211731,0,10,1746504298.807465,1.6720046997070312,154.8423309326172,0.00029147265013307333,2.493530035018921,2.0728466510772705,1.6720046997070312,46.75,19.200000762939453,1.6810475587844849,1.2207030941624453e-08,0.090137779712677,1.6810475587844849,0,103.13760375976562,0.010497783310711384,26.02601432800293,61,-0.33591940999031067,7893.201171875,1240000.0,1.6077213287353516,62,7.28129243850708,0.2191542536020279,1,4.9963459968566895,1000,1.6810475587844849,1.001835584640503,1.6720046997070312,0.09355144202709198,1.9922113418579102,-0.17098665237426758,8023.834351933,1.001835584640503,0.0012978981249034405,1.380276083946228,0.003020014613866806,0
0.04376538470387459,12.413198471069336,129.4200439453125,1.3804432153701782,1.0003490447998047,0.2846791446208954,0,10,1746504428.3316114,1.6974191665649414,154.53558349609375,0.00031799767748452723,2.198275089263916,2.077519416809082,1.6974191665649414,39.099998474121094,20.719999313354492,1.7069915533065796,6.866454960174906e-09,-0.03523346781730652,1.7069915533065796,0,105.4610366821289,0.007934040389955044,23.958980560302734,62,-0.3711528778076172,8022.71484375,1260000.0,-0.8515081405639648,63,6.429784297943115,0.17930324375629425,1,4.845142841339111,1000,1.7069915533065796,1.0003490447998047,1.6974191665649414,0.16926780343055725,2.0080902576446533,-0.5462697744369507,8147.43016166,1.0003490447998047,0.00024681194918230176,1.5876965522766113,-0.011463578790426254,0
0.05355442315340042,12.329519271850586,123.48606872558594,1.2910869121551514,1.0014508962631226,0.3262968361377716,0,10,1746504551.9275603,1.7225677967071533,161.9615936279297,0.0002577076375018805,2.2481112480163574,2.067354917526245,1.7225677967071533,47.099998474121094,20.709999084472656,1.732982873916626,-3.051757735406113e-09,0.09602493047714233,1.732982873916626,0,99.24378967285156,0.008104616776108742,24.242252349853516,63,-0.27512794733047485,8146.3095703125,1280000.0,0.12309741973876953,64,6.552881717681885,0.20771335065364838,1,4.441702365875244,1000,1.732982873916626,1.0014508962631226,1.7225677967071533,0.11626380681991577,1.992064356803894,0.09062452614307404,8265.011180319,1.0014508962631226,0.0010258543770760298,1.5708997249603271,0.009789038449525833,0
0.048070278018713,12.550341606140137,117.473876953125,1.2751736640930176,1.0018287897109985,0.30415061116218567,0,10,1746504669.5086763,1.74736487865448,170.25062561035156,0.000305754947476089,2.0989863872528076,2.050219774246216,1.74736487865448,29.049999237060547,19.489999771118164,1.7581079006195068,6.103515470812226e-09,-0.11976996064186096,1.7581079006195068,0,92.16609191894531,0.006720270030200481,25.307756423950195,64,-0.3948979079723358,8263.90234375,1300000.0,-1.622544288635254,65,4.930337429046631,0.1763061136007309,1,4.357430458068848,1000,1.7581079006195068,1.001828908920288,1.74736487865448,0.09722654521465302,1.9549392461776733,-0.2802959084510803,8386.963606409,1.001828908920288,0.0012932339450344443,1.725127935409546,-0.005484145134687424,0
0.04893450811505318,12.267457008361816,121.86443328857422,1.4090795516967773,1.0023813247680664,0.30733346939086914,0,10,1746504791.461434,1.7719213962554932,164.11680603027344,0.00029212600202299654,2.2827670574188232,2.0336272716522217,1.7719213962554932,32.45000076293945,20.190000534057617,1.7826327085494995,-9.918212917625624e-09,-0.011171221733093262,1.7826327085494995,0,98.09619903564453,0.00770588731393218,23.76819610595703,65,-0.4060691297054291,8385.8623046875,1320000.0,1.621727466583252,66,6.552064895629883,0.19076842069625854,1,4.693377494812012,1000,1.7826327085494995,1.0023813247680664,1.7719213962554932,0.10270904004573822,1.9167228937149048,0.055540621280670166,8509.291892326,1.0023813247680664,0.001683850772678852,1.611029028892517,0.0008642300963401794,0
0.05035681277513504,12.647505760192871,122.24118041992188,1.4123036861419678,1.001438021659851,0.2854156792163849,0,10,1746504913.7897532,1.7960646152496338,163.61099243164062,0.0003002776065841317,2.238109827041626,2.035801649093628,1.7960646152496338,39.900001525878906,18.139999389648438,1.8070083856582642,8.392333938900265e-09,0.05163484811782837,1.8070083856582642,0,98.74767303466797,0.014102998189628124,23.493478775024414,66,-0.3544342815876007,8508.1875,1340000.0,-0.38437366485595703,67,6.167691230773926,0.23967279493808746,1,4.728855609893799,1000,1.8070083856582642,1.001438021659851,1.7960646152496338,0.2627160847187042,1.9211479425430298,0.006889902055263519,8631.754706635,1.001438021659851,0.0010168066946789622,1.190855622291565,0.0014223046600818634,0
0.053062938153743744,12.637226104736328,122.284912109375,1.2635084390640259,1.0022727251052856,0.28022894263267517,0,10,1746505036.2521799,1.8197098970413208,163.55247497558594,0.00033425126457586884,1.965247631072998,2.038530111312866,1.8197098970413208,39.150001525878906,16.829999923706055,1.8312184810638428,-3.051757735406113e-09,0.051430344581604004,1.8312184810638428,0,97.76803588867188,0.007723868824541569,24.516857147216797,67,-0.3030039370059967,8630.55859375,1360000.0,0.07892513275146484,68,6.246616363525391,0.1741468906402588,1,4.006324291229248,1000,1.8312184810638428,1.0022728443145752,1.8197098970413208,0.2025829255580902,1.9342180490493774,-0.4863487184047699,8754.484300149,1.0022728443145752,0.0016070874407887459,1.6091526746749878,0.0027061253786087036,0
0.06156665459275246,12.38208293914795,122.54258728027344,1.170766830444336,1.0008822679519653,0.3081323802471161,0,10,1746505158.981652,1.842712163925171,163.2085723876953,0.00027829300961457193,1.5264695882797241,2.0394480228424072,1.842712163925171,29.700000762939453,14.869999885559082,1.8547898530960083,-1.0108947456899386e-08,-0.02295863628387451,1.8547898530960083,0,98.36833190917969,0.008013131096959114,24.174209594726562,68,-0.3259625732898712,8753.2880859375,1380000.0,-0.6619229316711426,69,5.584693431854248,0.1950400322675705,1,3.6137030124664307,1000,1.8547898530960083,1.0008823871612549,1.842712163925171,0.11885048449039459,1.936686396598816,-0.5866386294364929,8880.155605057,1.0008823871612549,0.0006238857167772949,1.5798418521881104,0.008503716439008713,0
0.06090360879898071,12.70652961730957,125.55685424804688,1.399383306503296,1.0026216506958008,0.2924131751060486,0,10,1746505284.6530678,1.865143895149231,159.29039001464844,0.00033820440876297653,1.7406609058380127,2.0355515480041504,1.865143895149231,24.399999618530273,14.90999984741211,1.8775056600570679,6.103515470812226e-09,-0.09259051084518433,1.8775056600570679,0,100.13423156738281,0.00536367017775774,25.422592163085938,69,-0.41855308413505554,8879.0341796875,1400000.0,-0.6980423927307129,70,4.886651039123535,0.15143051743507385,1,4.217475414276123,1000,1.8775056600570679,1.0026216506958008,1.865143895149231,0.09070459008216858,1.923474669456482,-0.6224896907806396,9002.610284897,1.0026216506958008,0.0018538432195782661,1.9310057163238525,-0.0006630457937717438,0
0.04987747222185135,11.9105806350708,122.34651184082031,1.1002399921417236,1.001943588256836,0.26677757501602173,0,10,1746505407.1076336,1.88686203956604,163.4701385498047,0.0003575284208636731,1.3993583917617798,2.040478467941284,1.88686203956604,18.0,12.949999809265137,1.8991031646728516,-7.629394338515283e-10,0.02774733304977417,1.8991031646728516,0,94.74589538574219,0.006332620978355408,27.600587844848633,70,-0.39080575108528137,9001.490234375,1420000.0,-0.9572789669036865,71,3.9293720722198486,0.15011580288410187,1,3.389991521835327,1000,1.8991031646728516,1.001943588256836,1.88686203956604,0.15840938687324524,1.9312280416488647,-0.242801696062088,9129.974959588,1.001943588256836,0.0013742682058364153,1.777145266532898,-0.011026136577129364,0
0.056592099368572235,11.018872261047363,127.24260711669922,1.051554560661316,0.9999539256095886,0.29729267954826355,0,10,1746505534.4720874,1.9081342220306396,157.1800537109375,0.00029689830262213945,1.6458359956741333,2.0410938262939453,1.9081342220306396,45.75,14.789999961853027,1.92119562625885,-6.103515470812226e-09,0.17603428661823273,1.92119562625885,0,101.81956481933594,0.008090706542134285,25.423017501831055,71,-0.21477146446704865,9128.841796875,1440000.0,1.450458288192749,72,5.379830360412598,0.18908746540546417,1,3.5279178619384766,1000,1.92119562625885,0.9999539256095886,1.9081342220306396,0.11833351105451584,1.9292856454849243,-0.4041666090488434,9248.139445787,0.9999539256095886,3.2593568903394043e-05,1.5722496509552002,0.006714627146720886,0
0.04983571544289589,10.292284965515137,118.05858612060547,1.003557562828064,1.0017579793930054,0.3012464940547943,0,10,1746505652.6371474,1.928859829902649,169.40740966796875,0.0002925974549725652,1.5379886627197266,2.036586046218872,1.928859829902649,23.399999618530273,13.369999885559082,1.9425336122512817,2.2888182460434336e-09,-0.12720055878162384,1.9425336122512817,0,93.65692138671875,0.005060723051428795,24.401643753051758,72,-0.3419720232486725,9247.0244140625,1460000.0,-1.178391456604004,73,4.201438903808594,0.1515352725982666,1,3.1657967567443848,1000,1.9425336122512817,1.0017579793930054,1.928859829902649,0.08405464887619019,1.9177789688110352,-0.33297160267829895,9372.031675388,1.0017579793930054,0.0012431072536855936,1.9879629611968994,-0.006756383925676346,0
0.05440955609083176,10.591601371765137,123.80990600585938,1.2139873504638672,1.0005422830581665,0.28901877999305725,0,10,1746505776.5297482,1.9492168426513672,161.5379638671875,0.0003248858265578747,1.8512812852859497,2.0341384410858154,1.9492168426513672,41.900001525878906,14.489999771118164,1.964206337928772,-8.01086397217432e-09,0.07397067546844482,1.964206337928772,0,97.75172424316406,0.009978216141462326,26.058164596557617,73,-0.26800134778022766,9370.935546875,1480000.0,1.6998162269592285,74,5.901255130767822,0.20414453744888306,1,4.057397842407227,1000,1.964206337928772,1.000542402267456,1.9492168426513672,0.14211630821228027,1.9107561111450195,-0.6644105911254883,9499.138273855,1.000542402267456,0.00038353633135557175,1.4157556295394897,0.004573840647935867,0
0.055483125150203705,10.755868911743164,126.99491882324219,1.2886145114898682,1.001949667930603,0.2851012051105499,0,10,1746505903.635531,1.9693596363067627,157.4866180419922,0.00032987294252961874,1.9311816692352295,2.0380570888519287,1.9693596363067627,37.150001525878906,15.539999961853027,1.9859312772750854,0.0,-0.011915326118469238,1.9859312772750854,0,102.59418487548828,0.010335385799407959,24.400705337524414,74,-0.2799166738986969,9498.0087890625,1500000.0,-0.2643299102783203,75,5.636925220489502,0.20494985580444336,1,3.8026766777038574,1000,1.9859312772750854,1.001949667930603,1.9693596363067627,0.1540176123380661,1.9262584447860718,0.5480876564979553,9620.937663804,1.001949667930603,0.0013786515919491649,1.3910778760910034,0.0010735690593719482,0
0.06251780688762665,11.576098442077637,121.692138671875,1.0967134237289429,1.0017706155776978,0.28168901801109314,0,10,1746506025.4352477,1.9894713163375854,164.34915161132812,0.00033936495310626924,1.5905267000198364,2.0413100719451904,1.9894713163375854,31.649999618530273,16.989999771118164,2.007408857345581,3.051757735406113e-09,-0.012565314769744873,2.007408857345581,0,96.90848541259766,0.006758395116776228,24.783632278442383,75,-0.2924819886684418,9619.822265625,1520000.0,0.580845832824707,76,6.217771053314209,0.1637483835220337,1,3.4500367641448975,1000,2.007408857345581,1.0017707347869873,1.9894713163375854,0.17091166973114014,1.939627766609192,0.3367289900779724,9747.191027824,1.0017707347869873,0.001251986250281334,1.7202552556991577,0.007034681737422943,0
0.06053044646978378,12.268327713012695,126.15557098388672,1.2778640985488892,1.0001497268676758,0.2823964059352875,0,10,1746506151.6887343,2.0097124576568604,158.534423828125,0.0003105805371887982,1.9274492263793945,2.056993007659912,2.0097124576568604,51.25,18.389999389648438,2.029740333557129,3.051757735406113e-09,0.1358167678117752,2.029740333557129,0,102.5168685913086,0.013282891362905502,23.63866424560547,76,-0.15666522085666656,9746.080078125,1540000.0,1.6283235549926758,77,7.846094608306885,0.23013925552368164,1,3.5697340965270996,1000,2.029740333557129,1.0001497268676758,2.0097124576568604,0.16284999251365662,1.9661794900894165,0.5976975560188293,9879.404360883,1.0001497268676758,0.00010581671813270077,1.2270675897598267,-0.001987360417842865,0
0.05608893185853958,13.506152153015137,132.12506103515625,1.3910692930221558,0.9996083378791809,0.3240937888622284,0,10,1746506283.9023197,2.0303051471710205,151.3717498779297,0.00027818523813039064,2.359894037246704,2.056356430053711,2.0303051471710205,42.349998474121094,20.510000228881836,2.052365303039551,0.0,-0.13046039640903473,2.052365303039551,0,106.93865203857422,0.01110805943608284,25.186378479003906,77,-0.2871256172657013,9878.30078125,1560000.0,0.48380041122436523,78,8.32989501953125,0.24153219163417816,1,4.358137607574463,1000,2.052365303039551,0.9996083974838257,2.0303051471710205,0.0823105052113533,1.958958625793457,-0.2972750663757324,10003.663527778,0.9996083974838257,0.0002769047860056162,1.3418244123458862,-0.004441514611244202,0
0.05772676318883896,13.133901596069336,124.17754364013672,1.1510226726531982,1.0002950429916382,0.29621464014053345,0,10,1746506408.1614048,2.051506280899048,161.05972290039062,0.0003185010573361069,2.7261903285980225,2.0482985973358154,2.051506280899048,51.849998474121094,23.170000076293945,2.075777053833008,-3.814697002724188e-09,0.04110482335090637,2.075777053833008,0,100.29805755615234,0.01458924263715744,23.87946128845215,78,-0.24602079391479492,10002.56640625,1580000.0,-0.577338695526123,79,7.752556324005127,0.25299271941185,1,4.56378698348999,1000,2.075777053833008,1.0002950429916382,2.051506280899048,0.125665545463562,1.938031554222107,0.1937902420759201,10122.117284915,1.0002950429916382,0.00020859880896750838,1.1708425283432007,0.0016378313302993774,0
0.05110607668757439,12.177363395690918,118.36017608642578,1.0301302671432495,1.0020602941513062,0.2949129045009613,0,10,1746506526.6155345,2.0731866359710693,168.9757537841797,0.00032498533255420625,2.1105399131774902,2.048022985458374,2.0731866359710693,31.399999618530273,22.450000762939453,2.0987820625305176,0.0,-0.1097571849822998,2.0987820625305176,0,94.19886016845703,0.01021894346922636,24.16129493713379,79,-0.3557779788970947,10121.0048828125,1600000.0,-2.3744144439697266,80,5.3781418800354,0.21080553531646729,1,4.137866973876953,1000,2.0987820625305176,1.0020602941513062,2.0731866359710693,0.1766711324453354,1.934749722480774,-0.6693719029426575,10243.887558102,1.0020602941513062,0.001456763711757958,1.3989808559417725,-0.006620686501264572,0
0.046296726912260056,11.811354637145996,121.69171905517578,1.1611417531967163,1.0018638372421265,0.3018476366996765,0,10,1746506648.3854094,2.095139980316162,164.34971618652344,0.00029311305843293667,2.369558811187744,2.0442941188812256,2.095139980316162,17.899999618530273,20.899999618530273,2.1206603050231934,6.103515470812226e-09,-0.10538506507873535,2.1206603050231934,0,98.24018859863281,0.007809716742485762,23.451499938964844,80,-0.4611630439758301,10242.7841796875,1620000.0,-1.2734556198120117,81,4.104686260223389,0.18862128257751465,1,4.153001308441162,1000,2.1206603050231934,1.0018638372421265,2.095139980316162,0.1092446967959404,1.9252573251724243,-0.5416251420974731,10361.920183483,1.0018638372421265,0.001317960093729198,1.6002840995788574,-0.004809349775314331,0
0.050450026988983154,11.391778945922852,117.93659210205078,1.1167268753051758,1.0004281997680664,0.2869560718536377,0,10,1746506766.4180393,2.1168949604034424,169.58265686035156,0.0003068852820433676,1.8856277465820312,2.039869546890259,2.1168949604034424,32.900001525878906,16.729999542236328,2.1423797607421875,4.577636492086867e-09,0.17606520652770996,2.1423797607421875,0,93.65217590332031,0.018661485984921455,24.284387588500977,81,-0.2850978374481201,10360.80859375,1640000.0,0.8416705131530762,82,4.946356773376465,0.2771875262260437,1,3.4219954013824463,1000,2.1423797607421875,1.0004281997680664,2.1168949604034424,0.3055577874183655,1.9191627502441406,-0.4813688397407532,10481.930462234,1.0004281997680664,0.0003027829516213387,1.035241723060608,0.004153300076723099,0
0.06801899522542953,10.559388160705566,119.92118835449219,0.9748474359512329,1.001190185546875,0.3086937963962555,0,10,1746506886.428297,2.138256311416626,166.7761993408203,0.0003031094965990633,1.6563175916671753,2.0440456867218018,2.138256311416626,27.899999618530273,14.720000267028809,2.1636781692504883,-9.155272984173735e-09,0.005716800689697266,2.1636781692504883,0,94.97412109375,0.007786440663039684,24.947044372558594,82,-0.27938103675842285,10480.8232421875,1660000.0,-0.8213181495666504,83,4.1250386238098145,0.1926117092370987,1,2.9822657108306885,1000,2.1636781692504883,1.001190185546875,2.138256311416626,0.121103934943676,1.9249796867370605,0.14970964193344116,10596.336772215,1.001190185546875,0.0008415882475674152,1.602674126625061,0.01756896823644638,0
0.043080903589725494,9.764344215393066,114.29361724853516,0.8630331754684448,1.0042591094970703,0.3009342551231384,0,10,1746507000.8343577,2.1585347652435303,174.98789978027344,0.00027955236146226525,1.2930660247802734,2.061803102493286,2.1585347652435303,3.200000047683716,8.170000076293945,2.183156967163086,8.77380390562621e-09,-0.15054607391357422,2.183156967163086,0,90.00127410888672,0.0037242057733237743,24.29231834411621,83,-0.42992711067199707,10595.2080078125,1680000.0,-2.0955164432525635,84,2.029522180557251,0.12985959649085999,1,2.5014047622680664,1000,2.183156967163086,1.0042591094970703,2.1585347652435303,0.07668839395046234,1.952546238899231,-0.6910579204559326,10715.804533152,1.0042591094970703,0.0030115891713649035,2.3173816204071045,-0.02493809163570404,0
0.05344712734222412,9.155322074890137,119.30781555175781,0.9179788827896118,1.0017019510269165,0.273203045129776,0,10,1746507120.301738,2.177840232849121,167.6336212158203,0.0003612601722124964,1.170809030532837,2.0692594051361084,2.177840232849121,28.350000381469727,8.199999809265137,2.2024707794189453,2.2888182460434336e-09,0.18930061161518097,2.2024707794189453,0,94.44718170166016,0.007235157769173384,24.860591888427734,84,-0.2406264990568161,10714.634765625,1700000.0,1.490159034729004,85,3.519681215286255,0.1643216609954834,1,2.490370750427246,1000,2.2024707794189453,1.001702070236206,2.177840232849121,0.20869486033916473,1.9692033529281616,-0.01702902279794216,10837.063519056,1.001702070236206,0.001203433028422296,1.6626112461090088,0.010366223752498627,0
0.049738794565200806,8.554485321044922,121.16334533691406,0.986899197101593,0.9997236132621765,0.32379233837127686,0,10,1746507241.561701,2.196795701980591,165.06642150878906,0.0002803697425406426,1.4050556421279907,2.073518991470337,2.196795701980591,45.0,12.819999694824219,2.2226009368896484,3.8146971692576415e-10,0.10327962040901184,2.2226009368896484,0,96.08303833007812,0.014582736417651176,25.080284118652344,85,-0.13734687864780426,10835.9609375,1720000.0,0.6479175090789795,86,4.167598724365234,0.27648481726646423,1,2.8544681072235107,1000,2.2226009368896484,0.9997236132621765,2.196795701980591,0.1309276521205902,1.979008674621582,0.2619265913963318,10960.319105354,0.9997236132621765,0.00019542088557500392,1.171103596687317,-0.0037083327770233154,0
0.05214467644691467,8.447127342224121,123.17765045166016,1.1118806600570679,1.000265121459961,0.29596051573753357,0,10,1746507364.8168647,2.2160961627960205,162.3671112060547,0.0003124282229691744,1.2500272989273071,2.070626974105835,2.2160961627960205,65.0,18.6200008392334,2.2445929050445557,1.0681151962899094e-08,0.13505039550364017,2.2445929050445557,0,97.9840087890625,0.02154151350259781,25.193592071533203,86,-0.0022964831441640854,10959.2177734375,1740000.0,4.776958465576172,87,8.944557189941406,0.3071545958518982,1,3.284442901611328,1000,2.2445929050445557,1.000265121459961,2.2160961627960205,0.3252639174461365,1.9709882736206055,1.5188753604888916,11077.814961887,1.000265121459961,0.00018746918067336082,0.963555634021759,0.002405881881713867,0
0.04611793905496597,8.403141021728516,117.39692687988281,1.1315337419509888,1.0011574029922485,0.2835245728492737,0,10,1746507482.3127768,2.235708713531494,170.36221313476562,0.0003397747641429305,1.5801053047180176,2.071057081222534,2.235708713531494,22.149999618530273,18.559999465942383,2.2658231258392334,-5.340575981449547e-09,-0.3616734091192484,2.2658231258392334,0,94.53768920898438,0.009123007766902447,22.859214782714844,87,-0.3639698922634125,11076.7021484375,1760000.0,-2.971168041229248,88,5.973389148712158,0.19148951768875122,1,3.474456310272217,1000,2.2658231258392334,1.001157522201538,2.235708713531494,0.15030288696289062,1.9739567041397095,-0.11420296132564545,11199.998003794,1.001157522201538,0.0008183793979696929,1.480627179145813,-0.0060267373919487,0
0.048329804092645645,8.606101989746094,122.0756607055664,0.9843183755874634,1.000899314880371,0.31356751918792725,0,10,1746507604.495342,2.2558505535125732,163.83282470703125,0.0002779178030323237,1.242721438407898,2.071897268295288,2.2558505535125732,25.600000381469727,20.700000762939453,2.2865729331970215,-2.2888182460434336e-09,0.12834195792675018,2.2865729331970215,0,97.15876007080078,0.006519275717437267,24.91686248779297,88,-0.2356279343366623,11198.875,1780000.0,-1.1367149353027344,89,4.836674213409424,0.17902597784996033,1,2.5420992374420166,1000,2.2865729331970215,1.000899314880371,2.2558505535125732,0.11415789276361465,1.9775062799453735,0.06087975576519966,11323.316533794,1.000899314880371,0.0006358554237522185,1.7515195608139038,0.0022118650376796722,0
0.05571518465876579,9.452178001403809,123.22075653076172,1.0808920860290527,1.0022557973861694,0.3133532404899597,0,10,1746507727.813958,2.276374340057373,162.31031799316406,0.0002797002671286464,1.596177577972412,2.077120065689087,2.276374340057373,19.799999237060547,19.790000915527344,2.3065505027770996,1.5258788677030566e-09,-0.11720769107341766,2.3065505027770996,0,99.88920593261719,0.007955902256071568,23.33150863647461,89,-0.35283562541007996,11322.208984375,1800000.0,-0.3710293769836426,90,4.465644836425781,0.19763515889644623,1,3.219820976257324,1000,2.3065505027770996,1.0022557973861694,2.276374340057373,0.13359348475933075,1.984139084815979,-0.13953088223934174,11445.14920898,1.0022557973861694,0.0015950052766129375,1.585513710975647,0.007385380566120148,0
0.04125174880027771,9.129240989685059,121.73239135742188,0.8719429969787598,1.0027872323989868,0.2929041087627411,0,10,1746507849.6464722,2.296619415283203,164.29481506347656,0.0002959812409244478,1.0710718631744385,2.085649013519287,2.296619415283203,11.399999618530273,14.260000228881836,2.325328826904297,1.5258788677030566e-09,-0.015864640474319458,2.325328826904297,0,96.9349136352539,0.005613906774669886,24.797439575195312,90,-0.3687002658843994,11444.0380859375,1820000.0,-1.4442939758300781,91,3.021350860595703,0.15518276393413544,1,2.6753947734832764,1000,2.325328826904297,1.0027873516082764,2.296619415283203,0.17294122278690338,1.9939333200454712,-0.38746368885040283,11568.225704357,1.0027873516082764,0.0019708427134901285,1.8874784708023071,-0.014463435858488083,0
0.04479222372174263,8.802062034606934,122.96878814697266,1.0066862106323242,1.000494122505188,0.2787340581417084,0,10,1746507972.7232404,2.3159492015838623,162.6428985595703,0.00032301622559316456,1.3107640743255615,2.1011874675750732,2.3159492015838623,26.049999237060547,8.5,2.3439090251922607,-6.103515470812226e-09,0.08743306994438171,2.3439090251922607,0,97.39887237548828,0.00972989946603775,25.569889068603516,91,-0.2812671959400177,11567.107421875,1840000.0,0.6430180072784424,92,3.6643688678741455,0.19441485404968262,1,2.8393096923828125,1000,2.3439090251922607,1.0004942417144775,2.3159492015838623,0.1462395042181015,2.023919105529785,0.28625115752220154,11687.272102231,1.0004942417144775,0.0003494254488032311,1.433707594871521,0.00354047492146492,0
0.041518814861774445,8.930628776550293,118.94346618652344,1.1892958879470825,1.0004558563232422,0.29987069964408875,0,10,1746508091.7699287,2.3346962928771973,168.14710998535156,0.0003226894768886268,1.3466365337371826,2.101771354675293,2.3346962928771973,52.0,10.550000190734863,2.3638498783111572,-1.3732909920349812e-08,0.21848920732736588,2.3638498783111572,0,95.55286407470703,0.014372212812304497,23.39057731628418,92,-0.06277798861265182,11686.1572265625,1860000.0,1.646597146987915,93,5.3109660148620605,0.254203200340271,1,2.8708653450012207,1000,2.3638498783111572,1.0004558563232422,2.3346962928771973,0.1773717701435089,2.0180282592773438,1.416848063468933,11803.13959529,1.0004558563232422,0.00032239529537037015,1.1796495914459229,-0.0032734088599681854,0
0.042986854910850525,9.100968360900879,115.77781677246094,1.0290579795837402,1.002240777015686,0.2837168574333191,0,10,1746508207.6374974,2.352871894836426,172.7446746826172,0.0003313984489068389,1.3960119485855103,2.1002957820892334,2.352871894836426,16.450000762939453,10.130000114440918,2.3829073905944824,-5.340575981449547e-09,-0.3009103909134865,2.3829073905944824,0,91.68490600585938,0.008504640311002731,24.092884063720703,93,-0.3636883795261383,11802.03515625,1880000.0,-1.6770727634429932,94,3.6338932514190674,0.1850113570690155,1,2.987982988357544,1000,2.3829073905944824,1.0022408962249756,2.352871894836426,0.12497254461050034,2.0146398544311523,0.28748393058776855,11915.263997338,1.0022408962249756,0.0015844404697418213,1.5335105657577515,0.0014680400490760803,0
0.0407274030148983,8.296257019042969,112.03482055664062,0.7513777613639832,1.0018157958984375,0.28967273235321045,0,10,1746508319.7617843,2.370396614074707,178.51593017578125,0.00031441845931112766,0.9873552918434143,2.1104602813720703,2.370396614074707,10.199999809265137,8.960000038146973,2.4007863998413086,-3.051757735406113e-09,0.06551125645637512,2.4007863998413086,0,87.72125244140625,0.007620749995112419,24.313539505004883,94,-0.2981771230697632,11914.1572265625,1900000.0,-1.2707781791687012,95,2.363115072250366,0.1788099706172943,1,1.8303874731063843,1000,2.4007863998413086,1.0018157958984375,2.370396614074707,0.1367095708847046,2.043004035949707,-0.14129093289375305,12037.853716736,1.0018157958984375,0.0012839054688811302,1.6200031042099,-0.0022594518959522247,0
0.043665796518325806,8.790169715881348,122.48387145996094,0.9955160021781921,0.9998922944068909,0.29884564876556396,0,10,1746508442.3508701,2.3875484466552734,163.28680419921875,0.00031530996784567833,1.2452411651611328,2.105031728744507,2.3875484466552734,28.75,10.729999542236328,2.4187397956848145,-3.051757735406113e-09,0.06281758844852448,2.4187397956848145,0,96.83378601074219,0.010738051496446133,25.650062561035156,95,-0.2353595346212387,12036.732421875,1920000.0,1.62579345703125,96,3.988908529281616,0.21897517144680023,1,2.6724038124084473,1000,2.4187397956848145,0.9998923540115356,2.3875484466552734,0.12550567090511322,2.039515733718872,0.07383444905281067,12153.930545814,0.9998923540115356,7.614531205035746e-05,1.3647466897964478,0.0029383935034275055,0
0.05104292929172516,8.44303035736084,115.962158203125,0.8838759660720825,1.0006803274154663,0.287831574678421,0,10,1746508558.4280388,2.4043467044830322,172.47006225585938,0.00032211581128649414,0.8286802768707275,2.104973316192627,2.4043467044830322,17.0,10.550000190734863,2.4360454082489014,5.340575981449547e-09,-0.01921163499355316,2.4360454082489014,0,91.17305755615234,0.006601404398679733,24.78907585144043,96,-0.25457116961479187,12152.806640625,1940000.0,-1.027052879333496,97,2.96185564994812,0.1653643697500229,1,2.025580883026123,1000,2.4360454082489014,1.0006803274154663,2.4043467044830322,0.14923904836177826,2.043834924697876,-0.3529912233352661,12267.847182681,1.0006803274154663,0.0004810360260307789,1.7405900955200195,0.007377132773399353,0
0.04447939991950989,7.647722244262695,113.8276138305664,0.8043826222419739,1.0013831853866577,0.30752289295196533,0,10,1746508672.3451533,2.4204814434051514,175.70428466796875,0.00028851983370259404,0.943728506565094,2.120651960372925,2.4204814434051514,18.850000381469727,7.659999847412109,2.4528844356536865,3.051757735406113e-09,0.035907045006752014,2.4528844356536865,0,89.92597198486328,0.0077761756256222725,23.901620864868164,97,-0.21866412460803986,12266.7470703125,1960000.0,-0.002967357635498047,98,2.958888292312622,0.19175459444522858,1,1.6107797622680664,1000,2.4528844356536865,1.0013831853866577,2.4204814434051514,0.05932866409420967,2.0861806869506836,-0.1066872626543045,12390.458859551,1.0013831853866577,0.0009780878899618983,1.603731632232666,-0.006563529372215271,0
0.045524511486291885,7.380013942718506,122.50384521484375,0.905750572681427,0.9997029304504395,0.30853328108787537,0,10,1746508794.9562185,2.436157464981079,163.2601776123047,0.00029155740048736334,1.0455189943313599,2.1174123287200928,2.436157464981079,31.0,8.789999961853027,2.4700589179992676,-3.814697002724188e-09,0.038626790046691895,2.4700589179992676,0,98.11771392822266,0.012036703526973724,24.3861026763916,98,-0.18003733456134796,12389.333984375,1980000.0,1.271289587020874,99,4.230177879333496,0.23935416340827942,1,2.244776964187622,1000,2.4700589179992676,0.9997029304504395,2.436157464981079,0.1365983784198761,2.0825984477996826,-0.12479660660028458,12504.544335355,0.9997029304504395,0.00021003179426770657,1.2890241146087646,0.0010451115667819977,0
0.04772369563579559,7.545964241027832,113.96925354003906,0.8262439370155334,1.0000816583633423,0.2706306576728821,0,10,1746508909.0415144,2.4514987468719482,175.48593139648438,0.0003593888250179589,0.8623774647712708,2.109133720397949,2.4514987468719482,14.300000190734863,9.40999984741211,2.4865024089813232,0.0,-0.11151497066020966,2.4865024089813232,0,89.7472152709961,0.009903930127620697,24.222002029418945,99,-0.2915523052215576,12503.4150390625,2000000.0,-1.6809427738189697,100,2.5492351055145264,0.19044342637062073,1,2.0199813842773438,1000,2.4865024089813232,1.0000817775726318,2.4514987468719482,0.12918688356876373,2.0629994869232178,0.2747206687927246,12504.643726509,1.0000817775726318,5.7713095884537324e-05,1.4210553169250488,0.002199184149503708,0
