Misc/H_inv_g,Safety/ShieldLagrangeMultiplier/Max,Loss/Loss_pi/Delta,Loss/Loss_reward_critic,Safety/shield_violation,Train/StopIter,Metrics/LagrangeMultiplier,Safety/ShieldLagrangeMultiplier,Time/Total,Train/Epoch,Safety/ShieldLagrangeMultiplier/Std,Metrics/EpRet,Time/Update,Time/Rollout,Train/LR,_runtime,Misc/xHx,Misc/AcceptanceStep,Loss/Loss_cost_critic/Delta,_step,TotalEnvSteps,Time/Epoch,Safety/shield_adv_c,Value/reward,Misc/FinalStepNorm,Loss/Loss_cost_critic,Train/PolicyRatio,Misc/gradient_norm,Train/PolicyStd,Metrics/LagrangeMultiplier/Std,Metrics/LagrangeMultiplier/Min,Train/KL,_timestamp,Metrics/EpLen,Train/PolicyRatio/Min,Train/PolicyRatio/Std,Safety/EpCostShield,Value/cost,Train/PolicyRatio/Max,Time/FPS,Loss/Loss_reward_critic/Delta,Loss/Loss_pi,Metrics/EpCost,Safety/ShieldLagrangeMultiplier/Min,Misc/Alpha,Train/Entropy,Metrics/LagrangeMultiplier/Max,Value/Adv
0.060928959399461746,0.044999994337558746,-0.44354715943336487,0.005604959558695555,-0.09353576600551605,10,0.03599999472498894,0.044999994337558746,172.4750518798828,0,0,-0.6653857231140137,25.423446655273438,147.0503692626953,0,307.662714979,0.0012373389909043908,1,5.016091346740723,1,20000.0,172.4738311767578,0.5234705209732056,0.1293889433145523,0.2449585646390915,5.016091346740723,1.00167977809906,0.043259575963020325,1.0304464101791382,0,0.03599999472498894,0.00034808286000043154,1746496585.3664453,1000,1.00167977809906,0.0011878105578944087,40.099998474121094,0.2233709692955017,1.00167977809906,115.9596176147461,0.005604959558695555,-0.44354715943336487,17.450000762939453,0.044999994337558746,4.0203962326049805,1.448709487915039,0.03599999472498894,1.4495848965623281e-08
0.09044737368822098,0.07648342102766037,0.03705301880836487,0.003564569167792797,1.2810487747192383,10,0.06781819462776184,0.07648342102766037,306.365966796875,1,0,-0.4019149839878082,23.921844482421875,109.86639404296875,0,438.87790814,0.0016418825834989548,1,29.86668300628662,2,40000.0,133.7882843017578,2.1744065284729004,0.1057165265083313,0.315673828125,34.882774353027344,1.0026744604110718,0.029096078127622604,1.0564969778060913,0,0.06781819462776184,0.0002752525033429265,1746496719.2483091,1000,1.0026744604110718,0.0018911571241915226,140.35000610351562,0.7886825799942017,1.0026744604110718,149.48992919921875,-0.0020403903909027576,-0.406494140625,56.29999923706055,0.07648342102766037,3.490138292312622,1.4738010168075562,0.06781819462776184,4.577636492086867e-09
0.10882977396249771,0.10905544459819794,0.022945493459701538,0.005201080348342657,2.6606838703155518,10,0.10105728358030319,0.10905544459819794,437.5650634765625,2,0,-0.17817027866840363,23.176794052124023,107.93026733398438,0,576.620856426,0.0029069846495985985,1,-15.655923843383789,3,60000.0,131.10708618164062,0.6297405958175659,0.08650587499141693,0.28545692563056946,19.226850509643555,0.9988021850585938,0.06819330900907516,1.0817689895629883,0,0.10105728358030319,0.00040111911948770285,1746496850.4634483,1000,0.9988021850585938,0.0008469830499961972,94.1500015258789,1.8439182043075562,0.9988021850585938,152.54705810546875,0.00163651118054986,-0.38354864716529846,53.79999923706055,0.10905544459819794,2.62296724319458,1.4971224069595337,0.10105728358030319,3.051757735406113e-09
0.08273132145404816,0.14260494709014893,0.03625285625457764,0.005501743406057358,5.39645528793335,10,0.13502511382102966,0.14260494709014893,575.3331298828125,3,0,-0.17364788055419922,23.398765563964844,114.25593566894531,0,708.740954346,0.0015644868835806847,1,6.739336013793945,4,80000.0,137.6547393798828,0.5675902962684631,0.09965208917856216,0.2957996129989624,25.9661865234375,1.0021276473999023,0.04367316886782646,1.1227765083312988,0,0.13502511382102966,0.0003415623214095831,1746496988.2066507,1000,1.0021276473999023,0.0015044177416712046,131.85000610351562,3.1812045574188232,1.0021276473999023,145.29104614257812,0.0003006630577147007,-0.3472957909107208,63.70000076293945,0.14260494709014893,3.5754246711730957,1.5330467224121094,0.13502511382102966,-1.678466787780053e-08
0.06364463269710541,0.17652824521064758,-0.001456916332244873,0.0044980281963944435,3.592886209487915,10,0.16948305070400238,0.17652824521064758,707.4386596679688,4,0,-0.21990203857421875,23.281286239624023,108.74364471435547,0,838.803645105,0.0015156836016103625,1,-11.431597709655762,5,100000.0,132.02496337890625,1.4490225315093994,0.060034673660993576,0.23119105398654938,14.534588813781738,1.001347541809082,0.06367760896682739,1.1608619689941406,0,0.16948305070400238,0.0003632326843217015,1746497120.3270772,1000,1.001347541809082,0.00095291220350191,110.30000305175781,2.6601974964141846,1.001347541809082,151.48651123046875,-0.0010037152096629143,-0.3487527072429657,62.79999923706055,0.17652824521064758,3.632530450820923,1.5667524337768555,0.16948305070400238,-2.4414061883248905e-08
0.11332503706216812,0.21096284687519073,-0.01753273606300354,0.012534483335912228,9.872058868408203,10,0.2043525129556656,0.21096284687519073,837.5178833007812,5,0,0.20792128145694733,23.364299774169922,106.62421417236328,0,967.435932228,0.0020640133880078793,1,7.162835121154785,6,120000.0,129.98854064941406,3.106396436691284,0.06920092552900314,0.35276341438293457,21.697423934936523,1.0020664930343628,0.030162034556269646,1.1990872621536255,0,0.2043525129556656,0.0002182606258429587,1746497250.3898945,1000,1.0020664930343628,0.001461203210055828,135.89999389648438,3.964364528656006,1.0020664930343628,153.85971069335938,0.008036455139517784,-0.36628544330596924,72.5999984741211,0.21096284687519073,3.1128463745117188,1.599880337715149,0.2043525129556656,1.1444091230217168e-09
0.12414915859699249,0.2457963228225708,-0.009102553129196167,0.006994627881795168,10.861652374267578,10,0.2395021766424179,0.2457963228225708,966.1529541015625,6,0,0.46409374475479126,23.342405319213867,105.22273254394531,0,1103.177225051,0.002683748956769705,1,2.1939830780029297,7,140000.0,128.56515502929688,-0.4925330877304077,0.0819147452712059,0.33891206979751587,23.891407012939453,1.0013023614883423,0.04434075951576233,1.2429653406143188,0,0.2395021766424179,0.00025853022816590965,1746497379.022149,1000,1.0013024806976318,0.0009208805277012289,141.14999389648438,4.447259426116943,1.0013024806976318,155.56314086914062,-0.00553985545411706,-0.3753879964351654,68.98999786376953,0.2457963228225708,2.7298779487609863,1.635952115058899,0.2395021766424179,0.0
0.11319001764059067,0.27998679876327515,-0.09752228856086731,0.010390935465693474,10.957459449768066,10,0.27471858263015747,0.27998679876327515,1101.8905029296875,7,0,0.7659925818443298,22.089048385620117,113.58110809326172,0,1231.813256894,0.0025745145976543427,1,-9.376230239868164,8,160000.0,135.67018127441406,-0.6905175447463989,0.07206333428621292,0.3154819905757904,14.515176773071289,1.0012221336364746,0.0717509314417839,1.284401297569275,0,0.27471858263015747,0.0002708344836719334,1746497514.76333,1000,1.0012221336364746,0.0008641789318062365,85.25,5.619062423706055,1.0012221336364746,147.41632080078125,0.003396307583898306,-0.4729102849960327,62.459999084472656,0.27998679876327515,2.787189245223999,1.6687341928482056,0.27471858263015747,1.831054596834747e-08
0.14140629768371582,0.3137408494949341,0.11331868171691895,0.01145034097135067,7.535674095153809,10,0.3096177875995636,0.3137408494949341,1230.502685546875,8,0,1.0619173049926758,21.947696685791016,106.59358978271484,0,1373.689995184,0.004288638010621071,1,-1.6313667297363281,9,180000.0,128.5413055419922,-0.6079280972480774,0.10247824341058731,0.305368036031723,12.883810043334961,0.9981575012207031,0.09093109518289566,1.306099534034729,0,0.3096177875995636,0.00036703344085253775,1746497643.3989499,1000,0.9981575012207031,0.0013028152752667665,87.1500015258789,3.907119035720825,0.9981575012207031,155.59201049804688,0.001059405505657196,-0.35959160327911377,51.36000061035156,0.3137408494949341,2.159507989883423,1.6851181983947754,0.3096177875995636,7.629394338515283e-10
0.13757629692554474,0.3483003079891205,0.10807240009307861,0.011128097772598267,10.358577728271484,10,0.3442896902561188,0.3483003079891205,1372.404052734375,9,0,1.5308362245559692,22.634796142578125,119.17124938964844,0,1509.835842449,0.004304647911339998,1,6.953523635864258,10,200000.0,141.8060760498047,0.1801682412624359,0.1223621815443039,0.2965441048145294,19.83733367919922,1.0001665353775024,0.06425557285547256,1.3505924940109253,0,0.3442896902561188,0.00030322547536343336,1746497785.2758687,1000,1.000166654586792,0.00011773020378313959,178.85000610351562,4.614119052886963,1.000166654586792,141.0376739501953,-0.00032224319875240326,-0.25151920318603516,51.790000915527344,0.3483003079891205,2.1554882526397705,1.7185111045837402,0.3442896902561188,-4.577636492086867e-09
0.12190750241279602,0.3820786476135254,-0.19416630268096924,0.01703469268977642,9.343069076538086,10,0.3783845603466034,0.3820786476135254,1508.5443115234375,10,0,1.6186364889144897,23.94490623474121,112.11802673339844,0,1640.404815039,0.003158139530569315,1,-8.957389831542969,11,220000.0,136.06295776367188,-0.5301490426063538,0.15371352434158325,0.30678147077560425,10.87994384765625,1.0006895065307617,0.06607495248317719,1.3910170793533325,0,0.3783845603466034,0.0003023041062988341,1746497921.422182,1000,1.0006895065307617,0.0004876109305769205,79.75,4.77839469909668,1.0006895065307617,146.99078369140625,0.005906594917178154,-0.4456855058670044,42.689998626708984,0.3820786476135254,2.516510009765625,1.7476917505264282,0.3783845603466034,1.5258788677030566e-09
0.1379178762435913,0.41491878032684326,0.0102461576461792,0.01567739062011242,7.623868942260742,10,0.41132402420043945,0.41491878032684326,1639.113037109375,11,0,1.8931910991668701,23.776779174804688,106.71626281738281,0,1768.975146379,0.00397907942533493,1,-1.4681453704833984,12,240000.0,130.49307250976562,0.0755910575389862,0.10991261899471283,0.30920302867889404,9.411798477172852,1.002833366394043,0.0817120224237442,1.4072901010513306,0,0.41132402420043945,0.0003406353062018752,1746498051.990682,1000,1.002833366394043,0.002003548899665475,68.55000305175781,3.9056999683380127,1.002833366394043,153.2648468017578,-0.0013573020696640015,-0.4354393482208252,30.139999389648438,0.41491878032684326,2.2419357299804688,1.7600054740905762,0.41132402420043945,-1.4495848965623281e-08
0.14642350375652313,0.4461483359336853,-0.06162920594215393,0.015458226203918457,7.5391716957092285,10,0.4433196485042572,0.4461483359336853,1767.6817626953125,12,0,2.062669277191162,23.508792877197266,104.97467041015625,0,1897.600934761,0.00365848490037024,1,-3.4338107109069824,13,260000.0,128.48348999023438,0.1222325935959816,0.15021704137325287,0.34235334396362305,5.977987766265869,1.0018941164016724,0.06473833322525024,1.4271031618118286,0,0.4433196485042572,0.0002883598208427429,1746498180.560908,1000,1.001894235610962,0.0013393706176429987,42.04999923706055,3.372408628463745,1.001894235610962,155.66201782226562,-0.0002191644161939621,-0.4970685541629791,30.540000915527344,0.4461483359336853,2.338103771209717,1.7744637727737427,0.4433196485042572,6.866454960174906e-09
0.12317486852407455,0.4773135483264923,0.12093305587768555,0.022211642935872078,7.16904354095459,10,0.47447600960731506,0.4773135483264923,1896.30078125,13,0,2.4834072589874268,22.35987091064453,106.16785430908203,0,2028.344558907,0.003253011265769601,1,4.384852886199951,14,280000.0,128.5277557373047,-0.5026419758796692,0.24767367541790009,0.3054172992706299,10.36284065246582,1.0018610954284668,0.058981914073228836,1.4188836812973022,0,0.47447600960731506,0.0003447552735451609,1746498309.186483,1000,1.0018610954284668,0.00131599314045161,86.05000305175781,2.523391008377075,1.0018610954284668,155.60841369628906,0.006753416731953621,-0.3761354982852936,29.809999465942383,0.4773135483264923,2.4795424938201904,1.7685294151306152,0.47447600960731506,-9.155272984173735e-09
0.17075756192207336,0.5090604424476624,0.08531874418258667,0.03721413388848305,7.84480094909668,10,0.5045238137245178,0.5090604424476624,2027.035888671875,14,0,3.2112112045288086,22.94581413269043,107.69309997558594,0,2163.478346055,0.005249361507594585,1,4.069228172302246,15,300000.0,130.63894653320312,0.060143545269966125,0.27297675609588623,0.33330461382865906,14.432068824768066,1.001556396484375,0.07066969573497772,1.4022603034973145,0,0.5045238137245178,0.00027787851286120713,1746498439.9300168,1000,1.001556396484375,0.001100538531318307,113.4000015258789,3.1609530448913574,1.001556396484375,153.0937042236328,0.01500249095261097,-0.2908167541027069,23.729999542236328,0.5090604424476624,1.951917052268982,1.7566676139831543,0.5045238137245178,1.3732909920349812e-08
0.16251911222934723,0.541046679019928,-0.03904002904891968,0.04062308371067047,8.050145149230957,10,0.533675491809845,0.541046679019928,2162.18505859375,15,0,3.827996253967285,22.39487648010254,112.6460189819336,0,2289.042977276,0.0045422278344631195,1,-2.879420280456543,16,320000.0,135.0409393310547,-0.9267356395721436,0.306773841381073,0.34102365374565125,11.552648544311523,1.00068998336792,0.08400192111730576,1.400351881980896,0,0.533675491809845,0.00025934659061022103,1746498575.064318,1000,1.00068998336792,0.0004878919280599803,101.5,2.959073781967163,1.00068998336792,148.10324096679688,0.0034089498221874237,-0.3298567831516266,24.600000381469727,0.541046679019928,2.098360300064087,1.7552601099014282,0.533675491809845,0.0
0.16262193024158478,0.5725331902503967,-0.09509584307670593,0.04264512658119202,8.657820701599121,10,0.5622862577438354,0.5725331902503967,2287.752197265625,16,0,4.710855484008789,22.37803077697754,103.10700988769531,0,2414.876208344,0.005259690340608358,1,-1.0565414428710938,17,340000.0,125.48507690429688,-1.8338687419891357,0.36369946599006653,0.31711268424987793,10.49610710144043,1.0010401010513306,0.06504204124212265,1.4238306283950806,0,0.5622862577438354,0.0002538077824283391,1746498700.6286807,1000,1.0010402202606201,0.0007355468114838004,72.9000015258789,2.7987563610076904,1.0010402202606201,159.38150024414062,0.0020220428705215454,-0.4249526262283325,28.010000228881836,0.5725331902503967,1.9499995708465576,1.7717437744140625,0.5622862577438354,2.0599363992346298e-08
0.15460088849067688,0.6029338836669922,0.014856547117233276,0.02763064019382,6.353659629821777,10,0.5903149843215942,0.6029338836669922,2413.580322265625,17,0,4.8061017990112305,23.37323760986328,102.36946868896484,0,2537.731511151,0.004051295109093189,1,-4.2521443367004395,18,360000.0,125.74272918701172,0.26796796917915344,0.21249087154865265,0.3435021936893463,6.24396276473999,1.0015935897827148,0.06413181871175766,1.4369667768478394,0,0.5903149843215942,0.0002543841255828738,1746498826.462033,1000,1.0015935897827148,0.0011267820373177528,50.54999923706055,2.464050769805908,1.0015935897827148,159.05491638183594,-0.015014486387372017,-0.41009607911109924,26.190000534057617,0.6029338836669922,2.2218642234802246,1.7810834646224976,0.5903149843215942,3.051757735406113e-09
0.15503285825252533,0.6327676177024841,0.0307886004447937,0.027076400816440582,6.3714680671691895,10,0.6177303791046143,0.6327676177024841,2536.435546875,18,0,4.8496623039245605,22.102216720581055,100.66336059570312,0,2656.356667442,0.004568120464682579,1,2.744922161102295,19,380000.0,122.7656021118164,-0.4655276834964752,0.24802476167678833,0.32439154386520386,8.988884925842285,1.000833511352539,0.10191544145345688,1.4562231302261353,0,0.6177303791046143,0.000267830298980698,1746498949.317121,1000,1.000833511352539,0.0005894377245567739,62.900001525878906,2.375638961791992,1.000833511352539,162.91207885742188,-0.0005542393773794174,-0.37930747866630554,24.540000915527344,0.6327676177024841,2.092405080795288,1.7943620681762695,0.6177303791046143,1.4495848965623281e-08
0.14617058634757996,0.6611028909683228,-0.09023445844650269,0.02388339675962925,5.630962371826172,10,0.6442983746528625,0.6611028909683228,2655.0478515625,19,0,4.233965873718262,23.88345718383789,94.6363525390625,0,2788.379711432,0.004382685292512178,1,-3.3260374069213867,20,400000.0,118.51983642578125,-0.9771618843078613,0.2379419505596161,0.31225135922431946,5.662847518920898,1.0021120309829712,0.1137276440858841,1.4790512323379517,0,0.6442983746528625,0.0002877555089071393,1746499067.9420705,1000,1.0021121501922607,0.0014934033388271928,32.04999923706055,2.3503472805023193,1.0021121501922607,168.7481231689453,-0.0031930040568113327,-0.4695419371128082,20.15999984741211,0.6611028909683228,2.136212110519409,1.8098868131637573,0.6442983746528625,3.051757735406113e-09
0.1820005178451538,0.6892473697662354,0.04785031080245972,0.029282286763191223,7.405020236968994,10,0.6700483560562134,0.6892473697662354,2787.088134765625,20,0,4.263883590698242,23.171566009521484,108.76044464111328,0,2919.538783283,0.005742372013628483,1,2.1721138954162598,21,420000.0,131.93203735351562,-1.064314603805542,0.49102866649627686,0.33965781331062317,7.834961414337158,1.0012832880020142,0.05723886936903,1.4959945678710938,0,0.6700483560562134,0.0002447693550493568,1746499199.9660654,1000,1.0012834072113037,0.0009074497502297163,66.55000305175781,2.895911931991577,1.0012834072113037,151.59320068359375,0.005398890003561974,-0.4216916263103485,19.170000076293945,0.6892473697662354,1.8662463426589966,1.821524739265442,0.6700483560562134,-3.051757735406113e-09
0.1720871776342392,0.7175289392471313,0.10138097405433655,0.0328206941485405,6.535326957702637,10,0.6948908567428589,0.7175289392471313,2918.22021484375,21,0,3.885143518447876,22.510963439941406,108.54515075683594,0,3045.184994496,0.006144428160041571,1,0.48754167556762695,22,440000.0,131.05615234375,0.5765082240104675,0.47969090938568115,0.3104719817638397,8.322503089904785,1.0009294748306274,0.09180834144353867,1.5445772409439087,0,0.6948908567428589,0.00028946087695658207,1746499331.12404,1000,1.000929594039917,0.0006572098354808986,76.25,2.764272451400757,1.000929594039917,152.60633850097656,0.0035384073853492737,-0.32031065225601196,16.75,0.7175289392471313,1.8041552305221558,1.8531748056411743,0.6948908567428589,-9.155272984173735e-09
0.1836315095424652,0.7464073300361633,0.07745373249053955,0.037039052695035934,6.231234550476074,10,0.719431459903717,0.7464073300361633,3043.884765625,22,0,4.275987148284912,23.340688705444336,102.20541381835938,0,3171.886428126,0.006793102715164423,1,0.5053386688232422,23,460000.0,125.54612731933594,-0.6022462248802185,0.3811109960079193,0.3150850534439087,8.827841758728027,1.0004786252975464,0.08964776247739792,1.6048256158828735,0,0.719431459903717,0.00025420926976948977,1746499456.7708619,1000,1.0004786252975464,0.00033841110416688025,92.6500015258789,2.580265998840332,1.0004786252975464,159.3040008544922,0.004218358546495438,-0.2428569197654724,23.209999084472656,0.7464073300361633,1.7158550024032593,1.891363501548767,0.719431459903717,-6.103515470812226e-09
0.16738629341125488,0.7751387357711792,-0.16611060500144958,0.04710184037685394,7.571081161499023,10,0.7437295317649841,0.7751387357711792,3170.58984375,23,0,4.766351222991943,22.099884033203125,104.51023864746094,0,3301.479579967,0.005069238133728504,1,-0.7634143829345703,24,480000.0,126.61016082763672,0.255123108625412,0.477847158908844,0.3324781656265259,8.064427375793457,1.0014158487319946,0.08748061209917068,1.6315975189208984,0,0.7437295317649841,0.0002590215590316802,1746499583.47216,1000,1.0014159679412842,0.0010011843405663967,69.0,3.1919476985931396,1.0014159679412842,157.9652099609375,0.010062787681818008,-0.408967524766922,23.3700008392334,0.7751387357711792,1.9862926006317139,1.9079233407974243,0.7437295317649841,6.103515470812226e-09
0.1680513620376587,0.8032214641571045,-0.10782340168952942,0.03863377496600151,8.245874404907227,10,0.7678140997886658,0.8032214641571045,3300.1767578125,24,0,5.208392143249512,22.776992797851562,106.71913146972656,0,3424.333782528,0.005457412451505661,1,-0.336946964263916,25,500000.0,129.49615478515625,-0.3690909147262573,0.5008071660995483,0.3217090368270874,7.727480411529541,1.0029999017715454,0.08675356954336166,1.6586432456970215,0,0.7678140997886658,0.0002570756187196821,1746499713.0652444,1000,1.003000020980835,0.0021213351283222437,52.349998474121094,3.941239356994629,1.003000020980835,154.4447479248047,-0.008468065410852432,-0.5167909264564514,23.219999313354492,0.8032214641571045,1.9143494367599487,1.924534797668457,0.7678140997886658,4.577636492086867e-09
0.15029017627239227,0.83027583360672,0.03759762644767761,0.03508733585476875,6.452228546142578,10,0.7915644645690918,0.83027583360672,3423.037841796875,25,0,4.878657817840576,24.124588012695312,98.62628936767578,0,3545.407156902,0.004659898113459349,1,-2.0472869873046875,26,520000.0,122.75091552734375,-0.921359121799469,0.45903560519218445,0.3113557696342468,5.6801934242248535,1.002901554107666,0.08510401844978333,1.6588138341903687,0,0.7915644645690918,0.00031347142066806555,1746499835.919515,1000,1.002901554107666,0.0020517087541520596,39.0,2.9117183685302734,1.002901554107666,162.93157958984375,-0.0035464391112327576,-0.4791933000087738,21.209999084472656,0.83027583360672,2.071697473526001,1.9248179197311401,0.7915644645690918,-3.051757735406113e-09
0.17351049184799194,0.8564074039459229,-0.041823893785476685,0.04728323221206665,7.13733434677124,10,0.8148167133331299,0.8564074039459229,3544.12255859375,26,0,5.389902114868164,22.185644149780273,98.80896759033203,0,3680.151979589,0.004950028378516436,1,-1.2321414947509766,27,540000.0,120.99463653564453,0.0021600425243377686,0.6216614246368408,0.34876787662506104,4.448051929473877,1.0022335052490234,0.06349048763513565,1.6704374551773071,0,0.8148167133331299,0.00021564646158367395,1746499956.9933338,1000,1.0022335052490234,0.0015792704652994871,38.849998474121094,2.8135743141174316,1.0022335052490234,165.2965850830078,0.012195896357297897,-0.5210171937942505,18.59000015258789,0.8564074039459229,2.010067939758301,1.9316444396972656,0.8148167133331299,-6.103515470812226e-09
0.1837804764509201,0.8830578327178955,0.12178102135658264,0.04714348167181015,8.222290992736816,10,0.8372935056686401,0.8830578327178955,3678.859130859375,27,0,5.921070575714111,22.52285385131836,112.14408874511719,0,3806.32978951,0.0075055621564388275,1,2.020232677459717,28,560000.0,134.66697692871094,0.16978797316551208,0.773696780204773,0.3000008463859558,6.468284606933594,1.0021157264709473,0.09773579984903336,1.6658416986465454,0,0.8372935056686401,0.00031986599788069725,1746500091.7382722,1000,1.0021157264709473,0.0014960444532334805,78.5,3.154899835586548,1.0021157264709473,148.51451110839844,-0.00013975054025650024,-0.39923617243766785,14.539999961853027,0.8830578327178955,1.6323869228363037,1.928404450416565,0.8372935056686401,6.866454960174906e-09
0.2246207743883133,0.90973961353302,0.01316651701927185,0.05867819860577583,6.791194438934326,10,0.8589798212051392,0.90973961353302,3805.026611328125,28,0,6.122695446014404,22.63230323791504,103.45764923095703,0,3934.367348285,0.008605729788541794,1,0.08700418472290039,29,580000.0,126.08998107910156,-0.8402491807937622,0.6787444353103638,0.34242919087409973,6.555288791656494,1.002062201499939,0.1110890731215477,1.6502374410629272,0,0.8589798212051392,0.0002541614812798798,1746500217.9153385,1000,1.002062201499939,0.001458112383261323,64.80000305175781,2.600757360458374,1.002062201499939,158.6168975830078,0.011534716933965683,-0.386069655418396,13.390000343322754,0.90973961353302,1.5244770050048828,1.9181569814682007,0.8589798212051392,-5.340575981449547e-09
0.17409747838974,0.9362084865570068,-0.03873828053474426,0.05283651500940323,7.053045272827148,10,0.8800389170646667,0.9362084865570068,3933.052978515625,29,0,6.247200965881348,23.468914031982422,104.45745849609375,0,4054.74046423,0.005477739963680506,1,-0.9080405235290527,30,600000.0,127.92640686035156,-0.2748991847038269,0.5999218821525574,0.33266445994377136,5.647248268127441,1.0025430917739868,0.12423590570688248,1.6349811553955078,0,0.8800389170646667,0.00023651255469303578,1746500345.9531724,1000,1.0025432109832764,0.0017983217258006334,57.29999923706055,2.720249652862549,1.0025432109832764,156.3398895263672,-0.005841683596372604,-0.42480793595314026,14.289999961853027,0.9362084865570068,1.9107941389083862,1.9087539911270142,0.8800389170646667,-1.907348501362094e-09
0.18591667711734772,0.9620978236198425,0.094292551279068,0.038554348051548004,4.276724815368652,10,0.9005821943283081,0.9620978236198425,4053.44091796875,30,0,6.170360088348389,23.477371215820312,96.80464172363281,0,4180.128588137,0.006844362709671259,1,-0.9765787124633789,31,620000.0,120.28205108642578,0.544514536857605,0.4474964737892151,0.31780922412872314,4.6706695556640625,1.0024830102920532,0.08955299109220505,1.6397148370742798,0,0.9005821943283081,0.00028391307569108903,1746500466.3266158,1000,1.0024831295013428,0.0017557252431288362,45.95000076293945,1.4975385665893555,1.0024831295013428,166.27584838867188,-0.014282166957855225,-0.33051538467407227,14.760000228881836,0.9620978236198425,1.7094175815582275,1.9117740392684937,0.9005821943283081,7.629394005448376e-09
0.1659706085920334,0.9871652722358704,-0.18869715929031372,0.05052047595381737,6.986457824707031,10,0.9207336902618408,0.9871652722358704,4178.83935546875,31,0,5.948493003845215,23.274944305419922,102.0371322631836,0,4298.932888867,0.005214361473917961,1,0.6113133430480957,32,640000.0,125.31211853027344,-0.4910053610801697,0.6828306913375854,0.32504627108573914,5.281982898712158,1.0041028261184692,0.08915518969297409,1.6542377471923828,0,0.9207336902618408,0.00027315024635754526,1746500591.7143533,1000,1.0041029453277588,0.002901164349168539,37.54999923706055,3.325039863586426,1.0041029453277588,159.6014862060547,0.011966127902269363,-0.519212543964386,15.479999542236328,0.9871652722358704,1.9584568738937378,1.9201440811157227,0.9207336902618408,-6.103515470812226e-09
0.16555339097976685,1.0111901760101318,0.13770368695259094,0.06414440274238586,4.15304708480835,10,0.9402474761009216,1.0111901760101318,4297.6416015625,32,0,5.035686492919922,23.337791442871094,95.3876953125,0,4421.033756776,0.005397862289100885,1,-1.4679374694824219,33,660000.0,118.72550201416016,-0.35579627752304077,0.4546673893928528,0.31867045164108276,3.8140454292297363,1.002838134765625,0.08998776227235794,1.6679922342300415,0,0.9402474761009216,0.00028208669391460717,1746500710.5187821,1000,1.002838134765625,0.002006864408031106,29.5,1.6797600984573364,1.002838134765625,168.455810546875,0.013623926788568497,-0.38150885701179504,12.239999771118164,1.0111901760101318,1.9248801469802856,1.9269908666610718,0.9402474761009216,0.0
0.27318039536476135,1.035319447517395,-0.018347710371017456,0.07050943374633789,6.355813026428223,10,0.9590811729431152,1.035319447517395,4419.68798828125,33,0,4.969310760498047,22.38774299621582,99.57318115234375,0,4553.806752879,0.01416805386543274,1,0.9532194137573242,34,680000.0,121.96095275878906,-0.25602659583091736,0.734965443611145,0.3245706856250763,4.7672648429870605,1.00063955783844,0.13029871881008148,1.6801681518554688,0,0.9590811729431152,0.00025484187062829733,1746500832.6188676,1000,1.0006396770477295,0.00045226377551443875,57.0,2.387188196182251,1.0006396770477295,163.98690795898438,0.006365031003952026,-0.3998565673828125,11.050000190734863,1.035319447517395,1.1881184577941895,1.9347543716430664,0.9590811729431152,-3.051757735406113e-09
0.1918177306652069,1.0601441860198975,0.14308133721351624,0.07489332556724548,5.558162689208984,10,0.9775233268737793,1.0601441860198975,4552.46484375,34,0,5.620593070983887,24.711637496948242,107.91793060302734,0,4686.310338054,0.007759084925055504,1,1.846524715423584,35,700000.0,132.6295928955078,-0.1701953411102295,0.7157115936279297,0.3079627752304077,6.6137895584106445,1.0028988122940063,0.08932619541883469,1.6967992782592773,0,0.9775233268737793,0.0002820948138833046,1746500965.3921626,1000,1.002898931503296,0.0020497979130595922,73.5,1.890378475189209,1.002898931503296,150.79591369628906,0.004383891820907593,-0.25677523016929626,13.359999656677246,1.0601441860198975,1.605496883392334,1.9429616928100586,0.9775233268737793,-4.959106458812812e-09
0.28994032740592957,1.0861519575119019,-0.004072964191436768,0.0882854089140892,6.864103317260742,10,0.9958971738815308,1.0861519575119019,4684.98291015625,35,0,6.791688442230225,24.419414520263672,107.95639038085938,0,4806.445782485,0.016274170950055122,1,1.3380789756774902,36,720000.0,132.37582397460938,-0.1444564014673233,0.8101116418838501,0.3214208483695984,7.951868534088135,0.9997799396514893,0.14011570811271667,1.7005481719970703,0,0.9958971738815308,0.00028726167511194944,1746501097.8956432,1000,0.9997799396514893,0.00015560616157017648,89.80000305175781,2.444887638092041,0.9997799396514893,151.08499145507812,0.01339208334684372,-0.26084819436073303,16.299999237060547,1.0861519575119019,1.1085759401321411,1.9439910650253296,0.9958971738815308,-7.629394005448376e-09
0.18125277757644653,1.1114723682403564,-0.1080891489982605,0.06468082964420319,5.036545276641846,10,1.014329433441162,1.1114723682403564,4805.1396484375,36,0,6.399020195007324,24.398456573486328,95.62969207763672,0,4940.06124959,0.00628547603264451,1,-3.314620018005371,37,740000.0,120.0281753540039,-0.6185464262962341,0.4992317259311676,0.3233182728290558,4.637248516082764,1.0027183294296265,0.10394705832004547,1.6894140243530273,0,1.014329433441162,0.00027875634259544313,1746501218.0315447,1000,1.0027183294296265,0.0019221771508455276,40.650001525878906,1.5808923244476318,1.0027183294296265,166.62754821777344,-0.023604579269886017,-0.36893734335899353,17.450000762939453,1.1114723682403564,1.7837976217269897,1.9371427297592163,1.014329433441162,-7.629394338515283e-10
0.21888591349124908,1.1371268033981323,0.0658462643623352,0.069073885679245,5.925790786743164,10,1.033085584640503,1.1371268033981323,4938.76025390625,37,0,7.146961212158203,24.22828483581543,109.2901840209961,0,5066.787922356,0.010078903287649155,1,2.9023122787475586,38,760000.0,133.51852416992188,-0.18667928874492645,0.6355162858963013,0.3083372414112091,7.539560794830322,1.001546859741211,0.14786165952682495,1.6908602714538574,0,1.033085584640503,0.00029690301744267344,1746501351.6465688,1000,1.001546859741211,0.0010938511695712805,66.0,2.086397171020508,1.001546859741211,149.7919464111328,0.004393056035041809,-0.3030910789966583,20.200000762939453,1.1371268033981323,1.4086663722991943,1.9384770393371582,1.033085584640503,3.051757735406113e-09
0.22208133339881897,1.1628823280334473,-0.021585047245025635,0.06539995968341827,5.742898941040039,10,1.0523114204406738,1.1628823280334473,5065.498046875,38,0,6.992107391357422,23.329307556152344,103.30745697021484,0,5193.959928661,0.008472979068756104,1,-0.8126773834228516,39,780000.0,126.63678741455078,-0.14349141716957092,0.6564502120018005,0.34119975566864014,6.726883411407471,1.0016422271728516,0.12919048964977264,1.6852225065231323,0,1.0523114204406738,0.00023504646378569305,1746501478.373964,1000,1.0016422271728516,0.0011611738009378314,60.25,2.1643764972686768,1.0016422271728516,157.93199157714844,-0.003673925995826721,-0.32467612624168396,21.950000762939453,1.1628823280334473,1.5363730192184448,1.9357243776321411,1.0523114204406738,3.051757735406113e-09
0.18722030520439148,1.1883360147476196,-0.09947279095649719,0.05206532031297684,6.486152172088623,10,1.0717686414718628,1.1883360147476196,5192.66552734375,39,0,6.811625957489014,23.265274047851562,103.81880950927734,0,5316.130508977,0.008378671482205391,1,-0.037485599517822266,40,800000.0,127.08411407470703,-0.7844391465187073,0.7294815182685852,0.28925448656082153,6.689397811889648,1.0029445886611938,0.13706853985786438,1.6766914129257202,0,1.0717686414718628,0.0003160680935252458,1746501605.5455344,1000,1.0029447078704834,0.0020821106154471636,49.5,2.4142472743988037,1.0029447078704834,157.37608337402344,-0.013334639370441437,-0.42414891719818115,19.760000228881836,1.1883360147476196,1.5449953079223633,1.9316190481185913,1.0717686414718628,4.577636492086867e-09
0.20313331484794617,1.2134290933609009,0.019171446561813354,0.057981375604867935,5.857755661010742,10,1.0911617279052734,1.2134290933609009,5314.83984375,40,0,6.268093109130859,21.837800979614258,100.2452392578125,0,5440.179788005,0.0074171326123178005,1,-1.0657134056091309,41,820000.0,122.08307647705078,0.3668721914291382,0.5967803001403809,0.3335629999637604,5.623684406280518,1.0017646551132202,0.12539781630039215,1.6823406219482422,0,1.0911617279052734,0.0002562879817560315,1746501727.716785,1000,1.0017646551132202,0.0012477153213694692,46.95000076293945,2.150249719619751,1.0017646551132202,163.8228759765625,0.005916055291891098,-0.4049774706363678,16.780000686645508,1.2134290933609009,1.6420890092849731,1.935921549797058,1.0911617279052734,-6.484984993448961e-09
0.20221763849258423,1.2381047010421753,-0.0475287139415741,0.05322085693478584,6.355815410614014,10,1.1104544401168823,1.2381047010421753,5438.89501953125,41,0,6.479032516479492,24.540752410888672,99.43926239013672,0,5564.065223702,0.008820478804409504,1,-0.36634111404418945,42,840000.0,123.98003387451172,-0.3183295726776123,0.5975157022476196,0.3045002818107605,5.257343292236328,1.0027738809585571,0.12325121462345123,1.6821116209030151,0,1.1104544401168823,0.00030854030046612024,1746501851.7657087,1000,1.0027740001678467,0.0019614018965512514,44.349998474121094,2.1652793884277344,1.0027740001678467,161.31629943847656,-0.004760518670082092,-0.4525061845779419,16.229999542236328,1.2381047010421753,1.5058047771453857,1.937268614768982,1.1104544401168823,3.433227480087453e-09
0.18687118589878082,1.262454628944397,-0.01595759391784668,0.048217594623565674,6.775148391723633,10,1.1296377182006836,1.262454628944397,5562.77001953125,42,0,6.11102294921875,22.85645294189453,100.94248962402344,0,5689.989350575,0.007160029839724302,1,-0.09682798385620117,43,860000.0,123.79895782470703,-0.5106659531593323,0.5905642509460449,0.31231987476348877,5.160515308380127,1.002519965171814,0.12788353860378265,1.6870790719985962,0,1.1296377182006836,0.000291267700958997,1746501975.6511214,1000,1.002519965171814,0.0017819125205278397,45.400001525878906,2.365523099899292,1.002519965171814,161.55224609375,-0.005003262311220169,-0.4684637784957886,15.930000305175781,1.262454628944397,1.6713110208511353,1.9404352903366089,1.1296377182006836,-4.577636492086867e-09
0.21938499808311462,1.2870640754699707,0.04632970690727234,0.07323931902647018,7.31052827835083,10,1.1485613584518433,1.2870640754699707,5688.6953125,43,0,6.260274887084961,22.88865089416504,102.94841003417969,0,5814.132003507,0.009791155345737934,1,1.53082275390625,44,880000.0,125.83712005615234,0.08993962407112122,0.6855548620223999,0.3135485053062439,6.691338062286377,1.0024725198745728,0.1500583291053772,1.688336730003357,0,1.1485613584518433,0.0002886554575525224,1746502101.5746346,1000,1.0024726390838623,0.0017483073752373457,59.20000076293945,2.873748540878296,1.0024726390838623,158.9356231689453,0.02502172440290451,-0.42213407158851624,14.220000267028809,1.2870640754699707,1.4292157888412476,1.941055417060852,1.1485613584518433,1.5258788677030566e-09
0.21628797054290771,1.3117080926895142,0.016806423664093018,0.05232615768909454,6.620157241821289,10,1.1673580408096313,1.3117080926895142,5812.81103515625,44,0,6.047919750213623,23.092430114746094,100.93087768554688,0,5936.425899933,0.010760651901364326,1,0.16773223876953125,45,900000.0,124.02333068847656,-0.7410893440246582,0.943886399269104,0.2948681712150574,6.859070301055908,1.0016132593154907,0.1886799931526184,1.7012939453125,0,1.1673580408096313,0.0002916144148912281,1746502225.7175932,1000,1.0016133785247803,0.001140774693340063,53.849998474121094,2.18037748336792,1.0016133785247803,161.25997924804688,-0.02091316133737564,-0.4053276479244232,15.1899995803833,1.3117080926895142,1.3633127212524414,1.949276328086853,1.1673580408096313,4.577636492086867e-09
0.17222777009010315,1.3357270956039429,-0.05067506432533264,0.0390278585255146,5.914393901824951,10,1.1860061883926392,1.3357270956039429,5935.13671875,45,0,5.658868312835693,24.159549713134766,98.05257415771484,0,6060.203414988,0.005811750888824463,1,-2.2108969688415527,46,920000.0,122.21217346191406,0.1924903690814972,0.8100916743278503,0.31949520111083984,4.6481733322143555,1.0025206804275513,0.0780547633767128,1.723281979560852,0,1.1860061883926392,0.0002567833289504051,1746502348.0118716,1000,1.0025207996368408,0.0017824183451011777,37.400001525878906,2.256715774536133,1.0025207996368408,163.6498260498047,-0.01329829916357994,-0.45600271224975586,14.760000228881836,1.3357270956039429,1.8550735712051392,1.9619160890579224,1.1860061883926392,-2.8228759774151513e-08
0.1559828668832779,1.358272910118103,-0.0366591215133667,0.04295240715146065,4.742944717407227,10,1.2042644023895264,1.358272910118103,6058.9072265625,46,0,5.483832359313965,25.826004028320312,97.86500549316406,0,6184.483762257,0.004762870259582996,1,-1.8090970516204834,47,940000.0,123.69104766845703,-0.6927134394645691,0.6786103248596191,0.3196370005607605,2.839076280593872,1.00347101688385,0.06799612194299698,1.7256174087524414,0,1.2042644023895264,0.0002805608091875911,1746502471.7888634,1000,1.0034711360931396,0.0024544077459722757,15.949999809265137,1.6363341808319092,1.0034711360931396,161.6931915283203,0.003924548625946045,-0.49266183376312256,12.199999809265137,1.358272910118103,2.049180269241333,1.9628556966781616,1.2042644023895264,3.814697002724188e-09
0.19965149462223053,1.3808122873306274,0.17324590682983398,0.04866097867488861,4.6102070808410645,10,1.222158670425415,1.3808122873306274,6183.19775390625,47,0,5.728560924530029,25.27932357788086,98.91957092285156,0,6297.959257318,0.008226043544709682,1,1.7140347957611084,48,960000.0,124.19892883300781,-0.4604591131210327,0.7287449240684509,0.3113090991973877,4.5531110763549805,1.0016660690307617,0.12769871950149536,1.7119536399841309,0,1.222158670425415,0.00029340124456211925,1746502596.0697849,1000,1.0016660690307617,0.001178144826553762,46.95000076293945,1.730620265007019,1.0016660690307617,161.03199768066406,0.005708571523427963,-0.3194159269332886,12.020000457763672,1.3808122873306274,1.5592625141143799,1.9553550481796265,1.222158670425415,-3.814697002724188e-09
0.16072845458984375,1.4025049209594727,-0.022646814584732056,0.03656526654958725,3.370032787322998,10,1.2396546602249146,1.4025049209594727,6296.66259765625,48,0,4.857752799987793,22.312665939331055,91.07520294189453,0,6418.549174625,0.0053828624077141285,1,-0.9273865222930908,49,980000.0,113.387939453125,0.38844045996665955,0.4372981786727905,0.3098137676715851,3.6257245540618896,1.0014270544052124,0.08564145117998123,1.689562439918518,0,1.2396546602249146,0.0003613861044868827,1746502709.544817,1000,1.0014270544052124,0.0010089955758303404,27.0,0.9873791933059692,1.0014270544052124,176.38560485839844,-0.012095712125301361,-0.34206274151802063,11.300000190734863,1.4025049209594727,1.9275602102279663,1.9429298639297485,1.2396546602249146,-1.2207030941624453e-08
0.17852665483951569,1.4241427183151245,-0.01925748586654663,0.0383952371776104,5.049892425537109,10,1.2566235065460205,1.4241427183151245,6417.2529296875,49,0,4.559546947479248,21.659866333007812,98.83857727050781,0,6539.598809255,0.0071848672814667225,1,0.26445508003234863,50,1000000.0,120.49846649169922,-0.5667902231216431,0.670099139213562,0.2978573739528656,3.8901796340942383,1.0020421743392944,0.11489173024892807,1.7041292190551758,0,1.2566235065460205,0.0003033993998542428,1746502830.1347713,1000,1.0020421743392944,0.001444007270038128,43.29999923706055,1.7659472227096558,1.0020421743392944,165.9772186279297,0.0018299706280231476,-0.36132022738456726,9.6899995803833,1.4241427183151245,1.6684197187423706,1.9518755674362183,1.2566235065460205,-1.2207030941624453e-08
0.2155872881412506,1.4459037780761719,-0.006979852914810181,0.058536358177661896,5.422327518463135,10,1.2731581926345825,1.4459037780761719,6538.310546875,50,0,5.419479846954346,23.35371971130371,97.61365509033203,0,6655.105574724,0.008690638467669487,1,1.5477910041809082,51,1020000.0,120.96739959716797,-0.4005466103553772,0.8234899640083313,0.3270483911037445,5.4379706382751465,1.0017414093017578,0.0938715860247612,1.736246109008789,0,1.2731581926345825,0.0002604692126624286,1746502951.185062,1000,1.0017414093017578,0.0012313623446971178,47.099998474121094,1.8904701471328735,1.0017414093017578,165.33380126953125,0.0201411210000515,-0.36830008029937744,10.029999732971191,1.4459037780761719,1.5170115232467651,1.970475673675537,1.2731581926345825,-3.051757735406113e-09
0.18030650913715363,1.4667932987213135,-0.09293720126152039,0.04426722601056099,4.649601936340332,10,1.2894604206085205,1.4667932987213135,6653.81689453125,51,0,5.427553653717041,23.16434097290039,92.26763916015625,0,6782.70008528,0.005506395362317562,1,-1.9969720840454102,52,1040000.0,115.43202209472656,0.35362258553504944,0.6454768776893616,0.34363093972206116,3.4409985542297363,1.0029054880142212,0.083681620657444,1.759536862373352,0,1.2894604206085205,0.00022160176013130695,1746503066.691387,1000,1.0029056072235107,0.0020545744337141514,24.450000762939453,1.7445679903030396,1.0029056072235107,173.26214599609375,-0.014269132167100906,-0.4612372815608978,11.430000305175781,1.4667932987213135,1.9058157205581665,1.983632206916809,1.2894604206085205,-3.051757735406113e-09
0.20208780467510223,1.4884300231933594,0.2636544853448868,0.044467076659202576,4.236742973327637,10,1.3054190874099731,1.4884300231933594,6781.39990234375,52,0,5.126737117767334,23.204442977905273,104.30284881591797,0,6910.445279832,0.007232805248349905,1,1.2994275093078613,53,1060000.0,127.50731658935547,0.8431243896484375,0.6438848376274109,0.33604809641838074,4.740426063537598,1.0016132593154907,0.0973554328083992,1.7467321157455444,0,1.3054190874099731,0.00026218072162009776,1746503194.285967,1000,1.0016133785247803,0.001140774693340063,59.400001525878906,1.2912640571594238,1.0016133785247803,156.85374450683594,0.0001998506486415863,-0.19758279621601105,10.15999984741211,1.4884300231933594,1.66288161277771,1.9761377573013306,1.3054190874099731,-4.577636492086867e-09
0.27014660835266113,1.5112073421478271,-0.06944234669208527,0.05186542123556137,6.408804893493652,10,1.321250557899475,1.5112073421478271,6909.134765625,53,0,5.902719497680664,24.980388641357422,102.66060638427734,0,7027.909728156,0.013646110892295837,1,2.010049343109131,54,1080000.0,127.64102172851562,0.16767427325248718,0.7984227538108826,0.32704678177833557,6.7504754066467285,1.0002449750900269,0.10949225723743439,1.734916090965271,0,1.321250557899475,0.00024452662910334766,1746503322.0307298,1000,1.0002449750900269,0.00017319545440841466,70.3499984741211,1.5009006261825562,1.0002449750900269,156.68943786621094,0.007398344576358795,-0.2670251429080963,11.739999771118164,1.5112073421478271,1.2106270790100098,1.9691365957260132,1.321250557899475,-1.5258788677030566e-09
0.1655515432357788,1.5328845977783203,-0.20454370975494385,0.0461326465010643,4.8483099937438965,10,1.3368477821350098,1.5328845977783203,7026.6103515625,54,0,5.570321083068848,22.378812789916992,94.98790740966797,0,7155.060847505,0.0065327961929142475,1,-2.5643715858459473,55,1100000.0,117.36673736572266,-0.5433424711227417,0.5802509784698486,0.2896665632724762,4.186103820800781,1.003489375114441,0.1341114491224289,1.754185676574707,0,1.3368477821350098,0.0003033872926607728,1746503439.4954398,1000,1.003489375114441,0.0024673326406627893,21.350000381469727,1.2593927383422852,1.003489375114441,170.40603637695312,-0.00573277473449707,-0.47156885266304016,10.609999656677246,1.5328845977783203,1.7497061491012573,1.9802278280258179,1.3368477821350098,-4.577636492086867e-09
0.32600873708724976,1.556461215019226,0.46660530427470803,0.05151315778493881,4.295093536376953,10,1.3526335954666138,1.556461215019226,7153.7626953125,55,0,4.5727338790893555,23.230022430419922,103.83821105957031,0,7277.670497188,0.021193325519561768,1,2.2238588333129883,56,1120000.0,127.06827545166016,1.383335828781128,0.5201921463012695,0.31669747829437256,6.4099626541137695,1.000269889831543,0.19405823945999146,1.7659791707992554,0,1.3526335954666138,0.00028611684683710337,1746503566.6471558,1000,1.000269889831543,0.00019089714623987675,88.30000305175781,0.9375125169754028,1.000269889831543,157.3957061767578,0.005380511283874512,-0.0049635483883321285,14.079999923706055,1.556461215019226,0.9714385867118835,1.9872561693191528,1.3526335954666138,-4.577636492086867e-09
0.24254213273525238,1.5800851583480835,-0.3292217240668833,0.0434386320412159,5.151390075683594,10,1.3689159154891968,1.5800851583480835,7276.38232421875,56,0,4.360608100891113,23.279064178466797,99.2575912475586,0,7407.63426389,0.010839234106242657,1,0.6737499237060547,57,1140000.0,122.53668212890625,0.41473624110221863,0.5054613947868347,0.3294599652290344,7.083712577819824,1.00154447555542,0.10027549415826797,1.7765201330184937,0,1.3689159154891968,0.00025183954858221114,1746503689.256622,1000,1.00154447555542,0.0010921091306954622,48.75,1.5108025074005127,1.00154447555542,163.2164306640625,-0.008074525743722916,-0.33418527245521545,16.8799991607666,1.5800851583480835,1.358361840248108,1.993237853050232,1.3689159154891968,1.2207030941624453e-08
0.2616204619407654,1.6037652492523193,-0.022055387496948242,0.04891480505466461,5.488114356994629,10,1.38565993309021,1.6037652492523193,7406.30712890625,57,0,4.187981605529785,24.046157836914062,105.79972839355469,0,7528.791140192,0.01387766096740961,1,-1.4624862670898438,58,1160000.0,129.84591674804688,-0.1986328661441803,0.4979879856109619,0.3140714168548584,5.6212263107299805,1.001665711402893,0.11389192193746567,1.8007208108901978,0,1.38565993309021,0.0002711965062189847,1746503819.2198164,1000,1.0016658306121826,0.0011778076877817512,48.849998474121094,1.7506353855133057,1.0016658306121826,154.0287322998047,0.005476173013448715,-0.3562406599521637,16.899999618530273,1.6037652492523193,1.2004848718643188,2.006666898727417,1.38565993309021,5.340575981449547e-09
0.21131572127342224,1.6267368793487549,-0.09241098165512085,0.054693203419446945,5.263744354248047,10,1.4025673866271973,1.6267368793487549,7527.48828125,58,0,3.6641290187835693,23.653337478637695,97.40052032470703,0,7654.486722246,0.008750379085540771,1,-0.6021008491516113,59,1180000.0,121.05389404296875,-0.571875810623169,0.4027845859527588,0.31947222352027893,5.019125461578369,1.0029603242874146,0.12113752961158752,1.7928935289382935,0,1.4025673866271973,0.00026409514248371124,1746503940.3766627,1000,1.002960443496704,0.002093293471261859,31.649999618530273,1.854500412940979,1.002960443496704,165.21566772460938,0.005778398364782333,-0.44865164160728455,14.579999923706055,1.6267368793487549,1.5118242502212524,2.001807928085327,1.4025673866271973,-3.8146971692576415e-10
0.25936558842658997,1.6498607397079468,0.1410902738571167,0.05331851914525032,4.811253070831299,10,1.419960856437683,1.6498607397079468,7653.19677734375,59,0,3.773928165435791,23.455204010009766,102.15425109863281,0,7776.148582192,0.01238673459738493,1,0.9569592475891113,60,1200000.0,125.6094970703125,0.5177426934242249,0.4583899974822998,0.32957080006599426,5.9760847091674805,1.0008140802383423,0.12290465831756592,1.799304485321045,0,1.419960856437683,0.000271329830866307,1746504066.072704,1000,1.0008141994476318,0.0005756697501055896,49.099998474121094,1.6474342346191406,1.0008141994476318,159.2236328125,-0.0013746842741966248,-0.30756136775016785,17.450000762939453,1.6498607397079468,1.270680546760559,2.00498104095459,1.419960856437683,-3.051757735406113e-09
0.21119920909404755,1.6719468832015991,-0.12317758798599243,0.044107794761657715,4.17702579498291,10,1.437152624130249,1.6719468832015991,7774.8603515625,60,0,3.540496587753296,24.42707061767578,97.1528549194336,0,7899.272633783,0.009829236194491386,1,-2.692972421646118,61,1220000.0,121.57996368408203,-0.31410640478134155,0.4247320294380188,0.3012639582157135,3.2831122875213623,1.0007833242416382,0.11302346736192703,1.8186851739883423,0,1.437152624130249,0.0003021093434654176,1746504187.7347949,1000,1.0007833242416382,0.0005538095720112324,23.149999618530273,1.3381383419036865,1.0007833242416382,164.50079345703125,-0.009210724383592606,-0.4307389557361603,11.819999694824219,1.6719468832015991,1.4264445304870605,2.0142362117767334,1.437152624130249,-6.866454960174906e-09
0.21677888929843903,1.693490982055664,0.08735156059265137,0.04598207026720047,3.659677028656006,10,1.4537601470947266,1.693490982055664,7897.91455078125,61,0,3.4435577392578125,24.691926956176758,98.28783416748047,0,8025.534788571,0.00846944097429514,1,-0.3990042209625244,62,1240000.0,122.97980499267578,-0.004307568073272705,0.47911572456359863,0.33312276005744934,2.884108066558838,1.000902533531189,0.11933984607458115,1.8207969665527344,0,1.4537601470947266,0.0002747238031588495,1746504310.8580635,1000,1.000902533531189,0.0006381594575941563,31.549999237060547,1.1471706628799438,1.000902533531189,162.6283416748047,0.0018742755055427551,-0.3433873951435089,8.359999656677246,1.693490982055664,1.536693811416626,2.0152668952941895,1.4537601470947266,8.392333938900265e-09
0.19166354835033417,1.7140965461730957,-0.12521979212760925,0.048386700451374054,4.607827186584473,10,1.4696403741836548,1.7140965461730957,8024.20068359375,62,0,3.272268772125244,25.741710662841797,100.38755798339844,0,8148.954553062,0.00801690574735403,1,-0.5694351196289062,63,1260000.0,126.12928771972656,-0.5874074697494507,0.4603322148323059,0.3027268052101135,2.3146729469299316,1.0030927658081055,0.14176404476165771,1.8476662635803223,0,1.4696403741836548,0.00028959184419363737,1746504437.12038,1000,1.0030927658081055,0.0021869156043976545,21.899999618530273,1.007193922996521,1.0030927658081055,158.5674591064453,0.002404630184173584,-0.46860718727111816,6.670000076293945,1.7140965461730957,1.5794697999954224,2.030472993850708,1.4696403741836548,9.155272984173735e-09
0.2236655056476593,1.7351709604263306,0.23869234323501587,0.05643695592880249,4.025411605834961,10,1.4849797487258911,1.7351709604263306,8147.66259765625,63,0,3.3907816410064697,24.669801712036133,98.65789031982422,0,8270.363023723,0.010955026373267174,1,1.1517748832702637,64,1280000.0,123.32774353027344,0.6275888681411743,0.4472205936908722,0.3022087812423706,3.4664478302001953,1.0009468793869019,0.11569720506668091,1.8719216585159302,0,1.4849797487258911,0.000289758580038324,1746504560.5399582,1000,1.0009468793869019,0.000669516739435494,49.900001525878906,0.7982052564620972,1.0009468793869019,162.16952514648438,0.008050255477428436,-0.2299148440361023,7.610000133514404,1.7351709604263306,1.3511639833450317,2.042870283126831,1.4849797487258911,-1.5258788677030566e-09
0.1908651739358902,1.755303144454956,-0.18678444623947144,0.030128493905067444,3.8076484203338623,10,1.4994523525238037,1.755303144454956,8269.052734375,64,0,2.9471657276153564,24.70327377319336,96.59722900390625,0,8385.494479511,0.007422883063554764,1,-0.5796997547149658,65,1300000.0,121.30052947998047,-0.37196388840675354,0.44590267539024353,0.3132961690425873,2.8867480754852295,1.0021623373031616,0.09790031611919403,1.8786920309066772,0,1.4994523525238037,0.0002726211096160114,1746504681.9485712,1000,1.0021623373031616,0.0015289190923795104,20.75,0.8811822533607483,1.0021623373031616,164.87974548339844,-0.026308462023735046,-0.41669929027557373,4.5,1.755303144454956,1.6414527893066406,2.0465304851531982,1.4994523525238037,-1.2207030941624453e-08
0.22791610658168793,1.7747055292129517,0.05539906024932861,0.029890859499573708,3.3435566425323486,10,1.5133166313171387,1.7747055292129517,8384.197265625,65,0,2.6689562797546387,24.080123901367188,90.96166229248047,0,8501.662968092,0.00929269939661026,1,-0.11614823341369629,66,1320000.0,115.04181671142578,0.002570033073425293,0.39548903703689575,0.33436349034309387,2.770599842071533,1.0002241134643555,0.16660341620445251,1.8992156982421875,0,1.5133166313171387,0.00024046764883678406,1746504797.080703,1000,1.0002241134643555,0.0001584159763297066,23.200000762939453,0.8955659866333008,1.0002241134643555,173.84983825683594,-0.00023763440549373627,-0.3613002300262451,5.909999847412109,1.7747055292129517,1.4670462608337402,2.057574510574341,1.5133166313171387,-6.103515470812226e-09
0.1476389765739441,1.7928121089935303,-0.08552137017250061,0.0309462770819664,3.196368455886841,10,1.5265522003173828,1.7928121089935303,8500.3720703125,66,0,2.3702824115753174,23.129051208496094,92.9598617553711,0,8621.197980967,0.0038298589643090963,1,-0.7908376455307007,67,1340000.0,116.08895111083984,0.18785648047924042,0.28590092062950134,0.3373836278915405,1.9797621965408325,1.0038443803787231,0.058113325387239456,1.9284635782241821,0,1.5265522003173828,0.00024103507166728377,1746504913.2486691,1000,1.0038444995880127,0.0027184155769646168,10.199999809265137,0.811496376991272,1.0038444995880127,172.2816925048828,0.0010554175823926926,-0.4468216001987457,5.260000228881836,1.7928121089935303,2.285193681716919,2.072652578353882,1.5265522003173828,4.577636492086867e-09
0.15415404736995697,1.8104634284973145,0.11643099784851074,0.033084675669670105,3.234008550643921,10,1.5393133163452148,1.8104634284973145,8619.8876953125,67,0,2.236429452896118,23.19588851928711,96.2359619140625,0,8739.463474085,0.004536437802016735,1,0.19604456424713135,68,1360000.0,119.43187713623047,-0.05840468406677246,0.38083457946777344,0.32367709279060364,2.175806760787964,1.0016365051269531,0.08042363822460175,1.9422324895858765,0,1.5393133163452148,0.00026903371326625347,1746505032.78351,1000,1.0016365051269531,0.0011571276700124145,24.649999618530273,0.7290991544723511,1.0016365051269531,167.45947265625,0.002138398587703705,-0.330390602350235,5.989999771118164,1.8104634284973145,2.099699020385742,2.078810930252075,1.5393133163452148,-6.103515470812226e-09
0.3026362955570221,1.829142689704895,0.15479639172554016,0.03106776997447014,3.6240038871765137,10,1.5518107414245605,1.829142689704895,8738.1796875,68,0,1.868627905845642,23.451688766479492,94.72932434082031,0,8851.732362908,0.014783766120672226,1,1.9965031147003174,69,1380000.0,118.18106079101562,0.9337716102600098,0.35604792833328247,0.35200050473213196,4.172309875488281,1.000160813331604,0.11591591686010361,1.9331778287887573,0,1.5518107414245605,0.00023515069915447384,1746505151.049713,1000,1.0001609325408936,0.00011374030145816505,54.150001525878906,0.762641429901123,1.0001609325408936,169.2318572998047,-0.0020169056951999664,-0.17559421062469482,7.269999980926514,1.829142689704895,1.163114070892334,2.074173927307129,1.5518107414245605,-2.8610229740877458e-09
0.15315470099449158,1.8465768098831177,-0.24746575951576233,0.03043699823319912,2.9668636322021484,10,1.5640400648117065,1.8465768098831177,8850.4345703125,69,0,1.692537546157837,24.746776580810547,87.43534088134766,0,8973.57375733,0.004558726213872433,1,-1.6430575847625732,70,1400000.0,112.1821517944336,-0.4898996651172638,0.1834298074245453,0.32079169154167175,2.529252290725708,1.0020012855529785,0.07681229710578918,1.9649181365966797,0,1.5640400648117065,0.0002577264094725251,1746505263.3180234,1000,1.0020012855529785,0.0014151225332170725,9.800000190734863,0.8345812559127808,1.0020012855529785,178.28147888183594,-0.000630771741271019,-0.42305997014045715,7.0,1.8465768098831177,2.094559907913208,2.0903236865997314,1.5640400648117065,3.051757735406113e-09
0.2545454502105713,1.8643993139266968,0.1236451268196106,0.03759768605232239,4.144371032714844,10,1.5762429237365723,1.8643993139266968,8972.2841796875,70,0,2.3123245239257812,22.584980010986328,99.17304992675781,0,9089.244951588,0.010117855854332447,1,0.876976490020752,71,1420000.0,121.758056640625,0.6600742340087891,0.3823259174823761,0.357878714799881,3.40622878074646,1.0014711618423462,0.06622995436191559,1.9933357238769531,0,1.5762429237365723,0.00019654921197798103,1746505385.159993,1000,1.0014712810516357,0.0010402966290712357,40.04999923706055,1.1504162549972534,1.0014712810516357,164.2601776123047,0.007160687819123268,-0.29941484332084656,8.649999618530273,1.8643993139266968,1.4059520959854126,2.1039154529571533,1.5762429237365723,1.5258788677030566e-09
0.1946035921573639,1.8813201189041138,-0.10551393032073975,0.034913092851638794,3.125946044921875,10,1.5884383916854858,1.8813201189041138,9087.953125,71,0,2.247673273086548,21.782358169555664,93.81278228759766,0,9204.970319322,0.0069357953034341335,1,-1.5677942037582397,72,1440000.0,115.59518432617188,-0.1657068133354187,0.308239609003067,0.3304588496685028,1.8384345769882202,1.0022622346878052,0.09630437940359116,1.988938808441162,0,1.5884383916854858,0.0002674631541594863,1746505500.830566,1000,1.0022623538970947,0.0015996695728972554,14.899999618530273,0.7012692093849182,1.0022623538970947,173.01759338378906,-0.0026845932006835938,-0.4049287736415863,8.729999542236328,1.8813201189041138,1.6981128454208374,2.1004207134246826,1.5884383916854858,3.433227480087453e-09
0.1587720662355423,1.897823691368103,0.12346494197845459,0.03348611667752266,2.3376457691192627,10,1.6009098291397095,1.897823691368103,9203.67578125,72,0,2.0882294178009033,23.706470489501953,91.93408966064453,0,9330.009286023,0.005512803327292204,1,0.8134318590164185,73,1460000.0,115.64058685302734,0.41100069880485535,0.28228840231895447,0.3024144172668457,2.6518664360046387,1.0020970106124878,0.11180254071950912,1.9617605209350586,0,1.6009098291397095,0.0003162120992783457,1746505616.555969,1000,1.0020970106124878,0.001482782419770956,22.649999618530273,0.5470712184906006,1.0020970106124878,172.9496612548828,-0.0014269761741161346,-0.2814638316631317,10.869999885559082,1.897823691368103,1.9047077894210815,2.087397813796997,1.6009098291397095,-1.3351439953623867e-09
0.21719713509082794,1.9145429134368896,0.055260345339775085,0.03508332371711731,2.6207542419433594,10,1.6133018732070923,1.9145429134368896,9328.7109375,73,0,2.00931453704834,23.811931610107422,101.13143920898438,0,9441.650179552,0.010162037797272205,1,0.5918979644775391,74,1480000.0,124.94340515136719,0.05030064284801483,0.37131550908088684,0.3047041893005371,3.2437644004821777,1.001922607421875,0.07228056341409683,1.9709545373916626,0,1.6133018732070923,0.00028371938969939947,1746505741.5949824,1000,1.001922607421875,0.0013594325864687562,34.20000076293945,0.6965614557266235,1.001922607421875,160.07247924804688,0.0015972070395946503,-0.22620348632335663,8.279999732971191,1.9145429134368896,1.4028923511505127,2.091277837753296,1.6133018732070923,-5.340575981449547e-09
0.16739392280578613,1.930328369140625,-0.16019771993160248,0.03237396851181984,2.7239162921905518,10,1.625675082206726,1.930328369140625,9440.3232421875,74,0,2.0366806983947754,23.37424087524414,88.14401245117188,0,9550.030518314,0.004839158151298761,1,-1.2163646221160889,75,1500000.0,111.518310546875,-0.04451179504394531,0.31498095393180847,0.34030577540397644,2.027399778366089,1.0019227266311646,0.0667002871632576,1.989324927330017,0,1.625675082206726,0.0002457069931551814,1746505853.2358181,1000,1.001922845840454,0.0013596011558547616,12.100000381469727,0.5722683072090149,1.001922845840454,179.34274291992188,-0.00270935520529747,-0.3864012062549591,8.640000343322754,1.930328369140625,2.032963752746582,2.098923444747925,1.625675082206726,2.6702879907247734e-09
0.09043686091899872,1.9448418617248535,0.05160331726074219,0.028815902769565582,1.3708990812301636,10,1.6376149654388428,1.9448418617248535,9548.7294921875,75,0,1.2272471189498901,22.801511764526367,85.48197937011719,0,9659.606237649,0.0015677085611969233,1,-0.9078396558761597,76,1520000.0,108.28351593017578,-0.15719112753868103,0.16965365409851074,0.32301777601242065,1.1195601224899292,1.0033106803894043,0.04201958328485489,2.000927686691284,0,1.6376149654388428,0.0002651171525940299,1746505961.616326,1000,1.0033106803894043,0.002341004554182291,3.950000047683716,0.4625782370567322,1.0033106803894043,184.70033264160156,-0.003558065742254257,-0.3347978889942169,5.449999809265137,1.9448418617248535,3.571748971939087,2.1055634021759033,1.6376149654388428,-4.577636492086867e-09
0.1049920842051506,1.9582589864730835,-0.002317875623703003,0.025785483419895172,1.522834062576294,10,1.6491769552230835,1.9582589864730835,9658.306640625,76,0,1.0720469951629639,23.407358169555664,86.0821762084961,0,9773.259220977,0.002136486116796732,1,-0.15099722146987915,77,1540000.0,109.48955535888672,-0.23473602533340454,0.23339907824993134,0.32123321294784546,0.96856290102005,1.0029186010360718,0.06822048127651215,2.0067975521087646,0,1.6491769552230835,0.00027709928690455854,1746506071.1926165,1000,1.0029186010360718,0.0020636783447116613,5.0,0.4729280173778534,1.0029186010360718,182.66583251953125,-0.00303041934967041,-0.3371157646179199,5.53000020980835,1.9582589864730835,3.0595948696136475,2.108229637145996,1.6491769552230835,-1.831054596834747e-08
0.14814172685146332,1.9714604616165161,0.11686693131923676,0.026470990851521492,1.3617693185806274,10,1.6600360870361328,1.9714604616165161,9771.96875,77,0,0.8497406244277954,22.869407653808594,90.70196533203125,0,9900.235132154,0.004335783421993256,1,0.6230224967002869,78,1560000.0,113.5714111328125,0.34926924109458923,0.16776414215564728,0.3181692063808441,1.591585397720337,1.0025686025619507,0.09967607259750366,2.005826234817505,0,1.6600360870361328,0.0002780265349429101,1746506184.845508,1000,1.0025686025619507,0.0018161919433623552,19.600000381469727,0.3983858823776245,1.0025686025619507,176.1006622314453,0.0006855074316263199,-0.22024883329868317,2.8299999237060547,1.9714604616165161,2.147735118865967,2.106656074523926,1.6600360870361328,8.392333938900265e-09
0.2609073519706726,1.9850071668624878,-0.011518478393554688,0.02749703824520111,2.3919994831085205,10,1.6701990365982056,1.9850071668624878,9898.91796875,78,0,0.8365861773490906,25.836944580078125,101.0375747680664,0,10011.192730167,0.01297510415315628,1,1.6674835681915283,79,1580000.0,126.87454986572266,0.7446705102920532,0.3296079933643341,0.3239259123802185,3.2590689659118652,1.0010923147201538,0.13474330306053162,1.9937185049057007,0,1.6701990365982056,0.0002843752154149115,1746506311.820874,1000,1.0010923147201538,0.0007723550079390407,29.700000762939453,0.49864462018013,1.0010923147201538,157.6360321044922,0.0010260473936796188,-0.23176731169223785,2.380000114440918,1.9850071668624878,1.2415361404418945,2.099710702896118,1.6701990365982056,1.2207030941624453e-08
0.18197490274906158,1.9980732202529907,-0.0767739862203598,0.02813531644642353,1.9561229944229126,10,1.6796598434448242,1.9980732202529907,10009.8974609375,79,0,0.7115841507911682,22.44830322265625,88.41697692871094,0,10124.616812829,0.007181720342487097,1,-1.3628720045089722,80,1600000.0,110.86531066894531,-0.19125346839427948,0.18065302073955536,0.3036770522594452,1.896196961402893,1.0021839141845703,0.14022448658943176,2.0028038024902344,0,1.6796598434448242,0.0003166950191371143,1746506422.7786634,1000,1.0021839141845703,0.0015442605363205075,14.699999809265137,0.35824471712112427,1.0021839141845703,180.3990936279297,0.0006382782012224197,-0.30854129791259766,1.850000023841858,1.9980732202529907,1.6687853336334229,2.10380482673645,1.6796598434448242,-1.5258788677030566e-09
0.19096992909908295,2.0106754302978516,-0.03279641270637512,0.02325333096086979,2.384758234024048,10,1.6885713338851929,2.0106754302978516,10123.3291015625,80,0,0.8799887299537659,23.703712463378906,89.64469909667969,0,10236.758209815,0.0069382647052407265,1,0.12041771411895752,81,1620000.0,113.34843444824219,-0.270182728767395,0.1654898226261139,0.32423076033592224,2.0166146755218506,1.001003623008728,0.09091758728027344,2.015117645263672,0,1.6885713338851929,0.00025343152810819447,1746506536.2030773,1000,1.001003623008728,0.0007095843902789056,14.100000381469727,0.40630751848220825,1.001003623008728,176.44708251953125,-0.0048819854855537415,-0.3413377106189728,2.4700000286102295,2.0106754302978516,1.6978106498718262,2.1088297367095947,1.6885713338851929,4.577636492086867e-09
0.14186404645442963,2.0227391719818115,0.014033198356628418,0.02935161627829075,1.9817980527877808,10,1.6970396041870117,2.0227391719818115,10235.466796875,81,0,0.9856662154197693,24.86617088317871,87.198974609375,0,10351.602886783,0.0034349055495113134,1,-0.2005707025527954,82,1640000.0,112.06517028808594,-0.05632688105106354,0.14049410820007324,0.342317670583725,1.8160439729690552,1.0018037557601929,0.05180274695158005,2.0176022052764893,0,1.6970396041870117,0.0002448757877573371,1746506648.3445303,1000,1.0018037557601929,0.0012754198396578431,11.850000381469727,0.46207207441329956,1.0018037557601929,178.46759033203125,0.0060982853174209595,-0.32730451226234436,2.8499999046325684,2.0227391719818115,2.4129979610443115,2.108863592147827,1.6970396041870117,-3.433227480087453e-09
0.2213248908519745,2.0346386432647705,-0.009812474250793457,0.02588561177253723,2.7107183933258057,10,1.7050552368164062,2.0346386432647705,10350.2802734375,82,0,0.9481866359710693,24.048564910888672,90.68960571289062,0,10464.818449492,0.00951951090246439,1,-0.020906925201416016,83,1660000.0,114.73819732666016,-0.4691333770751953,0.2143009752035141,0.3208024799823761,1.7951370477676392,1.0008729696273804,0.10969666391611099,2.027878999710083,0,1.7050552368164062,0.0002723444194998592,1746506763.1884537,1000,1.0008729696273804,0.0006172546418383718,17.700000762939453,0.7861577868461609,1.0008729696273804,174.3098602294922,-0.003466004505753517,-0.3371169865131378,2.4700000286102295,2.0346386432647705,1.449463963508606,2.113553285598755,1.7050552368164062,3.433227480087453e-09
0.13458077609539032,2.0456151962280273,-0.05885028839111328,0.024745406582951546,2.2394962310791016,10,1.7125526666641235,2.0456151962280273,10463.501953125,83,0,0.6549627780914307,23.62364387512207,89.48091125488281,0,10575.076674871,0.003315779147669673,1,-0.799156665802002,84,1680000.0,113.10459899902344,-0.5169190168380737,0.1999499797821045,0.3305251896381378,0.9959803819656372,1.0033060312271118,0.08428322523832321,2.058647871017456,0,1.7125526666641235,0.0002624855551403016,1746506876.4036095,1000,1.0033061504364014,0.0023378015030175447,3.5999999046325684,0.3218372166156769,1.0033061504364014,176.8274688720703,-0.0011402051895856857,-0.3959672749042511,1.690000057220459,2.0456151962280273,2.4559614658355713,2.1283929347991943,1.7125526666641235,4.577636492086867e-09
0.09743849188089371,2.055826187133789,0.04258173704147339,0.022986816242337227,1.827172875404358,10,1.7195805311203003,2.055826187133789,10573.7841796875,84,0,0.5758178234100342,23.287839889526367,86.87484741210938,0,10693.468041572,0.0022599834483116865,1,-0.06720995903015137,85,1700000.0,110.16271209716797,-0.18102584779262543,0.14033196866512299,0.28986242413520813,0.9287704229354858,1.002951979637146,0.07291442155838013,2.0474236011505127,0,1.7195805311203003,0.00034145513200201094,1746506986.662566,1000,1.002951979637146,0.002087392844259739,4.849999904632568,0.28864288330078125,1.002951979637146,181.5496368408203,-0.0017585903406143188,-0.3533855378627777,1.6799999475479126,2.055826187133789,2.974824905395508,2.1225972175598145,1.7195805311203003,6.484984993448961e-09
0.15334494411945343,2.0660951137542725,0.06116017699241638,0.03031877428293228,2.455979108810425,10,1.726101279258728,2.0660951137542725,10692.1640625,85,0,0.8454609513282776,22.93565559387207,95.3666763305664,0,10821.742427063,0.004755285568535328,1,0.32808899879455566,86,1720000.0,118.30236053466797,-0.2754838466644287,0.20539706945419312,0.3144819438457489,1.2568594217300415,1.002578616142273,0.10361094027757645,2.050856828689575,0,1.726101279258728,0.0002734588924795389,1746507105.0541313,1000,1.002578616142273,0.0018233287846669555,18.25,0.2769908308982849,1.002578616142273,169.058349609375,0.007331958040595055,-0.29222536087036133,1.100000023841858,2.0660951137542725,2.050813913345337,2.125577688217163,1.726101279258728,-4.577636492086867e-09
0.2531963586807251,2.078709602355957,0.3015174763277173,0.02910820208489895,2.3069987297058105,10,1.7326323986053467,2.078709602355957,10820.4365234375,86,0,1.0349377393722534,23.830108642578125,104.34664916992188,0,10943.314344928,0.013595877215266228,1,4.3137863874435425,87,1740000.0,128.17678833007812,0.673417329788208,0.2275656759738922,0.3070921301841736,5.570645809173584,1.0002222061157227,0.16222324967384338,2.08232045173645,0,1.7326323986053467,0.00025264325086027384,1746507233.3282642,1000,1.0002222061157227,0.0001571234461152926,59.79999923706055,0.31649258732795715,1.0002222061157227,156.0345001220703,-0.0012105721980333328,0.009292115457355976,4.369999885559082,2.078709602355957,1.2128615379333496,2.1419506072998047,1.7326323986053467,-7.629394005448376e-09
0.2988364100456238,2.0922698974609375,-0.09362976718693972,0.03499104455113411,2.2897117137908936,10,1.7395542860031128,2.0922698974609375,10942.0234375,87,0,1.1485662460327148,23.58043098449707,97.9061050415039,0,11065.797999793,0.016208982095122337,1,0.08014726638793945,88,1760000.0,121.48657989501953,0.4320862889289856,0.14069463312625885,0.3319483697414398,5.650793075561523,0.9980137944221497,0.13979926705360413,2.111260414123535,0,1.7395542860031128,0.0002473600616212934,1746507354.9000745,1000,0.9980138540267944,0.0014044734416529536,38.29999923706055,0.18538866937160492,0.9980138540267944,164.6272430419922,0.005882842466235161,-0.08433765172958374,7.0,2.0922698974609375,1.1108028888702393,2.155803918838501,1.7395542860031128,-3.433227480087453e-09
0.3278309106826782,2.107732057571411,0.012077666819095612,0.03228229656815529,3.0763304233551025,10,1.7468911409378052,2.107732057571411,11064.498046875,88,0,1.551955223083496,22.54011344909668,99.85035705566406,0,11180.505782663,0.023293958976864815,1,-1.9946346282958984,89,1780000.0,122.39048767089844,0.7737156748771667,0.25478819012641907,0.3037687838077545,3.656158447265625,1.0005217790603638,0.22748681902885437,2.146974563598633,0,1.7468911409378052,0.00028131878934800625,1746507477.3842537,1000,1.0005218982696533,0.0003689815930556506,57.400001525878906,0.44021815061569214,1.0005218982696533,163.41139221191406,-0.002708747982978821,-0.07225998491048813,7.389999866485596,2.107732057571411,0.9266020655632019,2.172492265701294,1.7468911409378052,1.5258788677030566e-09
0.16799309849739075,2.122586488723755,-0.24595383554697037,0.03385816141963005,2.965658664703369,10,1.754675269126892,2.122586488723755,11179.1923828125,89,0,2.068882703781128,24.12864875793457,90.47222137451172,0,11301.680677339,0.006329232826828957,1,-1.5007500648498535,90,1800000.0,114.60093688964844,-0.4992143213748932,0.24161025881767273,0.298628032207489,2.1554083824157715,1.0022674798965454,0.14201828837394714,2.167255163192749,0,1.754675269126892,0.0003069773374591023,1746507592.0916846,1000,1.002267599105835,0.0016033223364502192,15.149999618530273,0.6105167269706726,1.002267599105835,174.51864624023438,0.001575864851474762,-0.3182138204574585,7.849999904632568,2.122586488723755,1.777620792388916,2.1809349060058594,1.754675269126892,-8.01086397217432e-09
0.18383148312568665,2.1372838020324707,0.047960758209228516,0.03409004583954811,2.8226089477539062,10,1.7630223035812378,2.1372838020324707,11300.3818359375,90,0,2.321542978286743,26.22732162475586,94.85784149169922,0,11425.611579458,0.006056726444512606,1,0.7260584831237793,91,1820000.0,121.08518981933594,-0.1665928065776825,0.3355317711830139,0.3340531289577484,2.881466865539551,1.0016483068466187,0.05866243317723274,2.1853249073028564,0,1.7630223035812378,0.0002357263583689928,1746507713.2659895,1000,1.0016483068466187,0.0011654446134343743,22.049999237060547,0.9866095781326294,1.0016483068466187,165.17295837402344,0.0002318844199180603,-0.27025306224823,8.899999618530273,2.1372838020324707,1.8171703815460205,2.1869640350341797,1.7630223035812378,6.103515470812226e-09
0.25360605120658875,2.1523420810699463,0.027420401573181152,0.03664933145046234,2.8809971809387207,10,1.771403193473816,2.1523420810699463,11424.31640625,91,0,2.3175387382507324,25.492111206054688,98.34161376953125,0,11541.030807081,0.010995815508067608,1,-0.3341653347015381,92,1840000.0,123.83375549316406,-0.16436582803726196,0.2686312198638916,0.3420272469520569,2.5473015308380127,0.9993195533752441,0.08913376182317734,2.2121596336364746,0,1.771403193473816,0.0002308737311977893,1746507837.1979434,1000,0.9993195533752441,0.00048112033982761204,30.899999618530273,0.8281599879264832,0.9993195533752441,161.50685119628906,0.0025592856109142303,-0.24283266067504883,5.610000133514404,2.1523420810699463,1.3486555814743042,2.198439598083496,1.771403193473816,-7.629394338515283e-10
0.27133089303970337,2.1682591438293457,0.04085560142993927,0.029749413952231407,3.1854701042175293,10,1.7796578407287598,2.1682591438293457,11539.7265625,92,0,2.6345856189727783,23.253393173217773,92.07769012451172,0,11653.33673525,0.015644319355487823,1,1.0408008098602295,93,1860000.0,115.33113098144531,0.37142741680145264,0.30921509861946106,0.3067861795425415,3.588102340698242,1.0001548528671265,0.1784886121749878,2.222775936126709,0,1.7796578407287598,0.000289346557110548,1746507952.6162097,1000,1.0001548528671265,0.00010946942347800359,40.29999923706055,0.5012038350105286,1.0001548528671265,173.41372680664062,-0.006899917498230934,-0.20197705924510956,4.519999980926514,2.1682591438293457,1.130671739578247,2.201606512069702,1.7796578407287598,3.051757735406113e-09
0.15115518867969513,2.1832621097564697,-0.19130916893482208,0.027773072943091393,2.8469796180725098,10,1.7877955436706543,2.1832621097564697,11652.048828125,93,0,2.4044172763824463,23.564538955688477,88.65653991699219,0,11763.867384106,0.0050510806031525135,1,-1.5340280532836914,94,1880000.0,112.22110748291016,-0.2812814712524414,0.3205292820930481,0.3007775843143463,2.054074287414551,1.0020891427993774,0.12336865067481995,2.222644805908203,0,1.7877955436706543,0.0002777420450001955,1746508064.9227614,1000,1.002089262008667,0.0014773312723264098,10.350000381469727,0.49230802059173584,1.002089262008667,178.21958923339844,-0.0019763410091400146,-0.39328622817993164,4.480000019073486,2.1832621097564697,1.9898594617843628,2.202620267868042,1.7877955436706543,1.0681151962899094e-08
0.13102039694786072,2.197396755218506,0.09443619847297668,0.02366599254310131,1.6101558208465576,10,1.7958276271820068,2.197396755218506,11762.5810546875,94,0,2.1405029296875,23.86368179321289,86.58963012695312,0,11879.898922797,0.0028962711803615093,1,-0.5879031419754028,95,1900000.0,110.45333862304688,0.44955384731292725,0.21496856212615967,0.3442972004413605,1.466171145439148,1.0022239685058594,0.07433751970529556,2.250225305557251,0,1.7958276271820068,0.000210964833968319,1746508175.4533772,1000,1.0022239685058594,0.001572639332152903,9.600000381469727,0.3698839247226715,1.0022239685058594,181.07192993164062,-0.004107080399990082,-0.29885002970695496,4.460000038146973,2.197396755218506,2.6278140544891357,2.215636968612671,1.7958276271820068,1.5258788677030566e-09
0.18031127750873566,2.2113535404205322,0.020860254764556885,0.021838542073965073,2.342310905456543,10,1.8037958145141602,2.2113535404205322,11878.609375,95,0,1.5425212383270264,24.54572296142578,91.40470123291016,0,12002.977339178,0.006824753247201443,1,0.6531664133071899,96,1920000.0,115.9504623413086,-0.20934109389781952,0.26416778564453125,0.3086698055267334,2.119337558746338,1.0007632970809937,0.07812902331352234,2.230419158935547,0,1.8037958145141602,0.0003072030667681247,1746508291.4847968,1000,1.0007632970809937,0.0005397044587880373,20.049999237060547,0.6486988067626953,1.0007632970809937,172.48745727539062,-0.001827450469136238,-0.27798977494239807,4.650000095367432,2.2113535404205322,1.7118717432022095,2.209193229675293,1.8037958145141602,1.4114379887075756e-08
0.25790321826934814,2.2263994216918945,0.183503620326519,0.021943414583802223,2.2569758892059326,10,1.811829924583435,2.2263994216918945,12001.6806640625,96,0,1.487703561782837,22.435171127319336,100.55400848388672,0,12114.726735804,0.01137726753950119,1,1.1428308486938477,97,1940000.0,122.98920440673828,0.8122661709785461,0.24283750355243683,0.34194207191467285,3.2621684074401855,0.9997124671936035,0.11690603941679001,2.2321693897247314,0,1.811829924583435,0.0002166675985790789,1746508414.5530498,1000,0.9997124671936035,0.00020331639098003507,41.75,0.3430649936199188,0.9997124671936035,162.61590576171875,0.00010487250983715057,-0.09448615461587906,5.449999809265137,2.2263994216918945,1.3258543014526367,2.2116997241973877,1.811829924583435,3.051757735406113e-09
0.21161231398582458,2.240642547607422,-0.21395190805196762,0.02252349629998207,2.090269088745117,10,1.8197442293167114,2.240642547607422,12113.443359375,97,0,1.3797671794891357,22.780948638916016,88.9114761352539,0,12230.463200153,0.010423057712614536,1,-0.6375997066497803,98,1960000.0,111.69244384765625,0.3075960576534271,0.1937265843153,0.2931285500526428,2.6245687007904053,1.0013824701309204,0.14933687448501587,2.2441794872283936,0,1.8197442293167114,0.0003554633294697851,1746508526.3127186,1000,1.00138258934021,0.0009776382939890027,10.699999809265137,0.5966289043426514,1.00138258934021,179.06314086914062,0.0005800817161798477,-0.3084380626678467,4.239999771118164,2.240642547607422,1.3852150440216064,2.214966058731079,1.8197442293167114,-4.577636492086867e-09
0.22943316400051117,2.2555458545684814,0.1447553187608719,0.02559020183980465,2.414297103881836,10,1.8276948928833008,2.2555458545684814,12229.17578125,98,0,1.3179188966751099,22.853654861450195,92.80848693847656,0,12341.394515743,0.011007622815668583,1,0.9982006549835205,99,1980000.0,115.66217041015625,-0.5213550329208374,0.1989029049873352,0.3092603385448456,3.622769355773926,1.0001541376113892,0.1405947506427765,2.258488893508911,0,1.8276948928833008,0.00026614664238877594,1746508642.0491197,1000,1.0001542568206787,0.00010901985660893843,34.45000076293945,0.5027350783348083,1.0001542568206787,172.91738891601562,0.0030667055398225784,-0.1636827439069748,5.170000076293945,2.2555458545684814,1.3479321002960205,2.222731351852417,1.8276948928833008,-3.051757735406113e-09
0.21233771741390228,2.270252227783203,-0.1582067757844925,0.020771268755197525,3.0154731273651123,10,1.8358043432235718,2.270252227783203,12340.083984375,99,0,1.2139290571212769,23.336111068725586,87.492431640625,0,12341.882819073,0.007729864679276943,1,-0.33704543113708496,100,2000000.0,110.82858276367188,0.15319617092609406,0.30576449632644653,0.3415513038635254,3.285723924636841,1.0010675191879272,0.11190436780452728,2.2791521549224854,0,1.8358043432235718,0.00021403166465461254,1746508752.9806046,1000,1.0010675191879272,0.0007548781577497721,20.700000762939453,0.771986722946167,1.0010675191879272,180.4588623046875,-0.004818933084607124,-0.3218895196914673,5.96999979019165,2.270252227783203,1.6085286140441895,2.2332839965820312,1.8358043432235718,-9.918212917625624e-09
