Time/Epoch,Loss/Loss_reward_critic/Delta,Train/PolicyRatio/Max,Safety/shield_adv_c,_step,Train/LR,Value/reward,Loss/Loss_cost_critic/Delta,Loss/Loss_pi,Time/Rollout,Train/PolicyRatio,Train/PolicyRatio/Min,Train/PolicyRatio/Std,Safety/ShieldLagrangeMultiplier,Time/Update,Metrics/LagrangeMultiplier/Max,Metrics/LagrangeMultiplier/Std,Time/Total,Safety/EpCostShield,TotalEnvSteps,Value/Adv,Loss/Loss_reward_critic,Safety/ShieldLagrangeMultiplier/Std,Train/Entropy,Loss/Loss_cost_critic,Train/StopIter,Train/PolicyStd,Safety/ShieldLagrangeMultiplier/Min,Safety/shield_violation,_timestamp,Safety/ShieldLagrangeMultiplier/Max,Train/Epoch,Train/KL,Metrics/EpLen,Metrics/LagrangeMultiplier,Metrics/EpRet,Metrics/EpCost,Metrics/LagrangeMultiplier/Min,Loss/Loss_pi/Delta,Time/FPS,Value/cost,_runtime
254.2020721435547,0.00887153297662735,1.0018733739852905,NaN,1,0.0002969999914057553,-0.1899118721485138,18.938716888427734,-0.44220420718193054,125.55211639404297,1.0018733739852905,1.0018733739852905,0.008614379912614822,0.044999994337558746,128.64990234375,0.03599999472498894,0,254.20306396484375,72.5,20000.0,-0.067674420773983,0.00887153297662735,0,1.4107835292816162,18.938716888427734,40,0.9919055700302124,0.044999994337558746,0.023910053074359894,1746496647.1355035,0.044999994337558746,0,0.004830649588257074,1000,0.03599999472498894,-0.3997131288051605,31.350000381469727,0.03599999472498894,-0.44220420718193054,78.67756652832031,-0.1772773414850235,466.750356193
211.57720947265625,-0.0031668543815612793,1.0021909475326538,NaN,2,0.00029399999766610563,-0.16855789721012115,-1.5684871673583984,-0.42152512073516846,83.03116607666016,1.0021909475326538,1.0021909475326538,0.009755861014127731,0.07937358319759369,128.54598999023438,0.07102073729038239,0,465.8533020019531,54.099998474121094,40000.0,-0.135922372341156,0.0057046785950660706,0,1.3972429037094116,17.370229721069336,40,0.9786151647567749,0.07937358319759369,0.5341319441795349,1746496858.7852945,0.07937358319759369,1,0.007895221933722496,1000,0.07102073729038239,-0.4597860872745514,32.17499923706055,0.07102073729038239,0.020679086446762085,94.52813720703125,0.16917204856872559,681.55568221
214.7087860107422,0.0025353282690048218,1.0030966997146606,NaN,3,0.000291000003926456,-0.1460028737783432,0.5739421844482422,-0.3743215501308441,85.55209350585938,1.0030966997146606,1.0030966997146606,0.011139866895973682,0.11386125534772873,129.15664672851562,0.10612116008996964,0,680.6293334960938,96.25,60000.0,-0.04060003161430359,0.008240006864070892,0,1.3661924600601196,17.944171905517578,40,0.9488366842269897,0.11386125534772873,3.3158836364746094,1746497073.5900867,0.11386125534772873,2,0.011077957227826118,1000,0.10612116008996964,0.06794583052396774,35.29999923706055,0.10612116008996964,0.04720357060432434,93.14942169189453,1.340214729309082,898.945426904
217.2942657470703,0.002146824263036251,1.003857135772705,NaN,4,0.0002880000101868063,-0.08058684319257736,-2.719552993774414,-0.37999799847602844,88.37779235839844,1.003857135772705,1.003857135772705,0.011176076717674732,0.14864446222782135,128.9164276123047,0.1413344442844391,0,898.0325927734375,87.30000305175781,80000.0,-0.060315072536468506,0.010386831127107143,0,1.3295177221298218,15.224618911743164,40,0.9147746562957764,0.14864446222782135,4.250776767730713,1746497290.9801414,0.14864446222782135,3,0.012148916721343994,1000,0.1413344442844391,0.7068426012992859,38.849998474121094,0.1413344442844391,-0.005676448345184326,92.04108428955078,2.2940292358398438,1118.320592925
219.29888916015625,0.005906459875404835,1.0030248165130615,NaN,5,0.0002849999873433262,0.011884581297636032,10.508140563964844,-0.3127022385597229,90.71725463867188,1.0030248165130615,1.0030248165130615,0.010523919947445393,0.18335266411304474,128.58157348632812,0.1766524314880371,0,1117.4222412109375,137.8000030517578,100000.0,-0.09132331609725952,0.016293291002511978,0,1.2989338636398315,25.732759475708008,40,0.8874398469924927,0.18335266411304474,5.155023574829102,1746497510.3554265,0.18335266411304474,4,0.008338740095496178,1000,0.1766524314880371,1.5097687244415283,49.20000076293945,0.1766524314880371,0.06729575991630554,91.19973754882812,3.370776891708374,1334.754487298
216.3492889404297,0.0028545204550027847,1.003814697265625,NaN,6,0.00028199999360367656,0.09931696951389313,-11.762960433959961,-0.3772072196006775,87.63622283935547,1.003814697265625,1.003814697265625,0.00968909915536642,0.21795129776000977,128.7130126953125,0.2121504247188568,0,1333.84423828125,85.44999694824219,120000.0,0.2998436689376831,0.019147811457514763,0,1.283332109451294,13.969799041748047,40,0.8734607696533203,0.21795129776000977,7.042524814605713,1746497726.7895646,0.21795129776000977,5,0.007949613966047764,1000,0.2121504247188568,2.577805995941162,48.81999969482422,0.2121504247188568,-0.06450498104095459,92.44310760498047,4.642971515655518,1549.925577238
215.10714721679688,-0.0025429148226976395,1.00306236743927,NaN,7,0.0002789999998640269,0.12822672724723816,4.624797821044922,-0.3584076762199402,88.08612823486328,1.00306236743927,1.00306236743927,0.010026705451309681,0.25279390811920166,127.02096557617188,0.24784836173057556,0,1549.0316162109375,103.0,140000.0,0.21429502964019775,0.016604896634817123,0,1.2610266208648682,18.59459686279297,40,0.8543261289596558,0.25279390811920166,7.739415645599365,1746497941.9606612,0.25279390811920166,6,0.00850214995443821,1000,0.24784836173057556,3.7032053470611572,52.65999984741211,0.24784836173057556,0.018799543380737305,92.97692108154297,4.59943962097168,1765.377112864
215.37115478515625,-0.0002327263355255127,1.0051124095916748,NaN,8,0.00027600000612437725,0.19645482301712036,-6.476747512817383,-0.39691728353500366,88.14532470703125,1.0051122903823853,1.0051124095916748,0.009776350110769272,0.28697583079338074,127.22575378417969,0.2836832106113434,0,1764.466552734375,67.25,160000.0,0.31446266174316406,0.01637217029929161,0,1.2465707063674927,12.117849349975586,40,0.8420567512512207,0.28697583079338074,7.176782608032227,1746498157.4121833,0.28697583079338074,7,0.010261854156851768,1000,0.2836832106113434,4.578754425048828,50.709999084472656,0.2836832106113434,-0.03850960731506348,92.86294555664062,4.8685302734375,1982.708705498
217.25802612304688,0.0036630332469940186,1.0029222965240479,NaN,9,0.0002730000123847276,0.2799833416938782,2.6072826385498047,-0.3398890793323517,88.5306396484375,1.0029221773147583,1.0029222965240479,0.009255783632397652,0.32160690426826477,128.72732543945312,0.319654643535614,0,1981.804931640625,110.4000015258789,180000.0,0.11728809028863907,0.02003520354628563,0,1.2329236268997192,14.72513198852539,40,0.8307307958602905,0.32160690426826477,8.144317626953125,1746498374.743486,0.32160690426826477,8,0.006952269468456507,1000,0.319654643535614,5.411890029907227,51.95000076293945,0.319654643535614,0.05702820420265198,92.05643463134766,4.766707420349121,2197.764600223
214.9840850830078,0.0017763357609510422,1.0043061971664429,NaN,10,0.0002699999895412475,0.37949034571647644,-3.9815664291381836,-0.43915417790412903,86.56651306152344,1.0043061971664429,1.0043061971664429,0.009542970918118954,0.3554733991622925,128.4175262451172,0.3552922010421753,0,2196.869384765625,62.70000076293945,200000.0,-0.18742406368255615,0.02181153930723667,0,1.219425916671753,10.743565559387207,40,0.8196089863777161,0.3554733991622925,8.690583229064941,1746498589.7997072,0.3554733991622925,9,0.006671862676739693,1000,0.3552922010421753,5.945718288421631,40.06999969482422,0.3552922010421753,-0.09926509857177734,93.03014373779297,5.310966491699219,2413.516513565
215.6791229248047,-0.001259995624423027,1.003480315208435,NaN,11,0.00026699999580159783,0.4998971223831177,4.454324722290039,-0.36018940806388855,86.7506103515625,1.0034801959991455,1.003480315208435,0.009777657687664032,0.3896887004375458,128.92845153808594,0.39088618755340576,0,2412.613525390625,100.0,220000.0,0.06120559200644493,0.020551543682813644,0,1.2041547298431396,15.197890281677246,40,0.8071750998497009,0.3896887004375458,8.434926986694336,1746498805.551323,0.3896887004375458,10,0.007502602878957987,1000,0.39088618755340576,6.5821533203125,45.060001373291016,0.39088618755340576,0.07896476984024048,92.7303466796875,4.9803009033203125,2629.797079412
216.19564819335938,0.0036776866763830185,1.0045223236083984,NaN,12,0.0002640000020619482,0.5365872383117676,-0.4320039749145508,-0.3438374698162079,87.04073333740234,1.0045223236083984,1.0045223236083984,0.009935790672898293,0.424246221780777,129.1548614501953,0.4264773726463318,0,2628.887939453125,103.55000305175781,240000.0,-0.03342333436012268,0.024229230359196663,0,1.1965210437774658,14.765886306762695,40,0.8011718988418579,0.424246221780777,8.516156196594238,1746499021.8318079,0.424246221780777,11,0.007268545217812061,1000,0.4264773726463318,6.994356632232666,45.88999938964844,0.4264773726463318,0.016351938247680664,92.50880432128906,5.611329555511475,2846.539432393
216.66879272460938,0.0012935921549797058,1.0050461292266846,NaN,13,0.0002610000083222985,0.6320964694023132,2.8373584747314453,-0.32671108841896057,87.61051177978516,1.0050461292266846,1.0050461292266846,0.010724610649049282,0.45928889513015747,129.0582275390625,0.4623241126537323,0,2845.6435546875,116.5,260000.0,-0.1580924093723297,0.02552282251417637,0,1.1802492141723633,17.60324478149414,40,0.788138747215271,0.45928889513015747,9.241098403930664,1746499238.5743978,0.45928889513015747,12,0.008564824238419533,1000,0.4623241126537323,7.939813613891602,53.0099983215332,0.4623241126537323,0.017126381397247314,92.3067855834961,6.090780258178711,3062.412989866
215.80657958984375,-0.0035508517175912857,1.0050197839736938,NaN,14,0.0002579999854788184,0.71295166015625,-0.8979454040527344,-0.35608288645744324,86.48470306396484,1.0050197839736938,1.0050197839736938,0.010185508988797665,0.4945800304412842,129.3218231201172,0.49839746952056885,0,3061.515625,107.94999694824219,280000.0,-0.10823498666286469,0.021971970796585083,0,1.1695363521575928,16.705299377441406,40,0.7797013521194458,0.4945800304412842,9.703213691711426,1746499454.4478776,0.4945800304412842,13,0.007830523885786533,1000,0.49839746952056885,8.511411666870117,53.709999084472656,0.49839746952056885,-0.029371798038482666,92.67558288574219,7.144074440002441,3275.945310374
213.46142578125,0.0027785617858171463,1.004923701286316,NaN,15,0.00025499999173916876,0.7048765420913696,-2.6118154525756836,-0.4082528352737427,84.83628845214844,1.004923701286316,1.004923701286316,0.010439177043735981,0.5296412110328674,128.62509155273438,0.534731924533844,0,3275.048583984375,87.25,300000.0,-0.27684321999549866,0.02475053258240223,0,1.1564823389053345,14.093483924865723,40,0.769781768321991,0.5296412110328674,9.483345031738281,1746499667.9802258,0.5296412110328674,14,0.009940195828676224,1000,0.534731924533844,9.020216941833496,56.150001525878906,0.534731924533844,-0.05216994881629944,93.69374084472656,6.369375705718994,3492.574596473
216.56137084960938,0.0025995224714279175,1.0027848482131958,NaN,16,0.0002519999979995191,0.8644518852233887,5.189043998718262,-0.3188249468803406,86.86199951171875,1.0027848482131958,1.0027848482131958,0.010239819064736366,0.5653315782546997,129.69931030273438,0.5714351534843445,0,3491.68017578125,132.0,320000.0,-0.005452483892440796,0.027350055053830147,0,1.1468673944473267,19.282527923583984,40,0.762397825717926,0.5653315782546997,10.762459754943848,1746499884.60954,0.5653315782546997,15,0.00749201187863946,1000,0.5714351534843445,9.583246231079102,61.40999984741211,0.5714351534843445,0.0894278883934021,92.35257720947266,6.70953893661499,3708.239525673
215.5948028564453,-0.0004064887762069702,1.00586998462677,NaN,17,0.00024900000425986946,0.8764312267303467,-5.534968376159668,-0.40355831384658813,85.52600860595703,1.00586998462677,1.00586998462677,0.010726074688136578,0.6007525324821472,130.06874084472656,0.6083197593688965,0,3707.343017578125,89.6500015258789,340000.0,0.02216559648513794,0.026943566277623177,0,1.1319100856781006,13.747559547424316,40,0.7512533664703369,0.6007525324821472,9.652180671691895,1746500100.2743807,0.6007525324821472,16,0.009611902758479118,1000,0.6083197593688965,10.268692970275879,57.650001525878906,0.6083197593688965,-0.08473336696624756,92.76661682128906,5.704742431640625,3925.032673102
216.71572875976562,0.006388792768120766,1.0047948360443115,NaN,18,0.0002460000105202198,0.8619751930236816,-0.4605846405029297,-0.4296766221523285,86.92261505126953,1.0047948360443115,1.0047948360443115,0.010474720038473606,0.6357792615890503,129.7930450439453,0.6451843976974487,0,3924.12939453125,82.9000015258789,360000.0,0.014219768345355988,0.03333235904574394,0,1.1175496578216553,13.286974906921387,40,0.7405408620834351,0.6357792615890503,9.83738899230957,1746500317.0673952,0.6357792615890503,17,0.00851328857243061,1000,0.6451843976974487,10.300551414489746,53.09000015258789,0.6451843976974487,-0.026118308305740356,92.28679656982422,5.487983703613281,4141.878851832
216.77008056640625,-0.010152088478207588,1.004638671875,NaN,19,0.00024300000222865492,1.0052196979522705,2.33103084564209,-0.409553587436676,87.01232147216797,1.004638671875,1.004638671875,0.011129824444651604,0.6708963513374329,129.75770568847656,0.6820163130760193,0,4140.97998046875,101.0,380000.0,0.2205045521259308,0.023180270567536354,0,1.0936414003372192,15.618005752563477,40,0.7230985164642334,0.6708963513374329,10.80775260925293,1746500533.913766,0.6708963513374329,18,0.011827697046101093,1000,0.6820163130760193,10.6566162109375,52.81999969482422,0.6820163130760193,0.020123034715652466,92.26365661621094,6.256318092346191,4359.420135133
217.46682739257812,0.007461618632078171,1.0066885948181152,NaN,20,0.00023999999393709004,1.0652000904083252,0.14719390869140625,-0.4161391854286194,87.13336944580078,1.0066885948181152,1.0066885948181152,0.011064637452363968,0.7062354683876038,130.33340454101562,0.7189469933509827,0,4358.5185546875,107.8499984741211,400000.0,-0.16089461743831635,0.030641889199614525,0,1.0786644220352173,15.765199661254883,40,0.7124590873718262,0.7062354683876038,11.677355766296387,1746500751.4549632,0.7062354683876038,19,0.01015087403357029,1000,0.7189469933509827,11.200883865356445,56.189998626708984,0.7189469933509827,-0.006585597991943359,91.96804809570312,7.286989212036133,4574.873023552
215.34422302246094,-0.004561401903629303,1.0037490129470825,NaN,21,0.00023700000019744039,1.0227084159851074,-0.793889045715332,-0.39502403140068054,86.1029281616211,1.0037490129470825,1.0037490129470825,0.01052728109061718,0.741769552230835,129.24122619628906,0.7557461857795715,0,4573.93994140625,108.25,420000.0,0.14034056663513184,0.026080487295985222,0,1.0694314241409302,14.97131061553955,40,0.7059078812599182,0.741769552230835,11.298955917358398,1746500966.9081507,0.741769552230835,20,0.008899783715605736,1000,0.7557461857795715,11.043020248413086,51.029998779296875,0.7557461857795715,0.021115154027938843,92.87456512451172,6.810008525848389,4790.030108807
215.0806427001953,0.002300398424267769,1.006818413734436,NaN,22,0.00023400000645779073,1.0582196712493896,-1.8183507919311523,-0.513536810874939,85.23966979980469,1.006818413734436,1.006818413734436,0.01132273767143488,0.776746392250061,129.84092712402344,0.7924537658691406,0,4789.12353515625,78.05000305175781,440000.0,-0.14780744910240173,0.02838088572025299,0,1.045910120010376,13.152959823608398,40,0.6897892951965332,0.776746392250061,11.357463836669922,1746501182.0649433,0.776746392250061,21,0.01012341771274805,1000,0.7924537658691406,11.255646705627441,51.619998931884766,0.7924537658691406,-0.11851277947425842,92.98837280273438,6.4989848136901855,5005.751186392
215.64569091796875,0.002897854894399643,1.0076261758804321,NaN,23,0.00023099999816622585,1.139864444732666,0.8858013153076172,-0.42815953493118286,86.17167663574219,1.0076261758804321,1.0076261758804321,0.011825179681181908,0.8119118213653564,129.4739532470703,0.8291385173797607,0,5004.8515625,105.4000015258789,460000.0,0.41497498750686646,0.031278740614652634,0,1.0266681909561157,14.038761138916016,40,0.6767638921737671,0.8119118213653564,11.87402057647705,1746501397.7862236,0.8119118213653564,22,0.01097155548632145,1000,0.8291385173797607,11.667716979980469,53.0099983215332,0.8291385173797607,0.0853772759437561,92.7447280883789,6.926279067993164,5218.864333786
213.0431365966797,-0.0020028073340654373,1.007386565208435,NaN,24,0.0002280000044265762,1.1241201162338257,-2.476016044616699,-0.5665243864059448,83.44692993164062,1.0073864459991455,1.007386565208435,0.01140051893889904,0.846041738986969,129.5961456298828,0.8655681610107422,0,5217.9638671875,59.95000076293945,480000.0,0.007627934217453003,0.029275933280587196,0,1.0119035243988037,11.562745094299316,40,0.6670738458633423,0.846041738986969,10.72546100616455,1746501610.8991816,0.846041738986969,23,0.010043761692941189,1000,0.8655681610107422,11.776531219482422,47.88999938964844,0.8655681610107422,-0.13836485147476196,93.87770080566406,6.2713847160339355,5434.432887181
215.46920776367188,0.00404282845556736,1.0058563947677612,NaN,25,0.00022499999613501132,1.172905445098877,2.1900815963745117,-0.4124661386013031,86.27092742919922,1.0058563947677612,1.0058563947677612,0.011158807203173637,0.8802648186683655,129.19822692871094,0.9016643762588501,0,5433.5078125,96.3499984741211,500000.0,-0.19120900332927704,0.033318761736154556,0,0.9992585778236389,13.752826690673828,40,0.6589818000793457,0.8802648186683655,10.757594108581543,1746501826.4673133,0.8802648186683655,24,0.01083302590996027,1000,0.9016643762588501,11.851154327392578,45.630001068115234,0.9016643762588501,0.15405824780464172,92.82068634033203,6.209532260894775,5650.616588094
216.09982299804688,-0.0009389780461788177,1.0077404975891113,NaN,26,0.00022200000239536166,1.2144228219985962,-2.8805971145629883,-0.477789044380188,85.6706771850586,1.0077404975891113,1.0077404975891113,0.011752082966268063,0.9139599204063416,130.42909240722656,0.9372437000274658,0,5649.71435546875,73.55000305175781,520000.0,-0.01632852852344513,0.03237978368997574,0,0.9756035804748535,10.87222957611084,40,0.6437569260597229,0.9139599204063416,10.224382400512695,1746502042.6514666,0.9139599204063416,25,0.011147956363856792,1000,0.9372437000274658,12.494592666625977,41.25,0.9372437000274658,-0.06532290577888489,92.54981994628906,5.841165065765381,5865.92645936
215.21385192871094,-0.003226863220334053,1.0064090490341187,NaN,27,0.00021899999410379678,1.1377960443496704,2.730992317199707,-0.46475329995155334,85.86022186279297,1.0064090490341187,1.0064090490341187,0.011660524643957615,0.9475667476654053,129.35357666015625,0.9724016189575195,0,5865.00537109375,86.94999694824219,540000.0,-0.10420603305101395,0.029152920469641685,0,0.956089198589325,13.603221893310547,40,0.6313565373420715,0.9475667476654053,11.07557201385498,1746502257.9609416,0.9475667476654053,26,0.011623644270002842,1000,0.9724016189575195,12.465087890625,41.869998931884766,0.9724016189575195,0.013035744428634644,92.93082427978516,5.687415599822998,6081.51999341
215.5133514404297,-0.001148795709013939,1.0044147968292236,NaN,28,0.00021600000036414713,1.2226266860961914,1.3033456802368164,-0.35399287939071655,86.72755432128906,1.0044147968292236,1.0044147968292236,0.011540335603058338,0.9815792441368103,128.78573608398438,1.0072615146636963,0,6080.623046875,105.55000305175781,560000.0,0.1318967491388321,0.028004124760627747,0,0.949367105960846,14.906567573547363,40,0.6274641752243042,0.9815792441368103,10.659255027770996,1746502473.5549626,0.9815792441368103,27,0.01192722748965025,1000,1.0072615146636963,12.46295166015625,43.220001220703125,1.0072615146636963,0.11076042056083679,92.80167388916016,5.522231578826904,6295.575946085
213.9785919189453,0.004507835954427719,1.006277322769165,NaN,29,0.00021300000662449747,1.1631699800491333,-4.445775985717773,-0.4443924129009247,84.38102722167969,1.006277322769165,1.006277322769165,0.011677069589495659,1.0149213075637817,129.59751892089844,1.041847586631775,0,6294.66845703125,67.94999694824219,580000.0,0.019647590816020966,0.032511960715055466,0,0.9297552704811096,10.46079158782959,40,0.6157659292221069,1.0149213075637817,9.101422309875488,1746502687.6109698,1.0149213075637817,28,0.01282894890755415,1000,1.041847586631775,12.54606819152832,42.97999954223633,1.041847586631775,-0.09039953351020813,93.46729278564453,4.775391578674316,6510.405290368
214.7412109375,-0.0007502809166908264,1.005267858505249,NaN,30,0.0002099999983329326,1.2494364976882935,0.12786579132080078,-0.4152260422706604,85.42210388183594,1.005267858505249,1.005267858505249,0.011697979643940926,1.0481486320495605,129.31903076171875,1.076154112815857,0,6509.4873046875,84.30000305175781,600000.0,0.21337789297103882,0.03176167979836464,0,0.9203373789787292,10.58865737915039,40,0.6100778579711914,1.0481486320495605,9.902914047241211,1746502902.4403944,1.0481486320495605,29,0.010413001291453838,1000,1.076154112815857,12.436964988708496,42.25,1.076154112815857,0.029166370630264282,93.13536071777344,4.981661796569824,6724.655214524
214.1465606689453,0.0018302500247955322,1.0078046321868896,NaN,31,0.00020700000459328294,1.194649577140808,-1.3789167404174805,-0.45158928632736206,85.8569107055664,1.0078045129776,1.0078046321868896,0.012165138497948647,1.0810253620147705,128.2895965576172,1.1102761030197144,0,6723.72216796875,75.55000305175781,620000.0,0.06689855456352234,0.03359192982316017,0,0.9076504707336426,9.20974063873291,40,0.6027159094810486,1.0810253620147705,9.781312942504883,1746503116.689657,1.0810253620147705,30,0.011382794938981533,1000,1.1102761030197144,12.092933654785156,43.34000015258789,1.1102761030197144,-0.03636324405670166,93.39398193359375,5.242876052856445,6939.180974937
214.43313598632812,0.007343076169490814,1.0055646896362305,NaN,32,0.00020399999630171806,1.3102906942367554,3.481660842895508,-0.3468693196773529,86.44807434082031,1.0055646896362305,1.0055646896362305,0.011966393329203129,1.11430025100708,127.9850082397461,1.144357442855835,0,6938.267578125,100.55000305175781,640000.0,0.296929270029068,0.040935005992650986,0,0.8905683755874634,12.691401481628418,40,0.5929220914840698,1.11430025100708,10.024598121643066,1746503331.2157204,1.11430025100708,31,0.012130025774240494,1000,1.144357442855835,12.80398178100586,45.529998779296875,1.144357442855835,0.10471996665000916,93.2691650390625,4.8977556228637695,7152.519397774
213.2515106201172,-0.00596313551068306,1.0073127746582031,NaN,33,0.0002010000025620684,1.327440619468689,-2.543004035949707,-0.4833862781524658,84.57593536376953,1.0073126554489136,1.0073127746582031,0.011990806087851524,1.1471258401870728,128.67552185058594,1.1782100200653076,0,7151.6103515625,72.4000015258789,660000.0,-0.12406027317047119,0.034971870481967926,0,0.8713966608047485,10.148397445678711,40,0.5820518136024475,1.1471258401870728,10.126312255859375,1746503544.5540922,1.1471258401870728,32,0.012856744229793549,1000,1.1782100200653076,12.982077598571777,42.02000045776367,1.1782100200653076,-0.13651695847511292,93.78597259521484,4.853514671325684,7367.844664748
215.25514221191406,0.010064415633678436,1.0103015899658203,NaN,34,0.00019799999427050352,1.3612207174301147,1.1205263137817383,-0.4610891044139862,86.14263153076172,1.0103015899658203,1.0103015899658203,0.012406028807163239,1.1797432899475098,129.11245727539062,1.2119930982589722,0,7366.95166015625,78.5999984741211,680000.0,-0.006206002086400986,0.04503628611564636,0,0.8541507124900818,11.26892375946045,40,0.5723968148231506,1.1797432899475098,10.24760913848877,1746503759.8797202,1.1797432899475098,33,0.011678916402161121,1000,1.2119930982589722,13.345976829528809,44.33000183105469,1.2119930982589722,0.022297173738479614,92.91299438476562,5.053479194641113,7581.057684025
213.0979766845703,-0.00478193536400795,1.00587797164917,NaN,35,0.00019500000053085387,1.420392394065857,-0.3791027069091797,-0.4011802077293396,85.47323608398438,1.00587797164917,1.00587797164917,0.012249904684722424,1.212324857711792,127.62468719482422,1.2456454038619995,0,7580.1123046875,83.44999694824219,700000.0,0.17803621292114258,0.04025435075163841,0,0.8472238183021545,10.88982105255127,40,0.5686445832252502,1.212324857711792,9.819611549377441,1746503973.0921624,1.212324857711792,34,0.01251166220754385,1000,1.2456454038619995,13.685874938964844,43.060001373291016,1.2456454038619995,0.059908896684646606,93.85354614257812,4.976415634155273,7799.525021261
218.3004608154297,-0.006317164748907089,1.0065642595291138,NaN,36,0.00019200000679120421,1.2128853797912598,-0.9310827255249023,-0.44592174887657166,88.48121643066406,1.0065642595291138,1.0065642595291138,0.011978655122220516,1.2445651292800903,129.81919860839844,1.2791622877120972,0,7798.54150390625,73.0999984741211,720000.0,0.02738989144563675,0.03393718600273132,0,0.8329583406448364,9.958738327026367,40,0.5610894560813904,1.2445651292800903,9.763443946838379,1746504191.559863,1.2445651292800903,35,0.013447933830320835,1000,1.2791622877120972,13.4561128616333,42.66999816894531,1.2791622877120972,-0.044741541147232056,91.6168441772461,4.800251483917236,8015.795293444
216.20167541503906,-0.0005303658545017242,1.0078177452087402,NaN,37,0.00018899999849963933,1.2806462049484253,-0.8877983093261719,-0.49927613139152527,86.61625671386719,1.0078177452087402,1.0078177452087402,0.011892074719071388,1.2760719060897827,129.5853729248047,1.3122456073760986,0,8014.89990234375,59.54999923706055,740000.0,0.0383443683385849,0.0334068201482296,0,0.8209313750267029,9.070940017700195,40,0.554353654384613,1.2760719060897827,9.273981094360352,1746504407.83021,1.2760719060897827,36,0.010831072926521301,1000,1.3122456073760986,12.783965110778809,37.33000183105469,1.3122456073760986,-0.05335438251495361,92.50621795654297,4.9109978675842285,8230.390818337
214.51060485839844,-0.0012268908321857452,1.007375955581665,NaN,38,0.00018600000475998968,1.328126311302185,1.4055404663085938,-0.41718438267707825,87.27520751953125,1.007375955581665,1.007375955581665,0.012267230078577995,1.3075095415115356,127.23534393310547,1.3449211120605469,0,8229.4794921875,77.6500015258789,760000.0,-0.016885746270418167,0.032179929316043854,0,0.8062685132026672,10.476480484008789,40,0.5468804240226746,1.3075095415115356,9.577213287353516,1746504622.4254937,1.3075095415115356,37,0.012603126466274261,1000,1.3449211120605469,12.662834167480469,36.91999816894531,1.3449211120605469,0.08209174871444702,93.23548126220703,4.8780083656311035,8444.390126775
213.89027404785156,0.003542877733707428,1.0076065063476562,NaN,39,0.0001829999964684248,1.4331278800964355,0.36104393005371094,-0.47058361768722534,86.94947814941406,1.0076065063476562,1.0076065063476562,0.012624151073396206,1.3386685848236084,126.94073486328125,1.3771474361419678,0,8443.4580078125,70.6500015258789,780000.0,-0.07121308892965317,0.03572280704975128,0,0.790888249874115,10.8375244140625,40,0.5394152402877808,1.3386685848236084,9.649398803710938,1746504836.4244719,1.3386685848236084,38,0.01257254183292389,1000,1.3771474361419678,12.835785865783691,35.47999954223633,1.3771474361419678,-0.053399235010147095,93.50588989257812,4.959916591644287,8657.211749668
212.7434539794922,0.005061015486717224,1.0052114725112915,NaN,40,0.00018000000272877514,1.345664381980896,-0.5239629745483398,-0.322194367647171,86.13484954833984,1.0052114725112915,1.0052114725112915,0.012153963558375835,1.3697857856750488,126.6085433959961,1.4089909791946411,0,8656.31640625,76.9000015258789,800000.0,-0.03594342619180679,0.040783822536468506,0,0.7858871221542358,10.31356143951416,40,0.5368466377258301,1.3697857856750488,8.199104309082031,1746505049.2467308,1.3697857856750488,39,0.012334752827882767,1000,1.4089909791946411,12.878634452819824,35.70000076293945,1.4089909791946411,0.14838925004005432,94.00994873046875,3.9238600730895996,8871.071119979
213.76950073242188,-0.004192151129245758,1.0078778266906738,NaN,41,0.00017699999443721026,1.4000990390777588,-1.9043970108032227,-0.4922521412372589,85.78224182128906,1.0078778266906738,1.0078778266906738,0.01238207332789898,1.399919033050537,127.98721313476562,1.4403188228607178,0,8870.1513671875,48.5,820000.0,-0.2870613932609558,0.03659167140722275,0,0.7699990272521973,8.409164428710938,40,0.5281106233596802,1.399919033050537,8.300186157226562,1746505263.1056676,1.399919033050537,40,0.012249250896275043,1000,1.4403188228607178,13.650739669799805,32.91999816894531,1.4403188228607178,-0.1700577735900879,93.5587158203125,3.912389039993286,9084.129760145
212.9658203125,0.003154844045639038,1.0064314603805542,NaN,42,0.0001740000006975606,1.3813292980194092,-0.4460444450378418,-0.40314701199531555,84.6268539428711,1.0064314603805542,1.0064314603805542,0.012297379784286022,1.4295310974121094,128.33889770507812,1.4712339639663696,0,9083.216796875,58.79999923706055,840000.0,0.26945960521698,0.039746515452861786,0,0.7544443607330322,7.963119983673096,40,0.52042156457901,1.4295310974121094,7.911268711090088,1746505476.164373,1.4295310974121094,41,0.014431633986532688,1000,1.4712339639663696,14.039946556091309,33.59000015258789,1.4712339639663696,0.08910512924194336,93.91178131103516,3.5753071308135986,9299.256748686
215.05467224121094,-0.0019610896706581116,1.002132773399353,NaN,43,0.00017100000695791095,1.3931909799575806,2.5778393745422363,-0.26666849851608276,87.2701187133789,1.002132773399353,1.002132773399353,0.012288251891732216,1.4594844579696655,127.78450012207031,1.5018550157546997,0,9298.3623046875,82.69999694824219,860000.0,-0.16238760948181152,0.037785425782203674,0,0.7492400407791138,10.540959358215332,40,0.5180072784423828,1.4594844579696655,7.9138970375061035,1746505691.291819,1.4594844579696655,42,0.013050216250121593,1000,1.5018550157546997,14.048601150512695,34.650001525878906,1.5018550157546997,0.1364785134792328,92.9996109008789,3.937837600708008,9511.165560949
211.8257293701172,0.0016938373446464539,1.0065144300460815,NaN,44,0.00016799999866634607,1.2849056720733643,-3.5431318283081055,-0.428257018327713,83.79608917236328,1.006514310836792,1.0065144300460815,0.012098067440092564,1.4884966611862183,128.0295867919922,1.5320566892623901,0,9510.251953125,46.20000076293945,880000.0,-0.15889877080917358,0.03947926312685013,0,0.743992030620575,6.997827529907227,40,0.5150540471076965,1.4884966611862183,7.1881327629089355,1746505903.2003047,1.4884966611862183,43,0.011923798359930515,1000,1.5320566892623901,13.459622383117676,32.209999084472656,1.5320566892623901,-0.16158851981163025,94.417236328125,3.585739850997925,9723.40820738
212.1715087890625,0.0023902766406536102,1.0088211297988892,NaN,45,0.00016500000492669642,1.3191416263580322,-0.5996007919311523,-0.43875426054000854,83.61126708984375,1.0088211297988892,1.0088211297988892,0.012751992791891098,1.5166163444519043,128.56019592285156,1.5616483688354492,0,9722.5146484375,44.849998474121094,900000.0,-0.17717301845550537,0.04186953976750374,0,0.7296148538589478,6.398226737976074,40,0.5080926418304443,1.5166163444519043,7.137417316436768,1746506115.4433339,1.5166163444519043,44,0.014009859412908554,1000,1.5616483688354492,13.324213981628418,28.690000534057617,1.5616483688354492,-0.010497242212295532,94.26336669921875,3.5026140213012695,9937.926253743
214.4413604736328,-0.0026927627623081207,1.0047327280044556,NaN,46,0.00016199999663513154,1.3745076656341553,2.339959144592285,-0.36104169487953186,84.43577575683594,1.0047327280044556,1.0047327280044556,0.01271117478609085,1.5447719097137451,130.00552368164062,1.5909091234207153,0,9937.01953125,68.05000305175781,920000.0,0.02541719377040863,0.03917677700519562,0,0.7234305739402771,8.73818588256836,40,0.5052822828292847,1.5447719097137451,8.05998420715332,1746506329.9610467,1.5447719097137451,45,0.012303579598665237,1000,1.5909091234207153,13.182526588439941,31.75,1.5909091234207153,0.07771256566047668,93.26559448242188,3.857489824295044,10150.487844182
212.46954345703125,0.0008224248886108398,1.0060744285583496,NaN,47,0.00015900000289548188,1.2653930187225342,-0.6947689056396484,-0.3684045374393463,83.91370391845703,1.0060744285583496,1.0060744285583496,0.012472213245928288,1.5724979639053345,128.55580139160156,1.6198750734329224,0,10149.572265625,54.900001525878906,940000.0,-0.03498696908354759,0.03999920189380646,0,0.712855339050293,8.043416976928711,40,0.49985164403915405,1.5724979639053345,7.039501667022705,1746506542.5226064,1.5724979639053345,46,0.01191154308617115,1000,1.6198750734329224,12.808016777038574,31.68000030517578,1.6198750734329224,-0.007362842559814453,94.13113403320312,3.74011492729187,10363.663973287
213.09970092773438,-0.00019738450646400452,1.0040767192840576,NaN,48,0.000155999994603917,1.3452733755111694,1.4255657196044922,-0.19983112812042236,84.73756408691406,1.0040767192840576,1.0040767192840576,0.013053907081484795,1.6009173393249512,128.36207580566406,1.648577332496643,0,10362.763671875,85.30000305175781,960000.0,0.022395707666873932,0.03980181738734245,0,0.7152901887893677,9.468982696533203,40,0.5016365051269531,1.6009173393249512,7.337343692779541,1746506755.699064,1.6009173393249512,47,0.013955755159258842,1000,1.648577332496643,12.631538391113281,31.59000015258789,1.648577332496643,0.16857340931892395,93.852783203125,3.8006651401519775,10575.205569035
211.43637084960938,-0.005384281277656555,1.0060274600982666,NaN,49,0.00015300000086426735,1.2559643983840942,-2.8361716270446777,-0.37916532158851624,82.5221176147461,1.0060274600982666,1.0060274600982666,0.011970855295658112,1.6285167932510376,128.91419982910156,1.677024245262146,0,10574.2705078125,44.849998474121094,980000.0,-0.25659310817718506,0.0344175361096859,0,0.7105309963226318,6.632811069488525,40,0.5001381635665894,1.6285167932510376,6.461491107940674,1746506967.2399669,1.6285167932510376,48,0.011964481323957443,1000,1.677024245262146,12.575774192810059,31.219999313354492,1.677024245262146,-0.17933419346809387,94.59111022949219,3.364623546600342,10787.99866143
212.6962890625,0.008705679327249527,1.0073444843292236,NaN,50,0.0001500000071246177,1.2562116384506226,-0.4579739570617676,-0.3959883153438568,82.95874786376953,1.0073444843292236,1.0073444843292236,0.01285252533853054,1.655236005783081,129.73748779296875,1.70522141456604,0,10787.0859375,41.0,1000000.0,0.17250953614711761,0.043123215436935425,0,0.6967648863792419,6.174837112426758,40,0.4938146770000458,1.655236005783081,6.290912628173828,1746507180.0334198,1.655236005783081,49,0.013016457669436932,1000,1.70522141456604,12.301474571228027,30.829999923706055,1.70522141456604,-0.016822993755340576,94.03079223632812,3.2511887550354004,11002.357270091
214.28465270996094,-0.0028433799743652344,1.005815029144287,NaN,51,0.00014699999883305281,1.4315693378448486,1.6553492546081543,-0.35135844349861145,84.50164794921875,1.005815029144287,1.005815029144287,0.01252765767276287,1.6820733547210693,129.78294372558594,1.7330948114395142,0,11001.4599609375,65.0999984741211,1020000.0,-0.3520634174346924,0.04027983546257019,0,0.6863133311271667,7.830186367034912,40,0.48941361904144287,1.6820733547210693,7.79995059967041,1746507394.3923836,1.6820733547210693,50,0.012208515778183937,1000,1.7330948114395142,12.743447303771973,29.34000015258789,1.7330948114395142,0.04462987184524536,93.33380126953125,3.579772710800171,11215.725258078
213.3011932373047,0.0033513009548187256,1.00527822971344,NaN,52,0.00014400000509340316,1.2300413846969604,-0.37337779998779297,-0.3180708885192871,83.25699615478516,1.00527822971344,1.00527822971344,0.012415846809744835,1.7087695598602295,130.0441436767578,1.7606940269470215,0,11214.828125,58.20000076293945,1040000.0,0.30641141533851624,0.043631136417388916,0,0.6878697276115417,7.456808567047119,40,0.490445077419281,1.7087695598602295,6.757923603057861,1746507607.7603796,1.7087695598602295,51,0.011919182725250721,1000,1.7606940269470215,12.290278434753418,29.469999313354492,1.7606940269470215,0.03328755497932434,93.76412963867188,3.1743576526641846,11429.27434865
213.47019958496094,-0.004580743610858917,1.0043389797210693,NaN,53,0.00014099999680183828,1.4420450925827026,0.3867521286010742,-0.33376815915107727,83.92659759521484,1.0043389797210693,1.0043389797210693,0.01276273000985384,1.735571265220642,129.5435333251953,1.7878549098968506,0,11428.365234375,64.19999694824219,1060000.0,0.22236007452011108,0.03905039280653,0,0.6868769526481628,7.843560695648193,40,0.4903793931007385,1.735571265220642,7.437950134277344,1746507821.3091388,1.735571265220642,52,0.013421747833490372,1000,1.7878549098968506,12.699685096740723,26.760000228881836,1.7878549098968506,-0.01569727063179016,93.68989562988281,3.7399327754974365,11643.383031235
214.01174926757812,0.0013306625187397003,1.0076738595962524,NaN,54,0.00013800000306218863,1.4679492712020874,0.1383061408996582,-0.3956061005592346,84.05406951904297,1.007673740386963,1.0076738595962524,0.01223579328507185,1.7625783681869507,129.95762634277344,1.8147332668304443,0,11642.4619140625,66.94999694824219,1080000.0,0.12323951721191406,0.0403810553252697,0,0.6790177226066589,7.981866836547852,40,0.48672470450401306,1.7625783681869507,8.366127014160156,1746508035.4176476,1.7625783681869507,53,0.012245356105268002,1000,1.8147332668304443,13.2183837890625,28.170000076293945,1.8147332668304443,-0.06183794140815735,93.45281219482422,3.939243793487549,11857.341357484
213.8638916015625,0.005713220685720444,1.0076946020126343,NaN,55,0.00013499999477062374,1.2682740688323975,-0.5213522911071777,-0.3455287218093872,84.42008209228516,1.0076946020126343,1.0076946020126343,0.012816565111279488,1.7897050380706787,129.44375610351562,1.8415447473526,0,11856.4248046875,65.0,1100000.0,-0.05227530747652054,0.04609427601099014,0,0.6701940298080444,7.460514545440674,40,0.48280611634254456,1.7897050380706787,7.708199977874756,1746508249.3760564,1.7897050380706787,54,0.013810980133712292,1000,1.8415447473526,12.927497863769531,30.59000015258789,1.8415447473526,0.05007737874984741,93.51742553710938,3.6240077018737793,12070.864390112
213.43919372558594,-0.006313372403383255,1.0057463645935059,NaN,56,0.0001320000010309741,1.2569314241409302,0.24970769882202148,-0.4129391312599182,83.61479187011719,1.0057463645935059,1.0057463645935059,0.012620382010936737,1.816762089729309,129.8243408203125,1.8682981729507446,0,12069.958984375,60.099998474121094,1120000.0,-0.12260342389345169,0.03978090360760689,0,0.6670677661895752,7.710222244262695,40,0.4817829132080078,1.816762089729309,8.048030853271484,1746508462.8991418,1.816762089729309,55,0.011352114379405975,1000,1.8682981729507446,11.913233757019043,30.510000228881836,1.8682981729507446,-0.067410409450531,93.70350646972656,3.924776077270508,12282.494324176
211.55015563964844,-0.000660870224237442,1.0083884000778198,NaN,57,0.0001289999927394092,1.3234320878982544,-0.41046857833862305,-0.43703487515449524,82.7925033569336,1.0083882808685303,1.0083884000778198,0.012823211029171944,1.8434425592422485,128.75758361816406,1.8948813676834106,0,12281.5908203125,51.75,1140000.0,-0.01768152043223381,0.039120033383369446,0,0.6590450406074524,7.299753665924072,40,0.47831860184669495,1.8434425592422485,7.635396957397461,1746508674.5293763,1.8434425592422485,56,0.012812791392207146,1000,1.8948813676834106,12.7385892868042,28.829999923706055,1.8948813676834106,-0.024095743894577026,94.54022979736328,3.698961019515991,12497.038334929
214.4587860107422,0.002029862254858017,1.0042755603790283,NaN,58,0.00012599999899975955,1.1885924339294434,1.1438984870910645,-0.16048090159893036,84.61939239501953,1.0042755603790283,1.0042755603790283,0.012875464744865894,1.8712607622146606,129.83934020996094,1.9216814041137695,0,12496.123046875,90.9000015258789,1160000.0,-0.1227768287062645,0.04114989563822746,0,0.6467426419258118,8.443652153015137,40,0.4729209244251251,1.8712607622146606,7.5235724449157715,1746508889.0730948,1.8712607622146606,57,0.01311922911554575,1000,1.9216814041137695,12.117091178894043,33.65999984741211,1.9216814041137695,0.2765539735555649,93.25801086425781,3.5650250911712646,12710.931526054
213.80699157714844,0.005261518061161041,1.0036613941192627,NaN,59,0.0001230000052601099,1.3781546354293823,-0.14648151397705078,-0.3357106149196625,84.46412658691406,1.0036612749099731,1.0036613941192627,0.012247865088284016,1.8990107774734497,129.3428192138672,1.9487560987472534,0,12710.02734375,61.54999923706055,1180000.0,-0.11925353109836578,0.046411413699388504,0,0.6431307792663574,8.297170639038086,40,0.47194603085517883,1.8990107774734497,7.27763032913208,1746509102.9662073,1.8990107774734497,58,0.012105638161301613,1000,1.9487560987472534,12.036611557006836,34.630001068115234,1.9487560987472534,-0.17522971332073212,93.54231262207031,3.686923027038574,12926.238436784
215.22592163085938,-0.00462423637509346,1.006341814994812,NaN,60,0.00011999999696854502,1.3713911771774292,-0.5718212127685547,-0.3432168662548065,86.30500030517578,1.0063416957855225,1.006341814994812,0.012790501117706299,1.9267412424087524,128.9208526611328,1.976047396659851,0,12925.33203125,62.45000076293945,1200000.0,0.21514184772968292,0.041787177324295044,0,0.6421051621437073,7.725349426269531,40,0.4721795618534088,1.9267412424087524,7.439602375030518,1746509318.2735438,1.9267412424087524,59,0.012281069532036781,1000,1.976047396659851,12.50268268585205,34.130001068115234,1.976047396659851,-0.007506251335144043,92.92561340332031,3.7614684104919434,13139.152986251
212.83740234375,-0.006191529333591461,1.0074548721313477,NaN,61,0.00011700000322889537,1.3893234729766846,-0.8136343955993652,-0.4391217529773712,84.06063842773438,1.0074548721313477,1.0074548721313477,0.012205101549625397,1.9537850618362427,128.77670288085938,2.003432273864746,0,13138.24609375,45.20000076293945,1220000.0,-0.006925467401742935,0.03559564799070358,0,0.6354168057441711,6.911715030670166,40,0.46907538175582886,1.9537850618362427,7.251581192016602,1746509531.187798,1.9537850618362427,60,0.010856442153453827,1000,2.003432273864746,12.999768257141113,32.689998626708984,2.003432273864746,-0.0959048867225647,93.96844482421875,3.723742961883545,13354.161039605
214.90074157714844,-0.00257878378033638,0.9987322092056274,NaN,62,0.0001140000022132881,1.426759958267212,3.0291571617126465,-0.059438854455947876,85.4501724243164,0.9987321496009827,0.9987322092056274,0.013657954521477222,1.9822953939437866,129.4505157470703,2.031386613845825,0,13353.23046875,99.9000015258789,1240000.0,0.039013661444187164,0.0330168642103672,0,0.6468179225921631,9.940872192382812,40,0.47451722621917725,1.9822953939437866,7.261879920959473,1746509746.1960475,1.9822953939437866,61,0.014524104073643684,1000,2.031386613845825,12.825653076171875,39.099998474121094,2.031386613845825,0.37968289852142334,93.06622314453125,3.5285227298736572,13566.796653051
212.5733642578125,0.004463020712137222,1.00350022315979,NaN,63,0.00011100000119768083,1.3099238872528076,-0.7873210906982422,-0.20118673145771027,84.99343872070312,1.00350022315979,1.00350022315979,0.012400361709296703,2.011531114578247,127.5798568725586,2.0597543716430664,0,13565.904296875,83.94999694824219,1260000.0,-0.031941987574100494,0.037479884922504425,0,0.6512620449066162,9.15355110168457,40,0.47679439187049866,2.011531114578247,7.536040782928467,1746509958.831728,2.011531114578247,62,0.012097852304577827,1000,2.0597543716430664,12.868220329284668,37.720001220703125,2.0597543716430664,-0.1417478770017624,94.08516693115234,4.1326069831848145,13780.111103774
213.24168395996094,-0.00022612512111663818,1.0083903074264526,NaN,64,0.00010800000018207356,1.2663800716400146,-1.0753355026245117,-0.5100178718566895,85.6531753540039,1.0083903074264526,1.0083903074264526,0.01283771451562643,2.0400242805480957,127.58843231201172,2.0883049964904785,0,13779.2080078125,47.5,1280000.0,0.3036494851112366,0.03725375980138779,0,0.6450012922286987,8.078215599060059,40,0.4739954471588135,2.0400242805480957,8.169395446777344,1746510172.1459546,2.0400242805480957,63,0.012662569992244244,1000,2.0883049964904785,12.382950782775879,35.130001068115234,2.0883049964904785,-0.3088311403989792,93.79029083251953,4.200918197631836,13992.901869019
212.7024383544922,0.005535941570997238,1.0057746171951294,NaN,65,0.0001049999991664663,1.3155733346939087,-0.3584132194519043,-0.37545886635780334,84.36312103271484,1.0057746171951294,1.0057746171951294,0.012174002826213837,2.0679712295532227,128.33926391601562,2.1169018745422363,0,13991.98828125,50.45000076293945,1300000.0,0.03158334270119667,0.042789701372385025,0,0.6276734471321106,7.719802379608154,40,0.46620261669158936,2.0679712295532227,6.903353214263916,1746510384.936503,2.0679712295532227,64,0.013033905997872353,1000,2.1169018745422363,12.319770812988281,33.4900016784668,2.1169018745422363,0.1345590054988861,94.028076171875,3.417310953140259,14204.288426395
211.3142852783203,0.0005008988082408905,1.0046412944793701,NaN,66,0.00010199999815085903,1.1957465410232544,0.5277447700500488,-0.2317337542772293,83.54095458984375,1.0046412944793701,1.0046412944793701,0.012561020441353321,2.0958921909332275,127.77328491210938,2.145644426345825,0,14203.39453125,62.04999923706055,1320000.0,0.026431456208229065,0.043290600180625916,0,0.6265044808387756,8.247547149658203,40,0.46639111638069153,2.0958921909332275,6.120561122894287,1746510596.3235056,2.0958921909332275,65,0.013081804849207401,1000,2.145644426345825,11.932007789611816,34.779998779296875,2.145644426345825,0.14372511208057404,94.645751953125,2.9306397438049316,14418.922805591
214.53726196289062,-0.005717262625694275,1.0002373456954956,NaN,67,9.899999713525176e-05,1.3167415857315063,1.6293983459472656,-0.14334507286548615,86.939697265625,1.0002373456954956,1.0002373456954956,0.012265223078429699,2.1249561309814453,127.59751892089844,2.1744534969329834,0,14417.99609375,92.44999694824219,1340000.0,-0.13790804147720337,0.03757333755493164,0,0.6241764426231384,9.876945495605469,40,0.46525365114212036,2.1249561309814453,7.701048374176025,1746510810.9572437,2.1249561309814453,66,0.012209571897983551,1000,2.1744534969329834,11.71639633178711,33.86000061035156,2.1744534969329834,0.08838868141174316,93.2238998413086,3.784132719039917,14630.717323426
211.69517517089844,0.00013606250286102295,1.004957914352417,NaN,68,9.600000339560211e-05,1.268846869468689,-2.310906410217285,-0.36630019545555115,83.63176727294922,1.004957914352417,1.004957914352417,0.011812020093202591,2.153707981109619,128.06336975097656,2.2030563354492188,0,14629.7998046875,57.54999923706055,1360000.0,-0.240423783659935,0.037709400057792664,0,0.6210603713989258,7.566039085388184,40,0.46352633833885193,2.153707981109619,7.273788928985596,1746511022.752238,2.153707981109619,67,0.011043217033147812,1000,2.2030563354492188,11.862619400024414,30.329999923706055,2.2030563354492188,-0.222955122590065,94.4754638671875,3.367246389389038,14843.924173839
213.12606811523438,0.0017596259713172913,1.0055272579193115,NaN,69,9.300000237999484e-05,1.2383382320404053,0.28276538848876953,-0.4150431752204895,85.54585266113281,1.0055272579193115,1.0055272579193115,0.011608314700424671,2.181941032409668,127.58016204833984,2.231581926345825,0,14843.0166015625,51.45000076293945,1380000.0,-0.17714926600456238,0.039469026029109955,0,0.6152106523513794,7.848804473876953,40,0.4609597325325012,2.181941032409668,7.4788818359375,1746511235.9590137,2.181941032409668,68,0.01094899047166109,1000,2.231581926345825,11.834455490112305,31.639999389648438,2.231581926345825,-0.048742979764938354,93.84117126464844,3.680629014968872,15055.439107463
211.4267578125,-0.0008614063262939453,1.0055590867996216,NaN,70,9.000000136438757e-05,1.097692847251892,-1.674595832824707,-0.3676665425300598,83.67269134521484,1.0055590867996216,1.0055590867996216,0.011846756562590599,2.2095563411712646,127.7540054321289,2.259974479675293,0,15054.5263671875,47.599998474121094,1400000.0,-0.2556021809577942,0.03860761970281601,0,0.6112636923789978,6.174208641052246,40,0.45924803614616394,2.2095563411712646,6.715378284454346,1746511447.4741123,2.2095563411712646,69,0.011014679446816444,1000,2.259974479675293,11.144808769226074,30.75,2.259974479675293,0.04737663269042969,94.59540557861328,3.1059117317199707,15267.511391694
211.98013305664062,0.017677053809165955,1.005735158920288,NaN,71,8.70000003487803e-05,1.0642281770706177,0.042743682861328125,-0.3565285801887512,83.54045867919922,1.005735158920288,1.005735158920288,0.012012943625450134,2.2365283966064453,128.4396209716797,2.288130044937134,0,15266.5888671875,45.349998474121094,1420000.0,-0.16808012127876282,0.056284673511981964,0,0.6090637445449829,6.216952323913574,40,0.4589206874370575,2.2365283966064453,6.155956745147705,1746511659.5460248,2.2365283966064453,70,0.011676284484565258,1000,2.288130044937134,10.657870292663574,29.18000030517578,2.288130044937134,0.011137962341308594,94.34845733642578,3.0959715843200684,15478.223999946
210.6200714111328,-0.010762833058834076,1.0037063360214233,NaN,72,8.399999933317304e-05,1.227950930595398,0.9181613922119141,-0.2909013032913208,84.15140533447266,1.0037062168121338,1.0037063360214233,0.011858334764838219,2.263483762741089,126.4686050415039,2.315814733505249,0,15477.30859375,58.95000076293945,1440000.0,-0.049394045025110245,0.04552184045314789,0,0.602371335029602,7.135113716125488,40,0.4564390182495117,2.263483762741089,6.5348286628723145,1746511870.258959,2.263483762741089,71,0.011808766052126884,1000,2.315814733505249,10.610786437988281,25.8700008392334,2.315814733505249,0.06562727689743042,94.95771026611328,3.279240131378174,15691.068911335
212.76791381835938,-0.0013402700424194336,1.0030808448791504,NaN,73,8.099999831756577e-05,1.2298544645309448,0.7665729522705078,-0.23136861622333527,84.69176483154297,1.0030808448791504,1.0030808448791504,0.012174262665212154,2.290759801864624,128.0760955810547,2.3431310653686523,0,15690.1650390625,67.0999984741211,1460000.0,-0.10631265491247177,0.044181570410728455,0,0.6038477420806885,7.901686668395996,40,0.4571441411972046,2.290759801864624,6.509269714355469,1746512083.1037438,2.290759801864624,72,0.012358123436570168,1000,2.3431310653686523,10.566381454467773,26.489999771118164,2.3431310653686523,0.059532687067985535,93.99913787841797,3.3191938400268555,15902.168561933
210.9987335205078,-0.001904655247926712,1.0073602199554443,NaN,74,7.79999973019585e-05,1.2604409456253052,-1.9782218933105469,-0.45990994572639465,83.0392074584961,1.0073602199554443,1.0073602199554443,0.011327746324241161,2.3169398307800293,127.95947265625,2.3699612617492676,0,15901.2431640625,33.5,1480000.0,-0.3252294063568115,0.04227691516280174,0,0.6023523807525635,5.923464775085449,40,0.45758941769599915,2.3169398307800293,6.407281398773193,1746512294.2032506,2.3169398307800293,73,0.010512706823647022,1000,2.3699612617492676,10.829773902893066,24.510000228881836,2.3699612617492676,-0.2285413295030594,94.78730010986328,3.3419976234436035,16114.114464459
211.8711700439453,0.004817560315132141,1.000636339187622,NaN,75,7.500000356230885e-05,1.0994179248809814,1.3786940574645996,-0.19388045370578766,83.1980972290039,1.000636339187622,1.000636339187622,0.011567918583750725,2.343579053878784,128.6730194091797,2.3965976238250732,0,16113.21875,68.1500015258789,1500000.0,0.013950005173683167,0.047094475477933884,0,0.5962512493133545,7.302158832550049,40,0.4546487331390381,2.343579053878784,6.351760387420654,1746512506.1493785,2.343579053878784,74,0.011121857911348343,1000,2.3965976238250732,11.175154685974121,27.43000030517578,2.3965976238250732,0.266029492020607,94.39698791503906,3.1984291076660156,16328.330008674
214.13636779785156,-0.0009541325271129608,1.0030403137207031,NaN,76,7.200000254670158e-05,1.2280019521713257,2.034440517425537,-0.2523271441459656,85.21690368652344,1.0030401945114136,1.0030403137207031,0.011797319166362286,2.370757818222046,128.9193878173828,2.423297166824341,0,16327.4248046875,71.1500015258789,1520000.0,-0.10073534399271011,0.04614034295082092,0,0.5988316535949707,9.336599349975586,40,0.4560076594352722,2.370757818222046,7.172719478607178,1746512720.3648584,2.370757818222046,75,0.011303737759590149,1000,2.423297166824341,11.746520042419434,30.280000686645508,2.423297166824341,-0.05844669044017792,93.39842987060547,3.843068838119507,16541.469778764
213.0621795654297,-0.00043117254972457886,1.0051724910736084,NaN,77,6.900000153109431e-05,1.003067970275879,-3.0464839935302734,-0.3895375728607178,83.98149871826172,1.0051724910736084,1.0051724910736084,0.010955057106912136,2.3970301151275635,129.08062744140625,2.4498393535614014,0,16540.568359375,37.54999923706055,1540000.0,-0.14728158712387085,0.045709170401096344,0,0.6028470396995544,6.2901153564453125,40,0.45833227038383484,2.3970301151275635,5.879449367523193,1746512933.504647,2.3970301151275635,76,0.00983496941626072,1000,2.4498393535614014,11.299003601074219,27.56999969482422,2.4498393535614014,-0.1372104287147522,93.86930847167969,2.660555362701416,16752.371293536
210.8153839111328,-0.004204854369163513,1.0041712522506714,NaN,78,6.600000051548705e-05,1.0619982481002808,-0.10119819641113281,-0.3622943162918091,82.15457153320312,1.0041712522506714,1.0041712522506714,0.011209207586944103,2.4226651191711426,128.6607666015625,2.4760756492614746,0,16751.4609375,41.650001525878906,1560000.0,-0.464639276266098,0.04150431603193283,0,0.594041645526886,6.18891716003418,40,0.45478275418281555,2.4226651191711426,5.996204853057861,1746513144.4059412,2.4226651191711426,77,0.01084330677986145,1000,2.4760756492614746,10.81373405456543,25.5,2.4760756492614746,0.02724325656890869,94.86973571777344,3.1100783348083496,16964.191001585
211.74679565429688,0.004130952060222626,1.0034583806991577,NaN,79,6.299999949987978e-05,1.0536566972732544,0.7396960258483887,-0.2685835659503937,83.323486328125,1.0034583806991577,1.0034583806991577,0.011396250687539577,2.448129892349243,128.42324829101562,2.502187490463257,0,16963.296875,51.0,1580000.0,0.1421150416135788,0.04563526809215546,0,0.5963839292526245,6.928613185882568,40,0.4566555917263031,2.448129892349243,5.946303844451904,1746513356.226084,2.448129892349243,78,0.01032695546746254,1000,2.502187490463257,10.463290214538574,27.25,2.502187490463257,0.0937107503414154,94.45243072509766,2.9023096561431885,17174.493182105
210.21949768066406,-0.002743687480688095,1.006155252456665,NaN,80,5.999999848427251e-05,1.084647536277771,-1.4097027778625488,-0.3906220495700836,81.09522247314453,1.006155252456665,1.006155252456665,0.010708943009376526,2.472612142562866,129.1242218017578,2.5279319286346436,0,17173.580078125,31.649999618530273,1600000.0,0.07246162742376328,0.04289158061146736,0,0.5941824913024902,5.5189104080200195,40,0.45603203773498535,2.472612142562866,5.45599365234375,1746513566.5279715,2.472612142562866,79,0.009850775822997093,1000,2.5279319286346436,10.30099868774414,24.110000610351562,2.5279319286346436,-0.12203848361968994,95.13865661621094,2.756148099899292,17385.290456169
210.71133422851562,0.00030282139778137207,1.006342887878418,NaN,81,5.700000110664405e-05,1.2569475173950195,-0.7136101722717285,-0.44923335313796997,81.54303741455078,1.006342887878418,1.006342887878418,0.010702758096158504,2.4961297512054443,129.16822814941406,2.552969455718994,0,17384.380859375,29.799999237060547,1620000.0,-0.0535154789686203,0.043194402009248734,0,0.5886141061782837,4.805300235748291,40,0.45368725061416626,2.4961297512054443,5.88505220413208,1746513777.3252625,2.4961297512054443,80,0.01000768318772316,1000,2.552969455718994,10.445108413696289,19.610000610351562,2.552969455718994,-0.05861130356788635,94.91658782958984,2.8490869998931885,17598.733629433
213.3560028076172,-0.002435922622680664,1.0018186569213867,NaN,82,5.400000009103678e-05,1.2403442859649658,3.631136417388916,-0.07833597809076309,83.65438079833984,1.0018186569213867,1.0018186569213867,0.011550165712833405,2.520785331726074,129.70156860351562,2.577745199203491,0,17597.822265625,76.30000305175781,1640000.0,0.08788585662841797,0.04075847938656807,0,0.59737628698349,8.436436653137207,40,0.4578937590122223,2.520785331726074,5.823545455932617,1746513990.7687469,2.520785331726074,81,0.010883748531341553,1000,2.577745199203491,10.911293983459473,23.950000762939453,2.577745199203491,0.3708973750472069,93.74003601074219,2.763160228729248,17811.329820334
212.52459716796875,-0.00047883763909339905,1.0035187005996704,NaN,83,5.0999999075429514e-05,1.143295407295227,-1.9472928047180176,-0.30082905292510986,82.54456329345703,1.0035187005996704,1.0035187005996704,0.010759040713310242,2.545226573944092,129.97998046875,2.6023221015930176,0,17810.427734375,47.150001525878906,1660000.0,-0.15781132876873016,0.04027964174747467,0,0.6021892428398132,6.4891438484191895,40,0.46000128984451294,2.545226573944092,5.820948123931885,1746514203.3646698,2.545226573944092,82,0.009465150535106659,1000,2.6023221015930176,11.269433975219727,24.309999465942383,2.6023221015930176,-0.22249307483434677,94.10675048828125,2.9010491371154785,18023.301905043
211.8870086669922,-0.0016831830143928528,1.0024261474609375,NaN,84,4.8000001697801054e-05,1.1322859525680542,1.6795363426208496,-0.2028643786907196,82.83963012695312,1.0024261474609375,1.0024261474609375,0.010792282409965992,2.5703749656677246,129.04733276367188,2.6268961429595947,0,18022.390625,67.94999694824219,1680000.0,0.015601243823766708,0.03859645873308182,0,0.609119176864624,8.168680191040039,40,0.46312442421913147,2.5703749656677246,6.4482951164245605,1746514415.3366525,2.5703749656677246,83,0.00940130278468132,1000,2.6268961429595947,10.887189865112305,26.299999237060547,2.6268961429595947,0.09796467423439026,94.38993072509766,3.3425488471984863,18235.839343897
212.4602813720703,0.008082780987024307,1.006412148475647,NaN,85,4.5000000682193786e-05,1.229444980621338,-0.8658766746520996,-0.43152183294296265,82.54346466064453,1.006412148475647,1.006412148475647,0.010890773497521877,2.594914436340332,129.91677856445312,2.6514973640441895,0,18234.939453125,39.04999923706055,1700000.0,-0.1317051351070404,0.046679239720106125,0,0.6111071705818176,7.3028035163879395,40,0.4644937813282013,2.594914436340332,6.450801372528076,1746514627.87418,2.594914436340332,84,0.009726451709866524,1000,2.6514973640441895,11.186070442199707,26.56999969482422,2.6514973640441895,-0.22865745425224304,94.13523864746094,3.1220054626464844,18446.974578919
211.0662841796875,-0.007283326238393784,1.0053341388702393,NaN,86,4.199999966658652e-05,1.0536845922470093,-1.8530025482177734,-0.43401333689689636,81.65802764892578,1.0053341388702393,1.0053341388702393,0.009722116403281689,2.618820905685425,129.408203125,2.6762502193450928,0,18446.080078125,37.04999923706055,1720000.0,-0.19733664393424988,0.03939591348171234,0,0.6094367504119873,5.449800968170166,40,0.4639166295528412,2.618820905685425,6.476053714752197,1746514839.0095217,2.618820905685425,85,0.00700745964422822,1000,2.6762502193450928,10.460611343383789,27.979999542236328,2.6762502193450928,-0.002491503953933716,94.75696563720703,2.958714008331299,18659.855427171
212.81407165527344,-0.002704925835132599,1.0024616718292236,NaN,87,3.899999865097925e-05,1.1426078081130981,3.396454334259033,-0.20515047013759613,83.43960571289062,1.0024616718292236,1.0024616718292236,0.01072780229151249,2.6434824466705322,129.37442016601562,2.7010388374328613,0,18658.962890625,67.1500015258789,1740000.0,0.25305721163749695,0.03669098764657974,0,0.6142719388008118,8.8462553024292,40,0.4656148850917816,2.6434824466705322,6.366252899169922,1746515051.890429,2.6434824466705322,86,0.008395364508032799,1000,2.7010388374328613,10.317856788635254,26.729999542236328,2.7010388374328613,0.22886286675930023,93.97874450683594,3.3363723754882812,18872.22429834
212.2818145751953,0.00723830983042717,1.0042080879211426,NaN,88,3.600000127335079e-05,1.1683462858200073,-0.7379560470581055,-0.37184497714042664,82.25849914550781,1.0042080879211426,1.0042080879211426,0.01038567628711462,2.6682465076446533,130.02325439453125,2.725992441177368,0,18871.306640625,53.75,1760000.0,0.055753178894519806,0.04392929747700691,0,0.6141607165336609,8.108299255371094,40,0.46507924795150757,2.6682465076446533,7.058393955230713,1746515264.2594316,2.6682465076446533,87,0.009294924326241016,1000,2.725992441177368,10.562835693359375,28.200000762939453,2.725992441177368,-0.1666945070028305,94.21438598632812,3.5774757862091064,19084.23289983
211.85443115234375,-0.0018188580870628357,1.0020387172698975,NaN,89,3.300000025774352e-05,1.0616263151168823,-1.376570224761963,-0.3639819622039795,82.0912857055664,1.0020387172698975,1.0020387172698975,0.00949564203619957,2.6928532123565674,129.7631072998047,2.7508840560913086,0,19083.248046875,47.95000076293945,1780000.0,0.3495553433895111,0.04211043938994408,0,0.6087283492088318,6.731729030609131,40,0.4623142182826996,2.6928532123565674,6.553276538848877,1746515476.2672968,2.6928532123565674,88,0.007636428810656071,1000,2.7508840560913086,10.859548568725586,25.690000534057617,2.7508840560913086,0.007863014936447144,94.4044418334961,3.626229763031006,19295.947563564
211.62130737304688,0.0046723373234272,1.004146933555603,NaN,90,2.9999999242136255e-05,1.1127691268920898,-0.314054012298584,-0.28421133756637573,81.94290924072266,1.004146933555603,1.004146933555603,0.009745332412421703,2.7176320552825928,129.6783447265625,2.775925636291504,0,19295.0390625,54.900001525878906,1800000.0,0.19685937464237213,0.04678277671337128,0,0.6081951260566711,6.417675018310547,40,0.4625782072544098,2.7176320552825928,6.340571403503418,1746515687.9826221,2.7176320552825928,89,0.007440543733537197,1000,2.775925636291504,10.558274269104004,27.989999771118164,2.775925636291504,0.07977062463760376,94.5084457397461,3.4019339084625244,19507.60791406
211.57984924316406,0.0034707635641098022,1.0053517818450928,NaN,91,2.700000004551839e-05,1.1438794136047363,0.5039525032043457,-0.4190272092819214,81.50582122802734,1.0053517818450928,1.0053517818450928,0.009617920033633709,2.7419748306274414,130.073974609375,2.8011281490325928,0,19506.697265625,41.5,1820000.0,-0.05931991711258888,0.05025354027748108,0,0.6066074967384338,6.921627521514893,40,0.46203526854515076,2.7419748306274414,6.553275108337402,1746515899.642919,2.7419748306274414,90,0.007834360934793949,1000,2.8011281490325928,10.935943603515625,28.219999313354492,2.8011281490325928,-0.13481587171554565,94.5269546508789,3.2461769580841064,19718.225722141
210.54544067382812,-0.00490255281329155,1.004500389099121,NaN,92,2.4000000848900527e-05,1.093387484550476,-1.4509506225585938,-0.49879252910614014,80.97212982177734,1.004500389099121,1.004500389099121,0.008899910375475883,2.7655417919158936,129.57322692871094,2.8261187076568604,0,19717.32421875,32.95000076293945,1840000.0,0.07515063881874084,0.04535098746418953,0,0.6055022478103638,5.470676898956299,40,0.4614185094833374,2.7655417919158936,6.63026237487793,1746516110.2607274,2.7655417919158936,91,0.005867390893399715,1000,2.8261187076568604,10.66938591003418,24.06999969482422,2.8261187076568604,-0.07976531982421875,94.99137115478516,3.0746779441833496,19928.857172916
210.55801391601562,0.00011359527707099915,1.0030465126037598,NaN,93,2.099999983329326e-05,1.1247644424438477,0.26926326751708984,-0.31141397356987,81.78577423095703,1.0030465126037598,1.0030465126037598,0.009253696538507938,2.788987398147583,128.77218627929688,2.850745677947998,0,19927.953125,45.54999923706055,1860000.0,0.05590680241584778,0.04546458274126053,0,0.6135088801383972,5.739940166473389,40,0.46535301208496094,2.788987398147583,5.872281074523926,1746516320.891987,2.788987398147583,92,0.006551534868776798,1000,2.850745677947998,10.25442123413086,22.049999237060547,2.850745677947998,0.18737855553627014,94.98570251464844,3.2151434421539307,20139.764919223
210.81503295898438,0.002103284001350403,1.003951072692871,NaN,94,1.8000000636675395e-05,1.1303297281265259,-0.23264503479003906,-0.3465343415737152,82.72441101074219,1.003951072692871,1.003951072692871,0.009130728431046009,2.812127113342285,128.09056091308594,2.8749442100524902,0,20138.84765625,41.099998474121094,1880000.0,0.06622247397899628,0.04756786674261093,0,0.6171481013298035,5.50729513168335,40,0.4669022262096405,2.812127113342285,5.747284889221191,1746516531.7999666,2.812127113342285,93,0.006517956964671612,1000,2.8749442100524902,10.066512107849121,20.860000610351562,2.8749442100524902,-0.035120368003845215,94.8698959350586,2.9411702156066895,20350.858827755
211.01051330566406,-0.006874747574329376,1.0025814771652222,NaN,95,1.4999999621068127e-05,0.9764423966407776,-1.299746036529541,-0.3018971383571625,81.69683074951172,1.0025814771652222,1.0025814771652222,0.00830220989882946,2.834676742553711,129.3136444091797,2.8984761238098145,0,20349.9453125,34.150001525878906,1900000.0,0.15025967359542847,0.040693119168281555,0,0.6232659220695496,4.207549095153809,40,0.46966880559921265,2.834676742553711,4.762479782104492,1746516742.8939004,2.834676742553711,94,0.0055450499057769775,1000,2.8984761238098145,9.793966293334961,17.690000534057617,2.8984761238098145,0.044637203216552734,94.7820053100586,2.3310675621032715,20560.862606273
209.92039489746094,-4.058331251144409e-05,1.0025612115859985,NaN,96,1.2000000424450263e-05,0.9589213132858276,0.4968547821044922,-0.2626943290233612,82.11585235595703,1.002561092376709,1.0025612115859985,0.008149703964591026,2.8569469451904297,127.80448150634766,2.9213104248046875,0,20559.94921875,39.5,1920000.0,0.0539839044213295,0.04065253585577011,0,0.627733588218689,4.704403877258301,40,0.4716801643371582,2.8569469451904297,4.768565654754639,1746516952.8973129,2.8569469451904297,95,0.005572125315666199,1000,2.9213104248046875,9.472028732299805,16.579999923706055,2.9213104248046875,0.03920280933380127,95.27421569824219,2.2636559009552,20771.763060638
210.81488037109375,0.0018123351037502289,1.0018370151519775,NaN,97,9.000000318337698e-06,0.870345413684845,0.7835893630981445,-0.14036104083061218,82.79536437988281,1.0018370151519775,1.0018370151519775,0.008363344706594944,2.8794071674346924,128.0194549560547,2.9437127113342285,0,20770.85546875,48.95000076293945,1940000.0,-0.21772907674312592,0.04246487095952034,0,0.6293199062347412,5.487993240356445,40,0.47273945808410645,2.8794071674346924,4.206770420074463,1746517163.7981048,2.8794071674346924,96,0.005417115055024624,1000,2.9437127113342285,9.01373291015625,18.690000534057617,2.9437127113342285,0.12233328819274902,94.86995697021484,1.8544988632202148,20983.155994918
211.31394958496094,0.003170143812894821,1.0030001401901245,NaN,98,6.000000212225132e-06,0.9553508758544922,-0.302095890045166,-0.2926066517829895,83.1617431640625,1.0030001401901245,1.0030001401901245,0.007289165630936623,2.9015469551086426,128.1521453857422,2.9656894207000732,0,20982.248046875,38.20000076293945,1960000.0,0.18127143383026123,0.04563501477241516,0,0.6340841054916382,5.185897350311279,40,0.47546908259391785,2.9015469551086426,4.935474872589111,1746517375.1908102,2.9015469551086426,97,0.004389991518110037,1000,2.9656894207000732,8.969508171081543,18.239999771118164,2.9656894207000732,-0.15224561095237732,94.64590454101562,2.133596420288086,21194.328935389
211.08421325683594,0.0009815692901611328,1.0004862546920776,NaN,99,3.000000106112566e-06,1.0286630392074585,0.13123369216918945,-0.281943142414093,82.60455322265625,1.0004862546920776,1.0004862546920776,0.0066482191905379295,2.923255681991577,128.4796142578125,2.987269163131714,0,21193.416015625,35.04999923706055,1980000.0,-0.1700359433889389,0.046616584062576294,0,0.6371261477470398,5.317131042480469,40,0.477017879486084,2.923255681991577,4.698952674865723,1746517586.36364,2.923255681991577,98,0.003826870582997799,1000,2.987269163131714,9.216842651367188,18.040000915527344,2.987269163131714,0.010663509368896484,94.74891662597656,2.0465807914733887,21404.315646779
209.89404296875,-0.005780138075351715,1.0008642673492432,NaN,100,0.0,0.925494909286499,-0.593595027923584,-0.2821885943412781,82.26402282714844,1.0008642673492432,1.0008642673492432,0.006288123782724142,2.944552183151245,127.62995147705078,3.0085248947143555,0,21403.400390625,34.45000076293945,2000000.0,0.02283402346074581,0.04083644598722458,0,0.638792097568512,4.723536014556885,40,0.477722704410553,2.944552183151245,4.633643627166748,1746517796.350299,2.944552183151245,99,0.002889451803639531,1000,3.0085248947143555,9.192122459411621,18.350000381469727,3.0085248947143555,-0.0002454519271850586,95.28617095947266,1.9415334463119507,21404.546972708
