TotalEnvSteps,Train/LR,Metrics/EpCost,Loss/Loss_reward_critic,Time/FPS,Loss/Loss_pi/Delta,Value/reward,Train/KL,Time/Total,Metrics/LagrangeMultiplier,Train/PolicyRatio/Min,Metrics/LagrangeMultiplier/Max,Loss/Loss_pi,Safety/ShieldLagrangeMultiplier,Train/PolicyStd,Time/Update,Metrics/EpRet,Train/StopIter,Loss/Loss_reward_critic/Delta,Safety/ShieldLagrangeMultiplier/Min,Loss/Loss_cost_critic,_step,Safety/ShieldLagrangeMultiplier/Max,Loss/Loss_cost_critic/Delta,_timestamp,Value/Adv,Metrics/EpLen,Safety/shield_violation,_runtime,Train/PolicyRatio/Max,Time/Rollout,Train/Entropy,Safety/EpCostShield,Safety/shield_adv_c,Train/PolicyRatio/Std,Time/Epoch,Train/PolicyRatio,Train/Epoch,Safety/ShieldLagrangeMultiplier/Std,Metrics/LagrangeMultiplier/Std,Metrics/LagrangeMultiplier/Min,Value/cost
20000.0,0.0002969999914057553,36.349998474121094,0.00482124974951148,81.24195098876953,-0.06902558356523514,0.13069696724414825,0.007076266221702099,246.1793670654297,0.035999998450279236,0.9992756247520447,0.035999998450279236,-0.06902558356523514,0.04500000178813934,0.9910934567451477,114.80561828613281,-0.6064304113388062,40,0.00482124974951148,0.04500000178813934,5.413471698760986,1,0.04500000178813934,5.413471698760986,1746549862.5336769,0.10539420694112778,1000,-0.09486289322376251,456.743364295,0.9992756247520447,131.37254333496094,1.4099764823913574,39.599998474121094,NaN,0.010604645125567913,246.17822265625,0.9992755651473999,0,0,0,0.035999998450279236,0.2217438966035843
40000.0,0.00029399999766610563,33.70000076293945,0.005450630094856024,95.55549621582031,0.06063849292695522,0.09293080866336823,0.011621509678661823,455.5650939941406,0.07090599834918976,0.999769926071167,0.07090599834918976,-0.008387090638279915,0.0784527063369751,0.9671719670295715,113.48429870605469,-0.29647284746170044,40,0.0006293803453445435,0.0784527063369751,12.102956771850586,2,0.0784527063369751,6.6894850730896,1746550071.9061728,0.11531639844179153,1000,0.2637270987033844,670.691724931,0.999769926071167,95.8180923461914,1.3855435848236084,86.25,NaN,0.013237198814749718,209.3024444580078,0.999769926071167,1,0,0,0.07090599834918976,0.5312198996543884
60000.0,0.000291000003926456,60.03333282470703,0.010983833111822605,93.50650024414062,0.19954543001949787,0.08877444267272949,0.009046819992363453,669.5245971679688,0.10532406717538834,0.9969353675842285,0.10532406717538834,0.19115833938121796,0.10881073772907257,0.9655525088310242,113.14326477050781,0.5460888147354126,40,0.005533203016966581,0.10881073772907257,34.262638092041016,3,0.10881073772907257,22.15968132019043,1746550285.8545678,-0.1283513307571411,1000,2.7340548038482666,884.666354475,0.9969353675842285,100.74554443359375,1.3838038444519043,237.35000610351562,NaN,0.011493079364299774,213.8888702392578,0.9969353079795837,2,0,0,0.10532406717538834,1.4989104270935059
80000.0,0.0002880000101868063,64.7874984741211,0.014867407269775867,93.49728393554688,-0.04217080771923065,0.09329674392938614,0.0068598645739257336,883.4937133789062,0.14000438153743744,0.9987953305244446,0.14000438153743744,0.1489875316619873,0.14092963933944702,0.9529139995574951,113.14450073242188,1.08536696434021,40,0.0038835741579532623,0.14092963933944702,21.96923828125,4,0.14092963933944702,-12.293399810791016,1746550499.8291538,0.0009154379367828369,1000,5.431286334991455,1098.790236021,0.9987953305244446,100.76539611816406,1.3705466985702515,200.10000610351562,NaN,0.009971676394343376,213.9099578857422,0.9987953305244446,3,0,0,0.14000438153743744,2.858248472213745
100000.0,0.0002849999873433262,56.58000183105469,0.010968822054564953,93.43099975585938,-0.1510877599939704,0.1291402280330658,0.008217551745474339,1097.61962890625,0.17490695416927338,0.9996329545974731,0.17490695416927338,-0.0021002283319830894,0.17331528663635254,0.9384308457374573,113.23917388916016,1.329134464263916,40,-0.0038985852152109146,0.17331528663635254,13.525132179260254,5,0.17331528663635254,-8.444106101989746,1746550713.9530296,-0.11307204514741898,1000,8.377488136291504,1313.429936475,0.9996329545974731,100.82247924804688,1.355278730392456,134.25,NaN,0.010607939213514328,214.06170654296875,0.9996329545974731,4,0,0,0.17490695416927338,4.775895118713379
120000.0,0.00028199999360367656,56.06999969482422,0.018663564696907997,93.20823669433594,0.04724857863038778,0.17151029407978058,0.008758815936744213,1312.25634765625,0.20994466543197632,1.0000873804092407,0.20994466543197632,0.045148350298404694,0.2065114676952362,0.9315427541732788,113.12174224853516,2.2146711349487305,40,0.007694742642343044,0.2065114676952362,14.809761047363281,6,0.2065114676952362,1.2846288681030273,1746550928.592762,0.3850920498371124,1000,11.415695190429688,1526.330193079,1.0000873804092407,101.4515151977539,1.3480024337768555,182.60000610351562,NaN,0.010323121212422848,214.5733184814453,1.0000873804092407,5,0,0,0.20994466543197632,4.226269721984863
140000.0,0.0002789999998640269,54.4900016784668,0.024193834513425827,93.97136688232422,-0.06740291975438595,0.25249117612838745,0.008638146333396435,1525.15185546875,0.24503226578235626,1.0025230646133423,0.24503226578235626,-0.022254569455981255,0.2398228496313095,0.9177765250205994,112.88302612304688,3.2958972454071045,40,0.00553026981651783,0.2398228496313095,11.840202331542969,7,0.2398228496313095,-2.9695587158203125,1746551141.4930077,0.010202951729297638,1000,10.876852035522461,1740.091422486,1.0025230646133423,99.94770812988281,1.3331263065338135,144.39999389648438,NaN,0.010297825559973717,212.83079528808594,1.0025230646133423,6,0,0,0.24503226578235626,3.9174797534942627
160000.0,0.00027600000612437725,45.66999816894531,0.030741766095161438,93.5924301147461,0.09807760082185268,0.306114137172699,0.009841268882155418,1738.9146728515625,0.27982521057128906,0.9990313053131104,0.27982521057128906,0.07582303136587143,0.27359652519226074,0.9142453670501709,112.78910064697266,4.121623516082764,40,0.006547931581735611,0.27359652519226074,16.19550323486328,8,0.27359652519226074,4.3553009033203125,1746551355.2542272,-0.21552467346191406,1000,10.689101219177246,1953.144628023,0.9990313053131104,100.9033432006836,1.3292797803878784,174.5500030517578,NaN,0.011307255364954472,213.69248962402344,0.9990313053131104,7,0,0,0.27982521057128906,3.5998876094818115
180000.0,0.0002730000123847276,46.08000183105469,0.02993338741362095,93.90035247802734,0.03519066423177719,0.37559449672698975,0.00929036270827055,1951.9736328125,0.3144168257713318,0.9991843700408936,0.3144168257713318,0.11101369559764862,0.3078398108482361,0.9150631427764893,111.78844451904297,4.891356945037842,40,-0.0008083786815404892,0.3078398108482361,18.167451858520508,9,0.3078398108482361,1.9719486236572266,1746551568.307463,0.0584668405354023,1000,11.39670467376709,2169.359223642,0.9991843700408936,101.20323944091797,1.3301714658737183,188.1999969482422,NaN,0.011164650321006775,212.9917449951172,0.9991843700408936,8,0,0,0.3144168257713318,4.451754093170166
200000.0,0.0002699999895412475,49.900001525878906,0.030610661953687668,92.52890014648438,-0.10923075256869197,0.4460558593273163,0.009334038943052292,2168.18603515625,0.3490140736103058,0.9989092946052551,0.3490140736103058,0.0017829430289566517,0.34192538261413574,0.9147956967353821,112.19416809082031,5.75634765625,40,0.0006772745400667191,0.34192538261413574,12.069581031799316,10,0.34192538261413574,-6.097870826721191,1746551784.5220518,0.0029496699571609497,1000,10.69521713256836,2379.665179113,0.9989092946052551,103.95447540283203,1.3298667669296265,143.5500030517578,NaN,0.01090855523943901,216.14869689941406,0.9989092946052551,9,0,0,0.3490140736103058,4.575981140136719
220000.0,0.00026699999580159783,51.869998931884766,0.02997727133333683,95.12603759765625,-0.2041948032565415,0.497805655002594,0.009048471227288246,2378.498046875,0.38369283080101013,1.0000840425491333,0.38369283080101013,-0.20241186022758484,0.37565481662750244,0.9073578119277954,111.77556610107422,6.356904983520508,40,-0.0006333906203508377,0.37565481662750244,12.291097640991211,11,0.37565481662750244,0.22151660919189453,1746551994.8280315,-0.240825355052948,1000,14.216867446899414,2592.878574056,1.0000840425491333,98.47175598144531,1.3217113018035889,128.25,NaN,0.011139976792037487,210.24737548828125,1.0000839233398438,10,0,0,0.38369283080101013,5.205875873565674
240000.0,0.0002640000020619482,61.349998474121094,0.04429299011826515,93.82828521728516,0.10822506994009018,0.6973135471343994,0.009933019988238811,2591.710693359375,0.418745219707489,1.0000929832458496,0.418745219707489,-0.09418679028749466,0.40961676836013794,0.9012118577957153,111.48346710205078,7.168674468994141,40,0.014315718784928322,0.40961676836013794,13.984454154968262,12,0.40961676836013794,1.6933565139770508,1746552208.041173,-0.04773072153329849,1000,14.629273414611816,2802.390248231,1.0000929832458496,101.67181396484375,1.3149046897888184,164.14999389648438,NaN,0.010938371531665325,213.15533447265625,1.00009286403656,11,0,0,0.418745219707489,5.5309529304504395
260000.0,0.0002610000083222985,58.11000061035156,0.034148920327425,95.4893569946289,-0.13939141482114792,0.6637504696846008,0.010465904138982296,2801.2197265625,0.4539960026741028,1.0018641948699951,0.4539960026741028,-0.23357820510864258,0.4430099129676819,0.8901382088661194,111.46956634521484,7.410572528839111,40,-0.010144069790840149,0.4430099129676819,12.567371368408203,13,0.4430099129676819,-1.4170827865600586,1746552417.5530574,0.13802950084209442,1000,13.467981338500977,3009.998571114,1.0018641948699951,97.9778060913086,1.302546501159668,114.0,NaN,0.010965937748551369,209.4474334716797,1.0018641948699951,12,0,0,0.4539960026741028,6.0326361656188965
280000.0,0.0002579999854788184,47.7400016784668,0.040937747806310654,96.36248016357422,-0.11880338191986084,0.5639846920967102,0.012106083333492279,3008.831787109375,0.48901334404945374,1.0043764114379883,0.48901334404945374,-0.3523815870285034,0.4750745892524719,0.8656908273696899,110.76155090332031,7.637510776519775,40,0.006788827478885651,0.4750745892524719,8.879021644592285,14,0.4750745892524719,-3.688349723815918,1746552625.1611626,0.13917502760887146,1000,12.103452682495117,3218.89732178,1.0043764114379883,96.7880630493164,1.274640440940857,71.8499984741211,NaN,0.011888625100255013,207.54966735839844,1.0043762922286987,13,0,0,0.48901334404945374,4.782715797424316
300000.0,0.00025499999173916876,48.630001068115234,0.03470641374588013,95.76775360107422,0.33820503763854504,0.5450659394264221,0.009958895854651928,3217.72900390625,0.5238754153251648,0.9992031455039978,0.5238754153251648,-0.014176549389958382,0.5070257782936096,0.8646448850631714,109.97101593017578,7.5561041831970215,40,-0.006231334060430527,0.5070257782936096,10.218300819396973,15,0.5070257782936096,1.3392791748046875,1746552834.0601382,-0.3104206323623657,1000,9.88338565826416,3428.294914279,0.9992031455039978,98.86750030517578,1.2734308242797852,122.55000305175781,NaN,0.011355441063642502,208.8385772705078,0.9992031455039978,14,0,0,0.5238754153251648,5.002143859863281
320000.0,0.0002519999979995191,49.54999923706055,0.04666275531053543,95.53971099853516,-0.3012069445103407,0.8243457078933716,0.013549474999308586,3427.126708984375,0.558647871017456,1.0034373998641968,0.558647871017456,-0.3153834939002991,0.5387927293777466,0.8487145304679871,109.73143005371094,8.00576400756836,40,0.011956341564655304,0.5387927293777466,10.46707820892334,16,0.5387927293777466,0.2487773895263672,1746553043.457708,-0.26180437207221985,1000,14.698034286499023,3632.926875623,1.0034373998641968,99.60554504394531,1.2547407150268555,117.0999984741211,NaN,0.011631681583821774,209.3370361328125,1.0034373998641968,15,0,0,0.558647871017456,5.742241382598877
340000.0,0.00024900000425986946,41.349998474121094,0.04587218537926674,97.76336669921875,-0.06421473622322083,0.7616385817527771,0.012019344605505466,3631.7607421875,0.592964768409729,1.0050050020217896,0.592964768409729,-0.3795982301235199,0.5697860717773438,0.8285744190216064,108.71900939941406,7.893794059753418,40,-0.000790569931268692,0.5697860717773438,9.517369270324707,17,0.5697860717773438,-0.9497089385986328,1746553248.0896852,-0.010847523808479309,1000,13.165440559387207,3843.9184489,1.0050050020217896,95.85653686523438,1.2306522130966187,85.6500015258789,NaN,0.01156439259648323,204.5756072998047,1.0050050020217896,16,0,0,0.592964768409729,5.4552788734436035
360000.0,0.0002460000105202198,41.900001525878906,0.04584956169128418,94.81843566894531,0.2881246879696846,0.744845986366272,0.01206086203455925,3842.74658203125,0.6269216537475586,1.0022435188293457,0.6269216537475586,-0.0914735421538353,0.6011658310890198,0.8124532103538513,110.89089965820312,7.9825239181518555,40,-2.2623687982559204e-05,0.6011658310890198,13.542391777038574,18,0.6011658310890198,4.025022506713867,1746553459.0812705,-0.1157699003815651,1000,12.63813304901123,4052.799006192,1.0022435188293457,100.03849792480469,1.2110867500305176,140.60000610351562,NaN,0.012106197886168957,210.929443359375,1.0022435188293457,17,0,0,0.6269216537475586,5.3977742195129395
380000.0,0.00024300000222865492,41.630001068115234,0.04345838353037834,95.78064727783203,-0.23518354445695877,0.637499213218689,0.012928583659231663,4051.619873046875,0.6605587005615234,1.0033015012741089,0.6605587005615234,-0.32665708661079407,0.6319752931594849,0.7992991209030151,108.56269836425781,7.840104579925537,40,-0.002391178160905838,0.6319752931594849,9.434125900268555,19,0.6319752931594849,-4.1082658767700195,1746553667.961794,0.2067199945449829,1000,12.264976501464844,4262.310182175,1.0033015012741089,100.24769592285156,1.1948131322860718,92.19999694824219,NaN,0.011499631218612194,208.81045532226562,1.0033015012741089,18,0,0,0.6605587005615234,4.908133506774902
400000.0,0.00023999999393709004,45.27000045776367,0.047958776354789734,95.4896011352539,0.22796691209077835,0.8230593800544739,0.011562689207494259,4261.1357421875,0.6941065788269043,1.000380516052246,0.6941065788269043,-0.09869017452001572,0.6633246541023254,0.7862635850906372,108.28683471679688,8.280125617980957,40,0.004500392824411392,0.6633246541023254,12.46591567993164,20,0.6633246541023254,3.031789779663086,1746553877.4730132,-0.11244655400514603,1000,13.38692855834961,4468.509545915,1.000380516052246,101.16000366210938,1.17825448513031,146.9499969482422,NaN,0.01262782420963049,209.4468994140625,1.000380516052246,19,0,0,0.6941065788269043,5.485581398010254
420000.0,0.00023700000019744039,40.279998779296875,0.05915508419275284,97.03307342529297,-0.3522816374897957,0.9929670691490173,0.013007000088691711,4467.318359375,0.7273260951042175,1.006351113319397,0.7273260951042175,-0.4509718120098114,0.6939903497695923,0.7659677267074585,107.95259857177734,8.704806327819824,40,0.011196307837963104,0.6939903497695923,10.540632247924805,21,0.6939903497695923,-1.925283432006836,1746554083.6721058,0.30415791273117065,1000,13.573142051696777,4674.214566112,1.006351113319397,98.16262817382812,1.1521427631378174,86.1500015258789,NaN,0.012214452028274536,206.1152801513672,1.006351113319397,20,0,0,0.7273260951042175,5.452536106109619
440000.0,0.00023400000645779073,43.880001068115234,0.046466559171676636,97.25502014160156,0.18132159113883972,0.9006116390228271,0.01225215382874012,4673.04833984375,0.7604530453681946,1.0057708024978638,0.7604530453681946,-0.2696502208709717,0.7245541214942932,0.7490320801734924,107.93925476074219,8.465439796447754,40,-0.012688525021076202,0.7245541214942932,9.56773567199707,22,0.7245541214942932,-0.9728965759277344,1746554289.37718,0.14365923404693604,1000,12.671792984008789,4879.46034539,1.0057708024978638,97.7055892944336,1.129822015762329,109.8499984741211,NaN,0.012578103691339493,205.64491271972656,1.0057706832885742,21,0,0,0.7604530453681946,4.148674011230469
460000.0,0.00023099999816622585,40.15999984741211,0.04444964602589607,97.475341796875,-0.06527626514434814,0.6805110573768616,0.012028630822896957,4878.2890625,0.7933074831962585,1.0037331581115723,0.7933074831962585,-0.3349264860153198,0.7545230388641357,0.7413782477378845,108.10647583007812,7.977332592010498,40,-0.0020169131457805634,0.7545230388641357,7.874218940734863,23,0.7545230388641357,-1.693516731262207,1746554494.623145,0.01575194112956524,1000,11.594141960144043,5083.274461205,1.0037331581115723,97.07357025146484,1.119593858718872,85.30000305175781,NaN,0.011845981702208519,205.1800994873047,1.0037331581115723,22,0,0,0.7933074831962585,4.260751724243164
480000.0,0.0002280000044265762,38.4900016784668,0.03704007342457771,98.1579818725586,-0.10065406560897827,0.7458872199058533,0.014427358284592628,5082.10498046875,0.8258363604545593,1.0070960521697998,0.8258363604545593,-0.4355805516242981,0.783470094203949,0.7171498537063599,108.26302337646484,7.6879730224609375,40,-0.007409572601318359,0.783470094203949,7.456491470336914,24,0.783470094203949,-0.4177274703979492,1746554698.437293,0.0022003576159477234,1000,11.096254348754883,5291.461946018,1.0070960521697998,95.4900894165039,1.0862501859664917,63.45000076293945,NaN,0.01307003479450941,203.753173828125,1.0070960521697998,23,0,0,0.8258363604545593,3.989626169204712
500000.0,0.00022499999613501132,34.40999984741211,0.04850988835096359,96.09449005126953,0.265321746468544,0.8913984298706055,0.013416421599686146,5290.294921875,0.85784912109375,1.001410722732544,0.85784912109375,-0.1702588051557541,0.8127531409263611,0.7044327855110168,108.55213928222656,7.752874851226807,40,0.01146981492638588,0.8127531409263611,9.243661880493164,25,0.8127531409263611,1.78717041015625,1746554906.6247807,0.2761085629463196,1000,11.968311309814453,5500.203505423,1.001410722732544,99.5762939453125,1.068446397781372,119.44999694824219,NaN,0.012811561115086079,208.12847900390625,1.001410722732544,24,0,0,0.85784912109375,4.175492763519287
520000.0,0.00022200000239536166,43.75,0.05444720759987831,95.84162902832031,0.16590000735595822,1.070643663406372,0.01410314254462719,5499.03125,0.889943540096283,1.0005855560302734,0.889943540096283,-0.004358797799795866,0.8431161046028137,0.6998515129089355,108.65081024169922,7.580862045288086,40,0.005937319248914719,0.8431161046028137,13.046236038208008,26,0.8431161046028137,3.8025741577148438,1746555115.36634,-0.3866162598133087,1000,13.313119888305664,5710.74145306,1.0005855560302734,100.0267333984375,1.061935544013977,160.8000030517578,NaN,0.012469843961298466,208.67759704589844,1.0005855560302734,25,0,0,0.889943540096283,4.541029453277588
540000.0,0.00021899999410379678,42.209999084472656,0.06458622217178345,95.0271224975586,-0.321577460039407,1.0640228986740112,0.012196632102131844,5709.5595703125,0.9220308661460876,1.002589464187622,0.9220308661460876,-0.3259362578392029,0.8735836148262024,0.6920176148414612,111.7896957397461,8.078902244567871,40,0.010139014571905136,0.8735836148262024,11.355849266052246,27,0.8735836148262024,-1.6903867721557617,1746555325.9042997,0.021380580961704254,1000,13.571012496948242,5919.096531721,1.002589464187622,98.67647552490234,1.0505568981170654,116.19999694824219,NaN,0.012369127944111824,210.4662322998047,1.002589464187622,26,0,0,0.9220308661460876,5.250110626220703
560000.0,0.00021600000036414713,41.0,0.047059737145900726,96.02428436279297,-0.021308988332748413,1.0044567584991455,0.015404594130814075,5917.9130859375,0.9540500044822693,1.002566933631897,0.9540500044822693,-0.3472452461719513,0.9040452837944031,0.6782510280609131,108.86474609375,8.750659942626953,40,-0.01752648502588272,0.9040452837944031,9.34504508972168,28,0.9040452837944031,-2.0108041763305664,1746555534.2593482,0.2503599524497986,1000,13.513667106628418,6128.148897683,1.002566933631897,99.41584014892578,1.0304343700408936,111.0,NaN,0.013066716492176056,208.2806396484375,1.002566933631897,27,0,0,0.9540500044822693,5.783248424530029
580000.0,0.00021300000662449747,42.459999084472656,0.05571954697370529,95.69829559326172,-0.08735519647598267,1.1112561225891113,0.01784868724644184,6126.9765625,0.9860977530479431,1.0071736574172974,0.9860977530479431,-0.43460044264793396,0.9344401359558105,0.659021258354187,109.60274505615234,9.798589706420898,40,0.008659809827804565,0.9344401359558105,9.227060317993164,29,0.9344401359558105,-0.11798477172851562,1746555743.3117461,0.0003842785954475403,1000,14.157042503356934,6337.410579689,1.0071736574172974,99.38733673095703,1.001549482345581,107.6500015258789,NaN,0.013544308952987194,208.99012756347656,1.0071736574172974,28,0,0,0.9860977530479431,4.8791913986206055
600000.0,0.0002099999983329326,46.0099983215332,0.0457259938120842,95.60147857666016,0.40655271150171757,1.055832862854004,0.013978519476950169,6336.24267578125,1.0183743238449097,1.0005738735198975,1.0183743238449097,-0.028047731146216393,0.9655437469482422,0.6557973027229309,109.31238555908203,9.669026374816895,40,-0.009993553161621094,0.9655437469482422,11.3287992477417,30,0.9655437469482422,2.101738929748535,1746555952.572944,0.11426299065351486,1000,12.31745433807373,6538.446428153,1.0005738735198975,99.88934326171875,0.9967237710952759,145.64999389648438,NaN,0.013414780609309673,209.2017822265625,1.000573754310608,29,0,0,1.0183743238449097,4.320192813873291
620000.0,0.00020700000459328294,39.90999984741211,0.07234402000904083,99.51567077636719,-0.3447807524353266,1.2103561162948608,0.021272994577884674,6537.2763671875,1.050511360168457,1.0032575130462646,1.050511360168457,-0.37282848358154297,0.9969642162322998,0.644980788230896,101.34487915039062,10.165610313415527,37,0.026618026196956635,0.9969642162322998,12.800386428833008,31,0.9969642162322998,1.4715871810913086,1746556153.6092522,0.1049877405166626,1000,15.000227928161621,6745.263023963,1.0032575130462646,99.6284408569336,0.9800402522087097,129.64999389648438,NaN,0.012938945554196835,200.97337341308594,1.0032575130462646,30,0,0,1.050511360168457,5.2267165184021
640000.0,0.00020399999630171806,39.16999816894531,0.050773706287145615,96.73245239257812,-0.027287840843200684,1.085179090499878,0.015469685196876526,6744.09521484375,1.0824867486953735,1.0048224925994873,1.0824867486953735,-0.40011632442474365,1.0280137062072754,0.6278852224349976,110.20149230957031,10.066638946533203,40,-0.021570313721895218,1.0280137062072754,9.53214168548584,32,1.0280137062072754,-3.268244743347168,1746556360.4258118,0.1381801962852478,1000,12.838759422302246,6952.987511768,1.0048224925994873,96.5542984008789,0.9531298279762268,98.0999984741211,NaN,0.013666024431586266,206.75584411621094,1.0048224925994873,31,0,0,1.0824867486953735,3.9172332286834717
660000.0,0.0002010000025620684,41.77000045776367,0.05890212208032608,96.30851745605469,0.09273660182952881,1.1855266094207764,0.016207333654165268,6951.8193359375,1.1144778728485107,1.0040802955627441,1.1144778728485107,-0.30737972259521484,1.0591309070587158,0.6183195114135742,110.26382446289062,10.366752624511719,40,0.008128415793180466,1.0591309070587158,10.032038688659668,33,1.0591309070587158,0.4998970031738281,1746556568.150366,-0.12898224592208862,1000,13.229597091674805,7159.406953194,1.0040802955627441,97.40206909179688,0.9379212856292725,116.3499984741211,NaN,0.013606011867523193,207.66595458984375,1.0040802955627441,32,0,0,1.1144778728485107,3.6244852542877197
680000.0,0.00019799999427050352,42.08000183105469,0.05247258394956589,96.91887664794922,-0.2967677116394043,1.1695771217346191,0.016180839389562607,7158.23681640625,1.146506667137146,1.0089269876480103,1.146506667137146,-0.6041474342346191,1.0896326303482056,0.6019079685211182,110.55259704589844,10.208110809326172,40,-0.006429538130760193,1.0896326303482056,7.881595134735107,34,1.0896326303482056,-2.1504435539245605,1746556774.5697548,0.046107217669487,1000,13.953839302062988,7368.058082898,1.0089269876480103,95.80549621582031,0.91097092628479,85.30000305175781,NaN,0.013802933506667614,206.358154296875,1.0089269876480103,33,0,0,1.146506667137146,4.614656448364258
700000.0,0.00019500000053085387,39.959999084472656,0.068477563560009,95.88268280029297,0.3798033744096756,1.2077841758728027,0.015082073397934437,7366.88818359375,1.1784477233886719,1.0034816265106201,1.1784477233886719,-0.22434405982494354,1.1204546689987183,0.5972771048545837,110.94906616210938,10.80006217956543,40,0.016004979610443115,1.1204546689987183,8.721807479858398,35,1.1204546689987183,0.840212345123291,1746556983.220916,0.3053262233734131,1000,12.762887001037598,7581.235784377,1.0034816265106201,97.63912200927734,0.9033565521240234,124.55000305175781,NaN,0.01353044155985117,208.58824157714844,1.0034816265106201,34,0,0,1.1784477233886719,4.097184181213379
720000.0,0.00019200000679120421,42.77000045776367,0.07219143211841583,93.84465026855469,-0.11600764095783234,1.190049171447754,0.017119579017162323,7580.0703125,1.210484504699707,1.0069999694824219,1.210484504699707,-0.3403517007827759,1.1516860723495483,0.5875707268714905,111.13313293457031,10.513679504394531,40,0.00371386855840683,1.1516860723495483,10.609212875366211,36,1.1516860723495483,1.8874053955078125,1746557196.3986022,0.097862109541893,1000,14.517537117004395,7789.711835389,1.0069999694824219,101.98497009277344,0.8869796991348267,130.3000030517578,NaN,0.013921700417995453,213.1181640625,1.0069999694824219,35,0,0,1.210484504699707,5.805646896362305
740000.0,0.00018899999849963933,42.369998931884766,0.06635773181915283,95.97454071044922,-0.21747595071792603,1.133544683456421,0.016743315383791924,7788.515625,1.2425872087478638,1.0075054168701172,1.2425872087478638,-0.5578276515007019,1.1824957132339478,0.5725520849227905,110.87516784667969,10.544150352478027,40,-0.0058337002992630005,1.1824957132339478,9.230424880981445,37,1.1824957132339478,-1.3787879943847656,1746557404.8746717,0.06883832067251205,1000,13.748693466186523,7998.380569413,1.0075054168701172,97.51337432861328,0.8611135482788086,93.94999694824219,NaN,0.013872899115085602,208.3885955810547,1.0075054168701172,36,0,0,1.2425872087478638,5.534249305725098
760000.0,0.00018600000475998968,40.939998626708984,0.05892401933670044,95.8748779296875,0.10367348790168762,1.2107552289962769,0.01686779223382473,7997.20849609375,1.2746669054031372,1.005722999572754,1.2746669054031372,-0.4541541635990143,1.2130939960479736,0.5616983771324158,111.46353912353516,10.629115104675293,40,-0.007433712482452393,1.2130939960479736,9.324447631835938,38,1.2130939960479736,0.09402275085449219,1746557613.5433912,-0.20842504501342773,1000,13.227622032165527,8205.084437002,1.005722999572754,97.1416244506836,0.8419366478919983,100.94999694824219,NaN,0.0138323362916708,208.60520935058594,1.005722999572754,37,0,0,1.2746669054031372,4.80061674118042
780000.0,0.0001829999964684248,39.70000076293945,0.07861671596765518,96.80077362060547,-0.11511406302452087,1.0699328184127808,0.01617886684834957,8203.8818359375,1.3066548109054565,1.0082799196243286,1.3066548109054565,-0.5692682266235352,1.2430975437164307,0.5458719730377197,111.32459259033203,10.646418571472168,40,0.019692696630954742,1.2430975437164307,7.733996391296387,39,1.2430975437164307,-1.5904512405395508,1746557820.2472668,0.4004476070404053,1000,12.936795234680176,8406.06378968,1.0082799196243286,95.28526306152344,0.8133585453033447,83.19999694824219,NaN,0.014204366132616997,206.60992431640625,1.0082799196243286,38,0,0,1.3066548109054565,4.582885265350342
800000.0,0.00018000000272877514,36.689998626708984,0.07061394304037094,99.54185485839844,0.2770407795906067,1.1414775848388672,0.020028283819556236,8404.896484375,1.3383769989013672,1.0047712326049805,1.3383769989013672,-0.29222744703292847,1.273329257965088,0.536423921585083,101.96158599853516,10.666003227233887,37,-0.00800277292728424,1.273329257965088,8.791906356811523,40,1.273329257965088,1.0579099655151367,1746558021.2266324,0.09345930814743042,1000,12.624865531921387,8605.231798514,1.0047712326049805,98.95886993408203,0.7959672808647156,115.8499984741211,NaN,0.013654905371367931,200.92050170898438,1.0047712326049805,39,0,0,1.3383769989013672,4.200334548950195
820000.0,0.00017699999443721026,37.849998474121094,0.06540017575025558,100.44688415527344,0.19745945930480957,0.9178564548492432,0.02250923030078411,8604.0654296875,1.3699413537979126,1.0001397132873535,1.3699413537979126,-0.0947679877281189,1.3039237260818481,0.5338435173034668,98.96898651123047,10.007281303405762,36,-0.0052137672901153564,1.3039237260818481,10.578628540039062,41,1.3039237260818481,1.786722183227539,1746558220.3946161,0.022311672568321228,1000,11.100005149841309,8816.212932118,1.0001397132873535,100.14117431640625,0.7911665439605713,122.75,NaN,0.013776300475001335,199.11021423339844,1.000139832496643,40,0,0,1.3699413537979126,3.55755615234375
840000.0,0.0001740000006975606,39.25,0.06650859117507935,94.82170104980469,-0.2615426480770111,1.2396259307861328,0.01763262413442135,8815.0458984375,1.4014593362808228,1.007379412651062,1.4014593362808228,-0.35631063580513,1.3347352743148804,0.5266723036766052,111.57100677490234,10.346640586853027,40,0.001108415424823761,1.3347352743148804,9.992180824279785,42,1.3347352743148804,-0.5864477157592773,1746558431.3757725,-0.005924724042415619,1000,13.502828598022461,9024.001717825,1.007379412651062,99.35111999511719,0.7776862382888794,117.75,NaN,0.014100734144449234,210.92218017578125,1.007379412651062,41,0,0,1.4014593362808228,4.34989070892334
860000.0,0.00017100000695791095,39.869998931884766,0.0659274086356163,96.27881622314453,0.08805462718009949,1.081098198890686,0.01631409488618374,9022.833984375,1.4329808950424194,1.003699779510498,1.4329808950424194,-0.2682560086250305,1.3657290935516357,0.5221350789070129,110.39118957519531,10.281889915466309,40,-0.0005811825394630432,1.3657290935516357,9.006879806518555,43,1.3657290935516357,-0.9853010177612305,1746558639.1645708,0.15399792790412903,1000,12.348082542419434,9236.401681837,1.003699779510498,97.3387680053711,0.7689993381500244,117.0,NaN,0.013902060687541962,207.73001098632812,1.003699779510498,42,0,0,1.4329808950424194,4.207205772399902
880000.0,0.00016799999866634607,46.27000045776367,0.0727735161781311,94.18998718261719,0.04818488657474518,1.1416945457458496,0.016727685928344727,9235.23046875,1.4649112224578857,1.0044420957565308,1.4649112224578857,-0.22007112205028534,1.397320032119751,0.514879047870636,111.5428466796875,10.349133491516113,40,0.006846107542514801,1.397320032119751,11.112704277038574,44,1.397320032119751,2.1058244705200195,1746558851.5645165,0.1556585282087326,1000,13.508840560913086,9447.736341719,1.0044420957565308,100.79387664794922,0.7550326585769653,136.5,NaN,0.014237981289625168,212.3367919921875,1.0044420957565308,43,0,0,1.4649112224578857,4.798295497894287
900000.0,0.00016500000492669642,51.970001220703125,0.058291733264923096,94.66539764404297,0.1098220944404602,1.2065445184707642,0.016408193856477737,9446.5654296875,1.497550368309021,1.0002713203430176,1.497550368309021,-0.11024902760982513,1.429574966430664,0.5127068161964417,109.62901306152344,9.97846508026123,40,-0.014481782913208008,1.429574966430664,11.943597793579102,45,1.429574966430664,0.8308935165405273,1746559062.8991764,-0.1611030399799347,1000,13.03645133972168,9656.737635881,1.0002713203430176,101.64137268066406,0.7507821917533875,142.6999969482422,NaN,0.014240508899092674,211.27044677734375,1.0002713203430176,44,0,0,1.497550368309021,4.58225679397583
920000.0,0.00016199999663513154,45.939998626708984,0.06381791085004807,95.7230224609375,-0.5104011446237564,1.1682868003845215,0.017449816688895226,9655.5654296875,1.5304534435272217,1.0088849067687988,1.5304534435272217,-0.6206501722335815,1.4614672660827637,0.5030137896537781,110.22406005859375,10.283513069152832,40,0.0055261775851249695,1.4614672660827637,9.030534744262695,46,1.4614672660827637,-2.9130630493164062,1746559271.900472,-0.07603219151496887,1000,14.423575401306152,9867.560262122,1.0088849067687988,98.71202850341797,0.7316511273384094,99.9000015258789,NaN,0.014174352400004864,208.93614196777344,1.0088849067687988,45,0,0,1.5304534435272217,5.174252510070801
940000.0,0.00015900000289548188,48.93000030517578,0.05714970454573631,94.89419555664062,0.3527807891368866,1.2115989923477173,0.017177697271108627,9866.390625,1.5637750625610352,1.0015491247177124,1.5637750625610352,-0.26786938309669495,1.494193196296692,0.4980478882789612,110.0074691772461,9.870694160461426,40,-0.006668206304311752,1.494193196296692,12.029598236083984,47,1.494193196296692,2.999063491821289,1746559482.7230844,0.1110607460141182,1000,15.228975296020508,10077.895284225,1.0015491247177124,100.75352478027344,0.7217756509780884,151.85000610351562,NaN,0.013784367591142654,210.76104736328125,1.0015491247177124,46,0,0,1.5637750625610352,6.377379894256592
960000.0,0.000155999994603917,47.72999954223633,0.06444314122200012,95.11226654052734,-0.40205469727516174,1.1951647996902466,0.017944322898983955,10076.728515625,1.597395658493042,1.008256196975708,1.597395658493042,-0.6699240803718567,1.5266886949539185,0.4870225191116333,109.5999984741211,10.115777969360352,40,0.007293436676263809,1.5266886949539185,10.047402381896973,48,1.5266886949539185,-1.9821958541870117,1746559693.058127,0.10103827714920044,1000,15.46626091003418,10288.996091564,1.008256196975708,100.67777252197266,0.6993702054023743,107.80000305175781,NaN,0.013978100381791592,210.27781677246094,1.008256196975708,47,0,0,1.597395658493042,5.9132609367370605
980000.0,0.00015300000086426735,42.849998474121094,0.05545618385076523,94.7736587524414,0.19622665643692017,1.150758147239685,0.017231682315468788,10287.814453125,1.6309809684753418,1.0081501007080078,1.6309809684753418,-0.4736974239349365,1.5591522455215454,0.47757676243782043,110.42791748046875,9.777931213378906,40,-0.008986957371234894,1.5591522455215454,9.992264747619629,49,1.5591522455215454,-0.05513763427734375,1746559904.158911,0.2477523684501648,1000,14.14134693145752,10482.496132221,1.0081501007080078,100.60114288330078,0.679742157459259,115.19999694824219,NaN,0.014402596279978752,211.02911376953125,1.0081501007080078,48,0,0,1.6309809684753418,5.245486736297607
1000000.0,0.0001500000071246177,38.369998931884766,0.05824196711182594,103.39424896240234,-0.06477689743041992,1.0624204874038696,0.02064734697341919,10481.322265625,1.6642507314682007,1.0074337720870972,1.6642507314682007,-0.5384743213653564,1.591174602508545,0.4645555317401886,94.08106994628906,9.790294647216797,34,0.0027857832610607147,1.591174602508545,9.738430976867676,50,1.591174602508545,-0.2538337707519531,1746560097.6589782,0.010335981845855713,1000,13.099992752075195,10692.719404956,1.0074337720870972,99.35323333740234,0.6520344614982605,97.3499984741211,NaN,0.014284047298133373,193.43435668945312,1.0074337720870972,49,0,0,1.6642507314682007,4.512186527252197
1020000.0,0.00014699999883305281,40.720001220703125,0.06982070952653885,95.17807006835938,0.1561296284198761,1.0980720520019531,0.019077839329838753,10691.51953125,1.697393774986267,1.0037825107574463,1.697393774986267,-0.38234469294548035,1.623197078704834,0.4563639461994171,110.36094665527344,9.8287353515625,40,0.011578742414712906,1.623197078704834,8.596977233886719,51,1.623197078704834,-1.141453742980957,1746560307.8822272,0.3113870918750763,1000,13.104429244995117,10902.726456194,1.0037825107574463,99.77143096923828,0.6342666149139404,113.94999694824219,NaN,0.014356565661728382,210.13243103027344,1.0037825107574463,50,0,0,1.697393774986267,4.964613437652588
1040000.0,0.00014400000509340316,36.16999816894531,0.06280411034822464,95.26615142822266,-0.12597718834877014,1.2619209289550781,0.019534939900040627,10901.548828125,1.7301287651062012,1.0078994035720825,1.7301287651062012,-0.5083218812942505,1.6549315452575684,0.4464566111564636,110.68426513671875,9.985586166381836,40,-0.007016599178314209,1.6549315452575684,8.332677841186523,52,1.6549315452575684,-0.2642993927001953,1746560517.8892758,0.2854521572589874,1000,13.313138961791992,11096.487480696,1.0078994035720825,99.25383758544922,0.6122101545333862,101.55000305175781,NaN,0.01464751921594143,209.9381561279297,1.0078994035720825,51,0,0,1.7301287651062012,4.547804832458496
1060000.0,0.00014099999680183828,33.66999816894531,0.058936744928359985,103.25550079345703,-0.1417270302772522,1.0709660053253174,0.020898180082440376,11095.314453125,1.762333869934082,1.010306715965271,1.762333869934082,-0.6500489115715027,1.6852593421936035,0.4321030378341675,100.32462310791016,9.305450439453125,35,-0.0038673654198646545,1.6852593421936035,6.965447902679443,53,1.6852593421936035,-1.36722993850708,1746560711.650319,-0.2864844799041748,1000,10.701582908630371,11283.531602192,1.010306715965271,93.36959075927734,0.5795349478721619,55.400001525878906,NaN,0.014265711419284344,193.69427490234375,1.0103068351745605,52,0,0,1.762333869934082,3.5948071479797363
1080000.0,0.00013800000306218863,32.290000915527344,0.056649912148714066,106.96739959716797,0.11304396390914917,1.0317914485931396,0.02025195024907589,11282.353515625,1.793973445892334,1.00748872756958,1.793973445892334,-0.5370049476623535,1.7147576808929443,0.41741976141929626,92.11994934082031,9.115991592407227,33,-0.00228683277964592,1.7147576808929443,6.776515007019043,54,1.7147576808929443,-0.1889328956604004,1746560898.6944253,0.04521407559514046,1000,10.855415344238281,11492.496352142,1.00748872756958,94.85284423828125,0.545012354850769,72.30000305175781,NaN,0.014425686560571194,186.9728546142578,1.00748872756958,53,0,0,1.793973445892334,3.8403141498565674
1100000.0,0.00013499999477062374,35.47999954223633,0.052850935608148575,95.74201965332031,0.48290614411234856,1.1080474853515625,0.01638750731945038,11491.3173828125,1.8253291845321655,1.0043973922729492,1.8253291845321655,-0.05409880355000496,1.7449012994766235,0.4091072976589203,110.57159423828125,8.91553783416748,40,-0.0037989765405654907,1.7449012994766235,10.271032333374023,55,1.7449012994766235,3.4945173263549805,1746561107.6591582,-0.17862927913665771,1000,11.347415924072266,11695.897718884,1.0043973922729492,98.32304382324219,0.5248094797134399,128.5,NaN,0.014525129459798336,208.8946990966797,1.0043972730636597,54,0,0,1.8253291845321655,4.161055088043213
1120000.0,0.0001320000010309741,32.220001220703125,0.05822480842471123,98.36531829833984,-0.5041300468146801,0.8771868944168091,0.019044579938054085,11694.712890625,1.8562097549438477,1.0069022178649902,1.8562097549438477,-0.5582288503646851,1.77386474609375,0.40099507570266724,110.57361602783203,8.222783088684082,40,0.005373872816562653,1.77386474609375,6.910658836364746,56,1.77386474609375,-3.3603734970092773,1746561311.0605316,0.08227593451738358,1000,9.952552795410156,11893.572002835,1.0069022178649902,92.7500228881836,0.5047019124031067,58.0,NaN,0.01422624010592699,203.32369995117188,1.0069022178649902,55,0,0,1.8562097549438477,4.466702938079834
1140000.0,0.0001289999927394092,33.849998474121094,0.06130687892436981,101.20762634277344,0.26985329389572144,0.9608441591262817,0.02029137685894966,11892.4033203125,1.8867828845977783,1.0018937587738037,1.8867828845977783,-0.2883755564689636,1.8030232191085815,0.3932734429836273,99.56847381591797,7.966876029968262,36,0.0030820704996585846,1.8030232191085815,10.300313949584961,57,1.8030232191085815,3.389655113220215,1746561508.7348578,-0.04117332398891449,1000,11.490277290344238,12103.801614566,1.0018937587738037,98.04503631591797,0.48544707894325256,106.9000015258789,NaN,0.014220219105482101,197.61355590820312,1.0018937587738037,56,0,0,1.8867828845977783,5.027163028717041
1160000.0,0.00012599999899975955,37.630001068115234,0.06092672049999237,95.16221618652344,-0.011359959840774536,1.3212841749191284,0.020267268642783165,12102.6298828125,1.9173483848571777,1.0033544301986694,1.9173483848571777,-0.29973551630973816,1.8326536417007446,0.38832253217697144,110.84251403808594,8.500085830688477,40,-0.0003801584243774414,1.8326536417007446,10.781826972961426,58,1.8326536417007446,0.48151302337646484,1746561718.9644153,0.006311364471912384,1000,12.475587844848633,12292.446618243,1.0033544301986694,99.32488250732422,0.4726871848106384,118.75,NaN,0.014758050441741943,210.16744995117188,1.0033544301986694,57,0,0,1.9173483848571777,4.725590705871582
1180000.0,0.0001230000052601099,36.619998931884766,0.07646197080612183,106.05997467041016,-0.40474632382392883,1.0724351406097412,0.02154550328850746,12291.265625,1.9478421211242676,1.010834813117981,1.9478421211242676,-0.704481840133667,1.8613815307617188,0.3785525858402252,94.56777954101562,8.977615356445312,34,0.015535250306129456,1.8613815307617188,7.207743167877197,59,1.8613815307617188,-3.5740838050842285,1746561907.6094213,0.07795064151287079,1000,11.972323417663574,12480.821101439,1.010834813117981,94.00472259521484,0.447176992893219,66.4000015258789,NaN,0.014546188525855541,188.5725555419922,1.010834813117981,58,0,0,1.9478421211242676,4.5626540184021
1200000.0,0.00011999999696854502,27.93000030517578,0.056225597858428955,106.21019744873047,0.10328119993209839,1.1015818119049072,0.020362265408039093,12479.642578125,1.9776577949523926,1.010804533958435,1.9776577949523926,-0.6012006402015686,1.8887757062911987,0.364238977432251,97.76675415039062,9.059659004211426,35,-0.02023637294769287,1.8887757062911987,5.91194486618042,60,1.8887757062911987,-1.2957983016967773,1746562095.9839373,0.2711450755596161,1000,9.45668888092041,12690.972879652,1.010804533958435,90.53903198242188,0.4085834324359894,46.95000076293945,NaN,0.01470937579870224,188.3058319091797,1.010804533958435,59,0,0,1.9776577949523926,3.352775812149048
1220000.0,0.00011700000322889537,30.530000686645508,0.06527672708034515,95.20989227294922,0.4825993627309799,1.2020199298858643,0.01599890924990177,12689.7744140625,2.0070574283599854,1.0020018815994263,2.0070574283599854,-0.11860127747058868,1.9166229963302612,0.3615109920501709,112.0687484741211,9.563211441040039,40,0.009051129221916199,1.9166229963302612,8.356867790222168,61,1.9166229963302612,2.444922924041748,1746562306.1356921,-0.010268434882164001,1000,10.056062698364258,12880.681661659,1.0020018815994263,97.99340057373047,0.4010970890522003,109.4000015258789,NaN,0.01445960346609354,210.0622100830078,1.0020018815994263,60,0,0,2.0070574283599854,3.372704267501831
1240000.0,0.0001140000022132881,25.200000762939453,0.07147717475891113,105.46097564697266,-0.3565043956041336,1.2054601907730103,0.02170627750456333,12879.5068359375,2.035696506500244,1.0064077377319336,2.035696506500244,-0.4751056730747223,1.9438581466674805,0.35457977652549744,93.68682861328125,9.867561340332031,33,0.006200447678565979,1.9438581466674805,7.299848556518555,62,1.9438581466674805,-1.0570192337036133,1746562495.8445082,0.016521543264389038,1000,10.068561553955078,13089.18705636,1.0064077377319336,95.95672607421875,0.3814815878868103,70.19999694824219,NaN,0.014079777523875237,189.6436004638672,1.0064077377319336,61,0,0,2.035696506500244,4.2327470779418945
1260000.0,0.00011100000119768083,24.030000686645508,0.06742038577795029,95.95050048828125,0.171254962682724,1.0818029642105103,0.017163552343845367,13088.013671875,2.0635673999786377,1.0051257610321045,2.0635673999786377,-0.3038507103919983,1.9709746837615967,0.34922775626182556,110.72450256347656,9.297209739685059,40,-0.004056788980960846,1.9709746837615967,6.146112442016602,63,1.9709746837615967,-1.1537361145019531,1746562704.3498719,-0.09092462062835693,1000,9.520859718322754,13295.614625997,1.0051257610321045,97.71625518798828,0.36624568700790405,86.1500015258789,NaN,0.014405910857021809,208.44081115722656,1.0051257610321045,62,0,0,2.0635673999786377,3.7227516174316406
1280000.0,0.00010800000018207356,28.670000076293945,0.06318232417106628,96.92023468017578,0.2593163251876831,1.0329694747924805,0.01775241643190384,13294.4326171875,2.0911009311676025,1.0000455379486084,2.0911009311676025,-0.044534385204315186,1.9985841512680054,0.34735435247421265,110.1529541015625,8.993950843811035,40,-0.004238061606884003,1.9985841512680054,7.861601829528809,64,1.9985841512680054,1.715489387512207,1746562910.7774425,-0.2740052342414856,1000,9.300556182861328,13498.965504025,1.0000455379486084,96.20225524902344,0.3609027564525604,108.75,NaN,0.014682837761938572,206.35525512695312,1.0000455379486084,63,0,0,2.0911009311676025,4.268248558044434
1300000.0,0.0001049999991664663,29.760000228881836,0.05848972871899605,98.6177978515625,-0.45080164074897766,0.8043092489242554,0.019353684037923813,13497.3095703125,2.1184191703796387,1.0086103677749634,2.1184191703796387,-0.49533602595329285,2.0251500606536865,0.3398558795452118,110.03874206542969,8.309212684631348,40,-0.004692595452070236,2.0251500606536865,6.065731525421143,65,2.0251500606536865,-1.795870304107666,1746563114.1283028,-0.058681175112724304,1000,8.821212768554688,13707.439266188,1.0086103677749634,92.76432037353516,0.3390338122844696,53.150001525878906,NaN,0.014028716832399368,202.8031463623047,1.0086103677749634,64,0,0,2.1184191703796387,3.879692554473877
1320000.0,0.00010199999815085903,29.729999542236328,0.09999039769172668,96.12151336669922,0.24738186597824097,1.0548408031463623,0.019164273515343666,13705.927734375,2.145548105239868,1.0040667057037354,2.145548105239868,-0.24795415997505188,2.0518910884857178,0.3314988911151886,109.32369232177734,8.470943450927734,40,0.04150066897273064,2.0518910884857178,7.941286087036133,66,2.0518910884857178,1.8755545616149902,1746563322.602062,-0.31468409299850464,1000,9.735260963439941,13911.327268508,1.0040667057037354,98.74622344970703,0.31417709589004517,93.8499984741211,NaN,0.014539648778736591,208.06996154785156,1.0040667057037354,65,0,0,2.145548105239868,3.750746011734009
1340000.0,9.899999713525176e-05,32.63999938964844,0.06390852481126785,98.12825012207031,-0.019276171922683716,0.9108322262763977,0.016299637034535408,13910.1435546875,2.1727328300476074,1.0055580139160156,2.1727328300476074,-0.2672303318977356,2.0781445503234863,0.325218141078949,109.39129638671875,7.685236930847168,40,-0.03608187288045883,2.0781445503234863,7.050225257873535,67,2.0781445503234863,-0.8910608291625977,1746563526.490062,-0.23124319314956665,1000,8.116948127746582,14116.166288354,1.0055580139160156,94.42354583740234,0.29500311613082886,69.8499984741211,NaN,0.014077717438340187,203.8148956298828,1.0055580139160156,66,0,0,2.1727328300476074,3.3685007095336914
1360000.0,9.600000339560211e-05,35.02000045776367,0.06753512471914291,97.66665649414062,0.16883313655853271,0.898215651512146,0.01903870329260826,14114.998046875,2.200152635574341,1.0009616613388062,2.200152635574341,-0.09839719533920288,2.104703664779663,0.3227928876876831,109.75712585449219,7.435995101928711,40,0.003626599907875061,2.104703664779663,9.09045124053955,68,2.104703664779663,2.0402259826660156,1746563731.3291388,-0.17010855674743652,1000,8.922643661499023,14321.846459095,1.0009616613388062,95.02099609375,0.2875371277332306,96.9000015258789,NaN,0.014219364151358604,204.77816772460938,1.0009616613388062,67,0,0,2.200152635574341,3.9584836959838867
1380000.0,9.300000237999484e-05,32.0099983215332,0.07462417334318161,97.27204895019531,-0.2529961168766022,1.0230929851531982,0.01877640374004841,14320.66796875,2.2275638580322266,1.005874514579773,2.2275638580322266,-0.35139331221580505,2.131127119064331,0.3173699676990509,109.67105865478516,7.409029483795166,40,0.007089048624038696,2.131127119064331,7.359607696533203,69,2.131127119064331,-1.7308435440063477,1746563937.0092895,-0.009805984795093536,1000,9.930073738098145,14529.445765647,1.005874514579773,95.93780517578125,0.2705412805080414,81.55000305175781,NaN,0.014355620369315147,205.60891723632812,1.005874514579773,68,0,0,2.2275638580322266,4.138427257537842
1400000.0,9.000000136438757e-05,36.220001220703125,0.06129700317978859,96.5291976928711,0.1287619024515152,0.9193246960639954,0.01724071055650711,14527.927734375,2.2552907466888428,1.004575490951538,2.2552907466888428,-0.22263140976428986,2.15783429145813,0.3135237991809845,109.78146362304688,7.643571376800537,40,-0.01332717016339302,2.15783429145813,7.5865478515625,70,2.15783429145813,0.22694015502929688,1746564144.6085763,-0.1276572346687317,1000,9.757281303405762,14731.575029043,1.004575490951538,97.40968322753906,0.2583928406238556,96.1500015258789,NaN,0.013896176591515541,207.1912078857422,1.004575490951538,69,0,0,2.2552907466888428,4.035186767578125
1420000.0,8.70000003487803e-05,30.1200008392334,0.06415773928165436,98.98925018310547,-0.3811310976743698,0.7603314518928528,0.015391207300126553,14730.3798828125,2.2828450202941895,1.011502742767334,2.2828450202941895,-0.6037625074386597,2.1829214096069336,0.30587610602378845,112.9378662109375,6.735555648803711,40,0.0028607361018657684,2.1829214096069336,4.748295307159424,71,2.1829214096069336,-2.838252544403076,1746564346.737823,-0.26958948373794556,1000,7.891027450561523,14935.709998121,1.011502742767334,89.10423278808594,0.23365317285060883,29.5,NaN,0.013450568541884422,202.04214477539062,1.011502742767334,70,0,0,2.2828450202941895,3.5322248935699463
1440000.0,8.399999933317304e-05,27.209999084472656,0.05015377700328827,98.01700592041016,0.2606261968612671,0.7338757514953613,0.016813842579722404,14934.51171875,2.310025691986084,1.0048816204071045,2.310025691986084,-0.3431363105773926,2.2073135375976562,0.29962584376335144,109.09393310546875,6.339047908782959,40,-0.014003962278366089,2.2073135375976562,4.779315948486328,72,2.2073135375976562,0.031020641326904297,1746564550.8728247,-0.3082409203052521,1000,7.463700771331787,15144.21132816,1.0048816204071045,94.95223999023438,0.21277357637882233,55.900001525878906,NaN,0.013953017070889473,204.04623413085938,1.0048816204071045,71,0,0,2.310025691986084,3.243459463119507
1460000.0,8.099999831756577e-05,25.549999237060547,0.06080987676978111,95.95465087890625,0.2785668298602104,0.9196887612342834,0.017694979906082153,15143.033203125,2.3367457389831543,1.0010275840759277,2.3367457389831543,-0.06456948071718216,2.232675552368164,0.2952059805393219,109.58006286621094,6.805434703826904,40,0.010656099766492844,2.232675552368164,7.558524131774902,73,2.232675552368164,2.779208183288574,1746564759.374124,-0.19633787870407104,1000,9.822090148925781,15346.479174084,1.0010275840759277,98.85166931152344,0.19793744385242462,112.55000305175781,NaN,0.014423234388232231,208.43179321289062,1.0010275840759277,72,0,0,2.3367457389831543,3.8295648097991943
1480000.0,7.79999973019585e-05,26.899999618530273,0.05916968360543251,98.92371368408203,-0.19227119535207748,0.7628060579299927,0.015927260741591454,15345.27734375,2.363163709640503,1.0059605836868286,2.363163709640503,-0.25684067606925964,2.257601737976074,0.291329562664032,109.37371063232422,6.261387825012207,40,-0.0016401931643486023,2.257601737976074,5.3373284339904785,74,2.257601737976074,-2.221195697784424,1746564961.642014,-0.12305764853954315,1000,7.628888130187988,15555.626406089,1.0059605836868286,92.8022232055664,0.18462733924388885,65.5999984741211,NaN,0.013355341739952564,202.17599487304688,1.0059605836868286,73,0,0,2.363163709640503,3.428497552871704
1500000.0,7.500000356230885e-05,27.690000534057617,0.062465865164995193,95.65325927734375,0.24078660272061825,1.04497492313385,0.017712924629449844,15554.45703125,2.389378070831299,0.9979335069656372,2.389378070831299,-0.016054073348641396,2.28346586227417,0.290926069021225,109.57238006591797,6.603031158447266,40,0.003296181559562683,2.28346586227417,7.370566368103027,75,2.28346586227417,2.033237934112549,1746565170.7892303,0.06942465156316757,1000,9.350153923034668,15757.762279816,0.9979335069656372,99.5160903930664,0.183046355843544,112.75,NaN,0.014814503490924835,209.08853149414062,0.9979335069656372,74,0,0,2.389378070831299,3.7898266315460205
1520000.0,7.200000254670158e-05,31.010000228881836,0.04322760924696922,98.97413635253906,-0.27430315874516964,0.7182821035385132,0.018498338758945465,15756.5927734375,2.415677785873413,1.0050770044326782,2.415677785873413,-0.29035723209381104,2.3084874153137207,0.288046658039093,109.5594482421875,6.257557392120361,40,-0.01923825591802597,2.3084874153137207,5.891762733459473,76,2.3084874153137207,-1.4788036346435547,1746565372.9251075,-0.03560821712017059,1000,6.890703201293945,15961.978406276,1.0050770044326782,92.51349639892578,0.17304207384586334,53.0,NaN,0.013944338075816631,202.072998046875,1.0050770044326782,75,0,0,2.415677785873413,2.753922939300537
1540000.0,6.900000153109431e-05,31.940000534057617,0.059446871280670166,97.97624969482422,-0.21263480186462402,0.8892477750778198,0.01874188333749771,15960.78515625,2.442133903503418,1.0079052448272705,2.442133903503418,-0.5029920339584351,2.3328750133514404,0.2797841727733612,109.96993255615234,6.60545539855957,40,0.016219262033700943,2.3328750133514404,5.466041088104248,77,2.3328750133514404,-0.4257216453552246,1746565577.141205,-0.2221156656742096,1000,8.786078453063965,16169.975036109,1.0079052448272705,94.1611099243164,0.14410078525543213,57.150001525878906,NaN,0.013975070789456367,204.131103515625,1.007905125617981,76,0,0,2.442133903503418,2.969400405883789
1560000.0,6.600000051548705e-05,34.2400016784668,0.07871507853269577,96.18682861328125,0.3941642493009567,1.1463048458099365,0.014833236113190651,16168.7978515625,2.4689173698425293,0.9995019435882568,2.4689173698425293,-0.10882778465747833,2.358508586883545,0.2759692668914795,109.61565399169922,6.969635009765625,40,0.019268207252025604,2.358508586883545,8.317888259887695,78,2.358508586883545,2.8518471717834473,1746565785.1378422,0.09684094786643982,1000,10.925396919250488,16374.704672483,0.9995019435882568,98.31297302246094,0.13061155378818512,120.75,NaN,0.014032430946826935,207.92868041992188,0.9995019435882568,77,0,0,2.4689173698425293,4.040392875671387
1580000.0,6.299999949987978e-05,33.119998931884766,0.0692334920167923,97.75406646728516,-0.34689147770404816,0.9907259941101074,0.016003843396902084,16373.4609375,2.495913028717041,1.0060573816299438,2.495913028717041,-0.4557192623615265,2.3836545944213867,0.2731539309024811,109.66946411132812,7.466895580291748,40,-0.009481586515903473,2.3836545944213867,6.206124305725098,79,2.3836545944213867,-2.1117639541625977,1746565989.8674827,-0.0024650655686855316,1000,9.2782621383667,16583.131411516,1.0060573816299438,94.9255599975586,0.12020471692085266,64.0,NaN,0.013251867145299911,204.59507751464844,1.0060573816299438,78,0,0,2.495913028717041,4.0244598388671875
1600000.0,5.999999848427251e-05,30.110000610351562,0.05055805295705795,95.98963165283203,0.0944368839263916,0.8333503007888794,0.015137421898543835,16581.953125,2.52286696434021,1.0068546533584595,2.52286696434021,-0.3612823784351349,2.408674716949463,0.26811420917510986,109.29290008544922,7.252005577087402,40,-0.018675439059734344,2.408674716949463,6.388843536376953,80,2.408674716949463,0.18271923065185547,1746566198.2942288,0.2253420352935791,1000,9.098828315734863,16787.826596774,1.0068546533584595,99.06287384033203,0.10135037451982498,74.55000305175781,NaN,0.013891469687223434,208.3558349609375,1.0068546533584595,79,0,0,2.52286696434021,3.852720260620117
1620000.0,5.700000110664405e-05,37.400001525878906,0.05122238025069237,97.76039123535156,0.329190269112587,0.606736421585083,0.013448144309222698,16786.603515625,2.5503649711608887,0.9995507597923279,2.5503649711608887,-0.03209210932254791,2.434170722961426,0.2673293948173523,109.23997497558594,7.154421329498291,40,0.0006643272936344147,2.434170722961426,6.678143501281738,81,2.434170722961426,0.28929996490478516,1746566402.9893863,-0.27984315156936646,1000,8.204894065856934,16993.752672967,0.9995507597923279,95.34181213378906,0.0983690619468689,94.75,NaN,0.012321890331804752,204.5818328857422,0.9995507597923279,80,0,0,2.5503649711608887,3.86230731010437
1640000.0,5.400000009103678e-05,36.9900016784668,0.08583363145589828,97.16099548339844,-0.5591084808111191,0.8099042773246765,0.016565047204494476,16992.5625,2.5783236026763916,1.0082906484603882,2.5783236026763916,-0.591200590133667,2.459010601043701,0.2631175220012665,109.23560333251953,7.555631160736084,40,0.03461125120520592,2.459010601043701,6.482583999633789,82,2.459010601043701,-0.19555950164794922,1746566608.9155018,0.09337909519672394,1000,9.451031684875488,17198.979436235,1.0082906484603882,96.6082534790039,0.08235794305801392,57.349998474121094,NaN,0.013245911337435246,205.8439178466797,1.0082906484603882,81,0,0,2.5783236026763916,4.04181432723999
1660000.0,5.0999999075429514e-05,31.729999542236328,0.05082790181040764,97.48675537109375,0.28859642148017883,0.6422308683395386,0.014183511026203632,17197.798828125,2.606285333633423,1.0042551755905151,2.606285333633423,-0.30260416865348816,2.483623504638672,0.2579154968261719,109.66116333007812,6.134922027587891,40,-0.035005729645490646,2.483623504638672,6.22271203994751,83,2.483623504638672,-0.2598719596862793,1746566814.1422577,-0.1457143872976303,1000,8.37702751159668,17401.287298061,1.0042551755905151,95.49485778808594,0.06242748722434044,69.44999694824219,NaN,0.012694560922682285,205.1560821533203,1.0042551755905151,82,0,0,2.606285333633423,3.512505531311035
1680000.0,4.8000001697801054e-05,28.389999389648438,0.06053759902715683,98.90715026855469,-0.16911327838897705,0.7511354684829712,0.014542080461978912,17400.078125,2.6339874267578125,1.0077005624771118,2.6339874267578125,-0.4717174470424652,2.507340669631958,0.2525379955768585,109.8360595703125,5.476150035858154,40,0.009709697216749191,2.507340669631958,5.035765647888184,84,2.507340669631958,-1.1869463920593262,1746567016.450126,-0.2660551071166992,1000,7.8170976638793945,17605.895458515,1.0077005624771118,92.37373352050781,0.04130430892109871,46.20000076293945,NaN,0.012818613089621067,202.20985412597656,1.0077005624771118,83,0,0,2.6339874267578125,3.062950372695923
1700000.0,4.5000000682193786e-05,26.540000915527344,0.0680478885769844,97.79663848876953,0.044152408838272095,0.8745039105415344,0.013803062029182911,17604.685546875,2.661311388015747,1.0063700675964355,2.661311388015747,-0.4275650382041931,2.5309183597564697,0.24716928601264954,110.42481994628906,5.471441745758057,40,0.007510289549827576,2.5309183597564697,5.432645797729492,85,2.5309183597564697,0.3968801498413086,1746567221.0582764,-0.20764046907424927,1000,9.193037033081055,17809.189496723,1.0063700675964355,94.08113861083984,0.019810602068901062,68.19999694824219,NaN,0.012552309781312943,204.50601196289062,1.0063700675964355,84,0,0,2.661311388015747,3.492560863494873
1720000.0,4.199999966658652e-05,18.229999542236328,0.06019775941967964,98.43305969238281,-0.18499678373336792,0.8790281414985657,0.016548743471503258,17807.96875,2.687613010406494,1.0101027488708496,2.687613010406494,-0.612561821937561,2.5537993907928467,0.24041728675365448,110.72534942626953,6.552104473114014,40,-0.007850129157304764,2.5537993907928467,5.178364276885986,86,2.5537993907928467,-0.25428152084350586,1746567424.3523111,-0.19789627194404602,1000,9.217939376831055,18012.636487433,1.0101027488708496,92.45836639404297,-0.008177162148058414,49.150001525878906,NaN,0.013189376331865788,203.18377685546875,1.01010262966156,85,0,0,2.687613010406494,3.5413734912872314
1740000.0,3.899999865097925e-05,18.239999771118164,0.06241205334663391,98.33663940429688,0.26845696568489075,0.573981523513794,0.01171898189932108,18011.46484375,2.7129969596862793,1.0050795078277588,2.7129969596862793,-0.3441048562526703,2.5762603282928467,0.23515285551548004,111.05061340332031,5.436825752258301,40,0.0022142939269542694,2.5762603282928467,4.85718297958374,87,2.5762603282928467,-0.3211812973022461,1746567627.799339,-0.07654869556427002,1000,7.550115585327148,18214.718904424,1.0050795078277588,92.33231353759766,-0.03047143667936325,55.79999923706055,NaN,0.011861411854624748,203.3829803466797,1.0050795078277588,86,0,0,2.7129969596862793,2.8660688400268555
1760000.0,3.600000127335079e-05,19.639999389648438,0.05958013981580734,99.0016098022461,0.2018875926733017,0.6785832643508911,0.012575496919453144,18213.54296875,2.737675666809082,1.0024219751358032,2.737675666809082,-0.1422172635793686,2.5988945960998535,0.23388947546482086,111.44709777832031,5.902666091918945,40,-0.0028319135308265686,2.5988945960998535,6.056595802307129,88,2.5988945960998535,1.1994128227233887,1746567829.8817036,0.16157454252243042,1000,7.244495391845703,18421.674351145,1.0024219751358032,90.56976318359375,-0.0361781008541584,73.69999694824219,NaN,0.012514120899140835,202.01690673828125,1.0024219751358032,87,0,0,2.737675666809082,2.5817337036132812
1780000.0,3.300000025774352e-05,20.059999465942383,0.06049158051609993,96.67289733886719,-0.2461947649717331,0.6968076229095459,0.013363778591156006,18420.49609375,2.761758804321289,1.0047017335891724,2.761758804321289,-0.3884120285511017,2.6210062503814697,0.2307126224040985,111.70645904541016,5.899039268493652,40,0.0009114407002925873,2.6210062503814697,4.6641926765441895,89,2.6210062503814697,-1.3924031257629395,1746568036.8371813,0.07679523527622223,1000,7.331231117248535,18626.062188996,1.0047017335891724,95.17668151855469,-0.04995531216263771,51.349998474121094,NaN,0.012010723352432251,206.8832244873047,1.0047017335891724,88,0,0,2.761758804321289,2.1532301902770996
1800000.0,2.9999999242136255e-05,20.34000015258789,0.06800470501184464,97.92760467529297,-0.046338051557540894,0.9604198932647705,0.011759940534830093,18624.798828125,2.7853338718414307,1.0026355981826782,2.7853338718414307,-0.4347500801086426,2.6432676315307617,0.22693108022212982,112.06974029541016,6.270114898681641,40,0.007513124495744705,2.6432676315307617,5.909971714019775,90,2.6432676315307617,1.245779037475586,1746568241.225002,0.14902697503566742,1000,9.594576835632324,18833.233556825,1.0026355981826782,92.16270446777344,-0.06637202203273773,71.30000305175781,NaN,0.011638220399618149,204.23251342773438,1.0026355981826782,89,0,0,2.7853338718414307,2.9705588817596436
1820000.0,2.700000004551839e-05,20.229999542236328,0.06599624454975128,96.58043670654297,0.019764989614486694,0.8796631097793579,0.011908154003322124,18832.037109375,2.8084466457366943,1.0046626329421997,2.8084466457366943,-0.4149850904941559,2.6656525135040283,0.22406761348247528,111.61590576171875,6.014347076416016,40,-0.0020084604620933533,2.6656525135040283,6.085272789001465,91,2.6656525135040283,0.17530107498168945,1746568448.3963668,-0.11157889664173126,1000,9.209397315979004,19041.040683123,1.0046626329421997,95.4653091430664,-0.07925295829772949,70.69999694824219,NaN,0.01137798186391592,207.08126831054688,1.0046626329421997,90,0,0,2.8084466457366943,3.4239249229431152
1840000.0,2.4000000848900527e-05,23.920000076293945,0.05980653315782547,96.30303955078125,0.343941792845726,0.7768262624740601,0.010264694690704346,19039.802734375,2.8314645290374756,1.0024131536483765,2.8314645290374756,-0.07104329764842987,2.688627004623413,0.22279174625873566,112.75833129882812,6.451980113983154,40,-0.006189711391925812,2.688627004623413,7.32208251953125,92,2.688627004623413,1.2368097305297852,1746568656.2034905,-0.24306020140647888,1000,7.990563869476318,19248.397835223,1.0024131536483765,94.91938781738281,-0.08491547405719757,86.0999984741211,NaN,0.01121918298304081,207.6777801513672,1.0024131536483765,91,0,0,2.8314645290374756,2.978992223739624
1860000.0,2.099999983329326e-05,22.18000030517578,0.08093690127134323,96.58057403564453,-0.4508391171693802,1.027310848236084,0.011042351834475994,19247.013671875,2.8542537689208984,1.00448739528656,2.8542537689208984,-0.5218824148178101,2.7117600440979004,0.22087211906909943,111.80962371826172,7.218422889709473,40,0.02113036811351776,2.7117600440979004,7.647346019744873,93,2.7117600440979004,0.32526350021362305,1746568863.5606482,-0.17910757660865784,1000,10.478055953979492,19455.662195579,1.00448739528656,95.27130889892578,-0.09349001944065094,73.75,NaN,0.011230657808482647,207.08099365234375,1.00448739528656,92,0,0,2.8542537689208984,3.5249719619750977
1880000.0,1.8000000636675395e-05,22.110000610351562,0.07263461500406265,96.5462875366211,0.31492145359516144,0.8992410898208618,0.008914152160286903,19454.443359375,2.8768367767333984,1.0017565488815308,2.8768367767333984,-0.20696096122264862,2.7347257137298584,0.21897117793560028,112.64505767822266,7.924543857574463,40,-0.008302286267280579,2.7347257137298584,6.046582221984863,94,2.7347257137298584,-1.6007637977600098,1746569070.8249972,-0.12532560527324677,1000,7.020134449005127,19660.946188213,1.0017565488815308,94.50941467285156,-0.10210683941841125,63.54999923706055,NaN,0.009666064754128456,207.15452575683594,1.0017565488815308,93,0,0,2.8768367767333984,2.9018800258636475
1900000.0,1.4999999621068127e-05,25.6299991607666,0.07717043906450272,97.46302032470703,0.24534406512975693,0.8079138398170471,0.00953624863177538,19659.759765625,2.8995444774627686,0.9999867677688599,2.8995444774627686,0.03838310390710831,2.758190393447876,0.21893131732940674,112.1300277709961,7.12119197845459,40,0.0045358240604400635,2.758190393447876,6.13105583190918,95,2.758190393447876,0.0844736099243164,1746569276.1090038,0.18421216309070587,1000,6.623171806335449,19865.78289852,0.9999867677688599,93.07595825195312,-0.10230161994695663,84.30000305175781,NaN,0.010672357864677906,205.20603942871094,0.9999867677688599,94,0,0,2.8995444774627686,2.4729549884796143
1920000.0,1.2000000424450263e-05,23.350000381469727,0.06146109476685524,97.67220306396484,-0.46611616760492325,0.7429057359695435,0.008276071399450302,19864.60546875,2.922173500061035,1.0042797327041626,2.922173500061035,-0.42773306369781494,2.7809958457946777,0.21836590766906738,112.28922271728516,6.680487632751465,40,-0.015709344297647476,2.7809958457946777,5.006851673126221,96,2.7809958457946777,-1.124204158782959,1746569480.9456928,0.06932979077100754,1000,7.542524814605713,20067.185795297,1.0042797327041626,92.4772720336914,-0.10501963645219803,48.650001525878906,NaN,0.009787038899958134,204.7665557861328,1.0042797327041626,95,0,0,2.922173500061035,2.814595937728882
1940000.0,9.000000318337698e-06,20.3700008392334,0.05780240148305893,99.33723449707031,0.10848116874694824,0.7528772354125977,0.006980649195611477,20066.0078125,2.94447660446167,1.0021475553512573,2.94447660446167,-0.3192518949508667,2.803560256958008,0.21723422408103943,108.54972076416016,6.872704029083252,40,-0.0036586932837963104,2.803560256958008,5.173881530761719,97,2.803560256958008,0.16702985763549805,1746569682.3486333,-0.22433914244174957,1000,7.669887542724609,20267.439612389,1.0021475553512573,92.78459930419922,-0.11029979586601257,59.650001525878906,NaN,0.009320436045527458,201.33438110351562,1.0021475553512573,96,0,0,2.94447660446167,2.679908514022827
1960000.0,6.000000212225132e-06,23.809999465942383,0.06799156963825226,99.90803527832031,0.3843369781970978,0.8189401626586914,0.006659246515482664,20266.259765625,2.966794013977051,0.9996414184570312,2.966794013977051,0.06508508324623108,2.8269317150115967,0.2171691507101059,106.28134155273438,5.9859299659729,40,0.010189168155193329,2.8269317150115967,6.798683166503906,98,2.8269317150115967,1.6248016357421875,1746569882.6024904,0.25509148836135864,1000,7.32614278793335,20457.992156364,0.9996414184570312,93.9027099609375,-0.11054280400276184,92.1500015258789,NaN,0.00898732803761959,200.18409729003906,0.9996414184570312,97,0,0,2.966794013977051,2.7085678577423096
1980000.0,3.000000106112566e-06,25.56999969482422,0.06419742852449417,104.99311828613281,-0.5446080565452576,0.8722330927848816,0.005237717181444168,20456.818359375,2.9892849922180176,1.003244161605835,2.9892849922180176,-0.4795229732990265,2.8501501083374023,0.2170616239309311,99.64608764648438,5.872284412384033,40,-0.003794141113758087,2.8501501083374023,6.178322792053223,99,2.8501501083374023,-0.6203603744506836,1746570073.155037,-0.17273958027362823,1000,9.293143272399902,20637.040772086,1.003244161605835,90.84253692626953,-0.11092334240674973,63.900001525878906,NaN,0.008123191073536873,190.48867797851562,1.003244161605835,98,0,0,2.9892849922180176,3.7844152450561523
2000000.0,0.0,22.299999237060547,0.05360860005021095,111.7490005493164,0.306406706571579,0.6833588480949402,0.0042850966565310955,20635.85546875,3.011650323867798,1.0010215044021606,3.011650323867798,-0.1731162667274475,2.873176097869873,0.21664634346961975,97.90453338623047,5.774057388305664,40,-0.010588828474283218,2.873176097869873,4.821425437927246,100,2.873176097869873,-1.3568973541259766,1746570252.2036617,-0.08624716848134995,1000,6.68538761138916,20637.717515781,1.0010215044021606,81.06793975830078,-0.11282020062208176,62.0,NaN,0.00685991020873189,178.97251892089844,1.0010215044021606,99,0,0,3.011650323867798,2.8122198581695557
