Metrics/EpRet,Value/cost,Time/Total,Train/KL,_step,Time/FPS,Metrics/LagrangeMultiplier/Std,Loss/Loss_cost_critic/Delta,Time/Update,Train/Entropy,Safety/ShieldLagrangeMultiplier/Std,Safety/ShieldLagrangeMultiplier,_runtime,_timestamp,Train/PolicyStd,Value/Adv,Time/Rollout,Loss/Loss_pi/Delta,Safety/shield_adv_c,Safety/ShieldLagrangeMultiplier/Max,Time/Epoch,Metrics/LagrangeMultiplier,Metrics/EpCost,Value/reward,Safety/EpCostShield,Train/PolicyRatio/Max,Loss/Loss_reward_critic/Delta,Metrics/LagrangeMultiplier/Max,Train/LR,Loss/Loss_reward_critic,Train/Epoch,Train/PolicyRatio,Safety/shield_violation,Safety/ShieldLagrangeMultiplier/Min,Loss/Loss_cost_critic,TotalEnvSteps,Train/PolicyRatio/Min,Train/StopIter,Train/PolicyRatio/Std,Loss/Loss_pi,Metrics/EpLen,Metrics/LagrangeMultiplier/Min
-0.34629935026168823,0.09271880239248276,291.4830017089844,0.008632340468466282,1,68.61492919921875,0,6.351039886474609,145.14987182617188,1.3941904306411743,0,0.044999994337558746,528.788913862,1746521764.3297896,0.9755932688713074,0.07104375213384628,146.331787109375,-0.46722105145454407,NaN,0.044999994337558746,291.48175048828125,0.03599999472498894,43.150001525878906,0.21647316217422485,52.29999923706055,1.0028109550476074,0.008660605177283287,0.03599999472498894,0.0002969999914057553,0.008660605177283287,0,1.0028109550476074,-0.003445978509262204,0.044999994337558746,6.351039886474609,20000.0,1.0028109550476074,40,0.009998253546655178,-0.46722105145454407,1000,0.03599999472498894
-0.2713142931461334,0.40251702070236206,527.1030883789062,0.011927733197808266,2,84.90828704833984,0,4.13923454284668,145.4158935546875,1.3545671701431274,0,0.0799955204129219,780.147883887,1746521999.9674237,0.937829852104187,0.07908251881599426,90.13227844238281,0.036156266927719116,NaN,0.0799955204129219,235.5482635498047,0.07048666477203369,33.375,0.17116867005825043,52.04999923706055,1.0073145627975464,-0.0013947607949376106,0.07048666477203369,0.00029399999766610563,0.007265844382345676,1,1.0073144435882568,0.45914942026138306,0.0799955204129219,10.490274429321289,40000.0,1.0073145627975464,40,0.01190943643450737,-0.43106478452682495,1000,0.07048666477203369
0.09321607649326324,0.7753814458847046,778.4650268554688,0.0118187190964818,3,79.59571075439453,0,9.893104553222656,145.43185424804688,1.3164743185043335,0,0.11267027258872986,1024.163696411,1746522251.3262825,0.9030136466026306,-0.193095400929451,105.837890625,0.06076899170875549,NaN,0.11267027258872986,251.26983642578125,0.10525831580162048,49.08333206176758,0.14992550015449524,132.89999389648438,1.0071897506713867,-0.001378936693072319,0.10525831580162048,0.000291000003926456,0.005886907689273357,2,1.0071897506713867,2.099583387374878,0.11267027258872986,20.383378982543945,60000.0,1.0071897506713867,40,0.011909146793186665,-0.37029579281806946,1000,0.10525831580162048
0.29035237431526184,2.966965675354004,1022.4739990234375,0.009415701031684875,4,81.99536895751953,0,19.967313766479492,132.55569458007812,1.2955714464187622,0,0.14391182363033295,1287.824232903,1746522495.3421762,0.8843105435371399,-0.01641169562935829,111.3604507446289,0.13291071355342865,NaN,0.14391182363033295,243.9162139892578,0.13999420404434204,67.3375015258789,0.14973033964633942,251.8000030517578,1.0040918588638306,0.0010489346459507942,0.13999420404434204,0.0002880000101868063,0.006935842335224152,3,1.0040918588638306,4.522983074188232,0.14391182363033295,40.35069274902344,80000.0,1.0040918588638306,40,0.011076468974351883,-0.2373850792646408,1000,0.13999420404434204
0.6453927755355835,4.816005706787109,1286.1458740234375,0.012009996920824051,5,75.87973022460938,0,-14.312820434570312,147.0576171875,1.2689769268035889,0,0.1755276620388031,1530.639418537,1746522759.0025861,0.8611578345298767,-0.24821004271507263,116.51730346679688,-0.16790296137332916,NaN,0.1755276620388031,263.57501220703125,0.17500650882720947,67.98999786376953,0.13617052137851715,117.9000015258789,1.0093188285827637,0.00425600353628397,0.17500650882720947,0.0002849999873433262,0.011191845871508121,4,1.0093188285827637,9.257136344909668,0.1755276620388031,26.037872314453125,100000.0,1.0093188285827637,40,0.012053042650222778,-0.40528804063796997,1000,0.17500650882720947
1.0706816911697388,4.3106889724731445,1528.94873046875,0.013202453032135963,6,82.40095520019531,0,-9.8233642578125,140.8131561279297,1.234786033630371,0,0.20589536428451538,1786.478049445,1746523001.8177812,0.8322850465774536,-0.1303310990333557,101.90238952636719,-0.024690568447113037,NaN,0.20589536428451538,242.7156219482422,0.21025404334068298,66.26000213623047,0.13713566958904266,65.0,1.009813904762268,-0.0015113335102796555,0.21025404334068298,0.00028199999360367656,0.009680512361228466,5,1.0098137855529785,7.948913097381592,0.20589536428451538,16.214508056640625,120000.0,1.009813904762268,40,0.012477898970246315,-0.429978609085083,1000,0.21025404334068298
1.5869613885879517,4.558813095092773,1784.7945556640625,0.01238534040749073,7,78.20335388183594,0,1.1910572052001953,141.7440643310547,1.2047463655471802,0,0.23718447983264923,2038.001602445,1746523257.6567965,0.807720422744751,0.13942721486091614,113.9993667602539,0.0750674307346344,NaN,0.23718447983264923,255.74349975585938,0.2457679957151413,75.91999816894531,0.15743178129196167,134.10000610351562,1.01078200340271,0.0011175302788615227,0.2457679957151413,0.0002789999998640269,0.010798042640089989,6,1.01078200340271,8.872442245483398,0.23718447983264923,17.40556526184082,140000.0,1.01078200340271,40,0.012560785748064518,-0.3549111783504486,1000,0.2457679957151413
2.0673606395721436,4.5658040046691895,2036.329833984375,0.012804044410586357,8,79.54035949707031,0,-4.37028694152832,143.65185546875,1.1765248775482178,0,0.26815566420555115,2296.56198433,1746523509.1803606,0.7853608727455139,0.010152369737625122,107.79266357421875,-0.0692281723022461,NaN,0.26815566420555115,251.44467163085938,0.2814253270626068,69.79000091552734,0.18420615792274475,87.5,1.01154625415802,0.00294595118612051,0.2814253270626068,0.00027600000612437725,0.013743993826210499,7,1.01154625415802,9.078254699707031,0.26815566420555115,13.0352783203125,160000.0,1.01154625415802,40,0.012765464372932911,-0.4241393506526947,1000,0.2814253270626068
2.667348623275757,4.70100736618042,2294.8466796875,0.014132296666502953,9,77.38677978515625,0,1.6237783432006836,146.31161499023438,1.1428966522216797,0,0.2995505928993225,2545.161398961,1746523767.7404284,0.7595040798187256,0.447456955909729,112.13041687011719,0.06127956509590149,NaN,0.2995505928993225,258.44207763671875,0.3169126808643341,58.720001220703125,0.20892296731472015,115.0,1.0097376108169556,0.0029667364433407784,0.3169126808643341,0.0002730000123847276,0.016710730269551277,8,1.0097376108169556,8.634804725646973,0.2995505928993225,14.659056663513184,180000.0,1.0097376108169556,40,0.013109243474900723,-0.3628597855567932,1000,0.3169126808643341
3.293922185897827,4.8962578773498535,2543.472412109375,0.016441702842712402,10,80.48185729980469,0,-0.8686103820800781,144.19619750976562,1.1095610857009888,0,0.33047401905059814,2800.388071912,1746524016.3396358,0.7343955039978027,-0.0599808394908905,104.30693054199219,-0.07122859358787537,NaN,0.33047401905059814,248.50320434570312,0.35204461216926575,52.349998474121094,0.23666879534721375,80.0,1.0136116743087769,0.004873137921094894,0.35204461216926575,0.0002699999895412475,0.02158386819064617,9,1.0136116743087769,9.230937957763672,0.33047401905059814,13.790446281433105,200000.0,1.0136116743087769,40,0.014195777475833893,-0.4340883791446686,1000,0.35204461216926575
3.8312923908233643,4.764900207519531,2798.7158203125,0.015396587550640106,11,78.3871841430664,0,-0.6347637176513672,146.84011840820312,1.0845744609832764,0,0.36149996519088745,3038.920319561,1746524271.566857,0.7161932587623596,0.0966162383556366,108.30355834960938,0.05836474895477295,NaN,0.36149996519088745,255.1437530517578,0.3870001435279846,55.15999984741211,0.30628502368927,98.55000305175781,1.0133000612258911,-0.003935016691684723,0.3870001435279846,0.00026699999580159783,0.01764885149896145,10,1.0132999420166016,8.862591743469238,0.36149996519088745,13.155682563781738,220000.0,1.0133000612258911,40,0.013852552510797977,-0.37572363018989563,1000,0.3870001435279846
4.423269271850586,3.8427581787109375,3037.248291015625,0.01494893804192543,12,83.87245178222656,0,-3.0911083221435547,138.8419952392578,1.0526505708694458,0,0.39236387610435486,3281.16992094,1746524510.0990934,0.6937108039855957,0.31163597106933594,99.61520385742188,-0.009422659873962402,NaN,0.39236387610435486,238.45730590820312,0.42175519466400146,53.54999923706055,0.37480977177619934,87.55000305175781,1.016149878501892,0.0029910653829574585,0.42175519466400146,0.0002640000020619482,0.020639916881918907,11,1.016149878501892,8.028364181518555,0.39236387610435486,10.064574241638184,240000.0,1.016149878501892,40,0.014712177217006683,-0.38514629006385803,1000,0.42175519466400146
5.051730632781982,3.706313371658325,3279.48974609375,0.018649151548743248,13,82.5876693725586,0,-1.426116943359375,144.42822265625,1.0198373794555664,0,0.4220074713230133,3534.41586134,1746524752.348538,0.6713026165962219,0.26315009593963623,97.73860168457031,-0.05257728695869446,NaN,0.4220074713230133,242.16690063476562,0.45613500475883484,48.279998779296875,0.3392629027366638,49.150001525878906,1.0175570249557495,0.0018136128783226013,0.45613500475883484,0.0002610000083222985,0.02245352976024151,12,1.0175570249557495,7.3482561111450195,0.4220074713230133,8.638457298278809,260000.0,1.0175570249557495,40,0.015310470946133137,-0.4377235770225525,1000,0.45613500475883484
5.573504447937012,4.266355037689209,3532.74072265625,0.014883921481668949,14,78.99974822998047,0,4.76591682434082,143.70285034179688,1.0032918453216553,0,0.45243188738822937,3777.537539382,1746525005.5943747,0.6602684259414673,0.009494252502918243,109.46244812011719,0.14384952187538147,NaN,0.45243188738822937,253.16537475585938,0.4901537299156189,47.06999969482422,0.4277404248714447,118.44999694824219,1.009865641593933,0.00015354901552200317,0.4901537299156189,0.0002579999854788184,0.02260707877576351,13,1.009865641593933,8.362682342529297,0.45243188738822937,13.404374122619629,280000.0,1.009865641593933,40,0.01426860224455595,-0.293874055147171,1000,0.4901537299156189
5.736137866973877,4.603954792022705,3775.87060546875,0.01707044430077076,15,82.28855895996094,0,-5.40687894821167,141.33380126953125,0.9718640446662903,0,0.48202311992645264,4024.490116385,1746525248.716251,0.6397720575332642,-0.14512471854686737,101.71331024169922,-0.17372211813926697,NaN,0.48202311992645264,243.0471649169922,0.523733377456665,44.0,0.47088685631752014,58.599998474121094,1.0167180299758911,-0.0034995898604393005,0.523733377456665,0.00025499999173916876,0.01910748891532421,14,1.0167179107666016,9.082161903381348,0.48202311992645264,7.997495174407959,300000.0,1.0167180299758911,40,0.01527702622115612,-0.467596173286438,1000,0.523733377456665
6.168369293212891,3.918914794921875,4022.81787109375,0.015392675064504147,16,81.01190948486328,0,2.8376336097717285,138.06002807617188,0.9540297389030457,0,0.5129244923591614,4273.545141301,1746525495.6689272,0.6284181475639343,-0.21519331634044647,108.81719207763672,0.28045138716697693,NaN,0.5129244923591614,246.8772735595703,0.5573333501815796,52.77000045776367,0.5151118636131287,146.4499969482422,1.0111799240112305,0.0018367301672697067,0.5573333501815796,0.0002519999979995191,0.020944219082593918,15,1.0111799240112305,7.813611030578613,0.5129244923591614,10.835128784179688,320000.0,1.0111799240112305,40,0.014407549984753132,-0.18714478611946106,1000,0.5573333501815796
6.603776931762695,4.646913051605225,4271.859375,0.016513293609023094,17,80.33191680908203,0,4.2248334884643555,140.7787322998047,0.9364047646522522,0,0.5444596409797668,4526.806037179,1746525744.723947,0.6174752116203308,-0.3769793212413788,108.18820190429688,-0.08572465181350708,NaN,0.5444596409797668,248.967041015625,0.590984582901001,53.4900016784668,0.5775101780891418,121.25,1.00870680809021,0.0012461841106414795,0.590984582901001,0.00024900000425986946,0.022190403193235397,16,1.00870680809021,8.684183120727539,0.5444596409797668,15.059962272644043,340000.0,1.00870680809021,40,0.014498250558972359,-0.27286943793296814,1000,0.590984582901001
6.721792221069336,5.344286918640137,4525.1162109375,0.01836748979985714,18,78.99859619140625,0,-3.339324951171875,143.47906494140625,0.9170724153518677,0,0.575893759727478,4776.033528439,1746525997.9847999,0.6055792570114136,-0.0007652617059648037,109.68993377685547,-0.12482514977455139,NaN,0.575893759727478,253.1690673828125,0.6248253583908081,57.029998779296875,0.5454624891281128,91.5,1.014774203300476,0.0005771052092313766,0.6248253583908081,0.0002460000105202198,0.022767508402466774,17,1.014774203300476,9.801422119140625,0.575893759727478,11.720637321472168,360000.0,1.014774203300476,40,0.015447183512151241,-0.39769458770751953,1000,0.6248253583908081
6.715238094329834,4.695677280426025,4774.359375,0.01843659207224846,19,80.27409362792969,0,-0.4369535446166992,144.82264709472656,0.8966789245605469,0,0.6072011590003967,4973.800292354,1746526247.2122633,0.5933677554130554,-0.3861203193664551,104.32360076904297,0.050208836793899536,NaN,0.6072011590003967,249.14639282226562,0.6586875319480896,53.52000045776367,0.5910195112228394,89.44999694824219,1.0118393898010254,0.0001812465488910675,0.6586875319480896,0.00024300000222865492,0.02294875495135784,18,1.0118393898010254,8.559548377990723,0.6072011590003967,11.283683776855469,380000.0,1.0118393898010254,40,0.015249664895236492,-0.34748575091362,1000,0.6586875319480896
7.163857460021973,5.336248397827148,4972.11865234375,0.020012464374303818,20,101.17276000976562,0,2.4393157958984375,92.13642883300781,0.8784813284873962,0,0.6384929418563843,5215.397070173,1746526444.9792492,0.5825896263122559,0.10767492651939392,105.54518127441406,-0.015425443649291992,NaN,0.6384929418563843,197.68167114257812,0.6927488446235657,57.88999938964844,0.657954216003418,92.94999694824219,1.0105994939804077,0.0008465182036161423,0.6927488446235657,0.00023999999393709004,0.023795273154973984,19,1.0105994939804077,9.483616828918457,0.6384929418563843,13.722999572753906,400000.0,1.0105994939804077,27,0.01466074027121067,-0.362911194562912,1000,0.6927488446235657
7.328923225402832,4.719722270965576,5213.70361328125,0.02132979966700077,21,82.81855010986328,0,-4.940380096435547,137.07521057128906,0.8516950607299805,0,0.6686092019081116,5450.295031841,1746526686.5752165,0.5672143697738647,0.22867831587791443,104.41651916503906,-0.1281450092792511,NaN,0.6686092019081116,241.49179077148438,0.7264412641525269,45.38999938964844,0.6501877307891846,49.650001525878906,1.0166242122650146,-0.0008999649435281754,0.7264412641525269,0.00023700000019744039,0.02289530821144581,20,1.016624093055725,8.811126708984375,0.6686092019081116,8.78261947631836,420000.0,1.0166242122650146,38,0.015884317457675934,-0.4910562038421631,1000,0.7264412641525269
7.70548152923584,4.952717304229736,5448.62744140625,0.02122083678841591,22,85.17204284667969,0,2.4900474548339844,131.42193603515625,0.8339024782180786,0,0.6986165642738342,5670.500021288,1746526921.473379,0.5572072267532349,-0.32758036255836487,103.39681243896484,0.12614217400550842,NaN,0.6986165642738342,234.81883239746094,0.7595354318618774,39.65999984741211,0.726434588432312,82.55000305175781,1.0137205123901367,0.004528185352683067,0.7595354318618774,0.00023400000645779073,0.027423493564128876,21,1.0137205123901367,8.665268898010254,0.6986165642738342,11.272666931152344,440000.0,1.0137205123901367,37,0.015864156186580658,-0.36491402983665466,1000,0.7595354318618774
7.635460376739502,4.073879718780518,5668.818359375,0.020298540592193604,23,90.8624496459961,0,2.4449825286865234,113.16596221923828,0.825518012046814,0,0.7291748523712158,5897.583918938,1746527141.6788876,0.5525986552238464,-0.26764601469039917,106.94690704345703,0.12396369874477386,NaN,0.7291748523712158,220.11293029785156,0.792350709438324,44.5,0.6368025541305542,108.25,1.0055785179138184,-0.007633816450834274,0.792350709438324,0.00023099999816622585,0.0197896771132946,22,1.0055785179138184,8.078829765319824,0.7291748523712158,13.717649459838867,460000.0,1.0055785179138184,33,0.014943797141313553,-0.2409503310918808,1000,0.792350709438324
8.228697776794434,4.474341869354248,5895.904296875,0.020430803298950195,24,88.1049575805664,0,-1.9741830825805664,123.78085327148438,0.8145544528961182,0,0.7590787410736084,6142.073398532,1746527368.7626498,0.5465489625930786,0.1103668063879013,103.22106170654297,-0.1868998259305954,NaN,0.7590787410736084,227.00198364257812,0.8248123526573181,42.20000076293945,0.7590338587760925,64.0999984741211,1.0145164728164673,0.006458606570959091,0.8248123526573181,0.0002280000044265762,0.026248283684253693,23,1.0145164728164673,8.69752025604248,0.7590787410736084,11.7434663772583,480000.0,1.0145164728164673,35,0.016319354996085167,-0.4278501570224762,1000,0.8248123526573181
8.343358039855957,4.299991607666016,6140.39990234375,0.0214016642421484,25,81.8290786743164,0,-2.353097915649414,133.69859313964844,0.7974709272384644,0,0.7889696359634399,6373.827426552,1746527613.2519383,0.5372152924537659,0.09231863915920258,110.71322631835938,0.09780782461166382,NaN,0.7889696359634399,244.41188049316406,0.8568805456161499,40.4900016784668,0.8096633553504944,84.30000305175781,1.0126962661743164,2.1746382117271423e-05,0.8568805456161499,0.00022499999613501132,0.026270030066370964,24,1.0126962661743164,8.333699226379395,0.7889696359634399,9.390368461608887,500000.0,1.0126962661743164,37,0.016124777495861053,-0.3300423324108124,1000,0.8568805456161499
8.490456581115723,4.326101779937744,6372.1328125,0.020978951826691628,26,86.33625030517578,0,4.175530433654785,123.24555206298828,0.7908557653427124,0,0.8198173642158508,6564.992460191,1746527845.00628,0.5336552858352661,0.47985517978668213,108.40678405761719,0.14413174986839294,NaN,0.8198173642158508,231.6523895263672,0.8889531493186951,47.27000045776367,0.7277888059616089,123.5999984741211,1.0067927837371826,0.0011087432503700256,0.8889531493186951,0.00022200000239536166,0.02737877331674099,25,1.0067927837371826,8.507535934448242,0.8198173642158508,13.565898895263672,520000.0,1.0067927837371826,33,0.01593451015651226,-0.18591058254241943,1000,0.8889531493186951
8.454917907714844,4.220486164093018,6563.31298828125,0.020289991050958633,27,104.66629791259766,0,-1.7739524841308594,85.85072326660156,0.7731612920761108,0,0.850037157535553,6794.68835531,1746528036.1711771,0.5243277549743652,0.030355200171470642,105.2326431274414,-0.21299424767494202,NaN,0.850037157535553,191.08348083496094,0.9210144281387329,46.84000015258789,0.7499326467514038,65.80000305175781,1.0132335424423218,0.001218469813466072,0.9210144281387329,0.00021899999410379678,0.028597243130207062,26,1.0132336616516113,8.408822059631348,0.850037157535553,11.791946411132812,540000.0,1.0132335424423218,25,0.01526143029332161,-0.39890483021736145,1000,0.9210144281387329
8.552276611328125,4.48241662979126,6792.99951171875,0.020235050469636917,28,87.10625457763672,0,-2.6598520278930664,119.10192108154297,0.7543770670890808,0,0.8798052072525024,7016.935634798,1746528265.8672657,0.5145578384399414,-0.3712660074234009,110.50265502929688,-0.014196038246154785,NaN,0.8798052072525024,229.60464477539062,0.9527643322944641,40.88999938964844,0.757485032081604,69.30000305175781,1.0123640298843384,-0.005286430940032005,0.9527643322944641,0.00021600000036414713,0.023310812190175056,27,1.0123639106750488,8.795710563659668,0.8798052072525024,9.132094383239746,560000.0,1.0123640298843384,33,0.015722637996077538,-0.41310086846351624,1000,0.9527643322944641
7.769751071929932,3.8572139739990234,7015.2470703125,0.0209518875926733,29,90.02640533447266,0,-0.9717006683349609,123.45446014404297,0.7368708252906799,0,0.9088095426559448,7224.022447494,1746528488.1142416,0.5056179165840149,0.24224159121513367,98.70246887207031,-0.0024441182613372803,NaN,0.9088095426559448,222.15704345703125,0.9842303395271301,40.619998931884766,0.6440444588661194,56.79999923706055,1.0129811763763428,-0.005075002089142799,0.9842303395271301,0.00021300000662449747,0.018235810101032257,28,1.0129812955856323,7.88356876373291,0.9088095426559448,8.160393714904785,580000.0,1.0129811763763428,34,0.015936769545078278,-0.4155449867248535,1000,0.9842303395271301
7.450505256652832,4.479198932647705,7222.33984375,0.020159075036644936,30,96.61863708496094,0,4.256844520568848,100.26133728027344,0.7306212186813354,0,0.9382143616676331,7436.651258942,1746528695.2006602,0.5024753212928772,-0.10494007170200348,106.73799896240234,0.10424065589904785,NaN,0.9382143616676331,206.99940490722656,1.0156434774398804,44.209999084472656,0.7002167701721191,94.3499984741211,1.0112050771713257,0.004718726500868797,1.0156434774398804,0.0002099999983329326,0.022954536601901054,29,1.0112050771713257,8.925434112548828,0.9382143616676331,12.417238235473633,600000.0,1.0112050771713257,29,0.016068903729319572,-0.31130433082580566,1000,1.0156434774398804
7.751047134399414,4.2750678062438965,7434.96337890625,0.02055150456726551,31,94.10553741455078,0,-0.07783222198486328,101.08110046386719,0.7142060399055481,0,0.967422604560852,7656.546903823,1746528907.8295493,0.49432840943336487,0.09765511751174927,111.4461441040039,-0.09067678451538086,NaN,0.967422604560852,212.52734375,1.0467135906219482,38.63999938964844,0.8251972794532776,74.25,1.0107061862945557,0.006493696942925453,1.0467135906219482,0.00020700000459328294,0.029448233544826508,30,1.0107061862945557,9.263298034667969,0.967422604560852,12.33940601348877,620000.0,1.0107061862945557,29,0.015626274049282074,-0.4019811153411865,1000,1.0467135906219482
7.234727382659912,4.138396739959717,7654.84814453125,0.02123255468904972,32,90.99768829345703,0,0.2879800796508789,113.0272216796875,0.7051377296447754,0,0.9966976642608643,7840.520861707,1746529127.7254775,0.4898548424243927,-0.3192095160484314,106.75851440429688,0.056104451417922974,NaN,0.9966976642608643,219.7858123779297,1.077627182006836,41.189998626708984,0.7866061925888062,82.3499984741211,1.0085563659667969,-0.00748356431722641,1.077627182006836,0.00020399999630171806,0.021964669227600098,31,1.0085562467575073,8.781036376953125,0.9966976642608643,12.627386093139648,640000.0,1.0085563659667969,32,0.015591162256896496,-0.34587666392326355,1000,1.077627182006836
7.931346416473389,4.20044469833374,7838.83984375,0.020257525146007538,33,108.7623062133789,0,-0.8326034545898438,84.38045501708984,0.6869728565216064,0,1.0251078605651855,8079.894152377,1746529311.6993022,0.48105284571647644,-0.020903117954730988,99.5067367553711,-0.13766437768936157,NaN,1.0251078605651855,183.8872528076172,1.1082872152328491,39.02000045776367,0.8680950403213501,51.29999923706055,1.0154882669448853,0.008433111011981964,1.1082872152328491,0.0002010000025620684,0.030397780239582062,32,1.0154881477355957,8.807991981506348,1.0251078605651855,11.794782638549805,660000.0,1.0154882669448853,24,0.015736173838377,-0.4835410416126251,1000,1.1082872152328491
8.298650741577148,3.7134344577789307,8078.2216796875,0.021050304174423218,34,83.5797119140625,0,-1.9863834381103516,135.71495056152344,0.6805675625801086,0,1.0545499324798584,8292.589619736,1746529551.0730038,0.4779449701309204,-0.045729849487543106,103.57749938964844,0.334688663482666,NaN,1.0545499324798584,239.2925262451172,1.13916015625,46.79999923706055,0.7837263941764832,113.44999694824219,1.011231780052185,-0.007384777069091797,1.13916015625,0.00019799999427050352,0.023013003170490265,33,1.011231780052185,7.93588924407959,1.0545499324798584,9.808399200439453,680000.0,1.011231780052185,39,0.01687389239668846,-0.1488523781299591,1000,1.13916015625
8.216777801513672,3.906456232070923,8290.908203125,0.02014651522040367,35,94.06793975830078,0,-3.117095470428467,108.35336303710938,0.6705889105796814,0,1.0830180644989014,8536.103487775,1746529763.7685025,0.47320470213890076,0.2657710313796997,104.25886535644531,-0.32309579849243164,NaN,1.0830180644989014,212.61228942871094,1.1698678731918335,40.29999923706055,0.76896733045578,48.349998474121094,1.0141018629074097,-0.0005187056958675385,1.1698678731918335,0.00019500000053085387,0.022494297474622726,34,1.0141018629074097,8.227743148803711,1.0830180644989014,6.691303730010986,700000.0,1.0141018629074097,32,0.015263758599758148,-0.47194817662239075,1000,1.1698678731918335
7.600790977478027,3.9488582611083984,8534.39453125,0.02026400715112686,36,82.16786193847656,0,1.3038063049316406,134.07394409179688,0.6556662917137146,0,1.1113970279693604,8728.440670848,1746530007.2816381,0.46617642045021057,-0.15074196457862854,109.33014678955078,0.12189352512359619,NaN,1.1113970279693604,243.4041748046875,1.2003653049468994,39.08000183105469,0.7057686448097229,73.30000305175781,1.0168758630752563,-0.001838555559515953,1.2003653049468994,0.00019200000679120421,0.020655741915106773,35,1.0168758630752563,8.290621757507324,1.1113970279693604,7.995110034942627,720000.0,1.0168758630752563,37,0.016697602346539497,-0.35005465149879456,1000,1.2003653049468994
8.034229278564453,3.612469434738159,8726.7587890625,0.020244339480996132,37,104.0360107421875,0,5.003298282623291,85.87652587890625,0.647291898727417,0,1.139919638633728,8940.473053391,1746530199.6194637,0.4622669816017151,0.16657011210918427,106.364501953125,0.0743357241153717,NaN,1.139919638633728,192.2411346435547,1.2306337356567383,38.25,0.8417840003967285,80.4000015258789,1.007071852684021,0.006856009364128113,1.2306337356567383,0.00018899999849963933,0.027511751279234886,36,1.007071852684021,7.633183479309082,1.139919638633728,12.998408317565918,740000.0,1.007071852684021,25,0.015876494348049164,-0.27571892738342285,1000,1.2306337356567383
7.687629222869873,3.5981764793395996,8938.8076171875,0.020502006635069847,38,94.35396575927734,0,-6.296869277954102,116.6631851196289,0.6331889629364014,0,1.1671195030212402,9128.630978617,1746530411.6519744,0.4557980000972748,-0.018967360258102417,95.30449676513672,-0.20944839715957642,NaN,1.1671195030212402,211.9677734375,1.2605253458023071,35.2400016784668,0.9425322413444519,34.79999923706055,1.017780065536499,0.0002182554453611374,1.2605253458023071,0.00018600000475998968,0.027730006724596024,37,1.017780065536499,7.287075996398926,1.1671195030212402,6.701539039611816,760000.0,1.017780065536499,32,0.016203105449676514,-0.48516732454299927,1000,1.2605253458023071
8.596214294433594,3.5287907123565674,9126.9541015625,0.02021721750497818,39,106.33902740478516,0,3.3271236419677734,79.67207336425781,0.6209769248962402,0,1.1942524909973145,9334.940953256,1746530599.8095539,0.45025503635406494,-0.0068704113364219666,108.40555572509766,0.16371741890907288,NaN,1.1942524909973145,188.0777130126953,1.2896661758422852,28.450000762939453,0.9173261523246765,68.8499984741211,1.012207269668579,0.005782384425401688,1.2896661758422852,0.0001829999964684248,0.03351239114999771,38,1.012207269668579,7.570790767669678,1.1942524909973145,10.02866268157959,780000.0,1.012207269668579,23,0.016142625361680984,-0.3214499056339264,1000,1.2896661758422852
8.804455757141113,3.2599291801452637,9333.2763671875,0.021193668246269226,40,96.97469329833984,0,-2.6257143020629883,102.80414581298828,0.620795726776123,0,1.2212408781051636,9517.242776225,1746530806.1197908,0.4501752555370331,0.0739930272102356,103.43517303466797,0.049697667360305786,NaN,1.2212408781051636,206.23936462402344,1.3181877136230469,29.229999542236328,0.8311361074447632,65.9000015258789,1.0093910694122314,-0.00625244714319706,1.3181877136230469,0.00018000000272877514,0.02725994400680065,39,1.0093910694122314,6.610992908477783,1.2212408781051636,7.402948379516602,800000.0,1.0093910694122314,28,0.015973521396517754,-0.2717522382736206,1000,1.3181877136230469
9.128384590148926,3.521034002304077,9515.5703125,0.02083570882678032,41,109.75080871582031,0,2.526226043701172,79.82257843017578,0.6219737529754639,0,1.2483338117599487,9732.238443436,1746530988.4212077,0.4506990611553192,-0.16967041790485382,102.40837097167969,-0.006536245346069336,NaN,1.2483338117599487,182.2310028076172,1.3462228775024414,30.219999313354492,0.9472957253456116,72.9000015258789,1.0074336528778076,0.0004886314272880554,1.3462228775024414,0.00017699999443721026,0.027748575434088707,40,1.0074336528778076,7.178717136383057,1.2483338117599487,9.929174423217773,820000.0,1.0074336528778076,22,0.015629367902874947,-0.27828848361968994,1000,1.3462228775024414
9.09616756439209,3.4807305335998535,9730.5615234375,0.020991962403059006,42,93.06294250488281,0,1.4823493957519531,104.30870056152344,0.6242988109588623,0,1.275660514831543,9925.205376055,1746531203.4174838,0.45174798369407654,0.16856765747070312,110.59954833984375,0.04042205214500427,NaN,1.275660514831543,214.9083251953125,1.3737781047821045,29.440000534057617,0.8147918581962585,77.0,1.008554220199585,0.0016411393880844116,1.3737781047821045,0.0001740000006975606,0.02938971482217312,41,1.008554220199585,7.049382209777832,1.275660514831543,11.411523818969727,840000.0,1.008554220199585,29,0.01617981493473053,-0.23786643147468567,1000,1.3737781047821045
9.280806541442871,3.8174526691436768,9923.53125,0.022573910653591156,43,103.68348693847656,0,1.314453125,87.48529815673828,0.6264886260032654,0,1.3036682605743408,10135.487931406,1746531396.3841493,0.45273908972740173,0.08798521757125854,105.40937805175781,0.03783796727657318,NaN,1.3036682605743408,192.89474487304688,1.401386022567749,36.84000015258789,0.9415386915206909,91.8499984741211,1.0059155225753784,-0.0010900795459747314,1.401386022567749,0.00017100000695791095,0.028299635276198387,42,1.005915641784668,7.62156867980957,1.3036682605743408,12.725976943969727,860000.0,1.0059155225753784,25,0.015741754323244095,-0.2000284641981125,1000,1.401386022567749
8.802340507507324,4.271407127380371,10133.80859375,0.020712245255708694,44,95.15108489990234,0,-2.2259769439697266,108.20706176757812,0.6234745383262634,0,1.3318418264389038,10355.597037613,1746531606.6664243,0.45138102769851685,-0.30917948484420776,101.98490905761719,-0.1176442950963974,NaN,1.3318418264389038,210.19203186035156,1.4290248155593872,36.439998626708984,1.0049892663955688,77.44999694824219,1.0081443786621094,-0.0004116743803024292,1.4290248155593872,0.00016799999866634607,0.027887960895895958,43,1.008144497871399,8.314558982849121,1.3318418264389038,10.5,880000.0,1.0081443786621094,30,0.015501261688768864,-0.3176727592945099,1000,1.4290248155593872
9.106283187866211,3.9561800956726074,10353.9208984375,0.02074454538524151,45,90.89844512939453,0,-2.137721061706543,116.47522735595703,0.6151768565177917,0,1.3607776165008545,10544.009216875,1746531826.7751915,0.4476515054702759,0.16237026453018188,103.55044555664062,0.11037097871303558,NaN,1.3607776165008545,220.02577209472656,1.4567142724990845,36.65999984741211,0.9266140460968018,96.94999694824219,1.0160988569259644,0.004625687375664711,1.4567142724990845,0.00016500000492669642,0.03251364827156067,44,1.0160988569259644,8.468531608581543,1.3607776165008545,8.362278938293457,900000.0,1.0160988569259644,33,0.016558095812797546,-0.2073017805814743,1000,1.4567142724990845
8.790057182312012,3.807584285736084,10542.3408203125,0.020389098674058914,46,106.19595336914062,0,0.5188798904418945,83.7200927734375,0.6049975156784058,0,1.3892027139663696,10747.116035435,1746532015.1879444,0.44311997294425964,-0.062422141432762146,104.61094665527344,-0.2007182389497757,NaN,1.3892027139663696,188.3311004638672,1.4843860864639282,35.54999923706055,0.8873236179351807,59.349998474121094,1.0094362497329712,-0.006545359268784523,1.4843860864639282,0.00016199999663513154,0.025968289002776146,45,1.0094361305236816,7.9962992668151855,1.3892027139663696,8.881158828735352,920000.0,1.0094362497329712,24,0.015273976139724255,-0.40802001953125,1000,1.4843860864639282
8.673319816589355,3.888273000717163,10745.4326171875,0.02044692449271679,47,98.51185607910156,0,-2.0863804817199707,105.70606231689453,0.5809983015060425,0,1.4160890579223633,10949.060433991,1746532218.2947366,0.43262386322021484,0.07011601328849792,97.31512451171875,-0.1426393985748291,NaN,1.4160890579223633,203.02125549316406,1.511672019958496,29.81999969482422,0.8892481327056885,28.149999618530273,1.019241452217102,0.0002948753535747528,1.511672019958496,0.00015900000289548188,0.0262631643563509,46,1.019241452217102,7.621082782745361,1.4160890579223633,6.794778347015381,940000.0,1.019241452217102,29,0.016328001394867897,-0.5506594181060791,1000,1.511672019958496
8.196727752685547,3.6872382164001465,10947.376953125,0.022840416058897972,48,99.07931518554688,0,3.473951816558838,95.4683837890625,0.5770534873008728,0,1.4436331987380981,11155.736172455,1746532420.2394128,0.4309069812297821,-0.24755850434303284,106.39002227783203,0.37533606588840485,NaN,1.4436331987380981,201.8584747314453,1.5386766195297241,30.68000030517578,0.8480693101882935,88.0,1.006269931793213,-0.0033258162438869476,1.5386766195297241,0.000155999994603917,0.02293734811246395,47,1.006269931793213,7.115185260772705,1.4436331987380981,10.268730163574219,960000.0,1.006269931793213,27,0.016463719308376312,-0.17532335221767426,1000,1.5386766195297241
8.340019226074219,3.9968628883361816,11154.0458984375,0.020082009956240654,49,96.81748962402344,0,1.951420783996582,96.68859100341797,0.5840520858764648,0,1.4716191291809082,11357.023503288,1746532626.9144554,0.43393534421920776,-0.09337861835956573,109.88553619384766,-0.08985914289951324,NaN,1.4716191291809082,206.57424926757812,1.5654674768447876,31.139999389648438,0.9425787329673767,83.25,1.005210041999817,0.0073509421199560165,1.5654674768447876,0.00015300000086426735,0.030288290232419968,48,1.005210041999817,8.014796257019043,1.4716191291809082,12.2201509475708,980000.0,1.005210041999817,27,0.015761038288474083,-0.2651824951171875,1000,1.5654674768447876
8.368218421936035,4.250588893890381,11355.330078125,0.020373692736029625,50,99.41155242919922,0,-2.540864944458008,97.2190933227539,0.5692224502563477,0,1.4990637302398682,11571.921222899,1746532828.2022471,0.4275546669960022,-0.33452412486076355,103.96468353271484,-0.18046268820762634,NaN,1.4990637302398682,201.18386840820312,1.5921032428741455,31.559999465942383,0.9567528367042542,55.04999923706055,1.014760136604309,-0.0011718068271875381,1.5921032428741455,0.0001500000071246177,0.02911648340523243,49,1.014760136604309,8.181169509887695,1.4990637302398682,9.679286003112793,1000000.0,1.014760136604309,28,0.015696825459599495,-0.44564518332481384,1000,1.5921032428741455
8.812823295593262,3.3979671001434326,11570.2333984375,0.02254844829440117,51,93.10736083984375,0,-2.2895736694335938,113.01060485839844,0.5536014437675476,0,1.5257055759429932,11758.421646355,1746533043.0998116,0.4209349453449249,0.0701339989900589,101.79511260986328,0.010685771703720093,NaN,1.5257055759429932,214.8057861328125,1.6184272766113281,28.940000534057617,0.8241921067237854,45.900001525878906,1.0132027864456177,0.0036083515733480453,1.6184272766113281,0.00014699999883305281,0.032724834978580475,50,1.0132027864456177,7.342903137207031,1.5257055759429932,7.389712333679199,1020000.0,1.0132027864456177,31,0.01573730818927288,-0.43495941162109375,1000,1.6184272766113281
9.298266410827637,3.645321846008301,11756.7431640625,0.0203239768743515,52,107.28858947753906,0,2.867919921875,75.666015625,0.5535794496536255,0,1.5529292821884155,11963.04589869,1746533229.6002486,0.42091798782348633,0.17643454670906067,110.74705505371094,0.19189509749412537,NaN,1.5529292821884155,186.41311645507812,1.644720196723938,32.41999816894531,0.9710999727249146,83.55000305175781,1.0066872835159302,0.0017351508140563965,1.644720196723938,0.00014400000509340316,0.03445998579263687,51,1.0066872835159302,7.956818103790283,1.5529292821884155,10.2576322555542,1040000.0,1.0066872835159302,21,0.016092566773295403,-0.24306431412696838,1000,1.644720196723938
9.589550971984863,3.2075603008270264,11961.3544921875,0.021998625248670578,53,97.78746032714844,0,0.7163810729980469,97.969482421875,0.5658799409866333,0,1.5811163187026978,12158.168009738,1746533434.2241905,0.4261380434036255,-0.025493167340755463,106.5556411743164,0.10769633948802948,NaN,1.5811163187026978,204.52520751953125,1.6710028648376465,32.54999923706055,0.8560968637466431,96.9000015258789,1.0022298097610474,-0.0020883604884147644,1.6710028648376465,0.00014099999680183828,0.03237162530422211,52,1.0022298097610474,7.331175804138184,1.5811163187026978,10.974013328552246,1060000.0,1.0022298097610474,29,0.015941498801112175,-0.1353679746389389,1000,1.6710028648376465
9.141230583190918,3.558011293411255,12156.4794921875,0.020660122856497765,54,102.55205535888672,0,-3.320639133453369,94.75921630859375,0.5531227588653564,0,1.6085432767868042,12380.798742717,1746533629.346313,0.4207576513290405,0.012705594301223755,100.26361083984375,-0.3205074220895767,NaN,1.6085432767868042,195.0229034423828,1.6971744298934937,30.969999313354492,0.8442474603652954,48.95000076293945,1.0128188133239746,0.0010567158460617065,1.6971744298934937,0.00013800000306218863,0.033428341150283813,53,1.0128188133239746,7.794271945953369,1.6085432767868042,7.653374195098877,1080000.0,1.0128188133239746,27,0.01591053418815136,-0.4558753967285156,1000,1.6971744298934937
8.900064468383789,3.4414453506469727,12379.1181640625,0.020418303087353706,55,89.87279510498047,0,0.03950023651123047,115.06417846679688,0.5419753193855286,0,1.6359695196151733,12588.988496316,1746533851.977393,0.4160899817943573,-0.1142921969294548,107.47252655029297,0.13337615132331848,NaN,1.6359695196151733,222.53675842285156,1.7232359647750854,30.709999084472656,0.9478060603141785,68.19999694824219,1.0102546215057373,-4.1522085666656494e-05,1.7232359647750854,0.00013499999477062374,0.03338681906461716,54,1.0102546215057373,7.550529479980469,1.6359695196151733,7.692874431610107,1100000.0,1.0102546215057373,33,0.01604500785470009,-0.32249924540519714,1000,1.7232359647750854
8.834349632263184,2.875865936279297,12587.306640625,0.020260373130440712,56,96.10633087158203,0,1.2196717262268066,106.95341491699219,0.5424365401268005,0,1.6629806756973267,12828.342188144,1746534060.1674645,0.4162994623184204,0.29880738258361816,101.14936828613281,-0.015096098184585571,NaN,1.6629806756973267,208.10284423828125,1.749415397644043,33.65999984741211,0.964724600315094,56.20000076293945,1.0126367807388306,-0.0020370781421661377,1.749415397644043,0.0001320000010309741,0.03134974092245102,55,1.0126368999481201,6.765399932861328,1.6629806756973267,8.912546157836914,1120000.0,1.0126367807388306,30,0.01585462875664234,-0.3375953435897827,1000,1.749415397644043
7.843766689300537,2.692068338394165,12826.658203125,0.020424557849764824,57,83.5869140625,0,-4.635161876678467,142.64743041992188,0.5266001224517822,0,1.688733458518982,13059.631037755,1746534299.5205007,0.4097825884819031,0.22032076120376587,96.62434387207031,-0.0951780378818512,NaN,1.688733458518982,239.2718963623047,1.7754945755004883,30.639999389648438,0.7710472941398621,31.899999618530273,1.0179613828659058,-0.007877279072999954,1.7754945755004883,0.0001289999927394092,0.023472461849451065,56,1.0179613828659058,6.081226348876953,1.688733458518982,4.277384281158447,1140000.0,1.0179613828659058,40,0.01641090214252472,-0.4327733814716339,1000,1.7754945755004883
8.1803617477417,3.0792288780212402,13057.9423828125,0.02031518891453743,58,86.508544921875,0,3.075956344604492,127.56266021728516,0.5137358903884888,0,1.7142515182495117,13277.178551705,1746534530.8099136,0.40454137325286865,-0.23156970739364624,103.6283187866211,0.05961915850639343,NaN,1.7142515182495117,231.1910400390625,1.8012131452560425,26.790000915527344,0.9078283309936523,56.150001525878906,1.0127121210098267,0.01156526803970337,1.8012131452560425,0.00012599999899975955,0.035037729889154434,57,1.0127121210098267,7.248302936553955,1.7142515182495117,7.3533406257629395,1160000.0,1.0127121210098267,34,0.01642969623208046,-0.3731542229652405,1000,1.8012131452560425
8.574106216430664,3.229999303817749,13275.5029296875,0.020117133855819702,59,91.96782684326172,0,1.0057854652404785,113.22754669189453,0.5132825970649719,0,1.7402788400650024,13473.957643615,1746534748.3576384,0.4043405055999756,-0.21215176582336426,104.23975372314453,0.1322321742773056,NaN,1.7402788400650024,217.4673614501953,1.8266663551330566,27.5,1.007248044013977,76.0,1.0082464218139648,-0.0032938309013843536,1.8266663551330566,0.0001230000052601099,0.03174389898777008,58,1.0082465410232544,7.387350082397461,1.7402788400650024,8.359126091003418,1180000.0,1.0082464218139648,31,0.0158903319388628,-0.24092204868793488,1000,1.8266663551330566
8.642807960510254,2.844187021255493,13472.2666015625,0.020375270396471024,60,101.6830825805664,0,-2.160536766052246,102.85643005371094,0.5014142394065857,0,1.7650749683380127,13690.448823963,1746534945.1360784,0.39962685108184814,-0.2207876741886139,93.83303833007812,-0.23962454497814178,NaN,1.7650749683380127,196.68955993652344,1.8516733646392822,24.600000381469727,0.9271466732025146,29.950000762939453,1.0159913301467896,-0.005140744149684906,1.8516733646392822,0.00011999999696854502,0.026603154838085175,59,1.0159913301467896,6.591747760772705,1.7650749683380127,6.198589324951172,1200000.0,1.0159913301467896,30,0.015574327670037746,-0.48054659366607666,1000,1.8516733646392822
8.410881042480469,2.773775100708008,13688.76171875,0.02049512229859829,61,92.42339324951172,0,0.3360157012939453,117.85833740234375,0.48883146047592163,0,1.789441466331482,13907.661771978,1746535161.627492,0.39473751187324524,0.06943121552467346,98.53702545166016,0.11686867475509644,NaN,1.789441466331482,216.3954315185547,1.8762212991714478,23.75,0.9103837609291077,47.79999923706055,1.0136775970458984,-0.0011586565524339676,1.8762212991714478,0.00011700000322889537,0.025444498285651207,60,1.0136774778366089,6.541627407073975,1.789441466331482,6.534605026245117,1220000.0,1.0136775970458984,33,0.01626737415790558,-0.3636779189109802,1000,1.8762212991714478
9.273113250732422,3.008782386779785,13905.98046875,0.02031165547668934,62,92.1113052368164,0,1.558279037475586,115.92654418945312,0.4874967336654663,0,1.8135504722595215,14096.492444819,1746535378.8403668,0.39424610137939453,0.017969489097595215,101.2020034790039,0.017306268215179443,NaN,1.8135504722595215,217.12860107421875,1.900596022605896,26.850000381469727,0.9356992244720459,51.04999923706055,1.0096780061721802,0.007958611473441124,1.900596022605896,0.0001140000022132881,0.03340310975909233,61,1.0096780061721802,6.557638168334961,1.8135504722595215,8.092884063720703,1240000.0,1.0096780061721802,32,0.01600767858326435,-0.3463716506958008,1000,1.900596022605896
9.189723014831543,3.390761375427246,14094.828125,0.02005867101252079,63,105.95426177978516,0,1.6734819412231445,87.10955810546875,0.4749053716659546,0,1.8379913568496704,14301.798383939,1746535567.671511,0.38939908146858215,0.04700417071580887,101.65108489990234,0.06930184364318848,NaN,1.8379913568496704,188.7606964111328,1.9247841835021973,26.34000015258789,1.0069289207458496,65.9000015258789,1.0104353427886963,-0.0011925548315048218,1.9247841835021973,0.00011100000119768083,0.03221055492758751,62,1.0104353427886963,6.990893840789795,1.8379913568496704,9.766366004943848,1260000.0,1.0104353427886963,26,0.015687329694628716,-0.2770698070526123,1000,1.9247841835021973
9.215500831604004,3.173663377761841,14300.1044921875,0.020696651190519333,64,97.46046447753906,0,3.811838150024414,97.03579711914062,0.47393256425857544,0,1.8639211654663086,14507.510889045,1746535772.976877,0.3890349864959717,0.41466236114501953,108.1755142211914,0.19157172739505768,NaN,1.8639211654663086,205.21141052246094,1.9491933584213257,31.389999389648438,1.0228614807128906,98.69999694824219,1.0005621910095215,0.0035596638917922974,1.9491933584213257,0.00010800000018207356,0.035770218819379807,63,1.0005621910095215,7.153368949890137,1.8639211654663086,13.578204154968262,1280000.0,1.0005621910095215,26,0.015223480761051178,-0.08549807965755463,1000,1.9491933584213257
9.532353401184082,2.9899444580078125,14505.8359375,0.02047342248260975,65,97.26234436035156,0,-5.1642560958862305,112.57781982421875,0.4659472107887268,0,1.8891022205352783,14710.271302309,1746535978.6894045,0.3859767019748688,-0.06502199172973633,93.05152893066406,-0.2868906706571579,NaN,1.8891022205352783,205.62942504882812,1.9739153385162354,32.79999923706055,0.995406448841095,41.900001525878906,1.011622428894043,-0.005446530878543854,1.9739153385162354,0.0001049999991664663,0.030323687940835953,64,1.011622428894043,6.254926681518555,1.8891022205352783,8.413948059082031,1300000.0,1.011622428894043,31,0.014801757410168648,-0.3723887503147125,1000,1.9739153385162354
10.091068267822266,2.821831703186035,14708.59375,0.02045273967087269,66,98.6801528930664,0,-1.9437255859375,105.89204406738281,0.45068359375,0,1.91385018825531,14945.340364539,1746536181.4501104,0.380146861076355,-0.10345800220966339,96.78289794921875,0.08707970380783081,NaN,1.91385018825531,202.6750030517578,1.998861312866211,31.93000030517578,1.0206128358840942,48.04999923706055,1.0108975172042847,0.005339529365301132,1.998861312866211,0.00010199999815085903,0.035663217306137085,65,1.0108976364135742,5.726153373718262,1.91385018825531,6.470222473144531,1320000.0,1.0108975172042847,31,0.01563427969813347,-0.2853090465068817,1000,1.998861312866211
10.122200012207031,2.90377140045166,14943.6611328125,0.02194679155945778,67,85.11090850830078,0,-1.241666316986084,132.55287170410156,0.43922895193099976,0,1.9377272129058838,15176.992190987,1746536416.5188575,0.37581202387809753,-0.1136883795261383,102.43456268310547,-0.11910608410835266,NaN,1.9377272129058838,234.9875030517578,2.0237607955932617,28.559999465942383,1.0040208101272583,35.54999923706055,1.0173048973083496,-0.0027874670922756195,2.0237607955932617,9.899999713525176e-05,0.032875750213861465,66,1.0173048973083496,6.171530246734619,1.9377272129058838,5.228556156158447,1340000.0,1.0173048973083496,38,0.01651369221508503,-0.4044151306152344,1000,2.0237607955932617
9.85389518737793,3.027921199798584,15175.3251953125,0.023056799545884132,68,86.36447143554688,0,4.299696445465088,121.94490814208984,0.4453897476196289,0,1.9637495279312134,15419.699496801,1746536648.1710815,0.3781428337097168,-0.004600752145051956,109.6317367553711,0.5004872828722,NaN,1.9637495279312134,231.5767059326172,2.049333333969116,37.91999816894531,0.9968085885047913,114.05000305175781,1.0038186311721802,-0.0006449483335018158,2.049333333969116,9.600000339560211e-05,0.03223080188035965,67,1.0038186311721802,6.3917083740234375,1.9637495279312134,9.528252601623535,1360000.0,1.0038186311721802,34,0.01597631350159645,0.09607215225696564,1000,2.049333333969116
9.844233512878418,2.7220571041107178,15417.853515625,0.02034696377813816,69,82.48760223388672,0,-1.9075927734375,138.29998779296875,0.44978007674217224,0,1.9892503023147583,15640.172573484,1746536890.877487,0.37984001636505127,0.17494553327560425,104.16057586669922,-0.40285004675388336,NaN,1.9892503023147583,242.46067810058594,2.0750045776367188,31.1200008392334,0.9857792258262634,47.70000076293945,1.0110021829605103,0.0030686892569065094,2.0750045776367188,9.300000237999484e-05,0.03529949113726616,68,1.0110021829605103,5.8653059005737305,1.9892503023147583,7.620659828186035,1380000.0,1.0110021829605103,37,0.015679191797971725,-0.3067778944969177,1000,2.0750045776367188
9.64553451538086,2.5848145484924316,15638.47265625,0.021166235208511353,70,90.76154327392578,0,-0.41753339767456055,121.34176635742188,0.45217856764793396,0,2.0148496627807617,15872.097759271,1746537111.3508368,0.38086000084877014,-0.02091880515217781,99.01577758789062,0.08636054396629333,NaN,2.0148496627807617,220.35765075683594,2.100877285003662,32.5,0.8651436567306519,62.349998474121094,1.0031828880310059,0.0037204958498477936,2.100877285003662,9.000000136438757e-05,0.03901998698711395,69,1.0031828880310059,6.050159454345703,2.0148496627807617,7.203126430511475,1400000.0,1.0031828880310059,35,0.015117445960640907,-0.2204173505306244,1000,2.100877285003662
9.434477806091309,2.9407262802124023,15870.4208984375,0.020581550896167755,71,86.26655578613281,0,-0.7570137977600098,131.23895263671875,0.45308712124824524,0,2.040334701538086,16109.791893264,1746537343.2757678,0.3811805844306946,0.1530284881591797,100.60053253173828,-0.06069070100784302,NaN,2.040334701538086,231.8395538330078,2.1269359588623047,32.470001220703125,0.9630423784255981,56.849998474121094,1.0104353427886963,-0.004122871905565262,2.1269359588623047,8.70000003487803e-05,0.03489711508154869,70,1.0104354619979858,6.43740701675415,2.040334701538086,6.446112632751465,1420000.0,1.0104353427886963,36,0.015556873753666878,-0.2811080515384674,1000,2.1269359588623047
9.156599998474121,2.4821832180023193,16107.8857421875,0.020446481183171272,72,84.25509643554688,0,-0.1943035125732422,135.07518005371094,0.45002081990242004,0,2.065444231033325,16347.112570517,1746537580.970001,0.37998783588409424,0.2475919872522354,102.29912567138672,-0.0053612589836120605,NaN,2.065444231033325,237.37437438964844,2.15342378616333,35.81999969482422,0.9924359321594238,49.650001525878906,1.0106732845306396,-0.001031249761581421,2.15342378616333,8.399999933317304e-05,0.03386586531996727,71,1.0106732845306396,5.622823238372803,2.065444231033325,6.251809120178223,1440000.0,1.0106732845306396,39,0.01521367859095335,-0.28646931052207947,1000,2.15342378616333
9.223674774169922,2.703160524368286,16345.427734375,0.020096533000469208,73,84.30915069580078,0,2.362177848815918,129.4757537841797,0.4600527286529541,0,2.091762065887451,16602.152765625,1746537818.2913556,0.3838478922843933,0.319688618183136,107.74635314941406,0.19177864491939545,NaN,2.091762065887451,237.22216796875,2.179788589477539,29.110000610351562,1.024377465248108,90.0999984741211,1.0021650791168213,-0.0007023178040981293,2.179788589477539,8.099999831756577e-05,0.03316354751586914,72,1.0021651983261108,6.6526923179626465,2.091762065887451,8.61398696899414,1460000.0,1.0021650791168213,35,0.0160317812114954,-0.09469066560268402,1000,2.179788589477539
9.147002220153809,3.193789005279541,16600.4765625,0.019554631784558296,74,78.44400787353516,0,0.9308328628540039,143.07960510253906,0.4694937765598297,0,2.1193618774414062,16842.256475566,1746538073.3313155,0.3875408470630646,-0.32093706727027893,111.87921905517578,-0.001468554139137268,NaN,2.1193618774414062,254.95892333984375,2.2063190937042236,32.59000015258789,1.0690762996673584,95.55000305175781,1.0039236545562744,0.0002155601978302002,2.2063190937042236,7.79999973019585e-05,0.03337910771369934,73,1.0039236545562744,7.272675037384033,2.1193618774414062,9.544819831848145,1480000.0,1.0039236545562744,40,0.015627732500433922,-0.09615921974182129,1000,2.2063190937042236
8.651307106018066,2.413766860961914,16840.5625,0.018204718828201294,75,83.33216857910156,0,-3.291088581085205,145.4558563232422,0.4673888683319092,0,2.145996570587158,17087.266346425,1746538313.4351661,0.38676461577415466,0.048773881047964096,94.54742431640625,-0.2665075659751892,NaN,2.145996570587158,240.00335693359375,2.2328896522521973,31.100000381469727,0.7707890272140503,39.849998474121094,1.0078788995742798,0.002322692424058914,2.2328896522521973,7.500000356230885e-05,0.035701800137758255,74,1.0078788995742798,5.835094451904297,2.145996570587158,6.2537312507629395,1500000.0,1.0078788995742798,40,0.014305285178124905,-0.3626667857170105,1000,2.2328896522521973
8.214139938354492,2.7139015197753906,17085.568359375,0.01704467460513115,76,81.66346740722656,0,-0.005941867828369141,138.26316833496094,0.46191638708114624,0,2.1723921298980713,17331.866868388,1746538558.4445405,0.3846500813961029,-0.0017018616199493408,106.64424133300781,0.04671010375022888,NaN,2.1723921298980713,244.9075469970703,2.2595558166503906,31.780000686645508,0.9200891852378845,55.75,1.007644772529602,-0.004619471728801727,2.2595558166503906,7.200000254670158e-05,0.031082328408956528,75,1.007644772529602,6.520279407501221,2.1723921298980713,6.24778938293457,1520000.0,1.007644772529602,40,0.01428299117833376,-0.3159566819667816,1000,2.2595558166503906
7.827656269073486,2.451382875442505,17330.189453125,0.018507441505789757,77,81.79573822021484,0,-1.6664814949035645,149.4486846923828,0.44904232025146484,0,2.1974573135375977,17570.3434989,1746538803.0453062,0.3799666166305542,-0.2789223790168762,95.06275939941406,-0.14007321000099182,NaN,2.1974573135375977,244.5115203857422,2.2860569953918457,28.5,0.8327070474624634,27.700000762939453,1.0147597789764404,-0.0017536189407110214,2.2860569953918457,6.900000153109431e-05,0.029328709468245506,76,1.0147597789764404,5.900547504425049,2.1974573135375977,4.581307888031006,1540000.0,1.0147597789764404,40,0.014997441321611404,-0.45602989196777344,1000,2.2860569953918457
7.768524646759033,2.5938048362731934,17568.673828125,0.019155588001012802,78,83.89281463623047,0,-0.5839982032775879,139.722900390625,0.4254859387874603,0,2.2213191986083984,17811.06465152,1746539041.522493,0.371270090341568,-0.32129475474357605,98.67647552490234,-0.03939142823219299,NaN,2.2213191986083984,238.39942932128906,2.3118536472320557,21.469999313354492,0.966938853263855,27.600000381469727,1.0159341096878052,0.0019397232681512833,2.3118536472320557,6.600000051548705e-05,0.03126843273639679,77,1.0159341096878052,6.452122688293457,2.2213191986083984,3.997309684753418,1560000.0,1.0159341096878052,40,0.015271799638867378,-0.49542132019996643,1000,2.3118536472320557
7.233892917633057,2.3737950325012207,17809.384765625,0.016673851758241653,79,83.11043548583984,0,0.08031511306762695,142.9476776123047,0.41269034147262573,0,2.244370698928833,18065.880602636,1746539282.2432382,0.36660629510879517,-0.35199740529060364,97.69593048095703,0.08897671103477478,NaN,2.244370698928833,240.64366149902344,2.33663010597229,16.709999084472656,0.8455742001533508,34.25,1.0119705200195312,-0.0032844915986061096,2.33663010597229,6.299999949987978e-05,0.02798394113779068,78,1.0119705200195312,5.872738838195801,2.244370698928833,4.077624797821045,1580000.0,1.0119705200195312,40,0.014780782163143158,-0.40644460916519165,1000,2.33663010597229
7.837088108062744,1.969215989112854,18064.1796875,0.018445253372192383,80,78.52091979980469,0,1.9761943817138672,149.1787109375,0.41671374440193176,0,2.267822504043579,18306.724636873,1746539537.059349,0.36814501881599426,-0.18869827687740326,105.53038024902344,0.26462168991565704,NaN,2.267822504043579,254.70919799804688,2.3607237339019775,19.540000915527344,0.8989306688308716,62.0,1.0030717849731445,0.004998486489057541,2.3607237339019775,5.999999848427251e-05,0.03298242762684822,79,1.0030717849731445,5.013607025146484,2.267822504043579,6.053819179534912,1600000.0,1.0030717849731445,40,0.014782404527068138,-0.1418229192495346,1000,2.3607237339019775
8.053018569946289,1.9555931091308594,18305.033203125,0.01630004309117794,81,83.07342529296875,0,-0.4152951240539551,140.2304229736328,0.4190232455730438,0,2.2909867763519287,18551.431201122,1746539777.9030704,0.36897894740104675,0.11529169976711273,100.52035522460938,-0.10987763106822968,NaN,2.2909867763519287,240.75088500976562,2.384207248687744,19.549999237060547,0.8451477289199829,45.79999923706055,1.0072983503341675,-0.0014350712299346924,2.384207248687744,5.700000110664405e-05,0.03154735639691353,80,1.0072983503341675,4.970227241516113,2.2909867763519287,5.638524055480957,1620000.0,1.0072983503341675,40,0.013442507945001125,-0.2517005503177643,1000,2.384207248687744
8.788564682006836,2.482042074203491,18549.751953125,0.015642482787370682,82,81.75955200195312,0,-0.5661239624023438,140.7117462158203,0.4165308475494385,0,2.313495635986328,18794.197812225,1746540022.609776,0.3682003617286682,-0.0689234808087349,103.90790557861328,-0.1136312186717987,NaN,2.313495635986328,244.6197509765625,2.4070887565612793,18.8700008392334,1.0141245126724243,36.04999923706055,1.0093458890914917,-0.0015775207430124283,2.4070887565612793,5.400000009103678e-05,0.0299698356539011,81,1.0093458890914917,5.694761753082275,2.313495635986328,5.072400093078613,1640000.0,1.0093458890914917,40,0.013706500642001629,-0.365331768989563,1000,2.4070887565612793
8.804425239562988,2.1170427799224854,18792.509765625,0.01904011331498623,83,82.41587829589844,0,4.46483039855957,138.46563720703125,0.4211047887802124,0,2.3381035327911377,19041.499232699,1746540265.376595,0.37004926800727844,-0.19815737009048462,104.20597839355469,0.5073556005954742,NaN,2.3381035327911377,242.6716766357422,2.4303157329559326,29.510000228881836,0.8976911306381226,103.0999984741211,0.9985005855560303,0.00463714636862278,2.4303157329559326,5.0999999075429514e-05,0.03460698202252388,82,0.9985005855560303,5.1584954261779785,2.3381035327911377,9.537230491638184,1660000.0,0.9985005855560303,40,0.015200597234070301,0.14202383160591125,1000,2.4303157329559326
9.546014785766602,2.5389792919158936,19039.802734375,0.01610577292740345,84,80.90460205078125,0,-1.9943785667419434,142.2573699951172,0.4274228513240814,0,2.3628149032592773,19286.44709954,1746540512.6774492,0.3724729120731354,0.20390895009040833,104.947265625,-0.40736353397369385,NaN,2.3628149032592773,247.20472717285156,2.453925371170044,30.299999237060547,1.0325109958648682,57.95000076293945,1.0070637464523315,0.0027676858007907867,2.453925371170044,4.8000001697801054e-05,0.03737466782331467,83,1.0070637464523315,6.343504905700684,2.3628149032592773,7.54285192489624,1680000.0,1.0070637464523315,40,0.013566960580646992,-0.2653397023677826,1000,2.453925371170044
9.499017715454102,2.4063563346862793,19284.75,0.01431336347013712,85,81.68634796142578,0,-1.1664257049560547,144.41673278808594,0.4293621778488159,0,2.3872241973876953,19536.265101079,1746540757.6255693,0.37327826023101807,0.39053812623023987,100.42218017578125,0.02794043719768524,NaN,2.3872241973876953,244.83895874023438,2.477785348892212,29.06999969482422,1.0137677192687988,48.099998474121094,1.0058279037475586,-0.005358133465051651,2.477785348892212,4.5000000682193786e-05,0.032016534358263016,84,1.0058279037475586,5.1946916580200195,2.3872241973876953,6.3764262199401855,1700000.0,1.0058279037475586,40,0.013179262168705463,-0.23739926517009735,1000,2.477785348892212
9.679587364196777,2.397355556488037,19534.568359375,0.013957325369119644,86,80.09241485595703,0,-0.9948654174804688,147.27984619140625,0.4256044328212738,0,2.4108476638793945,19778.847363675,1746541007.443353,0.3718973994255066,-0.08447598665952682,102.43160247802734,-0.06286723911762238,NaN,2.4108476638793945,249.7115478515625,2.5016801357269287,26.690000534057617,0.900370717048645,35.599998474121094,1.0066730976104736,0.002749405801296234,2.5016801357269287,4.199999966658652e-05,0.03476594015955925,85,1.0066730976104736,4.878389835357666,2.4108476638793945,5.381560802459717,1720000.0,1.0066730976104736,40,0.012746168300509453,-0.3002665042877197,1000,2.5016801357269287
9.416352272033691,2.7945451736450195,19777.146484375,0.013577478937804699,87,82.48503875732422,0,0.2364668846130371,143.6585235595703,0.42660972476005554,0,2.4342522621154785,20026.248968383,1746541250.025468,0.3721787631511688,0.1291092485189438,98.80953979492188,-0.003575921058654785,NaN,2.4342522621154785,242.4682159423828,2.52590274810791,30.18000030517578,0.9885691404342651,47.20000076293945,1.0068097114562988,0.003878951072692871,2.52590274810791,3.899999865097925e-05,0.03864489123225212,86,1.0068097114562988,5.831482887268066,2.4342522621154785,5.618027687072754,1740000.0,1.0068097114562988,40,0.012860143557190895,-0.3038424253463745,1000,2.52590274810791
9.432979583740234,2.7459323406219482,20024.57421875,0.014537893235683441,88,80.86908721923828,0,2.0422229766845703,140.66380310058594,0.43795421719551086,0,2.459129810333252,20264.494751467,1746541497.4276588,0.3764953315258026,-0.2746858298778534,106.64939880371094,0.29264067485928535,NaN,2.459129810333252,247.31329345703125,2.5500710010528564,25.90999984741211,1.039238452911377,88.0999984741211,1.0020184516906738,-0.006985694169998169,2.5500710010528564,3.600000127335079e-05,0.03165919706225395,87,1.0020184516906738,5.94909143447876,2.459129810333252,7.660250663757324,1760000.0,1.0020184516906738,40,0.012923263013362885,-0.011201750487089157,1000,2.5500710010528564
9.011281967163086,2.3820948600769043,20262.79296875,0.011137728579342365,89,83.984130859375,0,-1.7462844848632812,139.92286682128906,0.4442755877971649,0,2.4832539558410645,20509.75898691,1746541735.673581,0.37901175022125244,-0.13376376032829285,98.21727752685547,-0.3125864453613758,NaN,2.4832539558410645,238.1402130126953,2.5742404460906982,26.43000030517578,0.9772823452949524,37.25,1.0060901641845703,0.00031695514917373657,2.5742404460906982,3.300000025774352e-05,0.03197615221142769,88,1.0060901641845703,5.171993732452393,2.4832539558410645,5.913966178894043,1780000.0,1.0060901641845703,40,0.01164909079670906,-0.32378819584846497,1000,2.5742404460906982
9.314191818237305,2.5695457458496094,20507.9296875,0.013066451996564865,90,81.62295532226562,0,2.631662368774414,141.69154357910156,0.4501459002494812,0,2.508316993713379,20766.021091311,1746541980.9372876,0.3813263773918152,0.32221847772598267,103.33750915527344,0.2563610225915909,NaN,2.508316993713379,245.02911376953125,2.598667860031128,29.40999984741211,0.9964483380317688,76.25,1.00185227394104,0.009043335914611816,2.598667860031128,2.9999999242136255e-05,0.041019488126039505,89,1.00185227394104,5.70762300491333,2.508316993713379,8.545628547668457,1800000.0,1.00185227394104,40,0.012121426872909069,-0.06742717325687408,1000,2.598667860031128
9.001151084899902,2.7614316940307617,20764.197265625,0.01090987864881754,91,78.11713409423828,0,-2.457266330718994,146.0892333984375,0.46313145756721497,0,2.5333127975463867,21011.012176755,1746542237.1992972,0.386301189661026,0.10480460524559021,109.93646240234375,-0.1450565606355667,NaN,2.5333127975463867,256.0257568359375,2.62347149848938,31.059999465942383,0.8823062777519226,53.900001525878906,1.0043920278549194,-0.009243298321962357,2.62347149848938,2.700000004551839e-05,0.03177618980407715,90,1.0043920278549194,5.506200790405273,2.5333127975463867,6.088362216949463,1820000.0,1.0043920278549194,40,0.011618262156844139,-0.2124837338924408,1000,2.62347149848938
8.52712631225586,2.5354127883911133,21008.791015625,0.011363305151462555,92,81.84831237792969,0,1.7218146324157715,140.79415893554688,0.4707469046115875,0,2.5593268871307373,21253.512290764,1746542482.1901574,0.3893093764781952,-0.11837585270404816,103.56018829345703,0.20819955132901669,NaN,2.5593268871307373,244.35446166992188,2.648832082748413,33.61000061035156,0.9483910202980042,80.0999984741211,1.0019993782043457,-0.006326934322714806,2.648832082748413,2.4000000848900527e-05,0.025449255481362343,91,1.0019992589950562,5.2452898025512695,2.5593268871307373,7.810176849365234,1840000.0,1.0019993782043457,40,0.011524911038577557,-0.00428418256342411,1000,2.648832082748413
8.435925483703613,2.221933603286743,21251.68359375,0.009120305068790913,93,82.5571060180664,0,-1.827162742614746,144.39303588867188,0.4770454168319702,0,2.584137201309204,21510.715267575,1746542724.6904118,0.39183303713798523,0.21377842128276825,97.8634033203125,-0.3316280450671911,NaN,2.584137201309204,242.2565460205078,2.6742465496063232,28.209999084472656,0.8641192317008972,29.049999237060547,1.0056447982788086,0.004616925492882729,2.6742465496063232,2.099999983329326e-05,0.03006618097424507,92,1.0056447982788086,4.715292453765869,2.584137201309204,5.983014106750488,1860000.0,1.0056447982788086,40,0.01036909595131874,-0.33591222763061523,1000,2.6742465496063232
8.650611877441406,2.811612129211426,21508.6484375,0.011074659414589405,94,77.90503692626953,0,3.725407600402832,145.4977569580078,0.48643627762794495,0,2.610313892364502,21753.989830163,1746542981.8935225,0.395378440618515,-0.08908271044492722,111.22496795654297,0.4008828178048134,NaN,2.610313892364502,256.7228088378906,2.69995379447937,31.040000915527344,0.9444150328636169,87.9000015258789,1.0010253190994263,-0.00038196519017219543,2.69995379447937,1.8000000636675395e-05,0.029684215784072876,93,1.0010253190994263,5.329087734222412,2.610313892364502,9.70842170715332,1880000.0,1.0010253190994263,40,0.011252251453697681,0.06497059017419815,1000,2.69995379447937
8.28161334991455,2.760693073272705,21752.279296875,0.007924292236566544,95,82.25399017333984,0,-3.4152464866638184,144.39776611328125,0.4945984184741974,0,2.635995626449585,22004.923135895,1746543225.1680858,0.3985053300857544,-0.06923219561576843,98.75145721435547,-0.3661799505352974,NaN,2.635995626449585,243.1492919921875,2.7256858348846436,28.149999618530273,0.9069441556930542,46.0,1.0042880773544312,0.0023518502712249756,2.7256858348846436,1.4999999621068127e-05,0.03203606605529785,94,1.0042879581451416,5.622445106506348,2.635995626449585,6.293175220489502,1900000.0,1.0042880773544312,40,0.009462346322834492,-0.30120936036109924,1000,2.7256858348846436
8.75259780883789,2.3771870136260986,22003.236328125,0.007373618893325329,96,79.73428344726562,0,0.383453369140625,145.0768585205078,0.497031033039093,0,2.6622278690338135,22246.015465044,1746543476.1019013,0.3995347321033478,0.19990748167037964,105.75621032714844,0.25175144895911217,NaN,2.6622278690338135,250.8331298828125,2.7516846656799316,30.969999313354492,0.9024892449378967,69.75,1.001295804977417,0.005637936294078827,2.7516846656799316,1.2000000424450263e-05,0.03767400234937668,95,1.0012956857681274,5.033471584320068,2.6622278690338135,6.676628589630127,1920000.0,1.001295804977417,40,0.009120197966694832,-0.049457911401987076,1000,2.7516846656799316
8.996877670288086,2.294661045074463,22244.314453125,0.0068389675579965115,97,82.99192810058594,0,0.14277410507202148,142.4268798828125,0.503501296043396,0,2.6882669925689697,22498.935680729,1746543717.193775,0.4021846652030945,0.17635565996170044,98.56035614013672,-0.13117318972945213,NaN,2.6882669925689697,240.9873046875,2.777702569961548,28.299999237060547,0.922378420829773,53.099998474121094,1.002449870109558,-0.004588037729263306,2.777702569961548,9.000000318337698e-06,0.03308596462011337,96,1.0024497509002686,5.023463249206543,2.6882669925689697,6.819402694702148,1940000.0,1.002449870109558,40,0.008953908458352089,-0.1806311011314392,1000,2.777702569961548
8.922900199890137,2.8517796993255615,22497.236328125,0.005461248103529215,98,79.11143493652344,0,1.4493799209594727,143.83607482910156,0.5106921792030334,0,2.7158074378967285,22743.482991438,1746543970.1138573,0.4050758183002472,-0.06792619824409485,108.97181701660156,0.27666953951120377,NaN,2.7158074378967285,252.80796813964844,2.804077625274658,32.2400016784668,1.0242663621902466,93.75,1.0014891624450684,-0.0020958445966243744,2.804077625274658,6.000000212225132e-06,0.030990120023489,97,1.0014891624450684,5.727776527404785,2.7158074378967285,8.268782615661621,1960000.0,1.0014891624450684,40,0.007965059019625187,0.09603843837976456,1000,2.804077625274658
8.750925064086914,2.856102228164673,22741.79296875,0.00482960557565093,99,81.8177719116211,0,-1.4544258117675781,145.25767517089844,0.5158258080482483,0,2.7429981231689453,22988.971172496,1746544214.6615334,0.4071207046508789,-0.07663770020008087,99.18793487548828,-0.33603135496377945,NaN,2.7429981231689453,244.44566345214844,2.830721139907837,31.559999465942383,0.9895427823066711,52.400001525878906,1.002125859260559,0.0009111613035202026,2.830721139907837,3.000000106112566e-06,0.0319012813270092,98,1.002125859260559,5.604592800140381,2.7429981231689453,6.814356803894043,1980000.0,1.002125859260559,40,0.007670446764677763,-0.2399929165840149,1000,2.830721139907837
8.267500877380371,2.89501953125,22987.259765625,0.002938849851489067,100,81.51007080078125,0,-1.9952898025512695,148.05316162109375,0.5191583633422852,0,2.7693324089050293,22989.056715017,1746544460.1494622,0.40848439931869507,0.020123973488807678,97.31522369384766,-0.08015012741088867,NaN,2.7693324089050293,245.3684539794922,2.85740065574646,29.09000015258789,0.9508406519889832,39.54999923706055,1.001359462738037,-0.006294921040534973,2.85740065574646,0.0,0.025606360286474228,99,1.001359462738037,5.660910129547119,2.7693324089050293,4.819067001342773,2000000.0,1.001359462738037,40,0.006099386140704155,-0.32014304399490356,1000,2.85740065574646
