Loss/Loss_pi/Delta,Misc/cost_gradient_norm,Misc/q,Value/cost,Train/PolicyStd,Time/FPS,Time/Update,Misc/Alpha,Value/Adv,Train/Epoch,Misc/xHx,Train/KL,Misc/Nu_star,Misc/FinalStepNorm,Misc/H_inv_g,_timestamp,Train/StopIter,Misc/gradient_norm,Misc/AcceptanceStep,Misc/OptimCase,Train/PolicyRatio/Min,Loss/Loss_cost_critic,Loss/Loss_reward_critic,_runtime,Time/Rollout,TotalEnvSteps,Misc/B,Metrics/EpRet,Train/PolicyRatio,Misc/A,Train/PolicyRatio/Max,Loss/Loss_cost_critic/Delta,Train/Entropy,_step,Time/Total,Loss/Loss_reward_critic/Delta,Misc/Lambda_star,Value/reward,Metrics/EpCost,Train/PolicyRatio/Std,Time/Epoch,Metrics/EpLen,Loss/Loss_pi,Train/LR,Misc/r,Misc/s
-0.004564562346786261,0.08590656518936157,0.0022313434164971113,-0.1503128707408905,1.0032399892807007,209.392578125,10.824224472045898,2.9938554763793945,-1.907348590179936e-08,0,0.0022313434164971113,0.00012586406955961138,1.2201454639434814,0.33527278900146484,0.09383665770292282,1743306027.7702074,10,0.05809593200683594,1,0,1.0003578662872314,2.817150115966797,0.007016078103333712,191.434541959,84.69012451171875,20000.0,-133821.203125,-1.63669753074646,1.000357747077942,0.0022169745061546564,1.0003578662872314,2.817150115966797,1.4214469194412231,1,95.51532745361328,0.007016078103333712,0,0.05962918698787689,42.400001525878906,0.00025299348635599017,95.51437377929688,1000,-0.004564562346786261,0,-0.0004393531125970185,0.013434033840894699
0.00686560501344502,0.09415759146213531,0.018128251656889915,0.8372149467468262,1.0155600309371948,211.16993713378906,10.8536376953125,1.0503569841384888,3.585815377959989e-08,1,0.018128251656889915,0.00014785639359615743,1.4586608409881592,0.3275185525417328,0.15783490240573883,1743306122.5547576,10,0.23060066998004913,1,0,1.0005415678024292,2.3853001594543457,0.004498064983636141,286.433844942,83.8567886352539,40000.0,-116908.3984375,-1.9211632013320923,1.0005415678024292,0.014937708154320717,1.0005415678024292,-0.43184995651245117,1.4337972402572632,2,190.3127899169922,-0.002518013119697571,0,0.009599282406270504,33.150001525878906,0.00038291813689284027,94.71044921875,1000,0.002301042666658759,0,0.00547637278214097,0.00939984805881977
-0.002304736233782023,0.05535922572016716,0.017599673941731453,0.4428406357765198,1.0122654438018799,210.6859893798828,10.97891616821289,1.066013216972351,3.013610694324598e-08,2,0.017599673941731453,0.00012551645340863615,2.3831207752227783,0.36044809222221375,0.16920612752437592,1743306217.5539198,10,0.22987602651119232,1,0,0.9998281002044678,1.6202058792114258,0.005656905472278595,381.561910461,83.94905853271484,60000.0,-173243.109375,-2.0823755264282227,0.9998281002044678,0.017034223303198814,0.9998281002044678,-0.7650942802429199,1.4309215545654297,3,285.320068359375,0.0011588404886424541,0,-0.03829273208975792,24.700000762939453,0.00012155150761827826,94.92800903320312,1000,-3.6935671232640743e-06,0,0.0014111273922026157,0.0035215727984905243
-0.001945644908118993,0.08413661271333694,0.023834390565752983,0.45566368103027344,1.0030452013015747,210.4293670654297,10.889973640441895,0.9160367250442505,-4.577636492086867e-09,3,0.023834390565752983,0.00011649515363387764,1.4091567993164062,0.35069236159324646,0.16602881252765656,1743306312.6820722,10,0.3168448507785797,1,0,0.999305248260498,1.1895513534545898,0.0072818356566131115,476.422649436,84.15377044677734,80000.0,-46968.53515625,-2.9152133464813232,0.999305248260498,0.02294176258146763,0.999305248260498,-0.43065452575683594,1.4217547178268433,4,380.4285583496094,0.0016249301843345165,0,-0.08609018474817276,21.75,0.0004912636941298842,95.04376983642578,1000,-0.0019493384752422571,0,0.0029984102584421635,0.010071888566017151
-0.005379256559535861,0.061605360358953476,0.028745442628860474,0.41540858149528503,1.0069804191589355,211.01092529296875,10.76331901550293,0.8341236114501953,-2.70843507621521e-08,4,0.028745442628860474,0.00018209012341685593,3.2019131183624268,0.28806233406066895,0.19772548973560333,1743306407.5428226,10,0.3731691539287567,1,0,0.9996251463890076,0.4933844208717346,0.008514574728906155,571.32077347,84.01847839355469,100000.0,-167565.984375,-3.030985116958618,0.9996251463890076,0.02660590037703514,0.9996251463890076,-0.6961669325828552,1.424746036529541,5,475.29449462890625,0.0012327390722930431,0,-0.13533689081668854,18.079999923706055,0.00026507556322030723,94.78182220458984,1000,-0.007328595034778118,0,-0.00204298784956336,0.0019507816759869456
0.009256031829863787,0.04178551584482193,0.04009566828608513,0.3584318459033966,1.0036457777023315,210.8992462158203,10.871338844299316,0.7062625885009766,-2.7465819840699623e-08,5,0.04009566828608513,0.00012598202738445252,2.7470195293426514,0.35370200872421265,0.1709877848625183,1743306502.4404345,10,0.4717019498348236,1,0,0.9985630512237549,0.46685948967933655,0.006965609733015299,666.244067493,83.96064758300781,120000.0,-42714.62890625,-3.51997709274292,0.9985630512237549,0.0396297350525856,0.9985630512237549,-0.02652493119239807,1.4201449155807495,6,570.20458984375,-0.0015489649958908558,0,-0.184733584523201,10.640000343322754,0.00101607630494982,94.83201599121094,1000,0.0019274367950856686,0,0.0011112575884908438,0.002650359645485878
-0.005622696364298463,0.09754139184951782,0.042906880378723145,0.4271179735660553,0.9843714833259583,210.87060546875,11.009601593017578,0.6827338933944702,-1.1444091896350983e-08,6,0.042906880378723145,0.00012876218534074724,1.4807398319244385,0.3316556513309479,0.19825802743434906,1743306597.364241,10,0.5469588041305542,1,0,1.0002597570419312,0.9943143725395203,0.008476966992020607,761.412387112,83.83526611328125,140000.0,-8240.7109375,-4.138766765594482,1.0002597570419312,0.04290366545319557,1.0002597570419312,0.5274548828601837,1.399549126625061,7,665.1210327148438,0.0015113572590053082,0,-0.24193252623081207,8.670000076293945,0.00018364786228630692,94.84489440917969,1000,-0.0036952595692127943,0,0.00017126277089118958,0.00912162009626627
-0.002030817558988929,0.06312543898820877,0.03723234310746193,0.4884378910064697,0.9890866279602051,210.3184814453125,10.917259216308594,0.7329168915748596,3.814697002724188e-09,7,0.03723234310746193,0.00011071994958911091,2.531480312347412,0.34045839309692383,0.18536478281021118,1743306692.5325701,10,0.5618122220039368,1,0,0.9996616840362549,0.4724631905555725,0.009981549344956875,856.728447932,84.17658996582031,160000.0,-23588.12109375,-4.745867729187012,0.9996616840362549,0.03653288260102272,0.9996616840362549,-0.5218511819839478,1.404350757598877,8,760.2883911132812,0.0015045823529362679,0,-0.29448598623275757,8.579999923706055,0.0002392255119048059,95.09388732910156,1000,-0.005726077128201723,0,-0.0014774827286601067,0.003120897337794304
-0.0031009712256491184,0.08085387200117111,0.05113258957862854,0.6446079015731812,0.9911721348762512,209.99908447265625,11.039466857910156,0.6254118084907532,-8.01086397217432e-09,8,0.05113258957862854,0.00011226151400478557,2.3280932903289795,0.342011421918869,0.21404947340488434,1743306787.8486128,10,0.6443213224411011,1,0,0.9992399215698242,0.5774544477462769,0.008168165571987629,952.06508056,84.19902038574219,180000.0,-14087.720703125,-4.265775680541992,0.9992399215698242,0.0462406687438488,0.9992399215698242,0.10499125719070435,1.4067845344543457,9,855.6025390625,-0.001813383772969246,0,-0.2452404797077179,7.210000038146973,0.0005374284810386598,95.23851776123047,1000,-0.008827048353850842,0,-0.004248682875186205,0.0036900138948112726
0.0054232587572187185,0.05628366023302078,0.040824949741363525,0.9462355375289917,0.9671056866645813,209.93875122070312,11.042708396911621,0.69992595911026,-4.577636492086867e-09,9,0.040824949741363525,0.00014088398893363774,1.9873161315917969,0.3288234770298004,0.2042015939950943,1743306883.1852713,10,0.5623656511306763,1,0,1.0003297328948975,1.0692423582077026,0.00628373958170414,1047.593806323,84.22314453125,200000.0,-14033.2578125,-4.216434478759766,1.000329613685608,0.04052933305501938,1.0003297328948975,0.4917879104614258,1.3822345733642578,10,950.9447631835938,-0.0018844259902834892,0,-0.2896614372730255,8.430000305175781,0.0002330439747311175,95.26587677001953,1000,-0.003403789596632123,0,-0.0012235224712640047,0.005064017605036497
0.002479191985912621,0.054353658109903336,0.024569407105445862,0.9350327849388123,0.9762817025184631,209.5003662109375,11.003664016723633,0.9022306799888611,6.103515470812226e-09,10,0.024569407105445862,0.00014734372962266207,2.487330675125122,0.29322224855422974,0.17627017199993134,1743306978.7139778,10,0.44158366322517395,1,0,0.9996719360351562,0.6141381859779358,0.008692829869687557,1142.988493531,84.46153259277344,220000.0,-19452.841796875,-4.08938455581665,0.9996719360351562,0.024490362033247948,0.9996719360351562,-0.45510417222976685,1.389386534690857,11,1046.4808349609375,0.0024090902879834175,0,-0.2958243191242218,7.929999828338623,0.00023197625705506653,95.46522521972656,1000,-0.000924597610719502,0,0.0005054967477917671,0.003232671180739999
-0.001463238033466041,0.03679392859339714,0.023453600704669952,0.7903348803520203,0.9972133636474609,209.7976531982422,11.016925811767578,0.9234431385993958,0.0,11,0.023453600704669952,0.00015427687321789563,4.329998970031738,0.2815644145011902,0.14090891182422638,1743307074.1086695,10,0.4476720094680786,1,0,0.9993536472320557,0.34279078245162964,0.007105953525751829,1238.188299472,84.31300354003906,240000.0,-24574.525390625,-3.8658838272094727,0.9993536472320557,0.023346303030848503,0.9993536472320557,-0.27134740352630615,1.4096418619155884,12,1141.8751220703125,-0.001586876343935728,0,-0.31563419103622437,5.119999885559082,0.0004570404125843197,95.32994842529297,1000,-0.002387835644185543,0,-0.00033831718610599637,0.0010667197639122605
0.0037926530931144953,0.06594257801771164,0.031838636845350266,0.7337706685066223,0.9782866835594177,210.32330322265625,10.929924011230469,0.7925701141357422,-4.577636492086867e-09,12,0.031838636845350266,0.00015224204980768263,2.1707465648651123,0.3235217034816742,0.2061995565891266,1743307169.3084445,10,0.46664321422576904,1,0,0.9998285174369812,0.5409941077232361,0.007606105878949165,1333.960167531,84.16175079345703,260000.0,-5796.29052734375,-3.227614641189575,0.9998285174369812,0.03094938024878502,0.9998285174369812,0.19820332527160645,1.3918952941894531,13,1237.0303955078125,0.0005001523531973362,0,-0.2328425496816635,4.960000038146973,0.00012127053196309134,95.0916976928711,1000,0.0014048174489289522,0,0.0019427613588050008,0.004244345240294933
-0.0008846398559398949,0.04720589518547058,0.021642250940203667,0.48753291368484497,0.9611630439758301,208.9783172607422,11.113659858703613,0.9613105058670044,-1.5258788677030566e-09,13,0.021642250940203667,0.00015723412798251957,2.910351276397705,0.31117790937423706,0.22004301846027374,1743307265.0803778,10,0.34955182671546936,1,0,0.9993287920951843,0.29373103380203247,0.008424119092524052,1430.593278592,84.59002685546875,280000.0,-8273.7861328125,-3.117781400680542,0.9993287920951843,0.021096037700772285,0.9993287920951843,-0.2472630739212036,1.373378872871399,14,1332.8431396484375,0.0008180132135748863,0,-0.2702067494392395,4.420000076293945,0.00047462969087064266,95.7037124633789,1000,0.0005201775929890573,0,0.0011356654576957226,0.002361224964261055
0.001536418276373297,0.04982329532504082,0.011659628711640835,0.9657294154167175,0.9466750025749207,207.1238555908203,11.074479103088379,1.3097018003463745,4.959106458812812e-09,14,0.011659628711640835,0.00012649211566895247,2.7385849952697754,0.34002751111984253,0.19417521357536316,1743307361.7134156,10,0.2272387444972992,1,0,0.9996814727783203,0.29661834239959717,0.009402415715157986,1526.484562162,85.48607635498047,300000.0,-3131.9541015625,-2.8119421005249023,0.9996814727783203,0.010757364332675934,0.9996814727783203,0.0028873085975646973,1.3583275079727173,15,1429.4718017578125,0.000978296622633934,0,-0.2635532319545746,2.890000104904175,0.00022520465427078307,96.56058502197266,1000,0.0020565958693623543,0,0.001551156397908926,0.0026667106430977583
-0.0030101516749709845,0.031051671132445335,0.010910005308687687,0.39242830872535706,0.9420167803764343,208.81015014648438,11.121647834777832,1.3539490699768066,-7.629394005448376e-09,15,0.010910005308687687,0.00011037004878744483,3.699798822402954,0.35199838876724243,0.1835041493177414,1743307457.6047122,10,0.2537164092063904,1,0,0.99933260679245,0.2724680006504059,0.00887413788586855,1622.341947219,84.65911102294922,320000.0,-7726.87060546875,-2.562291145324707,0.99933260679245,0.010902832262217999,0.99933260679245,-0.024150341749191284,1.3538084030151367,16,1525.325439453125,-0.0005282778292894363,0,-0.2425851821899414,3.359999895095825,0.0004719604039564729,95.7807846069336,1000,-0.0009535558056086302,0,0.00010237403330393136,0.0014610692160204053
0.0006241291994228959,0.04073385149240494,0.008810974657535553,0.20566335320472717,0.9421653747558594,208.84266662597656,11.147201538085938,1.5066165924072266,-1.678466787780053e-08,16,0.008810974657535553,7.748784264549613e-05,2.527592420578003,0.39787226915359497,0.17263545095920563,1743307553.4616091,10,0.20755472779273987,1,0,0.9995722770690918,0.18216773867607117,0.009242354892194271,1718.257083627,84.61864471435547,340000.0,-4588.392578125,-2.312736749649048,0.9995722770690918,0.00874595157802105,0.9995722770690918,-0.09030026197433472,1.3531562089920044,17,1621.2017822265625,0.00036821700632572174,0,-0.27947065234184265,3.7899999618530273,0.0003024738689418882,95.765869140625,1000,-0.00032942660618573427,0,0.0004511703737080097,0.0031305060256272554
-0.002120545250363648,0.03438689559698105,0.00852840393781662,0.24915216863155365,0.9486851692199707,208.7862548828125,11.096900939941406,1.5313725471496582,-1.0681151962899094e-08,17,0.00852840393781662,0.0001541272213216871,4.592161178588867,0.31063225865364075,0.16254712641239166,1743307649.377262,10,0.24038514494895935,1,0,1.000809669494629,0.14792297780513763,0.009947272948920727,1813.909006465,84.69481658935547,360000.0,-8325.6044921875,-2.4571518898010254,1.000809669494629,0.008442665450274944,1.000809669494629,-0.03424476087093353,1.361437439918518,18,1717.093017578125,0.0007049180567264557,0,-0.2623955309391022,2.809999942779541,0.0005724665825255215,95.791748046875,1000,-0.002449971856549382,0,-0.0002851584577001631,0.000948399247135967
0.0008599841967225075,0.08748921751976013,0.02091125026345253,0.22536955773830414,0.9458058476448059,209.26290893554688,11.05245304107666,0.9779685735702515,2.2888182460434336e-09,18,0.02091125026345253,0.00013072002911940217,2.668241262435913,0.3104596734046936,0.20306551456451416,1743307745.0291815,10,0.4131111800670624,1,0,0.9997891783714294,0.33689314126968384,0.010928221046924591,1909.638903016,84.52108001708984,380000.0,-3599.747314453125,-2.6574251651763916,0.9997891783714294,0.02090901881456375,0.9997891783714294,0.1889701634645462,1.3589833974838257,19,1812.782958984375,0.0009809480980038643,0,-0.28499358892440796,3.180000066757202,0.0001490874565206468,95.57355499267578,1000,-0.0015899876598268747,0,7.916660979390144e-05,0.0028091715648770332
-0.0015132192056626081,0.03086884319782257,0.011883620172739029,0.31279051303863525,0.9453787803649902,209.07481384277344,10.966387748718262,1.2972999811172485,4.76837147544984e-09,19,0.011883620172739029,0.00010045995441032574,3.532404899597168,0.3451448678970337,0.2050441950559616,1743307840.7589955,10,0.24985046684741974,1,0,1.0004453659057617,0.1589956432580948,0.010165255516767502,2005.033862904,84.693115234375,400000.0,-4926.31103515625,-2.922656536102295,1.0004453659057617,0.011681204661726952,1.0004453659057617,-0.17789749801158905,1.3581496477127075,20,1908.5191650390625,-0.0007629655301570892,0,-0.2671845555305481,2.809999942779541,0.0003149774274788797,95.65953826904297,1000,-0.003103206865489483,0,-0.000569595955312252,0.0016028257086873055
0.0022240852704271674,0.019042113795876503,0.014639316126704216,0.24602538347244263,0.9591085314750671,209.80784606933594,11.07748031616211,1.168838381767273,-1.602172794434864e-08,20,0.014639316126704216,0.00014859643124509603,7.257962703704834,0.3182235062122345,0.22157742083072662,1743307936.1539645,10,0.30390694737434387,1,0,1.0014890432357788,0.11509090662002563,0.008432927541434765,2100.680399474,84.24781036376953,420000.0,-8533.8193359375,-3.175813674926758,1.0014890432357788,0.0146384472027421,1.0014890432357788,-0.04390473663806915,1.3736294507980347,21,2003.9154052734375,-0.001732327975332737,0,-0.27989616990089417,1.7999999523162842,0.0010528845014050603,95.3253173828125,1000,-0.0008791215950623155,0,1.816530857468024e-05,0.00037965495721437037
-0.001702509238384664,0.030914809554815292,0.019640158861875534,0.15757177770137787,0.9888076782226562,209.25634765625,11.113409042358398,1.0091190338134766,7.629394338515283e-10,21,0.019640158861875534,0.000131990818772465,4.904734134674072,0.3246448040008545,0.17517711222171783,1743308031.800535,10,0.4183749556541443,1,0,0.999480128288269,0.14696787297725677,0.007395218126475811,2196.138085688,84.46311950683594,440000.0,-4480.3671875,-3.2455244064331055,0.9994800686836243,0.019521456211805344,0.999480128288269,0.03187696635723114,1.404215931892395,22,2099.561767578125,-0.0010377094149589539,0,-0.29778996109962463,1.9299999475479126,0.0003676610067486763,95.57655334472656,1000,-0.0025816308334469795,0,-0.0003141440683975816,0.0008313689031638205
0.00023835920728743076,0.06334125995635986,0.016770901158452034,0.07836683094501495,0.9942299723625183,209.6920928955078,11.02706527709961,1.0920352935791016,-8.77380390562621e-09,22,0.016770901158452034,7.353835826506838e-05,1.9156233072280884,0.38270190358161926,0.2024873048067093,1743308127.2582445,10,0.3051927387714386,1,0,0.9998408555984497,0.3398894667625427,0.007569655776023865,2291.542200285,84.3508529663086,460000.0,-1155.92626953125,-3.254666328430176,0.9998407959938049,0.016751546412706375,0.9998408555984497,0.19292159378528595,1.4092367887496948,23,2195.0107421875,0.00017443764954805374,0,-0.3156350255012512,2.509999990463257,0.00011256018478889018,95.37794494628906,1000,-0.0023432716261595488,0,-0.0003247943823225796,0.005450156517326832
0.0032619835110381246,0.03836175054311752,0.013120855204761028,0.07179009914398193,0.9719204902648926,209.81317138671875,11.053245544433594,1.234621286392212,-1.0681151962899094e-08,23,0.013120855204761028,0.00011754476872738451,2.6747822761535645,0.34975507855415344,0.1937219500541687,1743308222.6622066,10,0.28329136967658997,1,0,1.0000919103622437,0.34220150113105774,0.007933169603347778,2387.099660038,84.26961517333984,480000.0,-2844.736328125,-3.1722545623779297,1.0000919103622437,0.012566754594445229,1.0000919103622437,0.0023120343685150146,1.3854068517684937,24,2290.416015625,0.0003635138273239136,0,-0.30174028873443604,2.819999933242798,6.501854659290984e-05,95.3228988647461,1000,0.0009187118848785758,0,0.0012445738539099693,0.002795448759570718
0.00015916128177195787,0.03890681266784668,0.010994259268045425,0.14419108629226685,0.9547279477119446,209.44134521484375,10.985295295715332,1.3487510681152344,4.386901952813105e-09,24,0.010994259268045425,0.0001187534726341255,4.1142096519470215,0.3481869697570801,0.17424769699573517,1743308318.2198443,10,0.273840993642807,1,0,1.0003347396850586,0.13111932575702667,0.009907400235533714,2482.516038597,84.5068130493164,500000.0,-6730.3828125,-3.1876158714294434,1.0003347396850586,0.010217354632914066,1.0003347396850586,-0.21108217537403107,1.3675947189331055,25,2385.986083984375,0.001974230632185936,0,-0.29343095421791077,2.819999933242798,0.00023669669462833554,95.49213409423828,1000,0.0010778731666505337,0,0.0009581032791174948,0.0011815537000074983
-0.009605125989764929,0.05992283299565315,0.020829714834690094,0.1472027450799942,0.952125608921051,209.76492309570312,11.119783401489258,0.9798807501792908,-6.866454960174906e-09,25,0.020829714834690094,0.0001733214594423771,3.145473003387451,0.33186736702919006,0.22309289872646332,1743308413.6362464,10,0.4086950421333313,1,0,1.0002288818359375,0.23341834545135498,0.011459371075034142,2578.050323805,84.22502136230469,520000.0,-6626.78466796875,-3.3219542503356934,1.0002288818359375,0.01851106435060501,1.0002288818359375,0.10229901969432831,1.3657054901123047,26,2481.395263671875,0.0015519708395004272,0,-0.2950911521911621,3.6600000858306885,0.00016178771329578012,95.3448257446289,1000,-0.008527252823114395,0,-0.00216494407504797,0.00202141678892076
0.003918047994375229,0.12328284233808517,0.03717387467622757,0.07042428851127625,0.9487378001213074,209.53150939941406,11.020952224731445,0.7334930896759033,-3.051757735406113e-09,26,0.03717387467622757,0.00013639696408063173,1.5361685752868652,0.32176387310028076,0.23498773574829102,1743308509.1704783,10,0.5093575716018677,1,0,1.0005611181259155,0.3235299587249756,0.007267147768288851,2673.41051231,84.43006134033203,540000.0,-1597.8572998046875,-3.352201461791992,1.0005611181259155,0.0369873046875,1.0005611181259155,0.0901116132736206,1.3634148836135864,27,2576.9169921875,-0.004192223306745291,0,-0.28624671697616577,3.680000066757202,0.0003967423108406365,95.45104217529297,1000,-0.004609204828739166,0,-0.0012574682477861643,0.008475233800709248
0.005811005714349449,0.10866660624742508,0.02682534046471119,0.14298944175243378,0.9407699108123779,209.86927795410156,11.126761436462402,0.863460123538971,-6.866454960174906e-09,27,0.02682534046471119,0.00012816893286071718,1.843775749206543,0.33430781960487366,0.21061386168003082,1743308604.53073,10,0.3875722885131836,1,0,1.000200629234314,0.7563869953155518,0.008259664289653301,2768.899464248,84.1706314086914,560000.0,-3948.918212890625,-3.3984148502349854,1.000200629234314,0.025676533579826355,1.000200629234314,0.43285703659057617,1.3562511205673218,28,2672.298583984375,0.0009925165213644505,0,-0.34216126799583435,4.820000171661377,0.00014183820167090744,95.29741668701172,1000,0.0012018008856102824,0,0.0025997424963861704,0.005883192177861929
-0.00023854058235883713,0.07058705389499664,0.026066768914461136,0.5150112509727478,0.9470319151878357,209.5918731689453,11.092652320861816,0.8759338855743408,-4.1961669694501325e-09,28,0.026066768914461136,0.00011313476716168225,1.836612582206726,0.3504381775856018,0.21191729605197906,1743308700.0195968,10,0.4273112416267395,1,0,1.0002210140228271,0.8444576263427734,0.009702065959572792,2864.103553704,84.33086395263672,580000.0,-3837.422119140625,-3.5549683570861816,1.0002208948135376,0.0251961350440979,1.0002210140228271,0.08807063102722168,1.3627513647079468,29,2767.78466796875,0.0014424016699194908,0,-0.3412947952747345,4.769999980926514,0.0001562243269290775,95.42354583740234,1000,0.0009632603032514453,0,0.0022720368579030037,0.005929173901677132
-0.0007256665267050266,0.08359111100435257,0.034061506390571594,0.3419961929321289,0.9504054188728333,210.23464965820312,11.025206565856934,0.7662720680236816,-4.386901952813105e-09,29,0.034061506390571594,0.0001735311816446483,3.2230701446533203,0.30279022455215454,0.23796892166137695,1743308795.2237685,10,0.5160502791404724,1,0,1.001220703125,0.3283129930496216,0.009684077464044094,2959.557598748,84.10655975341797,600000.0,-11818.0439453125,-3.755082368850708,1.001220703125,0.03375415503978729,1.001220703125,-0.5161446332931519,1.3657034635543823,30,2862.98291015625,-1.7988495528697968e-05,0,-0.3488617241382599,4.769999980926514,0.0008632236858829856,95.13179779052734,1000,0.00023759377654641867,0,0.0007692398503422737,0.0019252547062933445
-0.0026016923366114497,0.13437478244304657,0.029849674552679062,0.24278715252876282,0.9657577872276306,209.6898651123047,11.12272834777832,0.8185498714447021,9.155272984173735e-09,30,0.029849674552679062,0.0001438048348063603,1.5930025577545166,0.31359195709228516,0.20540982484817505,1743308890.6777697,10,0.42925143241882324,1,0,0.9989573955535889,0.9037426114082336,0.009424914605915546,3055.091449953,84.2562026977539,620000.0,-3936.508544921875,-3.777193307876587,0.9989573955535889,0.029839638620615005,0.9989573955535889,0.5754296183586121,1.3808884620666504,31,2958.43408203125,-0.00025916285812854767,0,-0.350433886051178,5.570000171661377,0.0007372326799668372,95.37895202636719,1000,-0.002364098560065031,0,0.0002812524326145649,0.007881274446845055
0.0006374871591106057,0.07954907417297363,0.034436121582984924,0.31876158714294434,0.9740894436836243,209.52328491210938,11.057670593261719,0.7620927095413208,1.2207030941624453e-08,31,0.034436121582984924,0.00011846413690363988,2.08050274848938,0.3254714906215668,0.22203196585178375,1743308986.2116644,10,0.499338299036026,1,0,0.9980864524841309,0.7848473191261292,0.006848376709967852,3150.655743273,84.39708709716797,640000.0,-7431.91455078125,-3.9876303672790527,0.9980864524841309,0.03443610668182373,0.9980864524841309,-0.11889529228210449,1.388479232788086,32,3053.96240234375,-0.0025765378959476948,0,-0.3714258372783661,5.860000133514404,0.0013530824799090624,95.45478057861328,1000,-0.0017266114009544253,0,8.264323696494102e-06,0.004620537161827087
-0.002271497738547623,0.14400218427181244,0.0175466351211071,1.4325920343399048,0.9724688529968262,209.4537353515625,11.036314010620117,1.0676230192184448,4.577636492086867e-09,32,0.0175466351211071,0.000106760737253353,1.7246928215026855,0.35095906257629395,0.16610942780971527,1743309081.7759302,10,0.36324721574783325,1,0,0.9997686743736267,0.9556196928024292,0.00839291699230671,3236.088348615,84.45014190673828,660000.0,-3777.916015625,-4.211183071136475,0.9997686743736267,0.01731116883456707,0.9997686743736267,0.17077237367630005,1.3863439559936523,33,3149.528564453125,0.0015445402823388577,0,-0.39991334080696106,5.039999961853027,0.00016358596622012556,95.48648071289062,1000,-0.0039981091395020485,0,-0.0012582496274262667,0.006723661441355944
0.00044727022759616375,0.035223349928855896,0.021225377917289734,0.4074709415435791,0.9846339225769043,234.35020446777344,8.519830703735352,0.9707047939300537,-1.2969969986897922e-08,33,0.021225377917289734,8.215087291318923e-05,2.481220245361328,0.3811563551425934,0.1777195781469345,1743309167.2087035,10,0.4177648425102234,1,0,1.000550627708435,0.2492978572845459,0.00965724978595972,3310.784123992,76.82251739501953,680000.0,-4305.6806640625,-4.031731605529785,1.000550627708435,0.020955093204975128,1.000550627708435,-0.7063218355178833,1.3984451293945312,34,3234.94970703125,0.0012643327936530113,0,-0.40604281425476074,3.740000009536743,0.000389268301660195,85.34236145019531,1000,-0.0035508389119058847,0,-0.0009370452025905252,0.003248613327741623
0.003166458394844085,0.03072383627295494,0.019215019419789314,0.33455684781074524,1.007257103919983,268.1360168457031,8.526172637939453,1.020221471786499,6.103515470812226e-09,34,0.019215019419789314,0.00016435107681900263,5.151824951171875,0.3000658452510834,0.16539783775806427,1743309241.9044747,10,0.38749033212661743,1,0,1.000697374343872,0.15015798807144165,0.008211851119995117,3385.398231787,66.06282043457031,700000.0,-18562.435546875,-3.9087069034576416,1.0006972551345825,0.019204813987016678,1.000697374343872,-0.09913986921310425,1.4221187829971313,35,3309.635009765625,-0.0014453986659646034,0,-0.35109052062034607,3.740000009536743,0.000493061903398484,74.5890121459961,1000,-0.00038438051706179976,0,8.769132546149194e-05,0.0007535325712524354
-0.000563060340937227,0.01998092420399189,0.018492747098207474,0.2930471897125244,1.0196605920791626,268.36016845703125,8.518335342407227,1.0399540662765503,-2.6702879907247734e-09,35,0.018492747098207474,0.00012230472930241376,4.847777843475342,0.3510286509990692,0.16355662047863007,1743309316.5180616,10,0.3778618574142456,1,0,1.0002069473266602,0.17230018973350525,0.008286718279123306,3459.998563689,66.00835418701172,720000.0,-6054.8818359375,-3.7438724040985107,1.0002069473266602,0.018463334068655968,1.0002069473266602,0.0221422016620636,1.435969352722168,36,3384.26708984375,7.486715912818909e-05,0,-0.36135968565940857,2.2699999809265137,0.00014633385580964386,74.5267105102539,1000,-0.0009474408579990268,0,0.00015821063425391912,0.0008510194020345807
-0.0013877552701160312,0.04771760106086731,0.010072534903883934,0.18250735104084015,1.0228685140609741,268.4281311035156,8.502914428710938,1.409111499786377,-2.2888182460434336e-09,36,0.010072534903883934,0.00013277443940751255,4.007162570953369,0.3185403347015381,0.14448751509189606,1743309391.118881,10,0.26057153940200806,1,0,1.0012387037277222,0.1218024492263794,0.007713539991527796,3534.608036378,66.0049057006836,740000.0,-2430.741943359375,-3.3817250728607178,1.0012387037277222,0.009963460266590118,1.0012387037277222,-0.050497740507125854,1.4390445947647095,37,3458.8544921875,-0.0005731782875955105,0,-0.3430626392364502,1.7400000095367432,0.0008758677286095917,74.50784301757812,1000,-0.002335196128115058,0,-0.00036858717794530094,0.0012455254327505827
0.0032202633447013795,0.05050136521458626,0.012589753605425358,0.3663804233074188,1.0418106317520142,268.4322814941406,8.473881721496582,1.2603936195373535,-2.0599363992346298e-08,37,0.012589753605425358,0.00014192807429935783,2.775770664215088,0.31625595688819885,0.17776231467723846,1743309465.7283618,10,0.23886041343212128,1,0,1.0002635717391968,0.6465194225311279,0.007004787679761648,3608.905706391,66.03278350830078,760000.0,-1248.174072265625,-2.8705644607543945,1.0002635717391968,0.012059193104505539,1.0002635717391968,0.5247169733047485,1.4563989639282227,38,3533.45361328125,-0.0007087523117661476,0,-0.2660677433013916,1.7999999523162842,0.00018628910765983164,74.50668334960938,1000,0.0008850672165863216,0,0.001173542346805334,0.0025957399047911167
0.0012465885956771672,0.08050502091646194,0.013692909851670265,0.1980850100517273,1.0568228960037231,269.4884338378906,8.492792129516602,1.2085565328598022,-1.0681151962899094e-08,38,0.013692909851670265,0.0001521470840089023,3.453989267349243,0.3032153844833374,0.15423636138439178,1743309540.0257878,10,0.2948245704174042,1,0,1.0002588033676147,0.27058494091033936,0.006472509820014238,3683.237176264,65.72187042236328,780000.0,-1932.646728515625,-2.8516933917999268,1.0002588033676147,0.012359793297946453,1.0002588033676147,-0.3759344816207886,1.4696623086929321,39,3607.771240234375,-0.0005322778597474098,0,-0.29713618755340576,1.7999999523162842,0.0001829173561418429,74.21468353271484,1000,0.0021316558122634888,0,0.0014949548058211803,0.001676429994404316
0.001558101736009121,0.009171798825263977,0.018169989809393883,0.09093908965587616,1.053679347038269,269.3606262207031,8.524663925170898,1.0491498708724976,-7.629394005448376e-09,39,0.018169989809393883,0.00016880592738743871,24.45170783996582,0.2508038878440857,0.1332501769065857,1743309614.3575263,10,0.37936991453170776,1,0,0.9993554949760437,0.06270669400691986,0.007861161604523659,3757.606194273,65.7252197265625,800000.0,-96857.5,-2.8413727283477783,0.9993554949760437,0.016901716589927673,0.9993554949760437,-0.2078782469034195,1.4672012329101562,40,3682.10302734375,0.0013886517845094204,0,-0.2889381945133209,1.7999999523162842,0.00045577602577395737,74.2499008178711,1000,0.0036897575482726097,0,0.00020597387629095465,3.344119249959476e-05
-0.008989042602479458,0.07339873909950256,0.009195270016789436,0.08072066307067871,1.0543233156204224,269.2178039550781,8.540006637573242,1.4747978448867798,-6.484984993448961e-09,40,0.009195270016789436,0.00012923394388053566,2.525197982788086,0.35598519444465637,0.13213326036930084,1743309688.7265337,10,0.2616761326789856,1,0,0.9997100830078125,0.3263729512691498,0.010599687695503235,3832.166304588,65.749267578125,820000.0,-1515.1937255859375,-2.840900182723999,0.9997100830078125,0.008578870445489883,0.9997100830078125,0.2636662572622299,1.4676450490951538,41,3756.482177734375,0.002738526090979576,0,-0.3158978223800659,2.180000066757202,0.00020497417426668108,74.28929138183594,1000,-0.005299285054206848,0,-0.0013904350344091654,0.0031364455353468657
0.0017684304621070623,0.05789396911859512,0.010662531480193138,0.13619937002658844,1.060408592224121,268.5902099609375,8.503121376037598,1.3695712089538574,-1.907348501362094e-09,41,0.010662531480193138,0.00019550627621356398,3.4638326168060303,0.2896821200847626,0.15864460170269012,1743309763.2862544,10,0.28422534465789795,1,0,1.0002235174179077,0.1243508905172348,0.009736192412674427,3906.713810042,65.9597396850586,840000.0,-2031.024658203125,-2.8016302585601807,1.0002235174179077,0.010477314703166485,1.0002235174179077,-0.20202206075191498,1.4735636711120605,42,3831.0302734375,-0.0008634952828288078,0,-0.30856338143348694,1.840000033378601,0.0001580787793500349,74.46287536621094,1000,-0.003530854592099786,0,-0.000555646198336035,0.0016669153701514006
0.006275403080508113,0.018124422058463097,0.007659140974283218,0.12561368942260742,1.039186954498291,268.6350402832031,8.545845031738281,1.6159379482269287,-6.103515470812226e-09,42,0.007659140974283218,0.00016732607036828995,11.401795387268066,0.28720325231552124,0.1446063220500946,1743309837.8340354,10,0.25630852580070496,1,0,1.0004804134368896,0.061160095036029816,0.010623523965477943,3981.26692124,65.90458679199219,860000.0,-1966.2440185546875,-2.989847421646118,1.0004802942276,0.006552318576723337,1.0004804134368896,-0.06319079548120499,1.4537811279296875,43,3905.56982421875,0.0008873315528035164,0,-0.3021533787250519,0.550000011920929,0.0003397036052774638,74.45045471191406,1000,0.002744548488408327,0,0.00041264892206527293,0.00015383506251964718
-0.004100564867258072,0.0034435871057212353,0.012956555932760239,0.07988878339529037,1.002390742301941,268.58758544921875,8.529069900512695,1.2424246072769165,-6.103515470812226e-09,43,0.012956555932760239,0.0001852241693995893,71.75775146484375,0.17590735852718353,0.17256736755371094,1743309912.387225,10,0.3838482201099396,1,0,1.0005353689193726,0.02452903799712658,0.010480771772563457,4055.822671918,65.93451690673828,880000.0,-77881.2578125,-3.0030837059020996,1.0005353689193726,0.012851860374212265,1.0005353689193726,-0.036631057038903236,1.4176015853881836,44,3980.125,-0.00014275219291448593,0,-0.29330915212631226,0.550000011920929,0.0003784787259064615,74.46360778808594,1000,-0.0013560163788497448,0,-2.0165552996331826e-05,3.874117282975931e-06
0.004045177949592471,0.002142969984561205,0.00776329543441534,0.006151140667498112,0.965931236743927,268.5580749511719,8.526201248168945,1.605061411857605,1.0681151962899094e-08,44,0.00776329543441534,0.00019951575086452067,108.64582061767578,0.14635774493217468,0.1259605437517166,1743309986.9429996,10,0.29507917165756226,1,0,0.9996888637542725,0.016770657151937485,0.011429759673774242,4130.530191734,65.94556427001953,900000.0,-178534.203125,-2.960888147354126,0.9996888637542725,0.0070964982733130455,0.9996888637542725,-0.0077583808451890945,1.3779044151306152,45,4054.687255859375,0.0009489879012107849,0,-0.30153942108154297,0.550000011920929,0.00022000655008014292,74.47178649902344,1000,0.0026891615707427263,0,3.361234121257439e-05,1.6843530374899274e-06
-0.0047196028754115105,0.07467415928840637,0.009443213231861591,0.0034419747535139322,0.9609906077384949,268.0667419433594,8.502141952514648,1.4553078413009644,-3.051757735406113e-09,45,0.009443213231861591,0.00011163177259732038,2.785581588745117,0.344723105430603,0.13306762278079987,1743310061.6504793,10,0.34180378913879395,1,0,0.9996390342712402,0.37712472677230835,0.0136712696403265,4205.130153991,66.10612487792969,920000.0,-168.9811553955078,-2.901542901992798,0.9996390342712402,0.009418051689863205,0.9996390342712402,0.36035406962037086,1.371930718421936,46,4129.3837890625,0.0022415099665522575,0,-0.3104107975959778,0.6600000262260437,0.000255241320701316,74.60828399658203,1000,-0.002030441304668784,0,-0.0002546650357544422,0.0025774873793125153
-0.0005482053384184837,0.03496622294187546,0.00959762278944254,0.3190790116786957,0.9566976428031921,268.402587890625,8.516586303710938,1.4435535669326782,-3.814697002724188e-09,46,0.00959762278944254,0.00012003855226794258,3.578669309616089,0.34729084372520447,0.1519617885351181,1743310136.2502344,10,0.27039065957069397,1,0,1.000423789024353,0.15569545328617096,0.01259002648293972,4279.650934806,65.99832153320312,940000.0,-278.9137878417969,-3.005051851272583,1.000423789024353,0.009541899897158146,1.000423789024353,-0.2214292734861374,1.3687416315078735,47,4203.9931640625,-0.0010812431573867798,0,-0.33547934889793396,0.6600000262260437,0.00029957981314510107,74.51493072509766,1000,-0.002578646643087268,0,-0.0002949928748421371,0.0015616512391716242
0.0033517946721985936,0.012182827107608318,0.007044974248856306,0.024479940533638,0.9531804919242859,268.6779479980469,8.537724494934082,1.6849032640457153,-1.5258788677030566e-09,47,0.007044974248856306,0.00014120008563622832,10.835870742797852,0.33037078380584717,0.17339377105236053,1743310210.7712104,10,0.15835081040859222,1,0,1.0002949237823486,0.0431111603975296,0.010942058637738228,4354.211477327,65.90081024169922,960000.0,-2557.302734375,-3.0772600173950195,1.000294804573059,0.006894821301102638,1.0002949237823486,-0.11258429288864136,1.3653658628463745,48,4278.51708984375,-0.0016479678452014923,0,-0.2993781864643097,0.6600000262260437,0.00020848640997428447,74.43856811523438,1000,0.0007731480291113257,0,0.00015992557746358216,0.00017032440518960357
-0.0025345012545585632,0.05758951976895332,0.005372004117816687,0.008571536280214787,0.9465567469596863,268.5942077636719,8.533257484436035,1.9295073747634888,7.629394005448376e-09,48,0.005372004117816687,0.0001377943845000118,2.316488265991211,0.3596169650554657,0.1259687840938568,1743310285.3316603,10,0.2504073977470398,1,0,0.9998494982719421,0.21238446235656738,0.017676863819360733,4428.619758558,65.92849731445312,980000.0,-525.8595581054688,-2.9670751094818115,0.9998494982719421,0.005323140416294336,0.9998494982719421,0.16927330195903778,1.357290267944336,49,4353.060546875,0.006734805181622505,0,-0.2932015061378479,1.399999976158142,0.00010640674736350775,74.46177673339844,1000,-0.0017613532254472375,0,0.0004267537733539939,0.0037270791362971067
-0.000462023657746613,0.01607838086783886,0.009922615252435207,-0.0005374333122745156,0.9532648921012878,269.1484069824219,8.504302024841309,1.419716715812683,9.155272984173735e-09,49,0.009922615252435207,0.00016679323744028807,16.680391311645508,0.25712987780570984,0.16480682790279388,1743310359.7401192,10,0.284737229347229,1,0,1.0003643035888672,0.058874014765024185,0.01557651162147522,4503.189637946,65.80412292480469,1000000.0,-27267.056640625,-2.9222326278686523,1.0003643035888672,0.009619669988751411,1.0003643035888672,-0.1535104475915432,1.3643690347671509,50,4427.4794921875,-0.0021003521978855133,0,-0.32163116335868835,1.399999976158142,0.0002576015249360353,74.3084487915039,1000,-0.0022233768831938505,0,-0.00014756753807887435,7.18715600669384e-05
-0.00035139196552336216,0.06863195449113846,0.009173078462481499,0.04561762884259224,0.9657832980155945,268.5287780761719,8.502309799194336,1.4765807390213013,-1.5258788677030566e-09,50,0.009173078462481499,0.00012574669381137937,3.0028672218322754,0.32504355907440186,0.15903715789318085,1743310434.309866,10,0.3628346025943756,1,0,0.9989122152328491,0.09090609103441238,0.01224665530025959,4577.684759319,65.97758483886719,1020000.0,-497.0536804199219,-2.797168016433716,0.9989121556282043,0.009153394028544426,0.9989122152328491,0.0320320762693882,1.377785086631775,51,4502.04833984375,-0.0033298563212156296,0,-0.3178241550922394,1.0499999523162842,0.0007691799546591938,74.47991943359375,1000,-0.0025747688487172127,0,-0.00020894943736493587,0.0022179707884788513
0.0010899393819272518,0.0787753090262413,0.007952282205224037,-0.022684970870614052,0.9773664474487305,268.7949523925781,8.535699844360352,1.5858745574951172,9.155272984173735e-09,51,0.007952282205224037,0.00015534684644080698,2.7966725826263428,0.32788795232772827,0.14154379069805145,1743310508.805163,10,0.30821922421455383,1,0,0.9994487762451172,0.1490602344274521,0.014891820028424263,4652.215385159,65.87043762207031,1040000.0,-988.6412353515625,-2.8174405097961426,0.9994487762451172,0.007942053489387035,0.9994487762451172,0.0581541433930397,1.390783667564392,52,4576.54345703125,0.002645164728164673,0,-0.32219699025154114,1.590000033378601,0.0003897459537256509,74.40616607666016,1000,-0.0014848294667899609,0,-0.00016172410687431693,0.002557084197178483
0.0022283236030489206,0.03655253350734711,0.007311467081308365,-0.028413567692041397,0.978497326374054,268.6539611816406,8.526052474975586,1.6539121866226196,-2.6702879907247734e-09,52,0.007311467081308365,0.00010433646093588322,4.7629265785217285,0.35002604126930237,0.14889895915985107,1743310583.3357604,10,0.26042819023132324,1,0,0.9999752044677734,0.16632822155952454,0.015072436071932316,4726.779775371,65.91912841796875,1060000.0,-2867.536865234375,-2.7303130626678467,0.9999752044677734,0.007130678277462721,0.9999752044677734,0.01726798713207245,1.391932487487793,53,4651.07958984375,0.00018061604350805283,0,-0.31507232785224915,1.590000033378601,1.7505037249065936e-05,74.44520568847656,1000,0.0007434941362589598,0,0.00039923362783156335,0.00088161148596555
-0.003998272120952606,0.16294695436954498,0.008762944489717484,0.04015685245394707,0.9782226085662842,268.5356140136719,8.491886138916016,1.5107399225234985,6.103515470812226e-09,53,0.008762944489717484,0.00014018990623299032,1.317338228225708,0.33699432015419006,0.17927297949790955,1743310657.9001534,10,0.18756505846977234,1,0,0.9986141920089722,0.27685949206352234,0.010334542952477932,4801.281515096,65.9861068725586,1080000.0,-357.5463562011719,-2.7881503105163574,0.9986141324043274,0.008761334232985973,0.9986141920089722,0.1105312705039978,1.391845703125,54,4725.64208984375,-0.004737893119454384,0,-0.28555741906166077,2.0299999713897705,0.0009799142135307193,74.47801971435547,1000,-0.0032547779846936464,0,0.00013623619452118874,0.01152484305202961
0.003943729854654521,0.09399078041315079,0.008850537240505219,0.18082576990127563,0.9821353554725647,268.80126953125,8.46670913696289,1.50324547290802,-7.629394005448376e-09,54,0.008850537240505219,0.00013966637197881937,2.459301471710205,0.33685654401779175,0.18044187128543854,1743310732.4018457,10,0.22509941458702087,1,0,0.9997917413711548,0.23901650309562683,0.011054365895688534,4875.729275975,65.93768310546875,1100000.0,-1641.7236328125,-2.6840014457702637,0.99979168176651,0.008407862856984138,0.9997917413711548,-0.03784298896789551,1.395189881324768,55,4800.1328125,0.0007198229432106018,0,-0.26233071088790894,2.3299999237060547,0.00014728918904438615,74.40441131591797,1000,0.0006889518699608743,0,0.0012098894221708179,0.0033067790791392326
-0.0033648681710474193,0.08617576956748962,0.006015159655362368,0.045006163418293,0.9888816475868225,269.0063171386719,8.516239166259766,1.823438286781311,5.1498409980865745e-09,55,0.006015159655362368,9.368740575155243e-05,1.8788079023361206,0.36936959624290466,0.1369151473045349,1743310806.849649,10,0.239698588848114,1,0,0.9999527335166931,0.30328482389450073,0.01441270299255848,4950.198348757,65.83143615722656,1120000.0,-1567.3345947265625,-2.70009708404541,0.9999527335166931,0.005990189500153065,0.9999527335166931,0.0642683207988739,1.4007364511489868,56,4874.57861328125,0.0033583370968699455,0,-0.23532138764858246,2.9800000190734863,3.343650678289123e-05,74.34769439697266,1000,-0.002675916301086545,0,-0.00037613604217767715,0.005665842443704605
0.0006006073672324419,0.05707748979330063,0.00839659757912159,0.4341846704483032,0.9824272990226746,268.84503173828125,8.533967018127441,1.5433450937271118,-9.155272984173735e-09,56,0.00839659757912159,0.00011457598156994209,1.6809399127960205,0.34043845534324646,0.1634446382522583,1743310881.3185928,10,0.2932097017765045,1,0,0.999693751335144,0.5108874440193176,0.015617629513144493,5025.66633993,65.85831451416016,1140000.0,-1029.8963623046875,-2.5904083251953125,0.9996936917304993,0.008295640349388123,0.999693751335144,0.2076026201248169,1.3936290740966797,57,4949.07080078125,0.0012049265205860138,0,-0.2712324559688568,2.700000047683716,0.0002166066988138482,74.39229583740234,1000,-0.002075308933854103,0,0.000845340546220541,0.007078235037624836
0.0007201433181762695,0.05719660967588425,0.005023130215704441,0.1966838836669922,0.9864556193351746,265.3000793457031,8.504437446594238,1.9953879117965698,0.0,57,0.005023130215704441,9.76483934209682e-05,2.1307222843170166,0.36599305272102356,0.1375102549791336,1743310956.78667,10,0.2059643566608429,1,0,0.9998059272766113,0.44226813316345215,0.013850891031324863,5100.551524991,66.88187408447266,1160000.0,-2457.03857421875,-2.6153392791748047,0.9998059272766113,0.004910302348434925,0.9998059272766113,-0.06861931085586548,1.3968696594238281,58,5024.53173828125,-0.0017667384818196297,0,-0.2546497881412506,3.2899999618530273,0.00013720204879064113,75.3863296508789,1000,-0.0013551656156778336,0,0.0007050119456835091,0.0044052982702851295
-0.00032811996061354876,0.06627684831619263,0.00582736823707819,0.3517761528491974,0.993344247341156,268.5314636230469,8.52775764465332,1.852586030960083,-3.814697002724188e-09,58,0.00582736823707819,0.000276949314866215,4.186190128326416,0.29184868931770325,0.1561632752418518,1743311031.6719112,10,0.17381714284420013,1,0,1.0011224746704102,0.08393984287977219,0.017980189993977547,5174.911100855,65.95138549804688,1180000.0,-3900.95166015625,-2.6306333541870117,1.0011224746704102,0.00582305621355772,1.0011224746704102,-0.35832829028367996,1.4023057222366333,59,5099.09326171875,0.004129298962652683,0,-0.2585082948207855,2.109999895095825,0.0007937656482681632,74.47916412353516,1000,-0.0016832855762913823,0,7.015103619778529e-05,0.0011412695748731494
0.0013694551889784634,0.01045976486057043,0.010294412262737751,0.2839414179325104,0.9928128123283386,269.248046875,8.545289993286133,1.3938435316085815,3.814697002724188e-09,59,0.010294412262737751,0.00016634981147944927,15.163745880126953,0.2788606584072113,0.17070069909095764,1743311106.0314505,10,0.3738286793231964,1,0,1.0004467964172363,0.0442359633743763,0.014430600218474865,5249.25348291,65.73564147949219,1200000.0,-37665.16796875,-2.664801597595215,1.0004467964172363,0.010293755680322647,1.0004467964172363,-0.03970387950539589,1.399538516998291,60,5173.78125,-0.0035495897755026817,0,-0.24778835475444794,1.809999942779541,0.00031593278981745243,74.28094482421875,1000,-0.0003138303873129189,0,-7.556096534244716e-06,8.696952136233449e-05
0.0007772826938889921,0.08456337451934814,0.007201868109405041,0.31084105372428894,0.9954668879508972,269.32666015625,8.508465766906738,1.6664493083953857,-2.6702879907247734e-09,60,0.007201868109405041,0.00013174698688089848,1.9438427686691284,0.3276187777519226,0.18004398047924042,1743311180.373815,10,0.20216180384159088,1,0,0.9998800754547119,0.15938206017017365,0.015998128801584244,5323.757951837,65.75078582763672,1220000.0,-605.3185424804688,-2.614725351333618,0.9998800754547119,0.006336527410894632,0.9998800754547119,0.11514609679579735,1.402653694152832,61,5248.119140625,0.0015675285831093788,0,-0.28245359659194946,1.7899999618530273,8.479945972794667e-05,74.25926971435547,1000,0.00046345230657607317,0,0.002140165539458394,0.005293061025440693
-0.004222209914587438,0.052171483635902405,0.008468955755233765,0.30927759408950806,1.0000983476638794,268.8141174316406,8.503323554992676,1.5367379188537598,3.051757735406113e-09,61,0.008468955755233765,0.00012599241745192558,3.9926741123199463,0.3190290033817291,0.1794627159833908,1743311254.8781202,10,0.17991825938224792,1,0,0.9999925494194031,0.12769293785095215,0.017398657277226448,5398.204893386,65.89751434326172,1240000.0,-2468.991455078125,-2.665771722793579,0.9999925494194031,0.007629307918250561,0.9999925494194031,-0.0316891223192215,1.4078093767166138,62,5322.61279296875,0.0014005284756422043,0,-0.3037797212600708,1.7599999904632568,5.254344614513684e-06,74.4008560180664,1000,-0.003758757608011365,0,-0.001026360085234046,0.0012545811478048563
0.0014468275476247072,0.13483358919620514,0.007068277336657047,0.26425832509994507,0.9984082579612732,268.9458923339844,8.517915725708008,1.6821235418319702,3.2424924967244806e-09,62,0.007068277336657047,0.00018101664318237454,1.378929615020752,0.3116803765296936,0.1631418764591217,1743311329.3251562,10,0.3032838702201843,1,0,0.9990279674530029,0.16941878199577332,0.01572958566248417,5472.686889361,65.8464584350586,1260000.0,-294.4761047363281,-2.591805934906006,0.9990279674530029,0.007049412466585636,0.9990279674530029,0.04172584414482117,1.4050531387329102,63,5397.0712890625,-0.001669071614742279,0,-0.277649849653244,1.7599999904632568,0.0006873307866044343,74.36439514160156,1000,-0.0023119300603866577,0,0.0004454483278095722,0.010518294759094715
0.001750108553096652,0.01597778871655464,0.0098678357899189,0.2636582553386688,0.9987099170684814,268.8480224609375,8.499364852905273,1.4236518144607544,-1.678466787780053e-08,63,0.0098678357899189,0.00013389896776061505,11.556623458862305,0.319283664226532,0.2082020491361618,1743311403.8072314,10,0.2354208379983902,1,0,1.0002673864364624,0.038288991898298264,0.014289573766291142,5546.93303102,65.89208221435547,1280000.0,-20685.0625,-2.7562029361724854,1.0002673864364624,0.009856663644313812,1.0002673864364624,-0.13112979009747505,1.4052993059158325,64,5471.55419921875,-0.0014400118961930275,0,-0.23474299907684326,1.7599999904632568,0.0001890426647150889,74.39147186279297,1000,-0.0005618215072900057,0,-4.090197762707248e-05,0.0001497404300607741
-0.0028500480111688375,0.22903771698474884,0.0067372797057032585,0.23366469144821167,1.005681037902832,269.7531433105469,8.47475528717041,1.7229489088058472,1.3351439953623867e-09,64,0.0067372797057032585,0.00014603312592953444,0.9973126649856567,0.3235642910003662,0.17921975255012512,1743311478.0533428,10,0.15021587908267975,1,0,0.9999924898147583,0.13632158935070038,0.015428777784109116,5621.232922534,65.6670913696289,1300000.0,-384.325927734375,-2.7542574405670166,0.9999924302101135,0.006599390879273415,0.9999924898147583,0.09803259745240211,1.4136638641357422,65,5545.7763671875,0.001139204017817974,0,-0.27367469668388367,2.7799999713897705,5.338637947716052e-06,74.1418685913086,1000,-0.0034118695184588432,0,0.001665129791945219,0.020107919350266457
-0.001165375579148531,0.2147252857685089,0.007895946502685547,0.31005391478538513,1.012008786201477,269.5167236328125,8.496306419372559,1.5915218591690063,-5.7220459481754915e-09,65,0.007895946502685547,0.00017504149582237005,0.9269981384277344,0.2965761423110962,0.17385970056056976,1743311552.353216,10,0.23900024592876434,1,0,0.9995538592338562,0.5765233635902405,0.01685670204460621,5695.443479557,65.7105712890625,1320000.0,-476.4287414550781,-2.9584619998931885,0.9995538592338562,0.00789335835725069,0.9995538592338562,0.4402017742395401,1.4221402406692505,66,5620.09912109375,0.0014279242604970932,0,-0.3166961669921875,3.3299999237060547,0.0003154831938445568,74.20690155029297,1000,-0.004577245097607374,0,-0.0002454138593748212,0.023274056613445282
0.003340036724694073,0.0781332403421402,0.010076024569571018,0.23787221312522888,1.0040181875228882,269.899169921875,8.504005432128906,1.408867597579956,-3.6239622414058204e-09,66,0.010076024569571018,0.00014699608436785638,2.097834587097168,0.31468430161476135,0.1500960886478424,1743311626.563839,10,0.47982606291770935,1,0,1.000110387802124,0.2139883190393448,0.011925681494176388,5769.795680841,65.59771728515625,1340000.0,-3364.057861328125,-3.0206093788146973,1.0001102685928345,0.010043579153716564,1.000110387802124,-0.3625350445508957,1.4141243696212769,67,5694.28369140625,-0.004931020550429821,0,-0.2622303068637848,3.9100000858306885,7.805605127941817e-05,74.10174560546875,1000,-0.001237208372913301,0,0.0003839882556349039,0.004544504452496767
-0.0037468808004632592,0.1420469880104065,0.00717269629240036,0.807858407497406,0.9951338171958923,269.3221740722656,8.504068374633789,1.6698346138000488,-2.6702879907247734e-09,67,0.00717269629240036,0.00012308602163102478,1.2268297672271729,0.3231234848499298,0.18059150874614716,1743311700.915953,10,0.2320972979068756,1,0,1.0008662939071655,0.4297891855239868,0.013615240342915058,5844.12277053,65.75640869140625,1360000.0,-1138.7548828125,-3.0243637561798096,1.0008662939071655,0.006938552018254995,1.0008662939071655,0.21580086648464203,1.4038039445877075,68,5768.65234375,0.0016895588487386703,0,-0.2726272940635681,3.890000104904175,0.0006125904037617147,74.26050567626953,1000,-0.00498408917337656,0,-0.0017638945719227195,0.0132880425080657
0.0014081215485930443,0.08004412055015564,0.007885882630944252,0.6764541268348694,1.0057297945022583,269.39556884765625,8.50207233428955,1.5925370454788208,3.051757735406113e-09,68,0.007885882630944252,0.00016564161342103034,2.399940013885498,0.2860417366027832,0.1602661907672882,1743311775.2431087,10,0.35746514797210693,1,0,0.9997703433036804,0.18638290464878082,0.015383249148726463,5918.115817732,65.7381820678711,1380000.0,-4912.12158203125,-2.980534076690674,0.9997703433036804,0.0076866536401212215,0.9997703433036804,-0.243406280875206,1.4131208658218384,69,5842.9853515625,0.0017680088058114052,0,-0.2564738690853119,4.130000114440918,0.0001624339638510719,74.24027252197266,1000,-0.003575967624783516,0,-0.0008317467290908098,0.0034723859280347824
0.0009564429055899382,0.08848670870065689,0.0063460771925747395,0.3952646851539612,1.0142415761947632,270.5228576660156,8.505674362182617,1.775260090827942,-5.054473728449693e-09,69,0.0063460771925747395,0.00011307044042041525,1.3380550146102905,0.34438154101371765,0.15892289578914642,1743311849.23617,10,0.26542577147483826,1,0,0.99957275390625,0.6854003667831421,0.01543348841369152,5992.415315864,65.42521667480469,1400000.0,-1609.3265380859375,-3.040334701538086,0.99957275390625,0.00629455829039216,0.99957275390625,0.49901746213436127,1.4196678400039673,70,5917.0009765625,5.023926496505737e-05,0,-0.29355356097221375,4.239999771118164,0.00030213670106604695,73.930908203125,1000,-0.0026195247191935778,0,0.0007586188148707151,0.011170733720064163
-0.0016003234777599573,0.12406366318464279,0.008568434044718742,0.5235878825187683,1.001605749130249,269.43975830078125,8.522624969482422,1.5277912616729736,6.103515470812226e-09,70,0.008568434044718742,0.00015601077757310122,1.42374849319458,0.3323979377746582,0.1770457923412323,1743311923.5357022,10,0.33146557211875916,1,0,1.0004749298095703,0.5247865319252014,0.016396649181842804,6066.808405494,65.70543670654297,1420000.0,-1320.822265625,-3.126359224319458,1.0004749298095703,0.008549865335226059,1.0004749298095703,-0.16061383485794067,1.4076546430587769,71,5991.29296875,0.0009631607681512833,0,-0.29631391167640686,3.609999895095825,0.00033588227233849466,74.22809600830078,1000,-0.004219848196953535,0,-0.0004280289285816252,0.009866496548056602
0.002831538557074964,0.06753360480070114,0.009562937542796135,0.3524635136127472,0.9939127564430237,269.1539306640625,8.493731498718262,1.4461692571640015,-3.8146971692576415e-10,71,0.009562937542796135,0.00016183554544113576,2.8515892028808594,0.3180249333381653,0.18379464745521545,1743311997.9284859,10,0.4165094196796417,1,0,1.0009788274765015,0.24483424425125122,0.01720864698290825,6140.878588276,65.81317138671875,1440000.0,-4294.46044921875,-3.2455577850341797,1.0009788274765015,0.009544013999402523,1.0009788274765015,-0.2799522876739502,1.4002193212509155,72,6065.67041015625,0.000811997801065445,0,-0.3106500506401062,3.25,0.0006921074818819761,74.30692291259766,1000,-0.001388309639878571,0,-0.0002157416893169284,0.0024595423601567745
-0.0010539049981161952,0.0634431540966034,0.01049303263425827,0.2341945320367813,0.992088794708252,270.296875,8.468053817749023,1.3805885314941406,7.629394338515283e-10,72,0.01049303263425827,0.00014600984286516905,2.066690683364868,0.3220074772834778,0.19309312105178833,1743312071.9989183,10,0.31230980157852173,1,0,0.9989829063415527,0.1108589693903923,0.012360296212136745,6215.120494678,65.52464294433594,1460000.0,-1820.8824462890625,-3.343174457550049,0.9989829063415527,0.010307027027010918,0.9989829063415527,-0.13397527486085892,1.39779794216156,73,6139.74853515625,-0.0048483507707715034,0,-0.3278721272945404,2.9200000762939453,0.0007192219491116703,73.99271392822266,1000,-0.0024422146379947662,0,-0.0009332605986855924,0.004682503640651703
0.0003592558205127716,0.03302254155278206,0.00805747415870428,0.25483059883117676,0.9944626688957214,269.6563415527344,8.538558959960938,1.575488567352295,-1.5258788677030566e-09,73,0.00805747415870428,0.00018824744620360434,7.284261703491211,0.28005579113960266,0.18897733092308044,1743312146.240709,10,0.2558595836162567,1,0,1.001380443572998,0.08709394931793213,0.017143677920103073,6289.478182389,65.62989807128906,1480000.0,-19055.056640625,-3.3763747215270996,1.001380443572998,0.008007572032511234,1.001380443572998,-0.023765020072460175,1.4004017114639282,74,6213.99560546875,0.004783381707966328,0,-0.31807753443717957,2.680000066757202,0.0009761209948919713,74.1684799194336,1000,-0.0020829588174819946,0,-0.00013714784290641546,0.0003769184404518455
-0.003389716614037752,0.32591894268989563,0.009759435430169106,0.12251906841993332,0.9969872832298279,269.2962341308594,8.524028778076172,1.4315364360809326,1.5258788677030566e-09,74,0.009759435430169106,0.0001650330814300105,0.9325496554374695,0.28874093294143677,0.18586669862270355,1743312220.598472,10,0.369135320186615,1,0,0.9999758005142212,0.626321017742157,0.013819358311593533,6363.868793593,65.74360656738281,1500000.0,-595.2546997070312,-3.40289306640625,0.9999757409095764,0.009757130406796932,0.9999758005142212,0.5392270684242249,1.4034065008163452,75,6288.3369140625,-0.0033243196085095406,0,-0.3414261043071747,3.700000047683716,1.713972960715182e-05,74.26766204833984,1000,-0.005472675431519747,0,0.0002302355132997036,0.02299777790904045
0.00420562329236418,0.0516892671585083,0.010855193249881268,0.23891142010688782,0.9862509369850159,269.18310546875,8.51400089263916,1.357362985610962,-3.814697002724188e-09,75,0.010855193249881268,0.00017276116705033928,2.449286699295044,0.3039887547492981,0.19852012395858765,1743312294.9891129,10,0.20702363550662994,1,0,0.9996477961540222,0.22732318937778473,0.01575952209532261,6438.351036359,65.78485107421875,1520000.0,-2790.267333984375,-3.3590331077575684,0.9996477961540222,0.010713656432926655,0.9996477961540222,-0.39899782836437225,1.3946512937545776,76,6362.72607421875,0.0019401637837290764,0,-0.31446534395217896,3.049999952316284,0.0002490597835276276,74.29887390136719,1000,-0.0012670521391555667,0,0.0006869260687381029,0.00333387590944767
-0.0029834305169060826,0.10546233505010605,0.008830515667796135,0.21108686923980713,0.9876279830932617,268.9302978515625,8.520509719848633,1.5049487352371216,6.866454960174906e-09,76,0.008830515667796135,0.00014506332809105515,1.8929227590560913,0.3092886507511139,0.16505630314350128,1743312369.471422,10,0.3282204866409302,1,0,0.9989916682243347,0.17845401167869568,0.011672387830913067,6512.712802045,65.84818267822266,1540000.0,-1527.5513916015625,-3.3465771675109863,0.9989916682243347,0.008683091029524803,0.9989916682243347,-0.04886917769908905,1.3972688913345337,77,6437.18701171875,-0.004087134264409542,0,-0.2771286964416504,2.9200000762939453,0.0007130122976377606,74.36871337890625,1000,-0.004250482656061649,0,-0.0009071262320503592,0.005581661127507687
0.004070823342772201,0.018007222563028336,0.008992902934551239,0.029888207092881203,0.9895474314689636,269.24591064453125,8.533559799194336,1.4912991523742676,-5.340575981449547e-09,77,0.008992902934551239,0.00014418622595258057,7.4961419105529785,0.308671236038208,0.19861949980258942,1743312443.8331938,10,0.23785357177257538,1,0,0.9991152286529541,0.0653708428144455,0.0151135865598917,6587.193752598,65.74795532226562,1560000.0,-20179.705078125,-3.4127306938171387,0.9991152286529541,0.008831441402435303,0.9991152286529541,-0.11308316886425018,1.3993643522262573,78,6511.58056640625,0.003441198728978634,0,-0.3197041451931,2.680000066757202,0.000625627813860774,74.28153228759766,1000,-0.00017965931328944862,0,0.00023972438066266477,0.0003559115866664797
-0.002481850591721013,0.006933566648513079,0.00931737944483757,0.08751273900270462,0.9852320551872253,268.8736572265625,8.538647651672363,1.4651020765304565,9.155272984173735e-09,78,0.00931737944483757,0.00017806407413445413,25.722679138183594,0.24009102582931519,0.1582592874765396,1743312518.3137572,10,0.36282411217689514,1,0,1.0000414848327637,0.031274229288101196,0.01719576120376587,6661.41112009,65.84571838378906,1580000.0,-237613.984375,-3.473201274871826,1.0000414848327637,0.008713070303201675,1.0000414848327637,-0.0340966135263443,1.3945621252059937,79,6586.05615234375,0.0020821746438741684,0,-0.3185841143131256,2.680000066757202,2.933420728368219e-05,74.38438415527344,1000,-0.002661509905010462,0,-0.00013515380851458758,3.0217173843993805e-05
0.0015415942762047052,0.07540830969810486,0.010792848654091358,0.06803879141807556,0.9818222522735596,269.7880859375,8.526082038879395,1.36127769947052,2.2888182460434336e-09,79,0.010792848654091358,0.00010605691932141781,2.2527098655700684,0.3449029326438904,0.17580291628837585,1743312592.5315115,10,0.40279608964920044,1,0,1.0003752708435059,0.190375417470932,0.011570396833121777,6735.613095664,65.60615539550781,1600000.0,-274.4198303222656,-3.5364954471588135,1.0003752708435059,0.010725240223109722,1.0003752708435059,0.1591011881828308,1.3919800519943237,80,6660.2734375,-0.0056253643706440926,0,-0.284358412027359,1.0399999618530273,0.000265356560703367,74.13225555419922,1000,-0.0011199156288057566,0,0.0005161894951015711,0.00394110893830657
0.0024313459871336818,0.016559462994337082,0.0061612422578036785,0.08590523898601532,0.9826214909553528,269.8164367675781,8.508916854858398,1.8016917705535889,3.814697002724188e-09,80,0.0061612422578036785,0.0001683665905147791,18.465818405151367,0.27597686648368835,0.1680700182914734,1743312666.733495,10,0.16972121596336365,1,0,1.0000667572021484,0.058366384357213974,0.017727527767419815,6811.006743931,65.61553955078125,1620000.0,-11745.2587890625,-3.335495710372925,1.0000667572021484,0.005888733547180891,1.0000667572021484,-0.13200903311371803,1.3936043977737427,81,6734.48291015625,0.0061571309342980385,0,-0.268905907869339,0.8299999833106995,4.720447032013908e-05,74.12447357177734,1000,0.0013114303583279252,0,0.00012642607907764614,5.864335980731994e-05
-0.004089139983989298,0.09619726985692978,0.006959383841603994,0.011697690933942795,0.9881477355957031,265.62225341796875,8.528922080993652,1.6952325105667114,1.0299681996173149e-08,81,0.006959383841603994,0.00012349500320851803,2.1094069480895996,0.32433563470840454,0.14508318901062012,1743312742.1271071,10,0.2656432092189789,1,0,1.001299262046814,0.21773351728916168,0.018113302066922188,6885.260149479,66.76596069335938,1640000.0,-236.00888061523438,-3.3363559246063232,1.001299262046814,0.006948340218514204,1.001299262046814,0.1593671329319477,1.399623990058899,82,6809.85693359375,0.00038577429950237274,0,-0.3122312128543854,1.0299999713897705,0.0009187450632452965,75.2948989868164,1000,-0.002777709625661373,0,-0.0002227980876341462,0.00449477881193161
-0.0005885954014956951,0.13041914999485016,0.005611465312540531,-0.01812913455069065,0.9888041615486145,269.6334228515625,8.49636459350586,1.8878891468048096,0.0,82,0.005611465312540531,0.0001423862122464925,1.9644889831542969,0.2922153174877167,0.1408807635307312,1743312816.3804321,10,0.18886983394622803,1,0,0.9996964335441589,0.2387603521347046,0.01558540016412735,6959.558636119,65.67839050292969,1660000.0,-445.7967834472656,-3.3897316455841064,0.9996964335441589,0.005319495219737291,0.9996964335441589,0.021026834845542908,1.4008628129959106,83,6884.12890625,-0.002527901902794838,0,-0.3209144175052643,1.5199999809265137,0.0002146398473996669,74.17478942871094,1000,-0.0033663050271570683,0,-0.0012300838716328144,0.005182388238608837
4.291674122214317e-05,0.16552579402923584,0.008983883075416088,0.1598333716392517,0.9938163161277771,269.46533203125,8.517335891723633,1.492047667503357,0.0,83,0.008983883075416088,0.0001776702411007136,1.4731251001358032,0.3101106882095337,0.17508308589458466,1743312890.6788692,10,0.24469752609729767,1,0,1.0002117156982422,0.3759065866470337,0.014233670197427273,7033.918264455,65.70367431640625,1680000.0,-559.0947875976562,-3.229832649230957,1.0002117156982422,0.00895728636533022,1.0002117156982422,0.1371462345123291,1.4057515859603882,84,6958.43017578125,-0.001351729966700077,0,-0.2961188852787018,2.2699999809265137,0.0001497056073276326,74.2210464477539,1000,-0.003323388285934925,0,0.0004950950387865305,0.00921616517007351
-0.00035455008037388325,0.10398177057504654,0.006296643055975437,0.2120620608329773,0.9927287101745605,269.2605895996094,8.512322425842285,1.7822149991989136,7.629394005448376e-09,84,0.006296643055975437,0.0001420049520675093,1.3994101285934448,0.333199679851532,0.14949755370616913,1743312965.0385237,10,0.1290903389453888,1,0,1.0000572204589844,0.4075929820537567,0.01625230349600315,7108.08641182,65.76515197753906,1700000.0,-435.9181823730469,-3.2410507202148438,1.0000572204589844,0.006212249863892794,1.0000572204589844,0.03168639540672302,1.4041041135787964,85,7032.78466796875,0.002018633298575878,0,-0.3324022591114044,2.109999895095825,4.0404855099041015e-05,74.2774887084961,1000,-0.0036779383663088083,0,-0.0009283749386668205,0.010212674736976624
0.0015607473906129599,0.07440508157014847,0.006068505346775055,0.13172072172164917,0.9902202486991882,269.90850830078125,8.483110427856445,1.815406084060669,-4.577636492086867e-09,85,0.006068505346775055,0.00016699361731298268,2.291372299194336,0.32369253039360046,0.14499852061271667,1743313039.206658,10,0.2466631382703781,1,0,0.9988157153129578,0.2823629081249237,0.013225674629211426,7182.40141175,65.61605072021484,1720000.0,-1927.9483642578125,-3.359478235244751,0.9988157153129578,0.006031681317836046,0.9988157153129578,-0.125230073928833,1.402177333831787,86,7106.9658203125,-0.003026628866791725,0,-0.29554060101509094,2.7100000381469727,0.0008374016615562141,74.09918212890625,1000,-0.0021171909756958485,0,0.00037452782271429896,0.003809233196079731
0.0037453382974490523,0.06914619356393814,0.00850688386708498,0.1484064906835556,0.9896287322044373,269.4591064453125,8.514747619628906,1.5333082675933838,-8.392333938900265e-09,86,0.00850688386708498,0.00012796607916243374,1.9600623846054077,0.33601757884025574,0.17843027412891388,1743313113.5217717,10,0.17330817878246307,1,0,0.9985055327415466,0.21894408762454987,0.01645330898463726,7256.650405895,65.7080078125,1740000.0,-1463.26171875,-3.3143310546875,0.9985055327415466,0.007937104441225529,0.9985055327415466,-0.06341882050037384,1.4017413854599,87,7181.26171875,0.0032276343554258347,0,-0.35212668776512146,2.759999990463257,0.00105676194652915,74.22277069091797,1000,0.0016281473217532039,0,0.0017222585156559944,0.005205823108553886
-0.0033475421369075775,0.025921331718564034,0.006407762877643108,0.09806077927350998,0.9841737747192383,269.6614685058594,8.470027923583984,1.76669442653656,-6.866454960174906e-09,87,0.006407762877643108,0.00013603568368125707,8.93955135345459,0.30654317140579224,0.15326084196567535,1743313187.7707486,10,0.18686655163764954,1,0,1.0006126165390015,0.054279375821352005,0.012761938385665417,7330.856291226,65.697021484375,1760000.0,-20589.828125,-3.2396509647369385,1.0006126165390015,0.006338279228657484,1.0006126165390015,-0.16466471180319786,1.3967880010604858,88,7255.52685546875,-0.0036913705989718437,0,-0.2995034158229828,2.2699999809265137,0.0004332133976276964,74.16706848144531,1000,-0.0017193948151543736,0,-0.0001318685244768858,0.0002502540883142501
0.00020556605886667967,0.2329050749540329,0.0085486751049757,0.12227267026901245,0.9725142121315002,269.8187255859375,8.478118896484375,1.5295557975769043,4.00543198608716e-09,88,0.0085486751049757,0.0001413687423337251,0.8872082233428955,0.29984721541404724,0.1786571443080902,1743313261.976582,10,0.29062291979789734,1,0,0.9998642206192017,0.8672745823860168,0.014824734069406986,7405.225732085,65.64570617675781,1780000.0,-532.9671630859375,-3.163555383682251,0.9998641610145569,0.007094753440469503,0.9998642206192017,0.8129952065646648,1.3852742910385132,89,7329.7236328125,0.0020627956837415695,0,-0.3369831442832947,3.680000066757202,9.603862417861819e-05,74.12384033203125,1000,-0.001513828756287694,0,0.006077989470213652,0.025408482179045677
0.00027562608011066914,0.04113772511482239,0.007769252173602581,0.06745645403862,0.9670619368553162,269.24127197265625,8.497162818908691,1.6044460535049438,3.433227480087453e-09,89,0.007769252173602581,0.0001343915209872648,4.682318687438965,0.3281153738498688,0.1876055747270584,1743313336.3459659,10,0.20811744034290314,1,0,1.0010617971420288,0.10074066370725632,0.011382062919437885,7479.643486564,65.78562927246094,1800000.0,-12155.6923828125,-3.2863335609436035,1.0010617971420288,0.007765486836433411,1.0010617971420288,-0.7665339186787605,1.3796029090881348,90,7404.08740234375,-0.003442671149969101,0,-0.3277447521686554,3.3299999237060547,0.0007508320268243551,74.28282165527344,1000,-0.0012382026761770248,0,-5.8606325183063745e-05,0.0009122277842834592
-0.0021979468874633312,0.049330148845911026,0.006918694823980331,0.12371231615543365,0.9652758240699768,269.0675964355469,8.530189514160156,1.7002100944519043,-4.577636492086867e-09,90,0.006918694823980331,0.00013994681648910046,2.638740301132202,0.3262200355529785,0.15905141830444336,1743313410.763837,10,0.2631232738494873,1,0,0.9991923570632935,0.18498313426971436,0.011985144577920437,7553.831258655,65.80055236816406,1820000.0,-3498.4794921875,-3.4211199283599854,0.9991922974586487,0.006804870441555977,0.9991923570632935,0.08424247056245804,1.3779493570327759,91,7478.50439453125,0.0006030816584825516,0,-0.3388059437274933,3.1700000762939453,0.0005711179110221565,74.33076477050781,1000,-0.003436149563640356,0,-0.0005717891035601497,0.002872335957363248
0.0010696612298488617,0.11376732587814331,0.009200088679790497,0.08320356160402298,0.9632878303527832,269.9456481933594,8.5126314163208,1.4744116067886353,-7.629394005448376e-09,91,0.009200088679790497,0.00012336322106420994,1.8703676462173462,0.34056851267814636,0.1730634719133377,1743313484.9515676,10,0.323064923286438,1,0,0.9992580413818359,0.22204124927520752,0.014272164553403854,7628.33885103,65.57633972167969,1840000.0,-1691.7633056640625,-3.423112154006958,0.9992580413818359,0.009199918247759342,0.9992580413818359,0.037058115005493164,1.3759616613388062,92,7552.68017578125,0.0022870199754834175,0,-0.3379509449005127,3.109999895095825,0.0005246720393188298,74.0889892578125,1000,-0.0023664883337914944,0,3.122026100754738e-05,0.005717093124985695
0.0005322034703567624,0.0479840412735939,0.01124090887606144,0.07919853180646896,0.9642530083656311,268.8836364746094,8.52001953125,1.3338717222213745,2.2888182460434336e-09,92,0.01124090887606144,0.00015458172129001468,3.349250555038452,0.3255939483642578,0.19489797949790955,1743313559.4586375,10,0.37566062808036804,1,0,0.9999507665634155,0.28975728154182434,0.011385039426386356,7702.731462743,65.86158752441406,1860000.0,-7472.2236328125,-3.537492275238037,0.9999507069587708,0.011211257427930832,0.9999507665634155,0.06771603226661682,1.3769077062606812,93,7627.16162109375,-0.002887125127017498,0,-0.34520918130874634,3.6500000953674316,3.481334715615958e-05,74.38162231445312,1000,-0.001834284863434732,0,-0.00022992637241259217,0.0017829218413680792
0.0008814692264422774,0.04603222757577896,0.012763537466526031,-0.011481992900371552,0.9632704854011536,269.2066345214844,8.519676208496094,1.2517837285995483,4.577636492086867e-09,93,0.012763537466526031,0.00010168056178372353,2.216463565826416,0.3526476323604584,0.21038322150707245,1743313633.8518138,10,0.4283311069011688,1,0,1.0004463195800781,0.07383302599191666,0.009206130169332027,7777.047722747,65.7726821899414,1880000.0,-804.70654296875,-3.657320976257324,1.0004463195800781,0.012605555355548859,1.0004463195800781,-0.21592425554990768,1.3757075071334839,94,7701.58837890625,-0.002178909257054329,0,-0.34087708592414856,1.809999942779541,0.00031553939334116876,74.2923812866211,1000,-0.0009528156369924545,0,0.0008019714150577784,0.0040710619650781155
0.00020504300482571125,0.0065394057892262936,0.008212507702410221,0.03381975367665291,0.9664307236671448,269.4525146484375,8.530305862426758,1.560546875,-1.5258788677030566e-09,94,0.008212507702410221,0.0001279260468436405,39.46253204345703,0.25711262226104736,0.15791071951389313,1743313708.168089,10,0.3788721263408661,1,0,1.0006349086761475,0.029797758907079697,0.010474464856088161,7851.488863143,65.69425201416016,1900000.0,-255092.109375,-3.4373700618743896,1.000634789466858,0.00812164694070816,1.0006349086761475,-0.04403526708483696,1.3792041540145874,95,7775.90478515625,0.001268334686756134,0,-0.3335285186767578,1.809999942779541,0.0004489482380449772,74.22457885742188,1000,-0.0007477726321667433,0,-3.41599625244271e-05,1.2832810170948505e-05
-0.001008989056572318,0.006567160598933697,0.012086006812751293,0.0742330327630043,0.9919219613075256,268.99298095703125,8.525694847106934,1.2863922119140625,4.1961669694501325e-09,95,0.012086006812751293,0.0001912006118800491,49.11988067626953,0.1708812415599823,0.22076573967933655,1743313782.6092224,10,0.25229570269584656,1,0,1.001617670059204,0.016814108937978745,0.011145604774355888,7925.879453748,65.82566833496094,1920000.0,-226425.6875,-3.3421454429626465,1.0016175508499146,0.01199382171034813,1.001617670059204,-0.012983649969100952,1.4056726694107056,96,7850.34765625,0.0006711399182677269,0,-0.37184253334999084,1.3700000047683716,0.0011438092915341258,74.35138702392578,1000,-0.0017567616887390614,0,-2.764319651760161e-05,8.279253052023705e-06
0.0012498238356783986,0.08387081325054169,0.00964842364192009,0.12921908497810364,1.0030161142349243,269.2121887207031,8.516756057739258,1.4397482872009277,3.814697002724188e-09,96,0.00964842364192009,0.00012274686014279723,2.178567886352539,0.3405427634716034,0.18285450339317322,1743313856.9997268,10,0.41306525468826294,1,0,1.0009517669677734,0.3218109607696533,0.008505178615450859,8000.194632046,65.7740707397461,1940000.0,-883.9281005859375,-3.3815550804138184,1.0009517669677734,0.009442456997931004,1.0009517669677734,0.3049968518316746,1.4170383214950562,97,7924.73876953125,-0.0026404261589050293,0,-0.33313119411468506,1.9299999475479126,0.0006730008753947914,74.29084777832031,1000,-0.0005069378530606627,0,0.0009316268260590732,0.004213924985378981
0.0016072707949206233,0.07411588728427887,0.009451820515096188,0.15515635907649994,1.0100558996200562,269.4293518066406,8.525528907775879,1.454645037651062,3.051757735406113e-09,97,0.009451820515096188,0.0001860151969594881,3.8675386905670166,0.2678872346878052,0.17304269969463348,1743313931.3149292,10,0.40828874707221985,1,0,1.0005016326904297,0.12417005747556686,0.01292990893125534,8075.303856924,65.70541381835938,1960000.0,-1444.9835205078125,-3.400300979614258,1.0005016326904297,0.009266013279557228,1.0005016326904297,-0.19764090329408646,1.423659324645996,98,7999.0595703125,0.0044247303158044815,0,-0.3670143187046051,1.3899999856948853,0.00035476405173540115,74.23096466064453,1000,0.0011003329418599606,0,0.0004984384286217391,0.001337080029770732
-0.0007158011139836162,0.014827614650130272,0.015130474232137203,0.18593843281269073,1.011423110961914,266.77203369140625,8.563286781311035,1.1497106552124023,-1.0681151962899094e-08,98,0.015130474232137203,0.0001248961198143661,8.057345390319824,0.3266753554344177,0.2109505981206894,1743314006.4242125,10,0.5580586194992065,1,0,0.9996510744094849,0.04015696793794632,0.007781527005136013,8151.460472574,66.40707397460938,1980000.0,-3716.372314453125,-3.7241785526275635,0.9996510148048401,0.015098758973181248,0.9996510744094849,-0.08401308953762054,1.4246854782104492,99,8074.11328125,-0.0051483819261193275,0,-0.3444594740867615,1.0700000524520874,0.0002467557496856898,74.97038269042969,1000,0.0003845318278763443,0,9.884563041850924e-05,0.00030805758433416486
-0.0036624443309847265,0.13019511103630066,0.008934056386351585,0.22350820899009705,1.0044559240341187,262.9072265625,8.538148880004883,1.4962025880813599,-3.051757735406113e-09,99,0.008934056386351585,0.0001573486952111125,1.4522197246551514,0.3335725963115692,0.15863396227359772,1743314082.5807962,10,0.44897034764289856,1,0,0.9996942281723022,0.18542888760566711,0.012787898071110249,8151.751916672,67.5343017578125,2000000.0,-460.5835266113281,-4.15421724319458,0.9996941685676575,0.008930525742471218,0.9996942281723022,0.1452719196677208,1.4176105260849,100,8150.3251953125,0.0050063710659742355,0,-0.4348442256450653,2.0899999141693115,0.00021624141663778573,76.07246398925781,1000,-0.0032779125031083822,0,-0.00018297741189599037,0.009483416564762592
