Metrics/LagrangeMultiplier,Safety/ShieldLagrangeMultiplier/Std,Train/LR,Safety/EpCostShield,Safety/shield_adv_c,Train/PolicyStd,Time/Total,Train/PolicyRatio/Min,Metrics/EpLen,Train/PolicyRatio/Std,Metrics/LagrangeMultiplier/Max,TotalEnvSteps,Time/FPS,Loss/Loss_reward_critic,Loss/Loss_reward_critic/Delta,_runtime,Metrics/EpCost,Train/PolicyRatio/Max,Loss/Loss_cost_critic/Delta,Safety/ShieldLagrangeMultiplier/Max,Loss/Loss_pi,Value/Adv,Safety/ShieldLagrangeMultiplier/Min,Safety/shield_violation,Value/cost,Time/Rollout,Time/Epoch,Train/Epoch,Safety/ShieldLagrangeMultiplier,_step,_timestamp,Loss/Loss_cost_critic,Train/KL,Value/reward,Time/Update,Metrics/LagrangeMultiplier/Std,Train/StopIter,Loss/Loss_pi/Delta,Train/PolicyRatio,Metrics/EpRet,Train/Entropy,Metrics/LagrangeMultiplier/Min
0.035999998450279236,0,0.0002969999914057553,58.25,NaN,0.9702094197273254,250.54232788085938,1.0046937465667725,1000,0.011298338882625103,0.035999998450279236,20000.0,79.8272476196289,0.008871421217918396,0.008871421217918396,468.97570056,37.900001525878906,1.0046937465667725,10.950151443481445,0.04500000178813934,-0.4616483747959137,0.07175909727811813,0.04500000178813934,0.2175116240978241,0.02982218563556671,140.725341796875,250.541015625,0,0.04500000178813934,1,1746529597.213583,10.950151443481445,0.012196425348520279,0.1859629899263382,109.81559753417969,0,40,-0.4616483747959137,1.0046937465667725,-0.031826216727495193,1.3886218070983887,0.035999998450279236
0.07074755430221558,0,0.00029399999766610563,52.70000076293945,NaN,0.9348993301391602,467.8301086425781,1.0069254636764526,1000,0.011810780502855778,0.07074755430221558,40000.0,92.0741958618164,0.009573490358889103,0.0007020691409707069,688.690365993,32.349998474121094,1.0069254636764526,0.9770793914794922,0.07986512780189514,-0.42762720584869385,0.0916646420955658,0.07986512780189514,1.027449369430542,0.571861982345581,107.31429290771484,217.21612548828125,1,0.07986512780189514,2,1746529814.505449,11.927230834960938,0.011655470356345177,0.14355815947055817,109.90176391601562,0,40,0.03402116894721985,1.0069254636764526,0.011920337565243244,1.3515599966049194,0.07074755430221558
0.10559249669313431,0,0.000291000003926456,75.69999694824219,NaN,0.900486409664154,687.5404052734375,1.0071427822113037,1000,0.012427077628672123,0.10559249669313431,60000.0,91.05944061279297,0.008295535109937191,-0.001277955248951912,912.803794637,35.349998474121094,1.0071427822113037,1.5950994491577148,0.11478513479232788,-0.391249418258667,-0.10932348668575287,0.11478513479232788,2.2091662883758545,1.278684139251709,110.56585693359375,219.6367645263672,2,0.11478513479232788,3,1746530034.2201335,13.522330284118652,0.012730780988931656,0.11483702063560486,109.07084655761719,0,40,0.036377787590026855,1.0071427822113037,0.3339650332927704,1.3140419721603394,0.10559249669313431
0.14051619172096252,0,0.0002880000101868063,69.05000305175781,NaN,0.8720709085464478,911.6575317382812,1.0105347633361816,1000,0.011818775907158852,0.14051619172096252,80000.0,89.2696533203125,0.043243661522865295,0.034948126412928104,1133.458257123,36.150001525878906,1.0105347633361816,-2.3701629638671875,0.1498335897922516,-0.39597946405410767,-0.20591680705547333,0.1498335897922516,3.51399564743042,1.89799165725708,115.08030700683594,224.04029846191406,3,0.1498335897922516,4,1746530258.3335483,11.152167320251465,0.01226949691772461,0.11724594980478287,108.95994567871094,0,40,-0.004730045795440674,1.0105347633361816,1.274975299835205,1.281919002532959,0.14051619172096252
0.17532005906105042,0,0.0002849999873433262,82.9000015258789,NaN,0.8439838886260986,1132.29541015625,1.0100167989730835,1000,0.012372764758765697,0.17532005906105042,100000.0,90.67694854736328,0.017741844058036804,-0.02550181746482849,1354.499377634,32.75,1.0100167989730835,-2.3634586334228516,0.18507681787014008,-0.3583779036998749,-0.1442759782075882,0.18507681787014008,4.327256679534912,2.146501064300537,111.23258209228516,220.56321716308594,4,0.18507681787014008,5,1746530478.9875808,8.788708686828613,0.012707334943115711,0.15368913114070892,109.3305892944336,0,40,0.03760156035423279,1.0100167989730835,1.501994013786316,1.2490800619125366,0.17532005906105042
0.2100534439086914,0,0.00028199999360367656,89.8499984741211,NaN,0.8158423900604248,1353.3653564453125,1.0137169361114502,1000,0.013299223966896534,0.2100534439086914,120000.0,90.51107788085938,0.021836070343852043,0.004094226285815239,1575.659670261,32.79999923706055,1.0137169361114502,1.2850170135498047,0.22052298486232758,-0.376547634601593,-0.24371680617332458,0.22052298486232758,5.975027561187744,2.4475185871124268,112.39998626708984,220.96743774414062,5,0.22052298486232758,6,1746530700.0291157,10.073725700378418,0.013765078037977219,0.22037886083126068,108.56739807128906,0,40,-0.01816973090171814,1.0137169361114502,2.1639389991760254,1.2152897119522095,0.2100534439086914
0.24484044313430786,0,0.0002789999998640269,82.30000305175781,NaN,0.790723443031311,1574.529052734375,1.0105228424072266,1000,0.012862027622759342,0.24484044313430786,140000.0,90.45687103271484,0.022727806121110916,0.000891735777258873,1795.289954635,34.65999984741211,1.0105228424072266,-1.0863227844238281,0.256061315536499,-0.3578520119190216,0.1772061437368393,0.256061315536499,5.120129108428955,2.281947374343872,111.75591278076172,221.09983825683594,6,0.256061315536499,7,1746530921.189439,8.98740291595459,0.013014004565775394,0.24036727845668793,109.3438720703125,0,40,0.01869562268257141,1.0105228424072266,3.0101492404937744,1.1840142011642456,0.24484044313430786
0.27964839339256287,0,0.00027600000612437725,90.80000305175781,NaN,0.7715004682540894,1794.1585693359375,1.0130205154418945,1000,0.014084248803555965,0.27964839339256287,160000.0,91.08672332763672,0.027763547375798225,0.005035741254687309,2018.097577656,34.29999923706055,1.0130205154418945,1.2786474227905273,0.2917839288711548,-0.35907644033432007,0.06351470202207565,0.2917839288711548,6.448583126068115,2.963235855102539,110.50785064697266,219.5709686279297,7,0.2917839288711548,8,1746531140.8197541,10.266050338745117,0.013145485892891884,0.2745448350906372,109.06305694580078,0,40,-0.001224428415298462,1.0130205154418945,3.7224009037017822,1.1594207286834717,0.27964839339256287
0.31446969509124756,0,0.0002730000123847276,106.25,NaN,0.7522264719009399,2016.9642333984375,1.0131303071975708,1000,0.014064773917198181,0.31446969509124756,180000.0,89.78852844238281,0.03878523409366608,0.011021686717867851,2239.170372153,34.2400016784668,1.0131303071975708,2.0299205780029297,0.3277915418148041,-0.3287232220172882,-0.040664464235305786,0.3277915418148041,7.198336124420166,3.0424535274505615,112.81391906738281,222.74560546875,8,0.3277915418148041,9,1746531363.6273887,12.295970916748047,0.01645595394074917,0.303804486989975,109.9316177368164,0,40,0.03035321831703186,1.0131303071975708,4.229012489318848,1.1341402530670166,0.31446969509124756
0.3497476577758789,0,0.0002699999895412475,159.39999389648438,NaN,0.7351572513580322,2238.041259765625,1.0094014406204224,1000,0.01422176230698824,0.3497476577758789,200000.0,90.49188232421875,0.05657929927110672,0.017794065177440643,2462.662703114,45.650001525878906,1.0094014406204224,1.1545963287353516,0.36394283175468445,-0.22320859134197235,-0.2806975543498993,0.36394283175468445,7.510192394256592,3.162191390991211,111.95218658447266,221.01429748535156,9,0.36394283175468445,10,1746531584.7001436,13.450567245483398,0.01629863865673542,0.34856951236724854,109.06205749511719,0,40,0.10551463067531586,1.0094014406204224,5.217475414276123,1.111128807067871,0.3497476577758789
0.3855232894420624,0,0.00026699999580159783,123.0999984741211,NaN,0.7182923555374146,2461.531005859375,1.0123647451400757,1000,0.01416083611547947,0.3855232894420624,220000.0,89.5125961303711,0.03333213925361633,-0.023247160017490387,2688.710275761,52.02000045776367,1.0123647451400757,-0.9605007171630859,0.40036579966545105,-0.3307355046272278,0.1549580693244934,0.40036579966545105,8.933943748474121,3.8399343490600586,113.47840118408203,223.43223571777344,10,0.40036579966545105,11,1746531808.1924903,12.490066528320312,0.0157815832644701,0.45571577548980713,109.95378112792969,0,40,-0.10752691328525543,1.0123647451400757,5.93093729019165,1.0878987312316895,0.3855232894420624
0.4216395914554596,0,0.0002640000020619482,81.44999694824219,NaN,0.7017661929130554,2687.565673828125,1.0166511535644531,1000,0.01494284626096487,0.4216395914554596,240000.0,88.50630187988281,0.05674920603632927,0.023417066782712936,2910.592740834,49.400001525878906,1.0166511535644531,-2.4112548828125,0.43630194664001465,-0.4200133979320526,0.13924071192741394,0.43630194664001465,9.19486141204834,3.818546772003174,115.24868774414062,225.9726104736328,11,0.43630194664001465,12,1746532034.2400427,10.078811645507812,0.01574050821363926,0.5664042234420776,110.72386932373047,0,40,-0.08927789330482483,1.0166511535644531,6.759537220001221,1.0645380020141602,0.4216395914554596
0.4580610692501068,0,0.0002610000083222985,100.30000305175781,NaN,0.6826000213623047,2909.444091796875,1.0140986442565918,1000,0.015432736836373806,0.4580610692501068,260000.0,90.16910552978516,0.03295478597283363,-0.023794420063495636,3134.975763537,50.560001373291016,1.0140986442565918,-0.00678253173828125,0.4722415804862976,-0.370790958404541,-0.11167233437299728,0.4722415804862976,9.1994047164917,3.812500476837158,111.42256927490234,221.8054656982422,12,0.4722415804862976,13,1746532256.1225033,10.072029113769531,0.01922690123319626,0.6189384460449219,110.38284301757812,0,40,0.0492224395275116,1.0140985250473022,7.063188552856445,1.0367870330810547,0.4580610692501068
0.4948863089084625,0,0.0002579999854788184,137.39999389648438,NaN,0.66672283411026,3133.845947265625,1.0131771564483643,1000,0.015423990786075592,0.4948863089084625,280000.0,89.15601348876953,0.04757646098732948,0.01462167501449585,3330.723691398,56.619998931884766,1.0131771564483643,3.134171485900879,0.5086920857429504,-0.24938420951366425,0.3425634801387787,0.5086920857429504,8.70108413696289,3.5756332874298096,113.53069305419922,224.32586669921875,13,0.5086920857429504,14,1746532480.5055034,13.20620059967041,0.019358551129698753,0.7169920802116394,110.79511260986328,0,40,0.12140674889087677,1.0131771564483643,7.32797384262085,1.0133689641952515,0.4948863089084625
0.5317980647087097,0,0.00025499999173916876,97.30000305175781,NaN,0.6516821384429932,3329.582763671875,1.011843204498291,1000,0.014184677973389626,0.5317980647087097,300000.0,102.20867156982422,0.04427613317966461,-0.003300327807664871,3552.874675602,48.779998779296875,1.011843204498291,-1.9124956130981445,0.5449470281600952,-0.38416481018066406,-0.10901159048080444,0.5449470281600952,9.670830726623535,4.245277404785156,112.15876007080078,195.67811584472656,14,0.5449470281600952,15,1746532676.2534096,11.293704986572266,0.020280955359339714,0.7587849497795105,83.51930236816406,0,30,-0.13478060066699982,1.011843204498291,7.681755542755127,0.990517795085907,0.5317980647087097
0.5684472918510437,0,0.0002519999979995191,102.55000305175781,NaN,0.6428291201591492,3551.734130859375,1.0138638019561768,1000,0.015086584724485874,0.5684472918510437,320000.0,90.05734252929688,0.03686942905187607,-0.007406704127788544,3772.105365379,41.16999816894531,1.0138638019561768,-1.5966310501098633,0.5811413526535034,-0.32511937618255615,-0.1571635603904724,0.5811413526535034,8.793048858642578,3.6947226524353027,110.872314453125,222.0807342529297,15,0.5811413526535034,16,1746532898.4044578,9.697073936462402,0.018000677227973938,0.7268118858337402,111.20835876464844,0,40,0.05904543399810791,1.0138638019561768,7.6487884521484375,0.9768520593643188,0.5684472918510437
0.605010986328125,0,0.00024900000425986946,87.25,NaN,0.6252097487449646,3770.9677734375,1.0151071548461914,1000,0.01585834100842476,0.605010986328125,340000.0,91.2557144165039,0.030381767079234123,-0.006487661972641945,3975.989950611,44.09000015258789,1.0151071548461914,-1.9092144966125488,0.6169483065605164,-0.3867461085319519,-0.0642935037612915,0.6169483065605164,9.038562774658203,3.6328370571136475,111.97728729248047,219.16436767578125,16,0.6169483065605164,17,1746533117.6351418,7.7878594398498535,0.020241405814886093,0.7815530896186829,107.18701934814453,0,39,-0.06162673234939575,1.0151071548461914,7.220862865447998,0.9490029811859131,0.605010986328125
0.6413127779960632,0,0.0002460000105202198,76.05000305175781,NaN,0.6081218123435974,3974.849609375,1.0171974897384644,1000,0.01611749641597271,0.6413127779960632,360000.0,98.12760925292969,0.05981560796499252,0.0294338408857584,4174.18071441,40.31999969482422,1.0171974897384644,1.229560375213623,0.6521409153938293,-0.4465303421020508,0.03985182195901871,0.6521409153938293,9.594596862792969,3.683530569076538,113.93148040771484,203.8162384033203,17,0.6521409153938293,18,1746533321.5197613,9.017419815063477,0.020810913294553757,0.7567043304443359,89.88470458984375,0,33,-0.05978423357009888,1.0171974897384644,7.934510707855225,0.9211721420288086,0.6413127779960632
0.6772081255912781,0,0.00024300000222865492,167.35000610351562,NaN,0.599399209022522,4173.03515625,1.0079095363616943,1000,0.014781516045331955,0.6772081255912781,380000.0,100.94985961914062,0.04929591715335846,-0.010519690811634064,4371.93801357,37.0099983215332,1.0079095363616943,2.428605079650879,0.6883984804153442,-0.12210645526647568,0.10436643660068512,0.6883984804153442,9.86727237701416,3.7354936599731445,114.0755615234375,198.1181640625,18,0.6883984804153442,19,1746533519.7104921,11.446024894714355,0.02314041368663311,0.8008267283439636,84.04254913330078,0,31,0.3244238868355751,1.0079096555709839,7.854060173034668,0.9066960215568542,0.6772081255912781
0.7128638625144958,0,0.00023999999393709004,88.44999694824219,NaN,0.5873724222183228,4370.759765625,1.0145541429519653,1000,0.016054993495345116,0.7128638625144958,400000.0,101.18793487548828,0.05688253417611122,0.007586617022752762,4565.48442925,38.97999954223633,1.0145541429519653,-0.5145959854125977,0.724218487739563,-0.44010037183761597,0.15119126439094543,0.724218487739563,10.449959754943848,4.452709197998047,110.73045349121094,197.6520233154297,19,0.724218487739563,20,1746533717.4677992,10.931428909301758,0.02047937922179699,0.9139646291732788,86.92152404785156,0,31,-0.3179939165711403,1.0145541429519653,8.047490119934082,0.886391282081604,0.7128638625144958
0.7485836744308472,0,0.00023700000019744039,115.19999694824219,NaN,0.5772644281387329,4564.33935546875,1.0079681873321533,1000,0.014991354197263718,0.7485836744308472,420000.0,103.3742446899414,0.039599478244781494,-0.017283055931329727,4751.08326086,44.04999923706055,1.0079681873321533,-0.7980890274047852,0.7602414488792419,-0.2662571966648102,0.02564946748316288,0.7602414488792419,9.215853691101074,3.7400243282318115,112.22191619873047,193.47178649902344,20,0.7602414488792419,21,1746533911.0141993,10.133339881896973,0.022117553278803825,0.7726945877075195,81.24981689453125,0,30,0.1738431751728058,1.0079681873321533,8.078207969665527,0.8689637184143066,0.7485836744308472
0.7843332886695862,0,0.00023400000645779073,78.3499984741211,NaN,0.5653429627418518,4749.95458984375,1.0146794319152832,1000,0.016111254692077637,0.7843332886695862,440000.0,107.79251098632812,0.05012837424874306,0.010528896003961563,4939.736723334,43.61000061035156,1.0146794319152832,1.7651519775390625,0.7955925464630127,-0.44016033411026,0.1375720351934433,0.7955925464630127,9.900651931762695,4.152347564697266,112.00513458251953,185.54164123535156,21,0.7955925464630127,22,1746534096.6130283,11.898491859436035,0.020370040088891983,0.895082414150238,73.53645324707031,0,27,-0.17390313744544983,1.0146794319152832,8.641870498657227,0.8479551076889038,0.7843332886695862
0.8201939463615417,0,0.00023099999816622585,108.05000305175781,NaN,0.5567147135734558,4938.59423828125,1.0135798454284668,1000,0.015983011573553085,0.8201939463615417,460000.0,106.05419158935547,0.05074354633688927,0.0006151720881462097,5119.354926339,45.29999923706055,1.0135798454284668,-2.157792091369629,0.8310681581497192,-0.28211355209350586,0.08948925137519836,0.8310681581497192,9.187599182128906,3.953875780105591,112.25346374511719,188.5828399658203,22,0.8310681581497192,23,1746534285.2664905,9.740699768066406,0.020763035863637924,0.7389233112335205,76.3293228149414,0,28,0.15804678201675415,1.0135799646377563,8.4813871383667,0.8328188061714172,0.8201939463615417
0.8563209176063538,0,0.0002280000044265762,128.10000610351562,NaN,0.5494450330734253,5118.20166015625,1.0049599409103394,1000,0.014729865826666355,0.8563209176063538,480000.0,111.39759826660156,0.044018618762493134,-0.006724927574396133,5297.885993063,48.77000045776367,1.0049599409103394,4.4231367111206055,0.8670535683631897,-0.23784324526786804,-0.11822906136512756,0.8670535683631897,9.85530948638916,4.082582950592041,113.25465393066406,179.53707885742188,23,0.8670535683631897,24,1746534464.884719,14.163836479187012,0.020973308011889458,0.797972559928894,66.28237915039062,0,24,0.04427030682563782,1.0049599409103394,8.473052024841309,0.819756031036377,0.8563209176063538
0.8924671411514282,0,0.00022499999613501132,70.8499984741211,NaN,0.5398130416870117,5296.74169921875,1.0124919414520264,1000,0.015363132581114769,0.8924671411514282,500000.0,112.07109069824219,0.08092853426933289,0.03690991550683975,5504.872811856,44.7400016784668,1.0124919414520264,-0.807276725769043,0.9021451473236084,-0.42674902081489563,-0.042191654443740845,0.9021451473236084,9.132452964782715,4.130237579345703,112.81424713134766,178.45816040039062,24,0.9021451473236084,25,1746534643.4157565,13.356559753417969,0.02037881501019001,0.8279111385345459,65.64385223388672,0,24,-0.1889057755470276,1.0124919414520264,8.62564468383789,0.802051305770874,0.8924671411514282
0.9289535880088806,0,0.00022200000239536166,133.35000610351562,NaN,0.5329922437667847,5503.73681640625,1.0105760097503662,1000,0.015598784200847149,0.9289535880088806,520000.0,96.65373992919922,0.04099728539586067,-0.039931248873472214,5700.558612894,51.209999084472656,1.0105760097503662,-1.557504653930664,0.9379060864448547,-0.20377092063426971,0.09229425340890884,0.9379060864448547,9.752460479736328,4.363577365875244,111.85538482666016,206.92422485351562,25,0.9379060864448547,26,1746534850.402624,11.799055099487305,0.02269122563302517,0.952601969242096,95.06878662109375,0,35,0.22297810018062592,1.0105760097503662,8.567472457885742,0.7893289923667908,0.9289535880088806
0.9657163619995117,0,0.00021899999410379678,74.4000015258789,NaN,0.52156662940979,5699.4169921875,1.0157169103622437,1000,0.01620664820075035,0.9657163619995117,540000.0,102.24098205566406,0.045624714344739914,0.004627428948879242,5880.94022274,51.0,1.0157169103622437,-1.6375932693481445,0.972876250743866,-0.5116522312164307,0.03003876656293869,0.972876250743866,10.901198387145996,5.042919635772705,111.05873107910156,195.61627197265625,26,0.972876250743866,27,1746535046.0884235,10.16146183013916,0.021920455619692802,0.8885380029678345,84.55747985839844,0,31,-0.30788131058216095,1.0157169103622437,8.138806343078613,0.7675715088844299,0.9657163619995117
1.0026249885559082,0,0.00021600000036414713,65.19999694824219,NaN,0.5088741779327393,5879.81201171875,1.015834093093872,1000,0.016030458733439445,1.0026249885559082,560000.0,110.9107666015625,0.058247968554496765,0.012623254209756851,6062.474308548,49.2599983215332,1.015834093093872,-1.183110237121582,1.0068877935409546,-0.4666907489299774,0.08841016888618469,1.0068877935409546,9.532388687133789,4.964996814727783,111.93990325927734,180.3251495361328,27,1.0068877935409546,28,1746535226.469882,8.978351593017578,0.020460307598114014,0.8668482303619385,68.38518524169922,0,25,0.04496148228645325,1.015834093093872,8.215357780456543,0.7429404854774475,1.0026249885559082
1.039076566696167,0,0.00021300000662449747,53.95000076293945,NaN,0.49747660756111145,6061.33154296875,1.0172919034957886,1000,0.016073020175099373,1.039076566696167,580000.0,110.21807098388672,0.04476631060242653,-0.013481657952070236,6245.959208042,38.70000076293945,1.0172919034957886,-2.5213265419006348,1.039710521697998,-0.566437840461731,0.42103317379951477,1.039710521697998,10.171164512634277,4.637327194213867,112.9918441772461,181.4584503173828,28,1.039710521697998,29,1746535408.0041173,6.457025051116943,0.021397531032562256,0.8502846956253052,68.46654510498047,0,25,-0.09974709153175354,1.0172920227050781,8.184779167175293,0.720338761806488,1.039076566696167
1.0752965211868286,0,0.0002099999983329326,100.5,NaN,0.4913080632686615,6244.8056640625,1.0090954303741455,1000,0.015882598236203194,1.0752965211868286,600000.0,109.04923248291016,0.055618446320295334,0.010852135717868805,6420.43885952,41.650001525878906,1.0090954303741455,4.939661502838135,1.072788953781128,-0.3293030261993408,-0.3737918734550476,1.072788953781128,10.1002779006958,4.6994476318359375,115.43590545654297,183.4033966064453,29,1.072788953781128,30,1746535591.4889593,11.396686553955078,0.02030407451093197,0.9395970702171326,67.96743774414062,0,25,0.23713481426239014,1.0090954303741455,7.911091327667236,0.7079159021377563,1.0752965211868286
1.110560417175293,0,0.00020700000459328294,96.80000305175781,NaN,0.48538392782211304,6419.29443359375,1.0071182250976562,1000,0.015655068680644035,1.110560417175293,620000.0,114.67472839355469,0.06415734440088272,0.008538898080587387,6609.624521374,29.600000381469727,1.0071182250976562,1.8147563934326172,1.10599946975708,-0.29331180453300476,0.3471810817718506,1.10599946975708,9.358695983886719,4.09084939956665,114.7654037475586,174.40634155273438,30,1.10599946975708,31,1746535765.9686651,13.211442947387695,0.02015995979309082,0.8651013374328613,59.64088821411133,0,22,0.03599122166633606,1.0071182250976562,8.427809715270996,0.6958307027816772,1.110560417175293
1.1457977294921875,0,0.00020399999630171806,147.4499969482422,NaN,0.48378485441207886,6608.48193359375,1.0069408416748047,1000,0.01598944701254368,1.1457977294921875,640000.0,105.75618743896484,0.04954688623547554,-0.01461045816540718,6789.313416202,42.650001525878906,1.0069408416748047,0.9656591415405273,1.140498161315918,-0.06783010810613632,0.09815159440040588,1.140498161315918,9.397233009338379,3.904677629470825,112.91954040527344,189.11422729492188,31,1.140498161315918,32,1746535955.1543174,14.177102088928223,0.02065381407737732,0.8681871294975281,76.19464111328125,0,28,0.22548169642686844,1.0069408416748047,8.6766996383667,0.6925048232078552,1.1457977294921875
1.1813782453536987,0,0.0002010000025620684,106.44999694824219,NaN,0.48420023918151855,6787.97509765625,1.0060216188430786,1000,0.015747342258691788,1.1813782453536987,660000.0,111.46788787841797,0.048524681478738785,-0.0010222047567367554,6961.141464485,49.06999969482422,1.0060216188430786,-0.5422744750976562,1.1751786470413208,-0.2607768774032593,-0.1422090083360672,1.1751786470413208,9.331892013549805,4.188422679901123,113.88816833496094,179.4238739013672,32,1.1751786470413208,33,1746536134.8431888,13.634827613830566,0.020100485533475876,0.9284648299217224,65.53565216064453,0,24,-0.19294676929712296,1.0060216188430786,8.33160400390625,0.6933116912841797,1.1813782453536987
1.2177294492721558,0,0.00019799999427050352,130.3000030517578,NaN,0.4850820302963257,6960.01220703125,1.002527117729187,1000,0.01551054697483778,1.2177294492721558,680000.0,116.43476104736328,0.05206778645515442,0.003543104976415634,7157.826102638,58.13999938964844,1.002527117729187,3.196446418762207,1.2105755805969238,-0.17718267440795898,-0.054587483406066895,1.2105755805969238,10.302875518798828,5.100514888763428,113.97577667236328,171.77000427246094,33,1.2105755805969238,34,1746536306.671285,16.831274032592773,0.022537071257829666,0.9391847848892212,57.79417419433594,0,21,0.08359420299530029,1.002527117729187,8.713584899902344,0.6951318383216858,1.2177294492721558
1.254660725593567,0,0.00019500000053085387,75.44999694824219,NaN,0.47868192195892334,7156.69580078125,1.0149238109588623,1000,0.01637871563434601,1.254660725593567,700000.0,101.71524047851562,0.04202596843242645,-0.010041818022727966,7314.039624483,56.599998474121094,1.0149238109588623,-6.063825607299805,1.2452186346054077,-0.5760707259178162,0.040628693997859955,1.2452186346054077,11.726542472839355,5.375539302825928,109.88607788085938,196.62738037109375,34,1.2452186346054077,35,1746536503.3559082,10.767448425292969,0.02112945355474949,0.963447093963623,86.74124908447266,0,32,-0.3988880515098572,1.0149238109588623,8.197078704833984,0.6818400621414185,1.254660725593567
1.2919270992279053,0,0.00019200000679120421,42.95000076293945,NaN,0.46909183263778687,7312.91259765625,1.0152876377105713,1000,0.01475717406719923,1.2919270992279053,720000.0,128.07557678222656,0.04625413194298744,0.004228163510560989,7490.56924517,53.4900016784668,1.0152876377105713,-2.5815134048461914,1.2782152891159058,-0.6604262590408325,-0.17343685030937195,1.2782152891159058,10.498286247253418,4.53712797164917,109.72063446044922,156.15780639648438,35,1.2782152891159058,36,1746536659.569441,8.185935020446777,0.023295558989048004,0.9684194326400757,46.43710708618164,0,17,-0.08435553312301636,1.0152876377105713,7.891180038452148,0.6615064144134521,1.2919270992279053
1.3288347721099854,0,0.00018899999849963933,99.0,NaN,0.4669050872325897,7489.439453125,1.00933837890625,1000,0.016206437721848488,1.3288347721099854,740000.0,113.33160400390625,0.04592258855700493,-0.00033154338598251343,7662.907775429,41.95000076293945,1.00933837890625,1.8996944427490234,1.311376690864563,-0.3253791332244873,-0.036564603447914124,1.311376690864563,10.069729804992676,4.544105052947998,110.65576171875,176.47328186035156,36,1.311376690864563,37,1746536836.0990217,10.0856294631958,0.02011045254766941,1.022767186164856,65.81747436523438,0,24,0.3350471258163452,1.0093382596969604,7.945752143859863,0.6569156646728516,1.3288347721099854
1.3652403354644775,0,0.00018600000475998968,107.80000305175781,NaN,0.46662986278533936,7661.78125,1.0045899152755737,1000,0.016004348173737526,1.3652403354644775,760000.0,116.08866119384766,0.04813860356807709,0.002216015011072159,7835.067632127,38.939998626708984,1.0045899152755737,2.6040477752685547,1.3449180126190186,-0.21497105062007904,-0.019214585423469543,1.3449180126190186,9.142619132995605,4.0120720863342285,112.62657165527344,172.2821044921875,37,1.3449180126190186,38,1746537008.4374735,12.689677238464355,0.02005828358232975,0.9109340906143188,59.655487060546875,0,22,0.11040808260440826,1.0045899152755737,8.109574317932129,0.6565505266189575,1.3652403354644775
1.4010127782821655,0,0.0001829999964684248,103.5,NaN,0.4666130244731903,7833.9384765625,1.0062860250473022,1000,0.015271475538611412,1.4010127782821655,780000.0,116.20978546142578,0.06334204226732254,0.015203438699245453,8008.267640394,35.97999954223633,1.0062860250473022,2.4748430252075195,1.3786827325820923,-0.26586073637008667,-0.35149627923965454,1.3786827325820923,9.520769119262695,4.225549221038818,111.43484497070312,172.10255432128906,38,1.3786827325820923,39,1746537180.596218,15.164520263671875,0.02034943550825119,0.9365400671958923,60.66765594482422,0,22,-0.05088968575000763,1.0062859058380127,8.368829727172852,0.6565600633621216,1.4010127782821655
1.4365243911743164,0,0.00018000000272877514,123.5999984741211,NaN,0.46881330013275146,8007.138671875,1.0051287412643433,1000,0.015537314116954803,1.4365243911743164,800000.0,115.5100326538086,0.0631093680858612,-0.00023267418146133423,8185.837512692,40.77000045776367,1.0051287412643433,5.321401596069336,1.4131578207015991,-0.20531120896339417,0.146760031580925,1.4131578207015991,10.540560722351074,4.823241710662842,116.11643981933594,173.1451416015625,39,1.4131578207015991,40,1746537353.7961795,20.48592185974121,0.021936889737844467,0.9686140418052673,57.02864456176758,0,21,0.060549527406692505,1.0051287412643433,9.078311920166016,0.6612669825553894,1.4365243911743164
1.4721251726150513,0,0.00017699999443721026,127.80000305175781,NaN,0.47184380888938904,8184.3408203125,1.0075896978378296,1000,0.01594432070851326,1.4721251726150513,820000.0,112.90050506591797,0.06821318715810776,0.0051038190722465515,8361.857050394,46.0099983215332,1.0075896978378296,-6.983458518981934,1.4483534097671509,-0.16132904589176178,0.01517283171415329,1.4483534097671509,10.193422317504883,4.6013007164001465,113.81950378417969,177.14712524414062,40,1.4483534097671509,41,1746537531.3672824,13.502463340759277,0.020246047526597977,0.9867603778839111,63.327571868896484,0,24,0.043982163071632385,1.00758957862854,9.44050121307373,0.6677511930465698,1.4721251726150513
1.5074207782745361,0,0.0001740000006975606,45.20000076293945,NaN,0.46393346786499023,8360.7294921875,1.0148719549179077,1000,0.01551626157015562,1.5074207782745361,840000.0,113.66043853759766,0.055550675839185715,-0.012662511318922043,8534.787878164,39.810001373291016,1.0148719549179077,-5.343321800231934,1.4818840026855469,-0.6830520629882812,-0.11454978585243225,1.4818840026855469,10.525075912475586,4.702690124511719,108.22835540771484,175.9627227783203,41,1.4818840026855469,42,1746537707.386843,8.159141540527344,0.020452603697776794,0.8485956788063049,67.73432159423828,0,25,-0.5217230170965195,1.0148719549179077,9.408082008361816,0.6508104801177979,1.5074207782745361
1.542446255683899,0,0.00017100000695791095,100.5999984741211,NaN,0.4610602557659149,8533.61328125,1.005578637123108,1000,0.016293326392769814,1.542446255683899,860000.0,115.72234344482422,0.04944183677434921,-0.006108839064836502,8693.974059113,39.81999969482422,1.005578637123108,3.439785957336426,1.5155489444732666,-0.2567930817604065,-0.009388635866343975,1.5155489444732666,9.308755874633789,4.042130470275879,111.01789855957031,172.82748413085938,42,1.5155489444732666,43,1746537880.3176553,11.59892749786377,0.020011523738503456,0.8983871340751648,61.80952072143555,0,23,0.42625898122787476,1.005578637123108,9.452069282531738,0.6446131467819214,1.542446255683899
1.5774842500686646,0,0.00016799999866634607,165.4499969482422,NaN,0.4673396348953247,8692.8447265625,0.9976996183395386,1000,0.015531739220023155,1.5774842500686646,880000.0,125.68370056152344,0.047563716769218445,-0.0018781200051307678,8856.091580543,43.79999923706055,0.9976996183395386,12.076560020446777,1.5509155988693237,0.07668323069810867,0.053211212158203125,1.5509155988693237,10.262809753417969,4.508462905883789,113.78532409667969,159.12962341308594,43,1.5509155988693237,44,1746538039.50389,23.675487518310547,0.020498285070061684,0.8554183840751648,45.34425354003906,0,17,0.33347631245851517,0.9976996183395386,8.79470443725586,0.6581391096115112,1.5774842500686646
1.6124075651168823,0,0.00016500000492669642,113.75,NaN,0.4693587124347687,8854.9560546875,1.0060620307922363,1000,0.014726647175848484,1.6124075651168823,900000.0,123.41526794433594,0.06624364107847214,0.018679924309253693,9036.943151769,41.810001373291016,1.0060620307922363,-5.074533462524414,1.586523413658142,-0.29795610904693604,-0.07719413936138153,1.586523413658142,11.129364967346191,5.078689098358154,112.95003509521484,162.05450439453125,44,1.586523413658142,45,1746538201.6213465,18.600954055786133,0.02055167593061924,0.8555058836936951,49.10441207885742,0,18,-0.3746393397450447,1.0060620307922363,8.712321281433105,0.6624507904052734,1.6124075651168823
1.6473422050476074,0,0.00016199999663513154,105.30000305175781,NaN,0.4641643166542053,9035.78515625,1.0092896223068237,1000,0.015466751530766487,1.6473422050476074,920000.0,110.63994598388672,0.05533045157790184,-0.010913189500570297,9218.965494861,43.58000183105469,1.0092896223068237,-4.175360679626465,1.6221224069595337,-0.44717031717300415,-0.04000816494226456,1.6221224069595337,12.14967155456543,5.435669422149658,113.73118591308594,180.76654052734375,45,1.6221224069595337,46,1746538382.4729211,14.425593376159668,0.021133292466402054,1.0492404699325562,67.03529357910156,0,24,-0.14921420812606812,1.0092896223068237,8.857222557067871,0.6512221693992615,1.6473422050476074
1.6827865839004517,0,0.00015900000289548188,89.4000015258789,NaN,0.4550977349281311,9217.8232421875,1.010204792022705,1000,0.015359100885689259,1.6827865839004517,940000.0,109.91921997070312,0.05799508094787598,0.0026646293699741364,9418.318220154,51.689998626708984,1.010204792022705,-1.1155462265014648,1.6572816371917725,-0.46655842661857605,-0.04795810580253601,1.6572816371917725,10.945751190185547,4.550302505493164,110.60875701904297,181.95179748535156,46,1.6572816371917725,47,1746538564.495291,13.310047149658203,0.020027227699756622,1.0702046155929565,71.3429946899414,0,26,-0.0193881094455719,1.0102049112319946,9.35795783996582,0.6313918232917786,1.6827865839004517
1.718476414680481,0,0.000155999994603917,68.75,NaN,0.44701993465423584,9417.171875,1.0133118629455566,1000,0.015863126143813133,1.718476414680481,960000.0,100.36287689208984,0.06475362181663513,0.006758540868759155,9599.539335713,48.380001068115234,1.0133118629455566,-3.90267276763916,1.6914547681808472,-0.5416864156723022,-0.2575056850910187,1.6914547681808472,10.381803512573242,4.622322082519531,110.54302215576172,199.27687072753906,47,1.6914547681808472,48,1746538763.8480043,9.407374382019043,0.020715216174721718,0.8728457093238831,88.7337875366211,0,32,-0.0751279890537262,1.0133118629455566,9.425978660583496,0.6135353446006775,1.718476414680481
1.7538357973098755,0,0.00015300000086426735,74.8499984741211,NaN,0.43697503209114075,9598.3779296875,1.0128774642944336,1000,0.01598132587969303,1.7538357973098755,980000.0,110.41719818115234,0.051291123032569885,-0.013462498784065247,9788.023589048,39.7599983215332,1.0128774642944336,1.350973129272461,1.7249259948730469,-0.5030975937843323,-0.22269675135612488,1.7249259948730469,10.442145347595215,4.5818257331848145,111.38710021972656,181.13119506835938,48,1.7249259948730469,49,1746538945.0691211,10.758347511291504,0.020129553973674774,0.9311028122901917,69.7440414428711,0,25,0.03858882188796997,1.0128775835037231,9.307214736938477,0.590831458568573,1.7538357973098755
1.788615345954895,0,0.0001500000071246177,69.6500015258789,NaN,0.4278021454811096,9786.884765625,1.011959195137024,1000,0.015475396066904068,1.788615345954895,1000000.0,106.1479263305664,0.059857387095689774,0.008566264063119888,9972.402642815,35.459999084472656,1.011959195137024,-1.9342727661132812,1.757615089416504,-0.5486287474632263,-0.06086616963148117,1.757615089416504,10.55469799041748,4.405889987945557,116.068603515625,188.4163055419922,49,1.757615089416504,50,1746539133.5533712,8.824074745178223,0.021377013996243477,0.9342412948608398,72.34764862060547,0,26,-0.04553115367889404,1.011959195137024,9.136869430541992,0.5697025060653687,1.788615345954895
1.8226914405822754,0,0.00014699999883305281,94.9000015258789,NaN,0.4250451326370239,9971.263671875,1.0106037855148315,1000,0.016393423080444336,1.8226914405822754,1020000.0,108.51264953613281,0.056753870099782944,-0.00310351699590683,10140.98745259,32.7400016784668,1.0106037855148315,0.4195365905761719,1.7903517484664917,-0.3237936496734619,0.013106003403663635,1.7903517484664917,9.817920684814453,4.18945837020874,112.3153076171875,184.310302734375,50,1.7903517484664917,51,1746539317.9324412,9.243611335754395,0.020544927567243576,0.9112212657928467,71.99494934082031,0,26,0.2248350977897644,1.0106037855148315,8.739357948303223,0.5632338523864746,1.8226914405822754
1.8558588027954102,0,0.00014400000509340316,80.5,NaN,0.41967350244522095,10139.8564453125,1.0091516971588135,1000,0.014814745634794235,1.8558588027954102,1040000.0,118.67777252197266,0.0717213898897171,0.014967519789934158,10329.95414852,28.760000228881836,1.0091516971588135,2.792361259460449,1.8227124214172363,-0.46075499057769775,-0.2290000319480896,1.8227124214172363,10.41252613067627,4.324516296386719,113.4361572265625,168.5235595703125,51,1.8227124214172363,52,1746539486.517254,12.035972595214844,0.0200223196297884,0.9691268801689148,55.087337493896484,0,20,-0.13696134090423584,1.0091516971588135,8.818915367126465,0.5504913926124573,1.8558588027954102
1.8883917331695557,0,0.00014099999680183828,78.3499984741211,NaN,0.4118524491786957,10328.8271484375,1.0147937536239624,1000,0.01613130234181881,1.8883917331695557,1060000.0,105.8699722290039,0.06269112229347229,-0.009030267596244812,10520.902602687,31.260000228881836,1.0147937536239624,-0.5748157501220703,1.8546757698059082,-0.5563505291938782,0.07689636945724487,1.8546757698059082,11.248247146606445,4.391444206237793,114.95167541503906,188.91098022460938,52,1.8546757698059082,53,1746539675.48396,11.461156845092773,0.021954435855150223,1.1096960306167603,73.95925903320312,0,27,-0.09559553861618042,1.0147937536239624,9.178860664367676,0.5317332148551941,1.8883917331695557
1.9211467504501343,0,0.00013800000306218863,131.5,NaN,0.41010576486587524,10519.7578125,1.0063022375106812,1000,0.01576349325478077,1.9211467504501343,1080000.0,104.77948760986328,0.04575979709625244,-0.01693132519721985,10691.012374668,42.58000183105469,1.0063022375106812,0.3092079162597656,1.8878029584884644,-0.08182944357395172,0.30127906799316406,1.8878029584884644,9.736851692199707,3.9668538570404053,113.59195709228516,190.87705993652344,53,1.8878029584884644,54,1746539866.4323828,11.770364761352539,0.022449996322393417,0.9148385524749756,77.28504943847656,0,28,0.47452108561992645,1.0063022375106812,9.317083358764648,0.5275291204452515,1.9211467504501343
1.954358458518982,0,0.00013499999477062374,95.9000015258789,NaN,0.40852856636047363,10689.8720703125,1.0070265531539917,1000,0.01506074983626604,1.954358458518982,1100000.0,117.61810302734375,0.06837248802185059,0.022612690925598145,10870.488570285,46.41999816894531,1.0070265531539917,3.7926406860351562,1.9209657907485962,-0.3494020402431488,0.030738171190023422,1.9209657907485962,10.312955856323242,4.465743541717529,111.79518127441406,170.04185485839844,54,1.9209657907485962,55,1746540036.5421913,15.563005447387695,0.020669538527727127,1.0718320608139038,58.24662780761719,0,21,-0.2675725966691971,1.0070265531539917,9.69455337524414,0.5236418843269348,1.954358458518982
1.9878782033920288,0,0.0001320000010309741,67.4000015258789,NaN,0.40769246220588684,10869.359375,1.008568525314331,1000,0.01465633511543274,1.9878782033920288,1120000.0,111.47099304199219,0.05089805647730827,-0.017474431544542313,11054.463125305,44.939998626708984,1.008568525314331,-3.382889747619629,1.953308343887329,-0.4780542254447937,0.30271488428115845,1.953308343887329,9.430916786193848,4.0448408126831055,111.02760314941406,179.41888427734375,55,1.953308343887329,56,1746540216.0183713,12.180115699768066,0.020880116149783134,0.9472195506095886,68.39122009277344,0,25,-0.1286521852016449,1.008568525314331,9.516282081604004,0.5215566158294678,1.9878782033920288
2.0218448638916016,0,0.0001289999927394092,91.8499984741211,NaN,0.4017031490802765,11053.328125,1.0106282234191895,1000,0.015446913428604603,2.0218448638916016,1140000.0,108.7479248046875,0.048592668026685715,-0.0023053884506225586,11246.209869678,47.540000915527344,1.0106282234191895,-2.0936365127563477,1.9856611490249634,-0.4218676686286926,0.18771737813949585,1.9856611490249634,10.680583953857422,4.419825553894043,114.46890258789062,183.91156005859375,56,1.9856611490249634,57,1746540399.9929516,10.086479187011719,0.020931905135512352,1.0279532670974731,69.4426040649414,0,25,0.056186556816101074,1.010628342628479,8.764348983764648,0.5067395567893982,2.0218448638916016
2.0559635162353516,0,0.00012599999899975955,52.95000076293945,NaN,0.3954536020755768,11245.060546875,1.0147346258163452,1000,0.015609027817845345,2.0559635162353516,1160000.0,104.34673309326172,0.03843163326382637,-0.010161034762859344,11424.142716698,43.86000061035156,1.0147346258163452,-1.9640817642211914,2.0168209075927734,-0.5532037019729614,0.22633183002471924,2.0168209075927734,9.230331420898438,4.067600727081299,111.23757934570312,191.66867065429688,57,2.0168209075927734,58,1746540591.7396698,8.122397422790527,0.020555995404720306,0.9234779477119446,80.43103790283203,0,29,-0.1313360333442688,1.0147346258163452,7.9709930419921875,0.4909592866897583,2.0559635162353516
2.089568853378296,0,0.0001230000052601099,99.94999694824219,NaN,0.3928631544113159,11422.998046875,1.0074392557144165,1000,0.0159112811088562,2.089568853378296,1180000.0,112.44778442382812,0.05236165225505829,0.013930018991231918,11622.552630025,34.439998626708984,1.0074392557144165,3.205874443054199,2.048370361328125,-0.22873437404632568,0.39168158173561096,2.048370361328125,9.261462211608887,3.9341554641723633,111.6824951171875,177.86032104492188,58,2.048370361328125,59,1746540769.6724784,11.328271865844727,0.020872142165899277,1.0248874425888062,66.17778015136719,0,24,0.32446932792663574,1.0074392557144165,8.334827423095703,0.4844260513782501,2.089568853378296
2.12247633934021,0,0.00011999999696854502,68.94999694824219,NaN,0.3895738422870636,11621.412109375,1.0095906257629395,1000,0.01510897371917963,2.12247633934021,1200000.0,100.83645629882812,0.04946919530630112,-0.0028924569487571716,11804.809559754,31.079999923706055,1.0095906257629395,-3.2442846298217773,2.0793209075927734,-0.4323955476284027,0.192050039768219,2.0793209075927734,9.071929931640625,3.332608699798584,115.35961151123047,198.34097290039062,59,2.0793209075927734,60,1746540968.0824575,8.08398723602295,0.020315874367952347,1.077178716659546,82.98130798339844,0,30,-0.20366117358207703,1.0095906257629395,8.066767692565918,0.4760212302207947,2.12247633934021
2.1547322273254395,0,0.00011700000322889537,62.349998474121094,NaN,0.38541072607040405,11803.6640625,1.0074301958084106,1000,0.014907455071806908,2.1547322273254395,1220000.0,109.77996063232422,0.05225447937846184,0.002785284072160721,12008.698397138,30.690000534057617,1.0074301958084106,-0.08715391159057617,2.1095266342163086,-0.4206107556819916,-0.0693989172577858,2.1095266342163086,8.365327835083008,3.11692214012146,110.66301727294922,182.1826171875,60,2.1095266342163086,61,1746541150.3393552,7.996833324432373,0.020010175183415413,1.010844349861145,71.51954650878906,0,26,0.011784791946411133,1.0074301958084106,8.319704055786133,0.4653000235557556,2.1547322273254395
2.1863083839416504,0,0.0001140000022132881,79.4000015258789,NaN,0.38308706879615784,12007.5517578125,1.0096755027770996,1000,0.016129251569509506,2.1863083839416504,1240000.0,98.12860107421875,0.043573424220085144,-0.008681055158376694,12180.829381088,29.360000610351562,1.0096755027770996,0.6469054222106934,2.1396121978759766,-0.37103497982025146,-0.09653335064649582,2.1396121978759766,9.062854766845703,3.7337522506713867,112.10728454589844,203.81417846679688,61,2.1396121978759766,62,1746541354.2282007,8.643738746643066,0.02052406594157219,0.8515623211860657,91.70683288574219,0,33,0.04957577586174011,1.00967538356781,7.976917266845703,0.459236204624176,2.1863083839416504
2.2175464630126953,0,0.00011100000119768083,73.0,NaN,0.37964197993278503,12179.6943359375,1.0118958950042725,1000,0.01542813703417778,2.2175464630126953,1260000.0,116.23322296142578,0.049837395548820496,0.0062639713287353516,12361.095096199,32.9900016784668,1.0118958950042725,0.20820045471191406,2.169391632080078,-0.3719983398914337,0.00414605438709259,2.169391632080078,8.572721481323242,3.230009078979492,108.44550323486328,172.06784057617188,62,2.169391632080078,63,1746541526.3591855,8.85193920135498,0.020138759166002274,0.939153790473938,63.62228775024414,0,23,-0.000963360071182251,1.0118958950042725,8.471364974975586,0.45016035437583923,2.2175464630126953
2.2486631870269775,0,0.00010800000018207356,101.0,NaN,0.3787675201892853,12359.9287109375,1.0047335624694824,1000,0.015436622314155102,2.2486631870269775,1280000.0,111.00479125976562,0.045532722026109695,-0.0043046735227108,12546.752383444,35.40999984741211,1.0047335624694824,2.4350814819335938,2.1997804641723633,-0.19172152876853943,0.38490059971809387,2.1997804641723633,8.940055847167969,3.6794991493225098,114.27178955078125,180.17239379882812,63,2.1997804641723633,64,1746541706.6249044,11.287020683288574,0.02052847482264042,0.922545313835144,65.90055847167969,0,24,0.1802768111228943,1.0047335624694824,8.162724494934082,0.44781509041786194,2.2486631870269775
2.280008316040039,0,0.0001049999991664663,102.4000015258789,NaN,0.38016343116760254,12545.5810546875,1.0054336786270142,1000,0.014956612139940262,2.280008316040039,1300000.0,107.78263854980469,0.052435413002967834,0.006902690976858139,12722.151561657,39.9900016784668,1.0054336786270142,2.663729667663574,2.2307584285736084,-0.29326871037483215,-0.0026453956961631775,2.2307584285736084,10.074991226196289,4.120300769805908,111.1440200805664,185.5586395263672,64,2.2307584285736084,65,1746541892.2821977,13.950750350952148,0.020075766369700432,0.9603292942047119,74.4145736694336,0,27,-0.10154718160629272,1.0054336786270142,8.006098747253418,0.4514352083206177,2.280008316040039
2.3120694160461426,0,0.00010199999815085903,131.9499969482422,NaN,0.3828590214252472,12720.9130859375,1.0008004903793335,1000,0.014748414978384972,2.3120694160461426,1320000.0,114.1325912475586,0.052753135561943054,0.0003177225589752197,12914.83731014,47.16999816894531,1.0008004903793335,3.7491703033447266,2.263136148452759,-0.13721005618572235,0.08223061263561249,2.263136148452759,10.949203491210938,4.5119805335998535,113.08069610595703,175.2347869873047,65,2.263136148452759,66,1746542067.681348,17.699920654296875,0.020090822130441666,1.0267984867095947,62.15404510498047,0,23,0.1560586541891098,1.0008004903793335,8.053752899169922,0.4583979845046997,2.3120694160461426
2.3448331356048584,0,9.899999713525176e-05,118.5999984741211,NaN,0.3893981873989105,12913.638671875,1.0001810789108276,1000,0.015057947486639023,2.3448331356048584,1340000.0,103.86447143554688,0.05402625724673271,0.0012731216847896576,13115.752291154,48.11000061035156,1.0001810789108276,-3.204648017883301,2.2963619232177734,-0.13206738233566284,-0.04774807021021843,2.2963619232177734,9.802999496459961,4.333389759063721,114.95311737060547,192.55862426757812,66,2.2963619232177734,67,1746542260.3670914,14.495272636413574,0.02011401765048504,0.8713813424110413,77.60543060302734,0,28,0.005142673850059509,1.0001810789108276,8.32772445678711,0.47523438930511475,2.3448331356048584
2.3781445026397705,0,9.600000339560211e-05,70.25,NaN,0.3846406042575836,13114.5546875,1.014157772064209,1000,0.01561062689870596,2.3781445026397705,1360000.0,99.60707092285156,0.04765624925494194,-0.0063700079917907715,13324.836119945,47.0,1.014157772064209,-4.713549613952637,2.3288655281066895,-0.5648767352104187,0.26137247681617737,2.3288655281066895,10.40230941772461,4.475559234619141,109.96515655517578,200.78897094726562,67,2.3288655281066895,68,1746542461.2820563,9.781723022460938,0.020029310137033463,0.9247448444366455,90.82376098632812,0,33,-0.43280935287475586,1.014157772064209,8.286657333374023,0.46291306614875793,2.3781445026397705
2.412111520767212,0,9.300000237999484e-05,136.75,NaN,0.38131052255630493,13323.6572265625,1.00314199924469,1000,0.014968170784413815,2.412111520767212,1380000.0,95.7042236328125,0.04871026799082756,0.0010540187358856201,13538.878362606,49.45000076293945,1.00314199924469,2.9079275131225586,2.3627302646636963,-0.16505175828933716,-0.17472302913665771,2.3627302646636963,11.639229774475098,5.089415073394775,115.405517578125,208.97718811035156,68,2.3627302646636963,69,1746542670.3658998,12.689650535583496,0.020253174006938934,1.0365358591079712,93.57161712646484,0,33,0.39982497692108154,1.0031418800354004,8.589264869689941,0.4543326497077942,2.412111520767212
2.446518659591675,0,9.000000136438757e-05,107.8499984741211,NaN,0.38059407472610474,13537.666015625,1.0066150426864624,1000,0.015322837047278881,2.446518659591675,1400000.0,93.50051879882812,0.04801070690155029,-0.0006995610892772675,13737.7255057,47.400001525878906,1.0066150426864624,-1.6939544677734375,2.3969571590423584,-0.2944071292877197,-0.2318284511566162,2.3969571590423584,10.528712272644043,3.8832316398620605,114.61970520019531,213.90255737304688,69,2.3969571590423584,70,1746542884.4081361,10.995696067810059,0.02058742754161358,0.8458719849586487,99.28279876708984,0,36,-0.12935537099838257,1.006615161895752,8.234169006347656,0.45236414670944214,2.446518659591675
2.4807240962982178,0,8.70000003487803e-05,68.69999694824219,NaN,0.37409305572509766,13736.48046875,1.0128012895584106,1000,0.01541389524936676,2.4807240962982178,1420000.0,100.66779327392578,0.0684213787317276,0.020410671830177307,13944.734737994,38.959999084472656,1.0128012895584106,-0.6745948791503906,2.4303011894226074,-0.6285678148269653,0.17146672308444977,2.4303011894226074,10.887185096740723,4.5778703689575195,110.12543487548828,198.67327880859375,70,2.4303011894226074,71,1746543083.254843,10.321101188659668,0.021163515746593475,0.8191199898719788,88.54777526855469,0,32,-0.3341606855392456,1.0128012895584106,8.621055603027344,0.43514350056648254,2.4807240962982178
2.514726161956787,0,8.399999933317304e-05,95.44999694824219,NaN,0.36872994899749756,13943.5625,1.00783109664917,1000,0.01465949323028326,2.514726161956787,1440000.0,96.66488647460938,0.044616878032684326,-0.023804500699043274,14153.034263902,38.619998931884766,1.00783109664917,-0.9380054473876953,2.4636940956115723,-0.39825552701950073,0.010665185749530792,2.4636940956115723,10.780415534973145,4.093167781829834,110.41313171386719,206.90037536621094,71,2.4636940956115723,72,1746543290.2645335,9.383095741271973,0.020133137702941895,0.9205330014228821,96.4871826171875,0,35,0.2303122878074646,1.00783109664917,8.714003562927246,0.42073652148246765,2.514726161956787
2.548748731613159,0,8.099999831756577e-05,104.25,NaN,0.3665868043899536,14151.88671875,1.0039336681365967,1000,0.014527399092912674,2.548748731613159,1460000.0,96.05061340332031,0.06236416473984718,0.017747286707162857,14371.45563569,41.41999816894531,1.0039336681365967,1.5308427810668945,2.4974000453948975,-0.4039839506149292,-0.07249404489994049,2.4974000453948975,11.381678581237793,4.629910945892334,114.60321044921875,208.2235565185547,72,2.4974000453948975,73,1746543498.5640507,10.913938522338867,0.02052060142159462,0.9059336185455322,93.62028503417969,0,34,-0.005728423595428467,1.0039336681365967,8.628429412841797,0.41495734453201294,2.548748731613159
2.5825765132904053,0,7.79999973019585e-05,97.1500015258789,NaN,0.36250779032707214,14370.3076171875,1.010177493095398,1000,0.015388193540275097,2.5825765132904053,1480000.0,91.59906005859375,0.043319012969732285,-0.0190451517701149,14580.714956637,38.439998626708984,1.010177493095398,-0.12819862365722656,2.531169891357422,-0.4453507959842682,0.08465413749217987,2.531169891357422,11.192609786987305,5.00669002532959,113.83869934082031,218.3428497314453,73,2.531169891357422,74,1746543716.9854188,10.78573989868164,0.020215822383761406,0.8294324278831482,104.50409698486328,0,38,-0.04136684536933899,1.010177493095398,8.320378303527832,0.4037027657032013,2.5825765132904053
2.6159965991973877,0,7.500000356230885e-05,62.54999923706055,NaN,0.35480937361717224,14579.5400390625,1.0116950273513794,1000,0.014934991486370564,2.6159965991973877,1500000.0,95.62355041503906,0.045667048543691635,0.0023480355739593506,14793.99729081,35.220001220703125,1.0116950273513794,-2.600409507751465,2.5639045238494873,-0.7746968865394592,0.1077379360795021,2.5639045238494873,11.905954360961914,5.012499809265137,112.21968841552734,209.15350341796875,74,2.5639045238494873,75,1746543926.2447429,8.185330390930176,0.021484846249222755,0.9285810589790344,96.93376159667969,0,35,-0.32934609055519104,1.0116950273513794,8.198766708374023,0.3820314407348633,2.6159965991973877
2.6491522789001465,0,7.200000254670158e-05,58.25,NaN,0.3464038670063019,14792.845703125,1.0150947570800781,1000,0.01555216871201992,2.6491522789001465,1520000.0,93.8078842163086,0.03994578868150711,-0.0057212598621845245,14996.964935604,36.560001373291016,1.0150947570800781,-0.9673657417297363,2.595569133758545,-0.7351981401443481,-0.23679479956626892,2.595569133758545,11.205293655395508,4.533646106719971,111.06595611572266,213.20169067382812,75,2.595569133758545,76,1746544139.527073,7.2179646492004395,0.020037611946463585,0.8467730283737183,102.13568115234375,0,37,0.039498746395111084,1.0150947570800781,7.378904819488525,0.35804805159568787,2.6491522789001465
2.6818859577178955,0,6.900000153109431e-05,65.6500015258789,NaN,0.33693405985832214,14995.7919921875,1.013847827911377,1000,0.014975386671721935,2.6818859577178955,1540000.0,98.58639526367188,0.05314716696739197,0.013201378285884857,15224.075641332,34.029998779296875,1.013847827911377,0.41344738006591797,2.6265177726745605,-0.6305742263793945,-0.12126241624355316,2.6265177726745605,10.774785995483398,4.480536937713623,108.89246368408203,202.8677520751953,76,2.6265177726745605,77,1746544342.4947684,7.631412029266357,0.020313242450356483,0.8301535844802856,93.97522735595703,0,34,0.10462391376495361,1.013847827911377,7.289102077484131,0.3302153944969177,2.6818859577178955
2.7141759395599365,0,6.600000051548705e-05,99.55000305175781,NaN,0.3348323106765747,15222.9287109375,1.010414958000183,1000,0.015341820195317268,2.7141759395599365,1560000.0,88.09178161621094,0.046644117683172226,-0.006503049284219742,15448.330615766,33.119998931884766,1.010414958000183,-0.48803138732910156,2.657918930053711,-0.3067381978034973,-0.2876972258090973,2.657918930053711,10.323322296142578,4.470846652984619,116.2468032836914,227.0359344482422,77,2.657918930053711,78,1746544569.6054041,7.143380641937256,0.01817057840526104,0.7635615468025208,110.78907775878906,0,40,0.3238360285758972,1.010414958000183,6.864203453063965,0.3241279423236847,2.7141759395599365
2.745926856994629,0,6.299999949987978e-05,91.6500015258789,NaN,0.333888977766037,15447.1826171875,1.0059665441513062,1000,0.01441899873316288,2.745926856994629,1580000.0,89.21544647216797,0.05007673054933548,0.003432612866163254,15668.871325649,31.219999313354492,1.0059665441513062,0.4268975257873535,2.6894774436950684,-0.3401520252227783,0.13037246465682983,2.6894774436950684,9.90322494506836,3.9794089794158936,113.5544662475586,224.17642211914062,78,2.6894774436950684,79,1746544793.8604078,7.570278167724609,0.01942559704184532,0.8433484435081482,110.62190246582031,0,40,-0.033413827419281006,1.0059665441513062,7.216820240020752,0.3212333023548126,2.745926856994629
2.777280569076538,0,5.999999848427251e-05,70.0999984741211,NaN,0.32976773381233215,15667.7265625,1.0119415521621704,1000,0.014936634339392185,2.777280569076538,1600000.0,90.71622467041016,0.051306843757629395,0.0012301132082939148,15893.296527205,32.310001373291016,1.0119415521621704,0.029215335845947266,2.720482349395752,-0.5434736013412476,-0.0979800820350647,2.720482349395752,10.258016586303711,4.360177993774414,109.25640869140625,220.46774291992188,79,2.720482349395752,80,1746545014.4011009,7.599493503570557,0.018810121342539787,0.8986455798149109,111.21127319335938,0,40,-0.20332157611846924,1.0119415521621704,7.521268367767334,0.30870941281318665,2.777280569076538
2.8084137439727783,0,5.700000110664405e-05,100.0,NaN,0.3254145681858063,15892.1259765625,1.0056003332138062,1000,0.01432741153985262,2.8084137439727783,1620000.0,89.15572357177734,0.0568273551762104,0.005520511418581009,16113.348883359,34.04999923706055,1.0056003332138062,0.23050451278686523,2.751960515975952,-0.32833579182624817,0.22806668281555176,2.751960515975952,10.485940933227539,4.788085460662842,113.94105529785156,224.32659912109375,80,2.751960515975952,81,1746545238.826289,7.829998016357422,0.01845790632069111,0.9655113220214844,110.38548278808594,0,40,0.2151378095149994,1.0056003332138062,8.060744285583496,0.29539790749549866,2.8084137439727783
2.83923602104187,0,5.400000009103678e-05,69.0,NaN,0.32260364294052124,16112.18359375,1.0100724697113037,1000,0.014221157878637314,2.83923602104187,1640000.0,90.92572021484375,0.04345623031258583,-0.013371124863624573,16336.704268784,32.52000045776367,1.0100724697113037,-1.8114843368530273,2.7828609943389893,-0.4463633894920349,-0.06947048008441925,2.7828609943389893,9.11475944519043,4.098799705505371,110.06290435791016,219.95977783203125,81,2.7828609943389893,82,1746545458.8786585,6.0185136795043945,0.017846575006842613,0.8460297584533691,109.89679718017578,0,40,-0.11802759766578674,1.0100724697113037,8.056415557861328,0.2868715822696686,2.83923602104187
2.8696465492248535,0,5.0999999075429514e-05,74.5999984741211,NaN,0.3210602104663849,16335.51171875,1.006332278251648,1000,0.0140626709908247,2.8696465492248535,1660000.0,89.59176635742188,0.044593241065740585,0.0011370107531547546,16562.254805688,30.75,1.006332278251648,0.48290443420410156,2.813431739807129,-0.49537765979766846,0.21078293025493622,2.813431739807129,10.146939277648926,4.95955753326416,112.1890869140625,223.23480224609375,82,2.813431739807129,83,1746545682.2340534,6.501418113708496,0.016123779118061066,0.8460540771484375,111.04564666748047,0,40,-0.049014270305633545,1.006332278251648,8.084586143493652,0.2821195721626282,2.8696465492248535
2.899892807006836,0,4.8000001697801054e-05,108.0,NaN,0.3208284080028534,16561.08203125,1.0018094778060913,1000,0.013814624398946762,2.899892807006836,1680000.0,88.71241760253906,0.04667481780052185,0.0020815767347812653,16784.00160301,33.349998474121094,1.0018094778060913,2.2996368408203125,2.8447909355163574,-0.15072670578956604,-0.13886627554893494,2.8447909355163574,9.539946556091309,4.889680862426758,115.51542663574219,225.4475860595703,83,2.8447909355163574,84,1746545907.7845812,8.801054954528809,0.01665310561656952,0.9295035004615784,109.93211364746094,0,40,0.3446509540081024,1.0018094778060913,7.687509536743164,0.281380832195282,2.899892807006836
2.9304118156433105,0,4.5000000682193786e-05,94.4000015258789,NaN,0.3201313018798828,16782.822265625,1.0095432996749878,1000,0.013501612469553947,2.9304118156433105,1700000.0,90.23641204833984,0.05520929768681526,0.008534479886293411,17009.840994478,38.77000045776367,1.0095432996749878,0.011640548706054688,2.8764219284057617,-0.4504297375679016,0.04313702508807182,2.8764219284057617,11.223390579223633,5.156835079193115,110.83454895019531,221.64002990722656,84,2.8764219284057617,85,1746546129.531412,8.812695503234863,0.015535878948867321,0.9637367129325867,110.805419921875,0,40,-0.29970303177833557,1.0095432996749878,7.638757228851318,0.27936387062072754,2.9304118156433105
2.961271047592163,0,4.199999966658652e-05,90.80000305175781,NaN,0.3175184428691864,17008.66015625,1.0063050985336304,1000,0.013350452296435833,2.961271047592163,1720000.0,88.6012191772461,0.061209917068481445,0.0060006193816661835,17233.73915085,39.9900016784668,1.0063050985336304,-0.41108226776123047,2.9081826210021973,-0.3852211833000183,-0.022766761481761932,2.9081826210021973,10.233332633972168,5.131443023681641,113.15630340576172,225.73052978515625,85,2.9081826210021973,86,1746546355.3707986,8.401613235473633,0.015896674245595932,1.0005695819854736,112.57416534423828,0,40,0.0652085542678833,1.0063050985336304,7.634716033935547,0.2713179886341095,2.961271047592163
2.9929022789001465,0,3.899999865097925e-05,110.05000305175781,NaN,0.3173554539680481,17232.521484375,1.005394697189331,1000,0.013120454736053944,2.9929022789001465,1740000.0,89.38491821289062,0.05945887416601181,-0.001751042902469635,17452.167691907,46.18000030517578,1.005394697189331,3.0142784118652344,2.940676212310791,-0.341513067483902,0.053326793015003204,2.940676212310791,11.557969093322754,6.149745941162109,115.16402435302734,223.75140380859375,86,2.940676212310791,87,1746546579.268922,11.415891647338867,0.014888813719153404,1.1093860864639282,108.58732604980469,0,40,0.04370811581611633,1.005394697189331,8.306501388549805,0.27075502276420593,2.9929022789001465
3.0252184867858887,0,3.600000127335079e-05,68.25,NaN,0.31585726141929626,17450.857421875,1.0091183185577393,1000,0.012742736376821995,3.0252184867858887,1760000.0,91.66280364990234,0.04474874958395958,-0.01471012458205223,17672.219564208,46.119998931884766,1.0091183185577393,-3.7680983543395996,2.97247052192688,-0.555553674697876,-0.06543333828449249,2.97247052192688,10.353006362915039,5.54931640625,108.73456573486328,218.19102478027344,87,2.97247052192688,88,1746546797.697465,7.647793292999268,0.013934731483459473,0.9196262955665588,109.45639038085938,0,40,-0.214040607213974,1.0091183185577393,8.455948829650879,0.2660317122936249,3.0252184867858887
3.0580050945281982,0,3.300000025774352e-05,90.30000305175781,NaN,0.3129376173019409,17671.07421875,1.0078495740890503,1000,0.012577935121953487,3.0580050945281982,1780000.0,90.91813659667969,0.04489191621541977,0.00014316663146018982,17896.52838006,44.220001220703125,1.0078495740890503,0.6842894554138184,3.0043675899505615,-0.3716420531272888,-0.35529428720474243,3.0043675899505615,10.236360549926758,5.265554428100586,110.60881042480469,219.9781036376953,88,3.0043675899505615,89,1746547017.749356,8.332082748413086,0.013324534520506859,0.9983087182044983,109.3692398071289,0,40,0.18391162157058716,1.0078495740890503,8.816720008850098,0.25672435760498047,3.0580050945281982
3.090913772583008,0,2.9999999242136255e-05,100.4000015258789,NaN,0.31218236684799194,17895.380859375,1.0042911767959595,1000,0.012315787374973297,3.090913772583008,1800000.0,89.19401550292969,0.053817059844732285,0.008925143629312515,18118.122059045,40.22999954223633,1.0042911767959595,0.26017189025878906,3.0366854667663574,-0.2807168662548065,0.033641837537288666,3.0366854667663574,10.26273250579834,4.905327320098877,114.06961059570312,224.23028564453125,89,3.0366854667663574,90,1746547242.0582192,8.592254638671875,0.014477221295237541,1.0458492040634155,110.1606216430664,0,40,0.0909251868724823,1.0042911767959595,9.040980339050293,0.25431549549102783,3.090913772583008
3.123971700668335,0,2.700000004551839e-05,107.1500015258789,NaN,0.31213080883026123,18116.916015625,1.0046899318695068,1000,0.01196823175996542,3.123971700668335,1820000.0,90.30899810791016,0.04957796260714531,-0.004239097237586975,18342.076706945,40.7400016784668,1.0046899318695068,-0.9242043495178223,3.0695960521698,-0.25083720684051514,0.027973510324954987,3.0695960521698,10.55610179901123,4.795230388641357,111.85557556152344,221.4618682861328,90,3.0695960521698,91,1746547463.651857,7.668050289154053,0.012039213441312313,0.9762240052223206,109.60623931884766,0,40,0.029879659414291382,1.0046899318695068,8.728882789611816,0.2540619373321533,3.123971700668335
3.156954050064087,0,2.4000000848900527e-05,88.94999694824219,NaN,0.312619686126709,18340.931640625,1.0049206018447876,1000,0.011300620622932911,3.156954050064087,1840000.0,89.33267974853516,0.055682387202978134,0.006104424595832825,18564.124485856,37.959999084472656,1.0049206018447876,0.045804500579833984,3.1024510860443115,-0.40893808007240295,0.03879205510020256,3.1024510860443115,10.55593204498291,4.520633697509766,114.07395935058594,223.8822479248047,91,3.1024510860443115,92,1746547687.6065037,7.713854789733887,0.01162022165954113,0.9376782178878784,109.80823516845703,0,40,-0.15810087323188782,1.0049206018447876,8.379504203796387,0.255603551864624,3.156954050064087
3.189892053604126,0,2.099999983329326e-05,70.25,NaN,0.31199759244918823,18562.9765625,1.008065104484558,1000,0.010932952165603638,3.189892053604126,1860000.0,90.10157775878906,0.043937329202890396,-0.011745058000087738,18789.765750056,38.2400016784668,1.008065104484558,-1.4578933715820312,3.134640693664551,-0.5399712920188904,-0.056348539888858795,3.134640693664551,10.213072776794434,4.200479507446289,110.79498291015625,221.97169494628906,92,3.134640693664551,93,1746547909.6542647,6.2559614181518555,0.009840525686740875,0.8330657482147217,111.1766586303711,0,40,-0.13103321194648743,1.008065104484558,8.339127540588379,0.25341206789016724,3.189892053604126
3.2227678298950195,0,1.8000000636675395e-05,84.44999694824219,NaN,0.3115832209587097,18788.619140625,1.003839135169983,1000,0.010774727910757065,3.2227678298950195,1880000.0,88.66529846191406,0.04762907698750496,0.003691747784614563,19012.233689969,37.91999816894531,1.003839135169983,1.1864752769470215,3.166707992553711,-0.31976398825645447,-0.2666313052177429,3.166707992553711,9.391114234924316,4.074025630950928,112.98869323730469,225.5673828125,93,3.166707992553711,94,1746548135.2955458,7.442436695098877,0.010774157010018826,0.9533018469810486,112.57864379882812,0,40,0.2202073037624359,1.003839135169983,8.160282135009766,0.25198858976364136,3.2227678298950195
3.255563974380493,0,1.4999999621068127e-05,99.19999694824219,NaN,0.3138118386268616,19011.0859375,1.0024995803833008,1000,0.010384159162640572,3.255563974380493,1900000.0,89.93102264404297,0.05677423253655434,0.009145155549049377,19232.963151342,37.58000183105469,1.0024995803833008,1.0143895149230957,3.1991515159606934,-0.24890553951263428,-0.15956389904022217,3.1991515159606934,9.942113876342773,4.648871898651123,112.25188446044922,222.39266967773438,94,3.1991515159606934,95,1746548357.7634728,8.456826210021973,0.009145945310592651,0.9856523275375366,110.14073181152344,0,40,0.07085844874382019,1.0024995803833008,8.061532974243164,0.25894665718078613,3.255563974380493
3.2881243228912354,0,1.2000000424450263e-05,81.5,NaN,0.3156735599040985,19231.814453125,1.0040761232376099,1000,0.010233229957520962,3.2881243228912354,1920000.0,90.640625,0.05999845266342163,0.0032242201268672943,19456.815556173,35.41999816894531,1.0040761232376099,-0.3122425079345703,3.2313520908355713,-0.3067331910133362,-0.27373647689819336,3.2313520908355713,8.942838668823242,4.026582717895508,110.18364715576172,220.651611328125,95,3.2313520908355713,96,1746548578.4929323,8.144583702087402,0.00862625427544117,0.9887480735778809,110.46790313720703,0,40,-0.057827651500701904,1.0040760040283203,8.372367858886719,0.26485899090766907,3.2881243228912354
3.320641040802002,0,9.000000318337698e-06,103.6500015258789,NaN,0.3164724111557007,19455.654296875,1.0008827447891235,1000,0.009295271709561348,3.320641040802002,1940000.0,89.38072967529297,0.05372314527630806,-0.006275307387113571,19677.47586767,37.560001373291016,1.0008827447891235,0.0081634521484375,3.264063835144043,-0.07489345222711563,-0.14847128093242645,3.264063835144043,8.657857894897461,3.746372699737549,113.46546173095703,223.7618865966797,96,3.264063835144043,97,1746548802.3453007,8.15274715423584,0.007696458138525486,0.9988270401954651,110.2963638305664,0,40,0.23183973878622055,1.0008827447891235,8.395541191101074,0.26743417978286743,3.320641040802002
3.352952241897583,0,6.000000212225132e-06,95.55000305175781,NaN,0.3180120289325714,19676.322265625,1.0015512704849243,1000,0.008565758354961872,3.352952241897583,1960000.0,90.66993713378906,0.03608373925089836,-0.0176394060254097,19904.962957174,35.380001068115234,1.0015512704849243,-1.3186306953430176,3.2969701290130615,-0.1590312421321869,0.3194398283958435,3.2969701290130615,9.06687068939209,4.153500080108643,110.92851257324219,220.5802764892578,97,3.2969701290130615,98,1746549023.0056343,6.834116458892822,0.006227052304893732,0.8424630761146545,109.6517105102539,0,40,-0.08413778990507126,1.0015512704849243,8.086810111999512,0.27232417464256287,3.352952241897583
3.3849878311157227,0,3.000000106112566e-06,85.05000305175781,NaN,0.3188626170158386,19903.814453125,1.00193452835083,1000,0.007780476473271847,3.3849878311157227,1980000.0,87.9458236694336,0.050971128046512604,0.014887388795614243,20128.127341645,34.18000030517578,1.00193452835083,-0.34311628341674805,3.3297064304351807,-0.2889155149459839,-0.012658104300498962,3.3297064304351807,9.446048736572266,4.509027481079102,112.74925994873047,227.41273498535156,98,3.3297064304351807,99,1746549250.4927518,6.491000175476074,0.0049297199584543705,1.005415678024292,114.66342163085938,0,40,-0.129884272813797,1.0019344091415405,8.104215621948242,0.27507299184799194,3.3849878311157227
3.416658639907837,0,0.0,64.94999694824219,NaN,0.3190472424030304,20126.994140625,1.001975178718567,1000,0.007078644819557667,3.416658639907837,2000000.0,89.64498138427734,0.048433106392621994,-0.0025380216538906097,20128.957959568,32.650001525878906,1.001975178718567,-0.0453643798828125,3.361617088317871,-0.25799188017845154,-0.15448062121868134,3.361617088317871,7.341527938842773,3.398113250732422,111.47135925292969,223.10227966308594,99,3.361617088317871,100,1746549473.6571681,6.445635795593262,0.004370673093944788,0.7239464521408081,111.63086700439453,0,40,0.03092363476753235,1.001975178718567,7.778224945068359,0.2756875455379486,3.416658639907837
