Safety/EpCostShield,Train/PolicyRatio/Std,Time/Update,Value/reward,Time/FPS,Safety/ShieldLagrangeMultiplier/Min,Loss/Loss_reward_critic,Metrics/LagrangeMultiplier/Std,Safety/ShieldLagrangeMultiplier/Max,Train/PolicyStd,Loss/Loss_pi,Train/StopIter,Train/PolicyRatio/Max,Safety/ShieldLagrangeMultiplier/Std,Value/Adv,TotalEnvSteps,Metrics/LagrangeMultiplier,Train/KL,_step,Loss/Loss_cost_critic,Time/Total,Train/Epoch,Metrics/EpRet,Loss/Loss_reward_critic/Delta,Train/PolicyRatio/Min,Loss/Loss_cost_critic/Delta,Metrics/EpLen,Safety/shield_violation,Train/LR,Train/Entropy,Metrics/LagrangeMultiplier/Min,Safety/shield_adv_c,Safety/ShieldLagrangeMultiplier,Metrics/EpCost,_runtime,Time/Rollout,Loss/Loss_pi/Delta,Metrics/LagrangeMultiplier/Max,Value/cost,_timestamp,Time/Epoch,Train/PolicyRatio
87.25,0.010307596996426582,93.92517852783203,0.1847066581249237,86.62442016601562,0.044999994337558746,0.01293759886175394,0,0.044999994337558746,0.9821596741676331,-0.2797006368637085,40,1.0031142234802246,0,0.19297078251838684,20000.0,0.03599999472498894,0.009924463927745819,1,15.376062393188477,230.88433837890625,0,-1.0131992101669312,0.01293759886175394,1.0031142234802246,15.376062393188477,1000,0.20609033107757568,0.0002969999914057553,1.4009019136428833,0.03599999472498894,NaN,0.044999994337558746,35.400001525878906,427.466319786,136.95648193359375,-0.2797006368637085,0.03599999472498894,0.025277959182858467,1746570362.575158,230.88177490234375,1.0031142234802246
79.55000305175781,0.01217352133244276,96.02201080322266,0.1398847997188568,102.41287994384766,0.07987861335277557,0.008303030394017696,0,0.07987861335277557,0.9506427049636841,-0.2513936460018158,40,1.0035375356674194,0,-0.2513745129108429,40000.0,0.07100190222263336,0.011833196505904198,2,12.799909591674805,426.2802429199219,1,-0.35199758410453796,-0.004634568467736244,1.0035375356674194,-2.576152801513672,1000,1.3350684642791748,0.00029399999766610563,1.3682575225830078,0.07100190222263336,NaN,0.07987861335277557,35.474998474121094,623.5301793,99.265869140625,0.0283069908618927,0.07100190222263336,0.36933720111846924,1746570557.9349835,195.28793334960938,1.0035374164581299
90.75,0.01143887359648943,96.23457336425781,0.11638589948415756,102.04205322265625,0.11488094925880432,0.007070592604577541,0,0.11488094925880432,0.9291424751281738,-0.22418823838233948,40,1.0032801628112793,0,-0.04406927153468132,60000.0,0.10606877505779266,0.010724752210080624,3,13.653091430664062,622.3497314453125,2,-0.04532068595290184,-0.001232437789440155,1.0032801628112793,0.8531818389892578,1000,2.546682596206665,0.000291000003926456,1.3453813791275024,0.10606877505779266,NaN,0.11488094925880432,37.88333511352539,823.148660233,99.76300048828125,0.02720540761947632,0.10606877505779266,0.9291394352912903,1746570753.9987948,195.99761962890625,1.0032801628112793
105.0999984741211,0.012888613156974316,95.57877349853516,0.10300835222005844,100.22039031982422,0.1500343382358551,0.015844667330384254,0,0.1500343382358551,0.8963042497634888,-0.19137316942214966,40,1.004478931427002,0,-0.24453312158584595,80000.0,0.1412188708782196,0.016844293102622032,4,12.423469543457031,821.9761962890625,3,0.4703885614871979,0.008774074725806713,1.004478931427002,-1.2296218872070312,1000,3.3805999755859375,0.0002880000101868063,1.3094005584716797,0.1412188708782196,NaN,0.1500343382358551,39.76250076293945,1019.791686318,103.98135375976562,0.03281506896018982,0.1412188708782196,1.0745329856872559,1746570953.6172829,199.5601806640625,1.004478931427002
113.94999694824219,0.012271859683096409,94.46207427978516,0.1318824738264084,101.73653411865234,0.18534968793392181,0.018677935004234314,0,0.18534968793392181,0.8697907328605652,-0.20414716005325317,40,1.0041743516921997,0,-0.1928786337375641,100000.0,0.17652226984500885,0.01467145700007677,5,14.629916191101074,1018.6197509765625,4,1.0116065740585327,0.0028332676738500595,1.0041743516921997,2.206446647644043,1000,5.749400615692139,0.0002849999873433262,1.2794067859649658,0.17652226984500885,NaN,0.18534968793392181,45.02000045776367,1218.249844892,102.12407684326172,-0.012773990631103516,0.17652226984500885,2.4146032333374023,1746571150.2602818,196.58621215820312,1.0041743516921997
114.44999694824219,0.012133518233895302,94.76775360107422,0.12580132484436035,100.80915069580078,0.22080540657043457,0.02236289158463478,0,0.22080540657043457,0.8552588224411011,-0.20140977203845978,40,1.0044918060302734,0,-0.07240018248558044,120000.0,0.2119894027709961,0.011836419813334942,6,12.927584648132324,1217.072998046875,5,1.824671983718872,0.003684956580400467,1.0044918060302734,-1.70233154296875,1000,7.043729782104492,0.00028199999360367656,1.2625722885131836,0.2119894027709961,NaN,0.22080540657043457,47.72999954223633,1420.282107058,103.62688446044922,0.002737388014793396,0.2119894027709961,3.1846163272857666,1746571348.7185209,198.3946990966797,1.0044918060302734
221.9499969482422,0.012805359438061714,94.82426452636719,0.18777970969676971,99.02864074707031,0.25562286376953125,0.020167285576462746,0,0.25562286376953125,0.8494512438774109,0.007621286902576685,40,0.9998014569282532,0,0.20314474403858185,140000.0,0.24762098491191864,0.012502375058829784,7,22.229965209960938,1419.096923828125,6,2.479268789291382,-0.0021956060081720352,0.9998014569282532,9.302380561828613,1000,7.7926225662231445,0.0002789999998640269,1.2557718753814697,0.24762098491191864,NaN,0.25562286376953125,64.13999938964844,1619.372652154,107.13745880126953,0.20903105894103646,0.24762098491191864,3.698638677597046,1746571550.7506793,201.96177673339844,0.9998013973236084
142.89999389648438,0.012674788944423199,95.41524505615234,0.20701637864112854,100.48780822753906,0.2906879782676697,0.023565037176012993,0,0.2906879782676697,0.8349201083183289,-0.17544470727443695,40,1.0053540468215942,0,-0.07391617447137833,160000.0,0.28346338868141174,0.012787986546754837,8,15.027352333068848,1618.1968994140625,7,3.1167850494384766,0.003397751599550247,1.0053540468215942,-7.20261287689209,1000,9.273457527160645,0.00027600000612437725,1.2385022640228271,0.28346338868141174,NaN,0.2906879782676697,72.86000061035156,1819.19402079,103.61382293701172,-0.18306599417701364,0.28346338868141174,4.681362152099609,1746571749.8413458,199.0291290283203,1.0053540468215942
129.10000610351562,0.013044966384768486,95.9605484008789,0.27338218688964844,100.11988830566406,0.3257709741592407,0.031140336766839027,0,0.3257709741592407,0.8197056651115417,-0.22094477713108063,40,1.0053019523620605,0,0.10031048953533173,180000.0,0.31958886981010437,0.014582262374460697,9,16.064165115356445,1818.0184326171875,8,3.752387046813965,0.0075752995908260345,1.0053019523620605,1.0368127822875977,1000,9.900197982788086,0.0002730000123847276,1.2201133966445923,0.31958886981010437,NaN,0.3257709741592407,74.69999694824219,2017.258764076,103.7999038696289,-0.04550006985664368,0.31958886981010437,5.513545036315918,1746571949.6626785,199.76051330566406,1.0053019523620605
87.1500015258789,0.014447166584432125,96.35157012939453,0.26555848121643066,101.01366424560547,0.36007454991340637,0.03231847658753395,0,0.36007454991340637,0.7946340441703796,-0.38952526450157166,40,1.011997103691101,0,-0.09163403511047363,200000.0,0.3559434115886688,0.017375778406858444,10,12.604876518249512,2016.0723876953125,9,4.080130100250244,0.0011781398206949234,1.011997103691101,-3.4592885971069336,1000,11.623982429504395,0.0002699999895412475,1.1890130043029785,0.3559434115886688,NaN,0.36007454991340637,70.41000366210938,2216.140898605,101.64138793945312,-0.16858048737049103,0.3559434115886688,5.861794471740723,1746572147.72738,197.99301147460938,1.011997103691101
131.9499969482422,0.014178103767335415,95.8817138671875,0.328732430934906,100.59317779541016,0.39460089802742004,0.04339497536420822,0,0.39460089802742004,0.77499920129776,-0.21908888220787048,40,1.0071327686309814,0,0.05530061200261116,220000.0,0.3925136923789978,0.015475994907319546,11,11.346242904663086,2214.96533203125,10,4.688177585601807,0.01107649877667427,1.0071327686309814,-1.2586336135864258,1000,10.5234956741333,0.00026699999580159783,1.1640101671218872,0.3925136923789978,NaN,0.39460089802742004,72.16000366210938,2400.041460833,102.9388656616211,0.17043638229370117,0.3925136923789978,5.7462968826293945,1746572346.6095066,198.8206329345703,1.0071327686309814
68.3499984741211,0.0142405079677701,82.75186920166016,0.3552868068218231,108.79010772705078,0.42798370122909546,0.046487197279930115,0,0.42798370122909546,0.7568513751029968,-0.42613038420677185,35,1.0114867687225342,0,-0.045682527124881744,240000.0,0.4288046956062317,0.020590294152498245,12,8.732231140136719,2398.866455078125,11,5.288500785827637,0.0030922219157218933,1.0114867687225342,-2.614011764526367,1000,10.832559585571289,0.0002640000020619482,1.140307068824768,0.4288046956062317,NaN,0.42798370122909546,54.63999938964844,2596.698665688,101.08828735351562,-0.20704150199890137,0.4288046956062317,5.457907199859619,1746572530.5100543,183.84024047851562,1.0114867687225342
95.0999984741211,0.014705793000757694,94.41325378417969,0.40412187576293945,101.74240112304688,0.4610736668109894,0.04097025841474533,0,0.4610736668109894,0.7356409430503845,-0.36548861861228943,40,1.0103620290756226,0,-0.0016947761178016663,260000.0,0.46458983421325684,0.018541356548666954,13,11.227616310119629,2595.500732421875,12,5.8272385597229,-0.005516938865184784,1.0103620290756226,2.49538516998291,1000,11.232941627502441,0.0002610000083222985,1.1118988990783691,0.46458983421325684,NaN,0.4610736668109894,47.4900016784668,2794.051501387,102.16156768798828,0.06064176559448242,0.46458983421325684,5.450247764587402,1746572727.1673837,196.5748748779297,1.0103620290756226
127.0,0.014870516024529934,94.07101440429688,0.5131102800369263,101.39971923828125,0.49454769492149353,0.05001955106854439,0,0.49454769492149353,0.7211418747901917,-0.25340524315834045,40,1.0080500841140747,0,0.03269025683403015,280000.0,0.499955415725708,0.019049884751439095,14,11.817659378051758,2792.823486328125,13,6.171879768371582,0.009049292653799057,1.0080500841140747,0.5900430679321289,1000,11.428542137145996,0.0002579999854788184,1.0920013189315796,0.499955415725708,NaN,0.49454769492149353,47.52000045776367,2993.208860726,103.16813659667969,0.11208337545394897,0.499955415725708,5.464263439178467,1746572924.5201874,197.2392120361328,1.0080500841140747
127.4000015258789,0.014749323017895222,94.6778335571289,0.5937900543212891,100.45207977294922,0.5283472537994385,0.05021695792675018,0,0.5283472537994385,0.7082400321960449,-0.30143895745277405,40,1.0092672109603882,0,-0.06898831576108932,300000.0,0.5350993275642395,0.018045317381620407,15,9.970303535461426,2992.036865234375,14,6.798887729644775,0.0001974068582057953,1.0092672109603882,-1.847355842590332,1000,12.603567123413086,0.00025499999173916876,1.0739445686340332,0.5350993275642395,NaN,0.5283472537994385,50.599998474121094,3190.246638397,104.4220199584961,-0.048033714294433594,0.5350993275642395,6.053385257720947,1746573123.6774995,199.0998992919922,1.0092672109603882
133.60000610351562,0.014469706453382969,94.6607666015625,0.647739052772522,101.53298950195312,0.5625203847885132,0.04339521750807762,0,0.5625203847885132,0.695427417755127,-0.23092451691627502,40,1.0115597248077393,0,0.1775909662246704,320000.0,0.5702915191650391,0.019803130999207497,16,8.80799674987793,3189.0732421875,15,6.989363193511963,-0.006821740418672562,1.0115597248077393,-1.162306785583496,1000,11.6034574508667,0.0002519999979995191,1.0556851625442505,0.5702915191650391,NaN,0.5625203847885132,56.599998474121094,3381.505914838,102.31948852539062,0.07051444053649902,0.5702915191650391,5.4655842781066895,1746573320.715315,196.98031616210938,1.0115597248077393
87.30000305175781,0.015423436649143696,87.19385528564453,0.6003683805465698,104.60041809082031,0.5961018204689026,0.055576782673597336,0,0.5961018204689026,0.6770459413528442,-0.3797205984592438,37,1.0119707584381104,0,0.13566911220550537,340000.0,0.6055240631103516,0.020655794069170952,17,8.983664512634277,3380.336181640625,16,7.085878849029541,0.012181565165519714,1.0119707584381104,0.17566776275634766,1000,10.892861366271973,0.00024900000425986946,1.0288400650024414,0.6055240631103516,NaN,0.5961018204689026,56.619998931884766,3551.288699336,104.00990295410156,-0.14879608154296875,0.6055240631103516,4.978605270385742,1746573511.9745913,191.20382690429688,1.0119707584381104
97.5,0.015047594904899597,66.54310607910156,0.6531438231468201,117.83521270751953,0.6294077038764954,0.04679752513766289,0,0.6294077038764954,0.6552520394325256,-0.35458672046661377,28,1.01095712184906,0,-0.2566538155078888,360000.0,0.6407309174537659,0.020451631397008896,18,9.566262245178223,3550.11865234375,17,7.182684898376465,-0.008779257535934448,1.01095712184906,0.5825977325439453,1000,11.21393871307373,0.0002460000105202198,0.9961535334587097,0.6407309174537659,NaN,0.6294077038764954,55.09000015258789,3735.837820114,103.1854019165039,0.025133877992630005,0.6407309174537659,4.926619529724121,1746573681.7573762,169.7285614013672,1.01095712184906
125.44999694824219,0.01503919716924429,79.33705139160156,0.6627957224845886,108.4081039428711,0.6630439162254333,0.043647151440382004,0,0.6630439162254333,0.6418607831001282,-0.2706848084926605,33,1.0079888105392456,0,-0.02263396978378296,380000.0,0.6758663058280945,0.02056305482983589,19,10.34256362915039,3734.662353515625,18,7.208452224731445,-0.003150373697280884,1.0079888105392456,0.776301383972168,1000,11.819670677185059,0.00024300000222865492,0.9755128026008606,0.6758663058280945,NaN,0.6630439162254333,53.86000061035156,3900.826654979,105.15093994140625,0.08390191197395325,0.6758663058280945,5.084177017211914,1746573866.3064914,184.48805236816406,1.007988691329956
116.69999694824219,0.01513473317027092,62.82692337036133,0.7085744142532349,121.26844024658203,0.6967977285385132,0.057113565504550934,0,0.6967977285385132,0.6264950037002563,-0.2770836353302002,26,1.0068527460098267,0,-0.0758277177810669,400000.0,0.7108234763145447,0.0215425007045269,20,12.73803424835205,3899.646240234375,19,7.589345932006836,0.01346641406416893,1.0068527460098267,2.39547061920166,1000,11.26645278930664,0.00023999999393709004,0.9512532353401184,0.7108234763145447,NaN,0.6967977285385132,51.060001373291016,4073.781288454,102.09636688232422,-0.006398826837539673,0.7108234763145447,4.629971027374268,1746574031.2953053,164.92337036132812,1.0068527460098267
60.599998474121094,0.015473609790205956,72.78461456298828,0.6613456606864929,115.75460815429688,0.7293540239334106,0.04839753732085228,0,0.7293540239334106,0.6079411506652832,-0.5054619312286377,30,1.0151922702789307,0,-0.022630587220191956,420000.0,0.745026707649231,0.020401326939463615,21,6.700793743133545,4072.4912109375,20,7.631961822509766,-0.008716028183698654,1.0151922702789307,-6.037240505218506,1000,10.83538818359375,0.00023700000019744039,0.9211965799331665,0.745026707649231,NaN,0.7293540239334106,38.31999969482422,4178.358885086,99.99462127685547,-0.2283782958984375,0.745026707649231,4.1746602058410645,1746574204.2498858,172.779296875,1.0151922702789307
103.19999694824219,0.01421008724719286,2.604031801223755,0.641274094581604,191.34117126464844,0.7619009613990784,0.0632367804646492,0,0.7619009613990784,0.600523829460144,-0.24582020938396454,1,1.001403570175171,0,0.15845973789691925,440000.0,0.7787310481071472,0.020971475169062614,22,33.47613525390625,4177.19189453125,21,7.777258396148682,0.01483924314379692,1.001403570175171,26.775341510772705,1000,10.669422149658203,0.00023400000645779073,0.908981204032898,0.7787310481071472,NaN,0.7619009613990784,41.45000076293945,4350.606243901,101.92124938964844,0.25964172184467316,0.7787310481071472,4.314931392669678,1746574308.8276079,104.52533721923828,1.001403570175171
93.80000305175781,0.015308973379433155,69.4418716430664,0.6789934635162354,116.1570816040039,0.7942318320274353,0.04600074887275696,0,0.7942318320274353,0.5940689444541931,-0.3474464416503906,29,1.0104669332504272,0,-0.15022872388362885,460000.0,0.8118608593940735,0.022290771827101707,23,8.119085311889648,4349.4248046875,22,7.680881500244141,-0.017236031591892242,1.0104669332504272,-25.3570499420166,1000,10.706829071044922,0.00023099999816622585,0.8981493711471558,0.8118608593940735,NaN,0.7942318320274353,38.709999084472656,4509.030456315,102.73871612548828,-0.10162623226642609,0.8118608593940735,4.472782611846924,1746574481.0749483,172.18063354492188,1.0104669332504272
98.6500015258789,0.014822674915194511,54.94811248779297,0.8426826000213623,126.31121826171875,0.8264926671981812,0.046992599964141846,0,0.8264926671981812,0.5872842669487,-0.21416480839252472,23,1.0076895952224731,0,-0.05679203197360039,480000.0,0.8445286750793457,0.020536134019494057,24,9.224735260009766,4507.8310546875,23,8.051504135131836,0.0009918510913848877,1.0076895952224731,1.1056499481201172,1000,8.873737335205078,0.0002280000044265762,0.8866469860076904,0.8445286750793457,NaN,0.8264926671981812,39.45000076293945,4681.645560657,103.39089965820312,0.1332816332578659,0.8445286750793457,3.564790725708008,1746574639.499135,158.3390655517578,1.0076895952224731
66.3499984741211,0.015150649473071098,72.29126739501953,0.8168097734451294,115.92755126953125,0.8578905463218689,0.0516490563750267,0,0.8578905463218689,0.575764536857605,-0.37822404503822327,30,1.0106358528137207,0,0.1361715942621231,500000.0,0.8766006231307983,0.02007604017853737,25,7.7489848136901855,4680.4375,24,7.949114799499512,0.004656456410884857,1.0106358528137207,-1.47575044631958,1000,8.826476097106934,0.00022499999613501132,0.866818368434906,0.8766006231307983,NaN,0.8578905463218689,35.880001068115234,4842.79227532,100.230224609375,-0.16405923664569855,0.8766006231307983,3.97969913482666,1746574812.1141605,172.52154541015625,1.0106359720230103
140.8000030517578,0.0159094650298357,55.427581787109375,0.8523931503295898,124.1561508178711,0.890252947807312,0.04414037615060806,0,0.890252947807312,0.5747412443161011,-0.044164445251226425,23,1.0005508661270142,0,-0.16116313636302948,520000.0,0.9085572361946106,0.020683450624346733,26,16.087085723876953,4841.61865234375,25,7.943913459777832,-0.00750868022441864,1.0005508661270142,8.338100910186768,1000,9.803211212158203,0.00022200000239536166,0.8650432229042053,0.9085572361946106,NaN,0.890252947807312,43.38999938964844,5020.98477728,105.65983581542969,0.33405959978699684,0.9085572361946106,4.2249369621276855,1746574973.260931,161.08746337890625,1.0005508661270142
99.25,0.015197833999991417,75.40448760986328,0.8573912382125854,112.27904510498047,0.9225615859031677,0.04432908073067665,0,0.9225615859031677,0.5680050253868103,-0.26353979110717773,31,1.0091116428375244,0,0.4943324327468872,540000.0,0.9404056072235107,0.020478473976254463,27,11.562464714050293,5019.80517578125,26,8.068144798278809,0.00018870458006858826,1.0091116428375244,-4.52462100982666,1000,9.736183166503906,0.00021899999410379678,0.8532838821411133,0.9404056072235107,NaN,0.9225615859031677,43.13999938964844,5174.028122447,102.72306823730469,-0.2193753458559513,0.9404056072235107,4.222914695739746,1746575151.4534426,178.1276397705078,1.009111762046814
87.8499984741211,0.01507707592099905,50.46394729614258,0.925291895866394,130.73121643066406,0.9545528292655945,0.04765573889017105,0,0.9545528292655945,0.554810106754303,-0.37698638439178467,21,1.0088505744934082,0,-0.14571954309940338,560000.0,0.9722654819488525,0.02192705310881138,28,15.178974151611328,5172.85498046875,27,8.45992374420166,0.0033266581594944,1.0088505744934082,3.616509437561035,1000,10.64770793914795,0.00021600000036414713,0.8297856450080872,0.9722654819488525,NaN,0.9545528292655945,45.040000915527344,5328.853956907,102.52164459228516,-0.11344659328460693,0.9722654819488525,4.477403163909912,1746575304.4968562,152.9856414794922,1.0088505744934082
101.0999984741211,0.015069632790982723,54.044403076171875,0.8912303447723389,129.53196716308594,0.9865922331809998,0.04062676429748535,0,0.9865922331809998,0.5479838848114014,-0.2846418619155884,23,1.0071585178375244,0,-0.041408032178878784,580000.0,1.0040405988693237,0.021808717399835587,29,12.061609268188477,5327.31494140625,28,8.14855670928955,-0.0070289745926856995,1.0071585178375244,-3.1173648834228516,1000,10.302567481994629,0.00021300000662449747,0.8174183964729309,1.0040405988693237,NaN,0.9865922331809998,43.13999938964844,5488.744454986,100.35759735107422,0.09234452247619629,1.0040405988693237,4.282170295715332,1746575459.322639,154.4020538330078,1.0071585178375244
97.55000305175781,0.014716953970491886,56.01256561279297,0.8617798686027527,125.12776947021484,1.0185943841934204,0.04647640138864517,0,1.0185943841934204,0.5374954342842102,-0.3427777588367462,24,1.0087316036224365,0,0.17391635477542877,600000.0,1.0358268022537231,0.020449277013540268,30,12.551122665405273,5487.5751953125,29,7.864648342132568,0.0058496370911598206,1.0087316036224365,0.4895133972167969,1000,10.922849655151367,0.0002099999983329326,0.7980783581733704,1.0358268022537231,NaN,1.0185943841934204,44.619998931884766,5654.548910281,103.82400512695312,-0.05813589692115784,1.0358268022537231,4.792286396026611,1746575619.2131748,159.8366241455078,1.008731484413147
75.0,0.01504831574857235,63.282569885253906,0.8892185688018799,120.66153717041016,1.0499943494796753,0.05513898655772209,0,1.0499943494796753,0.5243152976036072,-0.4329181909561157,27,1.0092908143997192,0,-0.03234364092350006,620000.0,1.0672156810760498,0.02045808918774128,31,8.099181175231934,5653.38134765625,30,8.070419311523438,0.00866258516907692,1.0092908143997192,-4.45194149017334,1000,10.29495620727539,0.00020700000459328294,0.773199737071991,1.0672156810760498,NaN,1.0499943494796753,37.18000030517578,5806.445858756,102.47028350830078,-0.0901404321193695,1.0672156810760498,4.145422458648682,1746575785.0176127,165.75289916992188,1.0092908143997192
121.69999694824219,0.015703851357102394,47.47343444824219,0.8451941609382629,131.74583435058594,1.0820189714431763,0.04029789939522743,0,1.0820189714431763,0.5214241743087769,-0.140386164188385,20,1.002172827720642,0,0.3319525718688965,640000.0,1.0983847379684448,0.020390797406435013,32,16.74896812438965,5805.2412109375,31,8.051589012145996,-0.01484108716249466,1.002172827720642,8.649786949157715,1000,10.044198036193848,0.00020399999630171806,0.7676634788513184,1.0983847379684448,NaN,1.0820189714431763,39.400001525878906,5956.884199619,104.33397674560547,0.2925320267677307,1.0983847379684448,3.9088335037231445,1746575936.914566,151.80746459960938,1.002172827720642
72.30000305175781,0.015053031966090202,51.691497802734375,0.7287898659706116,132.9941864013672,1.1133677959442139,0.03756188601255417,0,1.1133677959442139,0.5115566849708557,-0.46851009130477905,22,1.0100915431976318,0,-0.19192174077033997,660000.0,1.1292544603347778,0.020168080925941467,33,10.152929306030273,5955.7138671875,32,7.381600379943848,-0.0027360133826732635,1.0100915431976318,-6.596038818359375,1000,10.568475723266602,0.0002010000025620684,0.7485092282295227,1.1292544603347778,NaN,1.1133677959442139,37.4900016784668,6123.1885127,98.6909408569336,-0.32812392711639404,1.1292544603347778,4.281223297119141,1746576087.3527436,150.3825225830078,1.0100914239883423
72.9000015258789,0.015886416658759117,66.60189819335938,0.8147778511047363,120.30371856689453,1.1441340446472168,0.04468020796775818,0,1.1441340446472168,0.5001314878463745,-0.45033326745033264,28,1.0113639831542969,0,-0.23198525607585907,680000.0,1.1597487926483154,0.02118927612900734,34,8.553329467773438,6122.01513671875,33,7.311773300170898,0.00711832195520401,1.0113639831542969,-1.599599838256836,1000,10.06358528137207,0.00019799999427050352,0.7259839773178101,1.1597487926483154,NaN,1.1441340446472168,35.540000915527344,6286.266149853,99.6439208984375,0.01817682385444641,1.1597487926483154,4.280396461486816,1746576253.6571856,166.2458953857422,1.0113639831542969
80.69999694824219,0.015587378293275833,61.61489486694336,0.8486372828483582,122.68514251708984,1.1745984554290771,0.039923008531332016,0,1.1745984554290771,0.4942733943462372,-0.35903942584991455,26,1.0093880891799927,0,-0.1675100326538086,700000.0,1.1897872686386108,0.021853366866707802,35,7.90811014175415,6285.09228515625,34,6.932508945465088,-0.004757199436426163,1.0093880891799927,-0.6452193260192871,1000,9.752599716186523,0.00019500000053085387,0.714189350605011,1.1897872686386108,NaN,1.1745984554290771,33.439998626708984,6429.914805761,101.40396881103516,0.09129384160041809,1.1897872686386108,3.7091760635375977,1746576416.7348475,163.0189208984375,1.0093880891799927
71.5,0.015317668206989765,42.339046478271484,0.8700248003005981,139.28309631347656,1.2045459747314453,0.06644648313522339,0,1.2045459747314453,0.4849485158920288,-0.3976225256919861,18,1.0075093507766724,0,0.3512359857559204,720000.0,1.219434142112732,0.0203856248408556,36,10.565606117248535,6428.74267578125,35,7.394308090209961,0.026523474603891373,1.0075093507766724,2.6574959754943848,1000,9.574713706970215,0.00019200000679120421,0.6950556635856628,1.219434142112732,NaN,1.2045459747314453,33.59000015258789,6577.865701416,101.25334167480469,-0.03858309984207153,1.219434142112732,3.9906938076019287,1746576560.3835378,143.5924530029297,1.0075093507766724
76.44999694824219,0.015018916688859463,47.85930633544922,0.8466432690620422,135.23428344726562,1.2341766357421875,0.05584206432104111,0,1.2341766357421875,0.4809310734272003,-0.31172066926956177,20,1.0060539245605469,0,-0.2070205807685852,740000.0,1.2484312057495117,0.02026490680873394,37,11.539735794067383,6576.6904296875,36,7.653954982757568,-0.010604418814182281,1.0060539245605469,0.9741296768188477,1000,8.6927490234375,0.00018899999849963933,0.6866692304611206,1.2484312057495117,NaN,1.2341766357421875,28.75,6742.699612058,100.03213500976562,0.08590185642242432,1.2484312057495117,3.7517101764678955,1746576708.3344123,147.89149475097656,1.0060539245605469
65.1500015258789,0.01641896925866604,64.34819793701172,0.9402179718017578,121.3778076171875,1.2632074356079102,0.037895675748586655,0,1.2632074356079102,0.47227364778518677,-0.41374439001083374,27,1.0120525360107422,0,0.04404808580875397,760000.0,1.276767611503601,0.020102273672819138,38,7.529201507568359,6741.52587890625,37,8.068951606750488,-0.017946388572454453,1.0120525360107422,-4.010534286499023,1000,8.959554672241211,0.00018600000475998968,0.6684322953224182,1.276767611503601,NaN,1.2632074356079102,27.469999313354492,6855.796751239,100.42650604248047,-0.10202372074127197,1.276767611503601,3.7294797897338867,1746576873.1682718,164.77476501464844,1.0120525360107422
60.95000076293945,0.012955628335475922,14.31611442565918,0.8561562299728394,176.92779541015625,1.2915819883346558,0.049819912761449814,0,1.2915819883346558,0.4665464460849762,-0.39340534806251526,6,1.004349708557129,0,-0.16743488609790802,780000.0,1.3043417930603027,0.02268972061574459,39,11.39169979095459,6854.62548828125,38,8.303879737854004,0.01192423701286316,1.004349708557129,3.8624982833862305,1000,8.897453308105469,0.0001829999964684248,0.6561614274978638,1.3043417930603027,NaN,1.2915819883346558,24.850000381469727,7003.308735526,98.72428894042969,0.02033904194831848,1.3043417930603027,3.5424485206604004,1746576986.2655554,113.04045867919922,1.004349708557129
110.05000305175781,0.01557259913533926,45.285179138183594,0.9396960735321045,135.63600158691406,1.3207613229751587,0.06513582170009613,0,1.3207613229751587,0.46680861711502075,-0.10586941987276077,19,1.000046968460083,0,-0.3006432056427002,800000.0,1.3315279483795166,0.020052941516041756,40,14.689401626586914,7002.13427734375,39,9.212920188903809,0.015315908938646317,1.000046968460083,3.297701835632324,1000,8.856892585754395,0.00018000000272877514,0.6567521691322327,1.3315279483795166,NaN,1.3207613229751587,29.18000030517578,7149.683741908,102.16824340820312,0.2875359281897545,1.3315279483795166,3.596278190612793,1746577133.7773614,147.45347595214844,1.000046968460083
126.0,0.015340851619839668,44.24996566772461,0.8879168033599854,136.69290161132812,1.3510684967041016,0.049259718507528305,0,1.3510684967041016,0.47124406695365906,-0.00847190897911787,19,1.0013678073883057,0,-0.0727602019906044,820000.0,1.3589001893997192,0.020111722871661186,41,17.17250633239746,7148.5068359375,40,8.884393692016602,-0.015876103192567825,1.0013678073883057,2.483104705810547,1000,9.161703109741211,0.00017699999443721026,0.66615891456604,1.3589001893997192,NaN,1.3510684967041016,37.16999816894531,7310.465749637,102.06336212158203,0.0973975108936429,1.3589001893997192,3.697053909301758,1746577280.1523962,146.31338500976562,1.0013678073883057
96.5,0.01556544378399849,58.84501647949219,0.8271167874336243,124.43639373779297,1.3816025257110596,0.04205266386270523,0,1.3816025257110596,0.46822553873062134,-0.25973689556121826,25,1.0077338218688965,0,-0.06961007416248322,840000.0,1.3866769075393677,0.02158467285335064,42,10.747207641601562,7309.29345703125,41,8.302886962890625,-0.007207054644823074,1.0077338218688965,-6.425298690795898,1000,9.744333267211914,0.0001740000006975606,0.6595907211303711,1.3866769075393677,NaN,1.3816025257110596,40.72999954223633,7468.010789386,101.87958526611328,-0.2512649865821004,1.3866769075393677,3.6922202110290527,1746577440.9344292,160.7246856689453,1.0077338218688965
62.900001525878906,0.015371214598417282,56.576560974121094,0.8165490031242371,126.99349975585938,1.4113872051239014,0.056606095284223557,0,1.4113872051239014,0.4622562527656555,-0.39105260372161865,24,1.0114151239395142,0,-0.019276000559329987,860000.0,1.4148526191711426,0.020047659054398537,43,8.890143394470215,7466.83837890625,42,8.551302909851074,0.014553431421518326,1.0114151239395142,-1.8570642471313477,1000,8.69008731842041,0.00017100000695791095,0.6467755436897278,1.4148526191711426,NaN,1.4113872051239014,41.189998626708984,7622.599826858,100.91175079345703,-0.1313157081604004,1.4148526191711426,3.340878963470459,1746577598.4794974,157.48838806152344,1.0114151239395142
104.69999694824219,0.015614235773682594,51.761714935302734,1.026989221572876,129.41929626464844,1.4416974782943726,0.0668276995420456,0,1.4416974782943726,0.45691773295402527,-0.2828914225101471,22,1.005555510520935,0,-0.021854236721992493,880000.0,1.4437975883483887,0.020719246938824654,44,16.07154655456543,7621.431640625,43,8.97636604309082,0.010221604257822037,1.005555510520935,7.181403160095215,1000,10.615357398986816,0.00016799999866634607,0.6351404786109924,1.4437975883483887,NaN,1.4416974782943726,47.66999816894531,7766.408387797,102.77468872070312,0.10816118121147156,1.4437975883483887,4.0368781089782715,1746577753.068516,154.5364532470703,1.0055553913116455
94.6500015258789,0.014815951697528362,41.09656524658203,1.033154010772705,139.1246337890625,1.472204327583313,0.06554806232452393,0,1.472204327583313,0.45174843072891235,-0.2535363733768463,17,1.0063378810882568,0,0.11874721199274063,900000.0,1.4731550216674805,0.0201792623847723,45,12.629612922668457,7765.24169921875,44,8.835662841796875,-0.0012796372175216675,1.0063378810882568,-3.4419336318969727,1000,9.853757858276367,0.00016500000492669642,0.6238694190979004,1.4731550216674805,NaN,1.472204327583313,43.209999084472656,7921.555622756,102.65936279296875,0.02935504913330078,1.4731550216674805,3.731666088104248,1746577896.8770375,143.7559814453125,1.0063380002975464
76.8499984741211,0.015713831409811974,55.439720153808594,0.9650176763534546,128.9748992919922,1.5023846626281738,0.04649844765663147,0,1.5023846626281738,0.4457836151123047,-0.488183856010437,23,1.0118052959442139,0,-0.033728256821632385,920000.0,1.502548336982727,0.022782130166888237,46,12.269041061401367,7920.36279296875,45,8.676730155944824,-0.019049614667892456,1.0118052959442139,-0.36057186126708984,1000,10.785400390625,0.00016199999663513154,0.6105352640151978,1.502548336982727,NaN,1.5023846626281738,37.90999984741211,8082.82863755,99.6291275024414,-0.2346474826335907,1.502548336982727,4.253055572509766,1746578052.0242324,155.06893920898438,1.0118052959442139
75.75,0.015323427505791187,60.98492431640625,1.011413335800171,124.05668640136719,1.5322461128234863,0.050068143755197525,0,1.5322461128234863,0.438597172498703,-0.27877169847488403,25,1.006622076034546,0,-0.2225259244441986,940000.0,1.531739354133606,0.020176373422145844,47,8.20148754119873,8081.65966796875,46,8.895763397216797,0.0035696960985660553,1.006622076034546,-4.067553520202637,1000,8.273768424987793,0.00015900000289548188,0.5942784547805786,1.531739354133606,NaN,1.5322461128234863,34.2400016784668,8239.862527096,100.23163604736328,0.20941215753555298,1.531739354133606,2.832354784011841,1746578213.2972462,161.2166290283203,1.006622076034546
92.44999694824219,0.015364610590040684,55.89410400390625,1.0334640741348267,127.40576934814453,1.562314748764038,0.04927500709891319,0,1.562314748764038,0.4366998076438904,-0.30629459023475647,23,1.0065561532974243,0,0.2826557159423828,960000.0,1.5611060857772827,0.02068796008825302,48,10.91853141784668,8238.693359375,47,8.736227035522461,-0.0007931366562843323,1.0065561532974243,2.717043876647949,1000,9.852411270141602,0.000155999994603917,0.5898256897926331,1.5611060857772827,NaN,1.562314748764038,39.540000915527344,8405.049841419,101.0845947265625,-0.027522891759872437,1.5611060857772827,3.492135524749756,1746578370.3312843,156.978759765625,1.0065562725067139
85.25,0.015792302787303925,63.23991394042969,0.9687894582748413,121.1298828125,1.5923662185668945,0.03804543986916542,0,1.5923662185668945,0.4309707581996918,-0.42046985030174255,26,1.009843349456787,0,0.028575260192155838,980000.0,1.5904383659362793,0.020103534683585167,49,10.594621658325195,8403.8603515625,48,7.933115005493164,-0.011229567229747772,1.009843349456787,-0.3239097595214844,1000,10.528526306152344,0.00015300000086426735,0.5764326453208923,1.5904383659362793,NaN,1.5923662185668945,36.529998779296875,8562.49112978,101.87205505371094,-0.11417526006698608,1.5904383659362793,3.86897611618042,1746578535.5184848,165.11203002929688,1.009843349456787
70.44999694824219,0.015582550317049026,57.733577728271484,0.9966623783111572,127.0847396850586,1.6219675540924072,0.06736507266759872,0,1.6219675540924072,0.42128971219062805,-0.48504161834716797,24,1.0099964141845703,0,-0.3559165596961975,1000000.0,1.6198207139968872,0.020301489159464836,50,9.614707946777344,8561.310546875,49,7.943546295166016,0.029319632798433304,1.0099964141845703,-0.9799137115478516,1000,10.160041809082031,0.0001500000071246177,0.5536940097808838,1.6198207139968872,NaN,1.6219675540924072,37.63999938964844,8731.527799151,99.64167785644531,-0.06457176804542542,1.6198207139968872,3.9565203189849854,1746578692.9598505,157.37530517578125,1.0099964141845703
92.6500015258789,0.01599634438753128,67.34656524658203,0.9935316443443298,118.36051940917969,1.651832938194275,0.04347540810704231,0,1.651832938194275,0.415188729763031,-0.2606978714466095,28,1.012708067893982,0,-0.060131922364234924,1020000.0,1.6489653587341309,0.023125074803829193,51,7.120253086090088,8730.3525390625,50,7.887900352478027,-0.023889664560556412,1.012708067893982,-2.494454860687256,1000,9.783161163330078,0.00014699999883305281,0.5388882756233215,1.6489653587341309,NaN,1.651832938194275,33.349998474121094,8890.630813082,101.6286392211914,0.22434374690055847,1.6489653587341309,4.253961563110352,1746578861.996425,168.9752655029297,1.012708067893982
56.599998474121094,0.015970485284924507,59.72347640991211,1.0603446960449219,125.75204467773438,1.6808457374572754,0.06312349438667297,0,1.6808457374572754,0.4064731299877167,-0.5261046290397644,25,1.0124748945236206,0,0.2089977264404297,1040000.0,1.6778346300125122,0.021156104281544685,52,6.682173728942871,8889.45703125,51,8.197951316833496,0.01964808627963066,1.0124748945236206,-0.4380793571472168,1000,9.436773300170898,0.00014400000509340316,0.5176317095756531,1.6778346300125122,NaN,1.6808457374572754,32.349998474121094,9058.345522257,99.31959533691406,-0.2654067575931549,1.6778346300125122,3.9809250831604004,1746579021.099505,159.0431365966797,1.0124750137329102
63.900001525878906,0.015945471823215485,66.73966217041016,0.9845056533813477,119.29186248779297,1.7093262672424316,0.06951379776000977,0,1.7093262672424316,0.39783361554145813,-0.3947092592716217,28,1.0101330280303955,0,0.09314600378274918,1060000.0,1.705998420715332,0.020250625908374786,53,7.191425800323486,9057.1708984375,52,8.565669059753418,0.006390303373336792,1.0101330280303955,0.5092520713806152,1000,8.6677885055542,0.00014099999680183828,0.4961351156234741,1.705998420715332,NaN,1.7093262672424316,25.75,9219.897752407,100.91629791259766,0.1313953697681427,1.705998420715332,3.345855951309204,1746579188.8142574,167.65603637695312,1.0101330280303955
60.70000076293945,0.015793509781360626,61.86086654663086,1.0577033758163452,123.84468078613281,1.7372325658798218,0.05365622043609619,0,1.7372325658798218,0.39112141728401184,-0.4060963988304138,26,1.0120739936828613,0,-0.09914536774158478,1080000.0,1.733170986175537,0.021277107298374176,54,5.706157684326172,9218.7265625,53,9.128314971923828,-0.015857577323913574,1.0120739936828613,-1.4852681159973145,1000,8.532718658447266,0.00013800000306218863,0.47910940647125244,1.733170986175537,NaN,1.7372325658798218,20.790000915527344,9321.453206472,99.63168334960938,-0.011387139558792114,1.733170986175537,3.215336799621582,1746579350.3664544,161.4925994873047,1.0120739936828613
71.94999694824219,0.012394707649946213,2.3073012828826904,0.876740038394928,197.03868103027344,1.7649856805801392,0.04496952146291733,0,1.7649856805801392,0.3870842754840851,-0.2153601199388504,1,0.9996048212051392,0,0.023438476026058197,1100000.0,1.759390950202942,0.025696486234664917,55,18.393901824951172,9320.2861328125,54,8.365288734436035,-0.008686698973178864,0.9996048212051392,12.687744140625,1000,8.080862045288086,0.00013499999477062374,0.4687529504299164,1.759390950202942,NaN,1.7649856805801392,19.950000762939453,9474.520548197,99.19556427001953,0.19073627889156342,1.759390950202942,2.729790687561035,1746579451.9219623,101.50291442871094,0.9996048212051392
69.55000305175781,0.015152376145124435,54.54533004760742,0.8798418045043945,130.7239227294922,1.7925325632095337,0.04891045019030571,0,1.7925325632095337,0.3858868479728699,-0.18289151787757874,23,1.007056474685669,0,-0.07905309647321701,1120000.0,1.7850569486618042,0.022551212459802628,56,7.139493465423584,9473.3310546875,55,8.573729515075684,0.003940928727388382,1.007056474685669,-11.254408359527588,1000,6.675792217254639,0.0001320000010309741,0.46571025252342224,1.7850569486618042,NaN,1.7925325632095337,23.979999542236328,9625.654525468,98.44879913330078,0.03246860206127167,1.7850569486618042,2.5578253269195557,1746579604.98929,152.9941864013672,1.0070565938949585
69.5,0.015837984159588814,50.34882354736328,0.9644493460655212,132.38079833984375,1.8198996782302856,0.05612417683005333,0,1.8198996782302856,0.3862903118133545,-0.1650107353925705,21,1.0049641132354736,0,-0.13933536410331726,1140000.0,1.8101599216461182,0.021948514506220818,57,7.369532585144043,9624.484375,56,8.677173614501953,0.00721372663974762,1.0049641132354736,0.23003911972045898,1000,6.712635040283203,0.0001289999927394092,0.4666237533092499,1.8101599216461182,NaN,1.8198996782302856,23.040000915527344,9783.310030157,100.73041534423828,0.01788078248500824,1.8101599216461182,2.6011803150177,1746579756.1232283,151.07931518554688,1.0049641132354736
62.900001525878906,0.015388370491564274,58.17158508300781,0.8907833695411682,126.90706634521484,1.8468990325927734,0.05561568960547447,0,1.8468990325927734,0.3874936103820801,-0.22091616690158844,24,1.0048871040344238,0,0.17702943086624146,1160000.0,1.8347777128219604,0.020634548738598824,58,5.751797676086426,9782.1357421875,57,8.164435386657715,-0.0005084872245788574,1.0048871040344238,-1.6177349090576172,1000,6.616585731506348,0.00012599999899975955,0.4697285592556,1.8347777128219604,NaN,1.8468990325927734,23.25,9948.370443281,99.42396545410156,-0.055905431509017944,1.8347777128219604,2.6818621158599854,1746579913.7786214,157.59564208984375,1.0048869848251343
75.55000305175781,0.015461675822734833,65.35125732421875,0.9006621837615967,121.21080017089844,1.873984694480896,0.04645441472530365,0,1.873984694480896,0.38705262541770935,-0.1733565330505371,27,1.0054510831832886,0,0.06741335988044739,1180000.0,1.8592966794967651,0.021892573684453964,59,7.035302639007568,9947.197265625,58,7.955997943878174,-0.009161274880170822,1.0054510831832886,1.2835049629211426,1000,7.0544281005859375,0.0001230000052601099,0.4685618281364441,1.8592966794967651,NaN,1.873984694480896,27.6299991607666,10077.271768456,99.6504898071289,0.04755963385105133,1.8592966794967651,2.5156006813049316,1746580078.8391225,165.00180053710938,1.0054512023925781
94.9000015258789,0.013827149756252766,26.24764060974121,1.072279691696167,155.2247772216797,1.9017679691314697,0.0668666735291481,0,1.9017679691314697,0.3868732750415802,-0.059408288449048996,11,1.0008609294891357,0,-0.13924913108348846,1200000.0,1.8838391304016113,0.021102221682667732,60,14.942112922668457,10076.1025390625,59,8.874235153198242,0.020412258803844452,1.0008609294891357,7.906810283660889,1000,7.757720470428467,0.00011999999696854502,0.46812140941619873,1.8838391304016113,NaN,1.9017679691314697,29.010000228881836,10243.647856825,102.59770965576172,0.11394824460148811,1.8838391304016113,3.0907950401306152,1746580207.7404,128.8454132080078,1.0008609294891357
89.94999694824219,0.015049438923597336,64.73577117919922,0.8810505867004395,120.2503433227539,1.9300259351730347,0.04665903002023697,0,1.9300259351730347,0.3882031738758087,-0.14750151336193085,27,1.0043483972549438,0,-0.05931278318166733,1220000.0,1.908454418182373,0.020150337368249893,61,9.084099769592285,10242.4765625,60,8.469221115112305,-0.020207643508911133,1.0043483972549438,-5.858013153076172,1000,7.852164268493652,0.00011700000322889537,0.4714425504207611,1.908454418182373,NaN,1.9300259351730347,29.579999923706055,10404.543081503,101.5838623046875,-0.08809322491288185,1.908454418182373,2.9083027839660645,1746580374.1165395,166.31968688964844,1.0043483972549438
74.44999694824219,0.015206505544483662,59.933040618896484,0.9108029007911682,124.38230895996094,1.958221197128296,0.057568296790122986,0,1.958221197128296,0.38678044080734253,-0.24998527765274048,25,1.0070139169692993,0,0.36474695801734924,1240000.0,1.933200478553772,0.02031446062028408,62,7.864446640014648,10403.3271484375,61,8.199204444885254,0.010909266769886017,1.0070139169692993,-1.2196531295776367,1000,7.830379486083984,0.0001140000022132881,0.4674852192401886,1.933200478553772,NaN,1.958221197128296,30.329999923706055,10568.624432112,100.86146545410156,-0.10248376429080963,1.933200478553772,3.0017082691192627,1746580535.0118346,160.79457092285156,1.0070139169692993
69.5999984741211,0.015132616274058819,60.374237060546875,1.0136035680770874,121.97655487060547,1.9862086772918701,0.05362021550536156,0,1.9862086772918701,0.38242092728614807,-0.40479710698127747,25,1.008683681488037,0,-0.09689458459615707,1260000.0,1.9581862688064575,0.02032572217285633,63,8.394331932067871,10567.39453125,62,8.592103004455566,-0.003948081284761429,1.008683681488037,0.5298852920532227,1000,8.968332290649414,0.00011100000119768083,0.4560292661190033,1.9581862688064575,NaN,1.9862086772918701,31.829999923706055,10737.688707651,103.59164428710938,-0.154811829328537,1.9581862688064575,3.4177820682525635,1746580699.0930192,163.96592712402344,1.008683681488037
59.95000076293945,0.015338650904595852,69.96574401855469,1.0481113195419312,118.60980987548828,2.0136959552764893,0.05847437307238579,0,2.0136959552764893,0.37453433871269226,-0.5003126263618469,29,1.0103256702423096,0,-0.1001020073890686,1280000.0,1.9832909107208252,0.020254865288734436,64,7.8376312255859375,10736.12890625,63,8.981893539428711,0.004854157567024231,1.0103256702423096,-0.5567007064819336,1000,9.026680946350098,0.00010800000018207356,0.43474438786506653,1.9832909107208252,NaN,2.0136959552764893,30.450000762939453,10909.877350491,98.65431213378906,-0.09551551938056946,1.9832909107208252,3.341184377670288,1746580868.1572912,168.6201171875,1.0103256702423096
98.6500015258789,0.015296711586415768,70.19022369384766,0.9836412072181702,116.19188690185547,2.0420010089874268,0.054967883974313736,0,2.0420010089874268,0.36919498443603516,-0.16426299512386322,29,1.0102239847183228,0,0.07479983568191528,1300000.0,2.0088260173797607,0.021211935207247734,65,8.602603912353516,10908.7021484375,64,8.534625053405762,-0.003506489098072052,1.0102239847183228,0.7649726867675781,1000,9.051018714904785,0.0001049999991664663,0.4200713336467743,2.0088260173797607,NaN,2.0420010089874268,34.599998474121094,11079.309090225,101.93875885009766,0.3360496312379837,2.0088260173797607,3.2824394702911377,1746581040.3460748,172.12905883789062,1.0102239847183228
54.29999923706055,0.016221486032009125,71.728271484375,0.967562198638916,118.08434295654297,2.069589853286743,0.05446859449148178,0,2.069589853286743,0.36243483424186707,-0.5570112466812134,30,1.0155290365219116,0,0.040352821350097656,1320000.0,2.034442901611328,0.020290672779083252,66,5.244597911834717,11078.1328125,65,8.628401756286621,-0.000499289482831955,1.0155290365219116,-3.358006000518799,1000,9.39074420928955,0.00010199999815085903,0.40120866894721985,2.034442901611328,NaN,2.069589853286743,30.5,11251.326635962,97.64210510253906,-0.39274825155735016,2.034442901611328,3.387237548828125,1746581209.7777054,169.37046813964844,1.0155291557312012
86.80000305175781,0.015461267903447151,71.06422424316406,0.9362419843673706,116.30760192871094,2.0976216793060303,0.04619748890399933,0,2.0976216793060303,0.35788488388061523,-0.25589731335639954,30,1.0065834522247314,0,0.21960200369358063,1340000.0,2.060260772705078,0.02084025740623474,67,6.139516353607178,11250.1533203125,66,8.197232246398926,-0.008271105587482452,1.0065834522247314,0.8949184417724609,1000,8.89822769165039,9.899999713525176e-05,0.38853976130485535,2.060260772705078,NaN,2.0976216793060303,32.060001373291016,11437.706054255,100.89350891113281,0.30111393332481384,2.060260772705078,3.413255453109741,1746581381.7952087,171.9578094482422,1.0065834522247314
90.0999984741211,0.01598506234586239,83.86588287353516,0.8071829676628113,107.36387634277344,2.1261630058288574,0.037859246134757996,0,2.1261630058288574,0.3548794686794281,-0.2941098213195801,35,1.0087788105010986,0,0.1463281661272049,1360000.0,2.086516857147217,0.020694248378276825,68,5.987296104431152,11436.4951171875,67,7.731571674346924,-0.008338242769241333,1.0087788105010986,-0.1522202491760254,1000,9.41385269165039,9.600000339560211e-05,0.38001748919487,2.086516857147217,NaN,2.1261630058288574,35.33000183105469,11608.439427749,102.41645050048828,-0.03821250796318054,2.086516857147217,3.3826963901519775,1746581568.1746898,186.2823944091797,1.0087788105010986
97.30000305175781,0.015485652722418308,71.37956237792969,0.9192718863487244,117.18528747558594,2.1553964614868164,0.043828804045915604,0,2.1553964614868164,0.35289523005485535,-0.1794441044330597,30,1.0037381649017334,0,-0.18157774209976196,1380000.0,2.1135740280151367,0.0205466877669096,69,7.8997626304626465,11607.265625,68,7.15794563293457,0.005969557911157608,1.0037381649017334,1.9124665260314941,1000,8.910270690917969,9.300000237999484e-05,0.3744143843650818,2.1135740280151367,NaN,2.1553964614868164,40.650001525878906,11782.905189821,99.29027557373047,0.11466571688652039,2.1135740280151367,3.4871175289154053,1746581738.90805,170.66989135742188,1.0037381649017334
66.1500015258789,0.015489347279071808,78.03919982910156,0.9442859292030334,114.6749496459961,2.184232711791992,0.05731577053666115,0,2.184232711791992,0.3484887480735779,-0.4725675582885742,33,1.0121108293533325,0,-0.03467317298054695,1400000.0,2.141012668609619,0.020320378243923187,70,6.163968563079834,11781.7333984375,69,7.199244976043701,0.013486966490745544,1.0121108293533325,-1.7357940673828125,1000,9.340971946716309,9.000000136438757e-05,0.3623637557029724,2.141012668609619,NaN,2.184232711791992,36.119998931884766,11979.354855087,96.3667221069336,-0.2931234538555145,2.141012668609619,3.6930558681488037,1746581913.3738627,174.406005859375,1.0121108293533325
129.1999969482422,0.01553411316126585,95.06570434570312,0.9387162327766418,101.84149932861328,2.2147367000579834,0.04551047459244728,0,2.2147367000579834,0.3454280495643616,0.06816760450601578,40,1.0054113864898682,0,-0.06871256232261658,1420000.0,2.1697826385498047,0.01950179412961006,71,7.071201801300049,11978.1728515625,70,7.1583638191223145,-0.011805295944213867,1.0054113864898682,0.9072332382202148,1000,9.125146865844727,8.70000003487803e-05,0.3537638783454895,2.1697826385498047,NaN,2.2147367000579834,49.400001525878906,12166.908249609,101.31783294677734,0.54073516279459,2.1697826385498047,3.973031759262085,1746582109.8234675,196.3835906982422,1.0054113864898682
80.55000305175781,0.014588696882128716,90.61518096923828,0.75082927942276,106.69505310058594,2.2451894283294678,0.04104216769337654,0,2.2451894283294678,0.3442170023918152,-0.1130642369389534,38,1.0065661668777466,0,-0.21272554993629456,1440000.0,2.1994824409484863,0.022976916283369064,72,5.227731227874756,12165.6904296875,71,7.128739833831787,-0.00446830689907074,1.0065661668777466,-1.843470573425293,1000,7.183696746826172,8.399999933317304e-05,0.35009855031967163,2.1994824409484863,NaN,2.2451894283294678,45.86000061035156,12360.470818445,96.83488464355469,-0.18123184144496918,2.1994824409484863,3.228320360183716,1746582297.3768446,187.4501190185547,1.0065661668777466
55.04999923706055,0.015960361808538437,95.0118408203125,0.8934028148651123,103.362548828125,2.274746894836426,0.03711530938744545,0,2.274746894836426,0.33953553438186646,-0.45758897066116333,40,1.017749309539795,0,0.09481513500213623,1460000.0,2.2294769287109375,0.01830042153596878,73,3.712664842605591,12359.2919921875,72,7.0106306076049805,-0.003926858305931091,1.017749309539795,-1.515066385269165,1000,8.367877006530762,8.099999831756577e-05,0.33624783158302307,2.2294769287109375,NaN,2.274746894836426,38.560001373291016,12509.290603427,98.48178100585938,-0.34452473372220993,2.2294769287109375,3.296121835708618,1746582490.9394763,193.49368286132812,1.017749309539795
114.0,0.014714973978698254,49.22767639160156,0.8227699398994446,134.45567321777344,2.30543851852417,0.03749404847621918,0,2.30543851852417,0.3421744406223297,0.19758540391921997,21,0.9970037937164307,0,-0.1146651953458786,1480000.0,2.2597484588623047,0.0200674906373024,74,7.226972579956055,12508.1044921875,73,6.619411468505859,0.0003787390887737274,0.9970037937164307,3.514307737350464,1000,6.865809440612793,7.79999973019585e-05,0.34380102157592773,2.2597484588623047,NaN,2.30543851852417,38.68000030517578,12699.636227255,99.52017974853516,0.6551743745803833,2.2597484588623047,2.655796527862549,1746582639.7593355,148.74790954589844,0.9970037937164307
91.1500015258789,0.01485289353877306,89.46426391601562,0.8830689191818237,105.10955810546875,2.336414337158203,0.05953764170408249,0,2.336414337158203,0.34525275230407715,-0.19124716520309448,38,1.0033091306686401,0,-0.11568665504455566,1500000.0,2.290559768676758,0.020715883001685143,75,7.746971607208252,12698.4541015625,74,6.462657451629639,0.022043593227863312,1.0033091306686401,0.5199990272521973,1000,8.472494125366211,7.500000356230885e-05,0.3532243072986603,2.290559768676758,NaN,2.336414337158203,42.560001373291016,12888.465069383,100.81330108642578,-0.38883256912231445,2.290559768676758,3.1822268962860107,1746582830.1048727,190.27764892578125,1.0033091306686401
38.0,0.014822607859969139,91.7945556640625,0.8561445474624634,105.96310424804688,2.365852117538452,0.04993876814842224,0,2.365852117538452,0.3392651081085205,-0.571976900100708,39,1.0122889280319214,0,0.17560787498950958,1520000.0,2.3207719326019287,0.020467251539230347,76,5.730057239532471,12887.267578125,75,6.6839680671691895,-0.009598873555660248,1.0122889280319214,-2.0169143676757812,1000,7.890786170959473,7.200000254670158e-05,0.3356653153896332,2.3207719326019287,NaN,2.365852117538452,28.219999313354492,13081.295813878,96.95030212402344,-0.3807297348976135,2.3207719326019287,3.158393621444702,1746583018.9336658,188.7449493408203,1.0122889280319214
43.349998474121094,0.01522657461464405,95.43348693847656,0.9872979521751404,103.75078582763672,2.394092559814453,0.049675244837999344,0,2.394092559814453,0.33045265078544617,-0.4739939570426941,40,1.0136016607284546,0,-0.15999162197113037,1540000.0,2.350449562072754,0.01888269931077957,77,3.878979444503784,13080.1201171875,76,6.970666408538818,-0.00026352331042289734,1.0136016607284546,-1.8510777950286865,1000,7.557389259338379,6.900000153109431e-05,0.3090384900569916,2.350449562072754,NaN,2.394092559814453,28.219999313354492,13265.62216994,97.3360824584961,0.09798294305801392,2.350449562072754,3.1675772666931152,1746583211.7645307,192.76962280273438,1.013601541519165
83.69999694824219,0.015087767504155636,83.39942169189453,0.8084187507629395,108.5592269897461,2.42264723777771,0.04092378914356232,0,2.42264723777771,0.32846128940582275,-0.09751415252685547,35,1.0038920640945435,0,0.05050691217184067,1560000.0,2.3799197673797607,0.020331265404820442,78,5.0816545486450195,13264.4111328125,77,7.058321952819824,-0.008751455694437027,1.0038920640945435,1.2026751041412354,1000,7.130643844604492,6.600000051548705e-05,0.30300161242485046,2.3799197673797607,NaN,2.42264723777771,31.65999984741211,13461.771834486,100.83171844482422,0.3764798045158386,2.3799197673797607,2.630074977874756,1746583396.0907488,184.23123168945312,1.0038920640945435
45.849998474121094,0.014578273519873619,94.98762512207031,0.8357406258583069,101.9945068359375,2.4501841068267822,0.04584796726703644,0,2.4501841068267822,0.32628560066223145,-0.4050705134868622,40,1.0103437900543213,0,0.03786558657884598,1580000.0,2.408569097518921,0.01769041270017624,79,4.566466808319092,13460.5966796875,78,7.388147354125977,0.004924178123474121,1.0103437900543213,-0.5151877403259277,1000,7.028223514556885,6.299999949987978e-05,0.29614555835723877,2.408569097518921,NaN,2.4501841068267822,23.559999465942383,13649.340056925,101.101318359375,-0.3075563609600067,2.408569097518921,2.617450714111328,1746583592.240431,196.08900451660156,1.0103437900543213
53.45000076293945,0.014312087558209896,88.02714538574219,1.0638487339019775,106.66681671142578,2.477076292037964,0.03827717900276184,0,2.477076292037964,0.31947699189186096,-0.4870026707649231,37,1.0114474296569824,0,0.10585169494152069,1600000.0,2.43605899810791,0.02017488144338131,80,4.034017562866211,13648.158203125,79,7.119316577911377,-0.007570788264274597,1.0114474296569824,-0.5324492454528809,1000,8.33442497253418,5.999999848427251e-05,0.27482277154922485,2.43605899810791,NaN,2.477076292037964,18.329999923706055,13845.189512826,99.47254180908203,-0.08193215727806091,2.43605899810791,3.1157875061035156,1746583779.8086839,187.49974060058594,1.0114474296569824
48.0,0.014445105567574501,94.96803283691406,0.889956533908844,102.15199279785156,2.5031986236572266,0.041769661009311676,0,2.5031986236572266,0.3134326636791229,-0.45402610301971436,40,1.0101147890090942,0,0.06049329414963722,1620000.0,2.462589979171753,0.01911531575024128,81,3.972757577896118,13844.01171875,80,6.90061092376709,0.003492482006549835,1.0101147890090942,-0.06125998497009277,1000,7.548129558563232,5.700000110664405e-05,0.2554963231086731,2.462589979171753,NaN,2.5031986236572266,19.350000381469727,14039.683651075,100.818603515625,0.03297656774520874,2.462589979171753,2.3390820026397705,1746583975.658226,195.7866973876953,1.0101147890090942
79.4000015258789,0.013965941034257412,95.55681610107422,0.7918701171875,102.86589813232422,2.5297391414642334,0.04458381608128548,0,2.5297391414642334,0.30977731943130493,-0.07168646901845932,40,1.0061626434326172,0,0.1139010563492775,1640000.0,2.4884514808654785,0.015185996890068054,82,4.23337459564209,14038.5029296875,81,6.642791748046875,0.0028141550719738007,1.0061626434326172,0.2606170177459717,1000,6.69296407699585,5.400000009103678e-05,0.24366344511508942,2.4884514808654785,NaN,2.5297391414642334,21.670000076293945,14230.793571652,98.87103271484375,0.38233963400125504,2.4884514808654785,2.563316822052002,1746584170.152212,194.4279022216797,1.0061626434326172
32.900001525878906,0.014303554780781269,93.85904693603516,0.7926753163337708,104.69281005859375,2.5550031661987305,0.044500984251499176,0,2.5550031661987305,0.3044104278087616,-0.5701869130134583,40,1.013388752937317,0,-0.14728209376335144,1660000.0,2.513477087020874,0.017694741487503052,83,3.900723457336426,14229.60546875,82,6.874688625335693,-8.283182978630066e-05,1.013388752937317,-0.33265113830566406,1000,7.508500099182129,5.0999999075429514e-05,0.22582004964351654,2.513477087020874,NaN,2.5550031661987305,18.809999465942383,14424.144913252,97.17597961425781,-0.49850044399499893,2.513477087020874,2.4887430667877197,1746584361.2622018,191.0350799560547,1.013388752937317
38.599998474121094,0.013817902654409409,93.97073364257812,0.9051067233085632,103.47413635253906,2.579326868057251,0.0451890304684639,0,2.579326868057251,0.2987437844276428,-0.4227462112903595,40,1.0118240118026733,0,-0.17697109282016754,1680000.0,2.537740468978882,0.016532253473997116,84,3.173144578933716,14422.9638671875,83,6.893383026123047,0.0006880462169647217,1.0118240118026733,-0.72757887840271,1000,6.559206485748291,4.8000001697801054e-05,0.20677600800991058,2.537740468978882,NaN,2.579326868057251,18.65999984741211,14618.164874126,99.31422424316406,0.14744070172309875,2.537740468978882,2.071356773376465,1746584554.6135755,193.28500366210938,1.0118240118026733
84.19999694824219,0.013310232199728489,94.53585052490234,0.8641958832740784,103.11640930175781,2.604447603225708,0.047536153346300125,0,2.604447603225708,0.2972196638584137,0.001710703712888062,40,1.0087696313858032,0,-0.05637966841459274,1700000.0,2.5611417293548584,0.013555888086557388,85,3.818434715270996,14616.984375,84,6.919930934906006,0.0023471228778362274,1.0087696313858032,0.6452901363372803,1000,6.662952899932861,4.5000000682193786e-05,0.20137597620487213,2.5611417293548584,NaN,2.604447603225708,16.540000915527344,14815.428466822,99.41960906982422,0.42445691500324756,2.5611417293548584,2.102999448776245,1746584748.6333897,193.95555114746094,1.0087696313858032
94.1500015258789,0.01395332720130682,94.29225158691406,1.1439093351364136,101.44100189208984,2.6306347846984863,0.06831192970275879,0,2.6306347846984863,0.2992751896381378,-0.04927074536681175,40,1.0026233196258545,0,0.0596722774207592,1720000.0,2.5840935707092285,0.01710209995508194,86,6.621220111846924,14814.208984375,85,7.688620567321777,0.020775776356458664,1.0026233196258545,2.8027853965759277,1000,7.525221824645996,4.199999966658652e-05,0.2079210877418518,2.5840935707092285,NaN,2.6306347846984863,20.360000610351562,15009.775461682,102.86663055419922,-0.050981449079699814,2.5840935707092285,2.4174938201904297,1746584945.8971395,197.158935546875,1.0026233196258545
54.849998474121094,0.012973984703421593,94.27498626708984,0.9157817363739014,102.94678497314453,2.6563916206359863,0.04912252724170685,0,2.6563916206359863,0.29964014887809753,-0.3651306927204132,40,1.0063689947128296,0,0.30336058139801025,1740000.0,2.6065785884857178,0.015634365379810333,87,6.817756175994873,15008.5888671875,86,8.091092109680176,-0.01918940246105194,1.0063689947128296,0.19653606414794922,1000,7.409351348876953,3.899999865097925e-05,0.20870836079120636,2.6065785884857178,NaN,2.6563916206359863,19.56999969482422,15207.301696241,100.00006866455078,-0.31585994735360146,2.6065785884857178,2.796572685241699,1746585140.2441237,194.27513122558594,1.0063689947128296
67.75,0.012609275989234447,95.102294921875,0.9207842946052551,101.28292083740234,2.68223237991333,0.04639190062880516,0,2.68223237991333,0.29658740758895874,-0.19790910184383392,40,1.0050513744354248,0,0.15921151638031006,1760000.0,2.6289288997650146,0.015005521476268768,88,5.504607677459717,15206.1279296875,87,8.096339225769043,-0.0027306266129016876,1.0050513744354248,-1.3131484985351562,1000,6.872903347015381,3.600000127335079e-05,0.19810670614242554,2.6289288997650146,NaN,2.68223237991333,22.860000610351562,15403.212005263,102.36431121826172,0.16722159087657928,2.6289288997650146,2.6162562370300293,1746585337.7703905,197.46665954589844,1.0050513744354248
104.19999694824219,0.0138405691832304,94.57791900634766,0.9326416254043579,102.12279510498047,2.709435224533081,0.045892246067523956,0,2.709435224533081,0.300078809261322,0.07954910397529602,40,0.9995154738426208,0,-0.17856837809085846,1780000.0,2.651639461517334,0.014929293654859066,89,6.717041969299316,15402.0302734375,88,8.381690979003906,-0.0004996545612812042,0.9995154738426208,1.2124342918395996,1000,7.18911075592041,3.300000025774352e-05,0.20943652093410492,2.651639461517334,NaN,2.709435224533081,28.459999084472656,15601.253978329,101.26468658447266,0.27745820581912994,2.651639461517334,2.5563437938690186,1746585533.6806495,195.84266662597656,0.9995154738426208
49.70000076293945,0.012222024612128735,95.19277954101562,1.13471257686615,101.02377319335938,2.7359280586242676,0.05478046089410782,0,2.7359280586242676,0.29970136284828186,-0.579938530921936,40,1.0071873664855957,0,-0.08572735637426376,1800000.0,2.6747915744781494,0.013430465012788773,90,5.73216438293457,15600.0693359375,89,8.806804656982422,0.008888214826583862,1.0071873664855957,-0.9848775863647461,1000,8.798904418945312,2.9999999242136255e-05,0.20783524215221405,2.6747915744781494,NaN,2.7359280586242676,29.770000457763672,15799.02578061,102.78034973144531,-0.6594876348972321,2.6747915744781494,3.234818458557129,1746585731.722595,197.97320556640625,1.0071873664855957
78.6500015258789,0.012129617854952812,96.38951110839844,1.0028064250946045,101.1599349975586,2.7628328800201416,0.04849056527018547,0,2.7628328800201416,0.29876643419265747,-0.16157057881355286,40,1.0029977560043335,0,0.01861550658941269,1820000.0,2.698153257369995,0.012406491674482822,91,5.482234001159668,15797.845703125,90,8.217991828918457,-0.006289895623922348,1.0029977560043335,-0.24993038177490234,1000,7.520581245422363,2.700000004551839e-05,0.20380620658397675,2.698153257369995,NaN,2.7628328800201416,27.469999313354492,15998.842112068,101.31716918945312,0.4183679521083832,2.698153257369995,2.5514018535614014,1746585929.494487,197.7067413330078,1.0029977560043335
86.1500015258789,0.011599150486290455,96.10625457763672,1.1381579637527466,100.12122344970703,2.7903783321380615,0.0619439035654068,0,2.7903783321380615,0.2985127568244934,-0.22734549641609192,40,1.0013854503631592,0,-0.029787028208374977,1840000.0,2.721954345703125,0.012441486120223999,92,8.256080627441406,15997.66796875,91,8.605744361877441,0.013453338295221329,1.0013854503631592,2.7738466262817383,1000,8.626272201538086,2.4000000848900527e-05,0.2028036266565323,2.721954345703125,NaN,2.7903783321380615,30.350000381469727,16190.503842673,103.65155029296875,-0.06577491760253906,2.721954345703125,3.1908717155456543,1746586129.310777,199.7578582763672,1.0013853311538696
38.400001525878906,0.011401476338505745,94.58769989013672,1.0014162063598633,104.38697052001953,2.816770076751709,0.04423915222287178,0,2.816770076751709,0.295179545879364,-0.5745387077331543,40,1.0088247060775757,0,0.15098503232002258,1860000.0,2.7459328174591064,0.012203846126794815,93,4.552988052368164,16189.3232421875,92,8.424491882324219,-0.01770475134253502,1.0088247060775757,-3.703092575073242,1000,7.945194721221924,2.099999983329326e-05,0.19164784252643585,2.7459328174591064,NaN,2.816770076751709,27.709999084472656,16383.722013639,97.00701904296875,-0.3471932113170624,2.7459328174591064,3.2351081371307373,1746586320.9723926,191.5948028564453,1.0088247060775757
55.0,0.011197913438081741,94.24237823486328,1.1401311159133911,103.54621124267578,2.8427412509918213,0.05182550475001335,0,2.8427412509918213,0.29196563363075256,-0.4033084809780121,40,1.0070682764053345,0,0.3711012005805969,1880000.0,2.7697598934173584,0.010234599001705647,94,4.243925094604492,16382.5400390625,93,8.427576065063477,0.007586352527141571,1.0070682764053345,-0.3090629577636719,1000,7.797879695892334,1.8000000636675395e-05,0.18042521178722382,2.7697598934173584,NaN,2.8427412509918213,24.010000228881836,16579.526553759,98.90804290771484,0.1712302267551422,2.7697598934173584,2.9961559772491455,1746586514.1906645,193.15048217773438,1.0070682764053345
54.599998474121094,0.010280057787895203,93.94403076171875,1.124528169631958,102.17565155029297,2.8683242797851562,0.0617266483604908,0,2.8683242797851562,0.29035046696662903,-0.39914536476135254,40,1.0063670873641968,0,0.1314125508069992,1900000.0,2.793363571166992,0.008663920685648918,95,3.956880807876587,16578.349609375,94,8.245325088500977,0.009901143610477448,1.0063670873641968,-0.2870442867279053,1000,7.801886558532715,1.4999999621068127e-05,0.17527392506599426,2.793363571166992,NaN,2.8683242797851562,22.940000534057617,16770.473775495,101.79724884033203,0.004163116216659546,2.793363571166992,2.890172243118286,1746586709.9951887,195.74136352539062,1.0063670873641968
34.95000076293945,0.010035807266831398,93.9801025390625,0.9401552677154541,104.77719116210938,2.892824172973633,0.06419561803340912,0,2.892824172973633,0.28943511843681335,-0.5569171905517578,40,1.0075852870941162,0,0.02883748710155487,1920000.0,2.8165202140808105,0.008130350150167942,96,3.5865402221679688,16769.29296875,95,8.13760757446289,0.0024689696729183197,1.0075852870941162,-0.37034058570861816,1000,7.608975887298584,1.2000000424450263e-05,0.17196105420589447,2.8165202140808105,NaN,2.892824172973633,20.059999465942383,16964.34412416,96.90105438232422,-0.15777182579040527,2.8165202140808105,2.7905707359313965,1746586900.9424288,190.88124084472656,1.0075852870941162
75.6500015258789,0.009298448450863361,95.50474548339844,0.9498780965805054,103.19857788085938,2.9178731441497803,0.05849989503622055,0,2.9178731441497803,0.28970545530319214,-0.10031118243932724,40,1.0004327297210693,0,0.5676689147949219,1940000.0,2.8390910625457764,0.007213032338768244,97,4.379650115966797,16963.16015625,96,7.5288543701171875,-0.005695722997188568,1.0004327297210693,0.7931098937988281,1000,6.859782695770264,9.000000318337698e-06,0.17248772084712982,2.8390910625457764,NaN,2.9178731441497803,17.93000030517578,17164.105017747,98.29632568359375,0.4566060081124306,2.8390910625457764,2.3330066204071045,1746587094.8127723,193.80111694335938,1.0004327297210693
122.4000015258789,0.009085500612854958,95.95201873779297,1.182691216468811,100.1579360961914,2.945087194442749,0.0533176027238369,0,2.945087194442749,0.2917863726615906,0.13804206252098083,40,0.9995458126068115,0,-0.1946881115436554,1960000.0,2.8616185188293457,0.007081304676830769,98,8.715312957763672,17162.9140625,97,7.812617301940918,-0.005182292312383652,0.9995458126068115,4.335662841796875,1000,8.640381813049316,6.000000212225132e-06,0.17942914366722107,2.8616185188293457,NaN,2.945087194442749,23.360000610351562,17361.05068367,103.7325210571289,0.23835324496030807,2.8616185188293457,2.655302047729492,1746587294.573648,199.68463134765625,0.9995457530021667
84.55000305175781,0.007832743227481842,96.41764831542969,1.1384989023208618,101.58248901367188,2.9728949069976807,0.059539999812841415,0,2.9728949069976807,0.29240381717681885,-0.24593229591846466,40,1.0012825727462769,0,-0.017618656158447266,1980000.0,2.884138822555542,0.005533572286367416,99,7.535923957824707,17359.875,98,7.871133804321289,0.006222397089004517,1.0012825727462769,-1.1793889999389648,1000,9.00854206085205,3.000000106112566e-06,0.18158814311027527,2.884138822555542,NaN,2.9728949069976807,23.649999618530273,17555.492738321,100.46662902832031,-0.3839743584394455,2.884138822555542,2.6725757122039795,1746587491.5193703,196.88433837890625,1.0012825727462769
73.25,0.006473154295235872,95.03341674804688,0.971591591835022,102.90663146972656,3.0008299350738525,0.04456915333867073,0,3.0008299350738525,0.2924129366874695,-0.40489786863327026,40,1.0014724731445312,0,0.0053762346506118774,2000000.0,2.9070515632629395,0.003550868481397629,100,5.6936354637146,17554.29296875,99,7.271079063415527,-0.014970846474170685,1.0014724731445312,-1.8422884941101074,1000,9.458333969116211,0.0,0.18180903792381287,2.9070515632629395,NaN,3.0008299350738525,28.110000610351562,17556.492450503,99.31745147705078,-0.1589655727148056,2.9070515632629395,2.944077730178833,1746587685.9613657,194.35093688964844,1.0014724731445312
