Value/cost,Misc/xHx,Metrics/EpCost,Misc/AcceptanceStep,Misc/Alpha,Loss/Loss_pi/Delta,Train/KL,Safety/shield_adv_c,Time/Rollout,Misc/gradient_norm,Safety/shield_violation,Metrics/EpRet,Loss/Loss_reward_critic,Safety/ShieldLagrangeMultiplier/Max,Value/Adv,Train/PolicyStd,Loss/Loss_cost_critic/Delta,Time/Epoch,Metrics/LagrangeMultiplier/Max,Train/PolicyRatio,Time/FPS,Value/reward,_timestamp,Train/StopIter,Safety/ShieldLagrangeMultiplier/Std,Metrics/LagrangeMultiplier/Min,Train/Epoch,Train/PolicyRatio/Min,Time/Total,Train/Entropy,Safety/ShieldLagrangeMultiplier/Min,_runtime,Train/PolicyRatio/Max,Metrics/LagrangeMultiplier,Loss/Loss_pi,Loss/Loss_cost_critic,Time/Update,Metrics/LagrangeMultiplier/Std,_step,Loss/Loss_reward_critic/Delta,Train/LR,Safety/ShieldLagrangeMultiplier,Misc/H_inv_g,Metrics/EpLen,Safety/EpCostShield,Train/PolicyRatio/Std,TotalEnvSteps,Misc/FinalStepNorm
0.1284998506307602,0.005066359415650368,48.25,1,1.9868568181991577,0.03727531060576439,0.0001787726068869233,1.7621502876281738,135.61341857910156,0.04595540091395378,-0.29702702164649963,-0.4351932406425476,0.02653886191546917,0.04500000178813934,-1.2207030941624453e-08,1.0054792165756226,37.53461837768555,158.6935577392578,0.03599999472498894,0.9985286593437195,126.02906799316406,-0.009228968992829323,1746550558.1121159,10,0,0.03599999472498894,0,0.9985286593437195,158.69448852539062,1.4242420196533203,0.04500000178813934,282.71566122,0.9985286593437195,0.03599999472498894,0.03727531060576439,37.53461837768555,23.080106735229492,0,1,0.02653886191546917,0,0.04500000178813934,0.18815292418003082,500,66.2249984741211,0.0010404089698567986,20000.0,0.37383291125297546
2.0110204219818115,0.012591051869094372,69.57499694824219,1,1.2603286504745483,0.11821206286549568,0.00033843459095805883,3.535954713821411,99.4675064086914,0.05991101637482643,2.5140841007232666,0.5765901803970337,0.018503285944461823,0.07922680675983429,-1.5258788677030566e-09,0.9933122992515564,0.6684722900390625,122.95944213867188,0.07076548039913177,0.9978647232055664,162.65525817871094,-0.014176324009895325,1746550681.146771,10,0,0.07076548039913177,1,0.9978647232055664,281.73138427734375,1.411849856376648,0.07922680675983429,405.275392428,0.9978647232055664,0.07076548039913177,0.15548737347126007,38.20309066772461,23.491897583007812,0,2,-0.008035575971007347,0,0.07922680675983429,0.2739402651786804,500,116.625,0.0015098968287929893,40000.0,0.3452547490596771
6.166092872619629,0.009577185846865177,100.06999969482422,1,1.445093035697937,0.17606408894062042,0.0004185141297057271,3.190375328063965,99.0986328125,0.06285955756902695,6.915370941162109,1.7321372032165527,0.01812063157558441,0.1131153404712677,-2.2888182460434336e-09,0.9801051020622253,26.32889175415039,122.46324157714844,0.10519036650657654,0.9993836879730225,163.31431579589844,0.04566961154341698,1746550803.7063675,10,0,0.10519036650657654,2,0.9993836879730225,404.27880859375,1.3985247611999512,0.1131153404712677,531.759853393,0.9993836879730225,0.10519036650657654,0.3315514624118805,64.531982421875,23.364587783813477,0,3,-0.0003826543688774109,0,0.1131153404712677,0.21598970890045166,500,172.5,0.0004357983998488635,60000.0,0.31212523579597473
15.355351448059082,0.02134063094854355,154.0500030517578,1,0.9680801033973694,0.11235755681991577,0.00047844654181972146,3.495443820953369,103.08169555664062,0.3459301292896271,18.368587493896484,3.6292624473571777,0.029828369617462158,0.1468101441860199,-2.0599363992346298e-08,0.9747799038887024,21.470596313476562,126.3890151977539,0.13895192742347717,0.9961225390434265,158.24159240722656,0.23469336330890656,1746550930.1908922,10,0,0.13895192742347717,3,0.9961225390434265,530.766845703125,1.3929758071899414,0.1468101441860199,657.527553481,0.9961225390434265,0.13895192742347717,0.44390901923179626,86.00257873535156,23.30730438232422,0,4,0.011707738041877747,0,0.1468101441860199,0.2306067794561386,500,242.14999389648438,0.0027417929377406836,80000.0,0.22324584424495697
28.833045959472656,0.015145310200750828,222.5500030517578,1,1.149147391319275,0.10543259978294373,0.0004714378737844527,5.484597682952881,102.40836334228516,0.3198726773262024,30.715578079223633,5.477483749389648,0.03640370070934296,0.18056297302246094,-1.3351439953623867e-09,0.970579206943512,31.05078887939453,125.65946197509766,0.17227014899253845,0.9977690577507019,159.1603240966797,0.4432038962841034,1746551055.9582562,10,0,0.17227014899253845,4,0.9977690577507019,656.5205078125,1.388311505317688,0.18056297302246094,784.24548327,0.9977690577507019,0.17227014899253845,0.54934161901474,117.0533676147461,23.25107192993164,0,5,0.006575331091880798,0,0.18056297302246094,0.21709878742694855,500,314.32501220703125,0.001577556598931551,100000.0,0.2494785040616989
36.23356246948242,0.013212502002716064,309.5299987792969,1,1.2303318977355957,0.05519366264343262,0.00044863976654596627,5.5520477294921875,103.09660339355469,0.2718130946159363,38.4114990234375,8.052519798278809,0.044831305742263794,0.21475277841091156,6.256103546320446e-08,0.957818329334259,20.015464782714844,126.62132263183594,0.20538392663002014,0.9962993264198303,157.95127868652344,0.7111902236938477,1746551182.6766365,10,0,0.20538392663002014,5,0.9962993860244751,783.2533569335938,1.374681830406189,0.21475277841091156,910.908889977,0.9962993860244751,0.20538392663002014,0.6045352816581726,137.06883239746094,23.52469825744629,0,6,0.008427605032920837,0,0.21475277841091156,0.2082105427980423,500,350.29998779296875,0.002616757294163108,120000.0,0.25616806745529175
38.882476806640625,0.015731045976281166,316.6700134277344,1,1.127550721168518,-0.10096383094787598,0.0003000115684699267,3.430177688598633,103.21510314941406,0.22373291850090027,41.3437385559082,9.58749771118164,0.0676715224981308,0.24947430193424225,-2.479553229406406e-09,0.9517414569854736,21.326553344726562,126.58056640625,0.23918268084526062,0.9981515407562256,158.00213623046875,0.8801824450492859,1746551309.3399923,10,0,0.23918268084526062,6,0.9981515407562256,909.926025390625,1.3682314157485962,0.24947430193424225,1036.82684188,0.9981515407562256,0.23918268084526062,0.5035714507102966,158.3953857421875,23.36543846130371,0,7,0.022840216755867004,0,0.24947430193424225,0.27887484431266785,500,335.4750061035156,0.0013070580316707492,140000.0,0.3144455552101135
38.85240173339844,0.01156314555555582,308.19000244140625,1,1.3151546716690063,-0.12359288334846497,0.0003007113700732589,2.486417770385742,102.66031646728516,0.1889788657426834,41.67521286010742,10.350902557373047,0.09313907474279404,0.28454604744911194,2.2888183792701966e-08,0.9533024430274963,-3.4382171630859375,125.82313537597656,0.2736620604991913,0.9996312260627747,158.95327758789062,1.0466187000274658,1746551435.2579277,10,0,0.2736620604991913,7,0.9996312856674194,1035.8304443359375,1.370157241821289,0.28454604744911194,1163.613240341,0.9996312856674194,0.2736620604991913,0.37997856736183167,154.95716857910156,23.162796020507812,0,8,0.02546755224466324,0,0.28454604744911194,0.23772399127483368,500,308.32501220703125,0.00026074849301949143,160000.0,0.312643826007843
38.97316360473633,0.01917581632733345,284.32000732421875,1,1.021263837814331,-0.1719289869070053,0.0003366755263414234,1.6872484683990479,103.32202911376953,0.16845427453517914,41.59041976928711,11.08618450164795,0.10603446513414383,0.3197302520275116,-1.831054596834747e-08,0.9596171975135803,-1.470977783203125,126.70084381103516,0.3086206316947937,0.999818742275238,157.85214233398438,1.3623017072677612,1746551562.0445392,10,0,0.3086206316947937,8,0.999818742275238,1162.6285400390625,1.377088189125061,0.3197302520275116,1289.345161092,0.999818742275238,0.3086206316947937,0.20804958045482635,153.48619079589844,23.378795623779297,0,9,0.012895390391349792,0,0.3197302520275116,0.2871881425380707,500,278.2749938964844,0.00012818262621294707,180000.0,0.29329484701156616
43.56571960449219,0.023756546899676323,252.4199981689453,1,0.9175363183021545,-0.31357504427433014,0.0003843481536023319,1.6273837089538574,102.42829895019531,0.22281505167484283,47.60546875,14.029223442077637,0.13472488522529602,0.3549134433269501,-4.2724607851596375e-08,0.9572980999946594,-20.440841674804688,125.64929962158203,0.34377321600914,0.9998536109924316,159.17318725585938,2.018620491027832,1746551687.7762244,10,0,0.34377321600914,9,0.9998536109924316,1288.3590087890625,1.3750333786010742,0.3549134433269501,1413.462612272,0.9998536109924316,0.34377321600914,-0.10552546381950378,133.04534912109375,23.220975875854492,0,10,0.02869042009115219,0,0.3549134433269501,0.31140226125717163,500,265.04998779296875,0.00010351266246289015,200000.0,0.28572291135787964
35.43949508666992,0.03478236496448517,208.2100067138672,1,0.7582901120185852,-0.34374287724494934,0.0004367151123005897,-1.812551498413086,100.88059997558594,0.4248300790786743,39.04316329956055,17.668066024780273,0.17184634506702423,0.38923919200897217,8.392333938900265e-09,0.954361617565155,-47.153770446777344,124.03003692626953,0.3787134885787964,1.002772331237793,161.2512664794922,2.7457988262176514,1746551811.8938186,10,0,0.3787134885787964,10,1.002772331237793,1412.4815673828125,1.372170090675354,0.38923919200897217,1536.071814766,1.002772331237793,0.3787134885787964,-0.4492683410644531,85.8915786743164,23.149417877197266,0,11,0.03712145984172821,0,0.38923919200897217,0.3035409450531006,500,173.1999969482422,0.001960390480235219,220000.0,0.23017209768295288
31.4066162109375,0.027956336736679077,150.8000030517578,1,0.8458138704299927,-0.022997766733169556,0.0004702074220404029,-2.697253704071045,99.20838165283203,0.47224923968315125,34.303123474121094,21.2459716796875,0.2703400254249573,0.42251157760620117,2.2888183792701966e-08,0.9555801749229431,1.535308837890625,122.52667236328125,0.41282689571380615,1.0012664794921875,163.22976684570312,2.9893133640289307,1746551934.5029132,10,0,0.41282689571380615,11,1.0012664794921875,1535.087890625,1.3729192018508911,0.42251157760620117,1656.704367982,1.0012664794921875,0.41282689571380615,-0.4722661077976227,87.42688751220703,23.31827163696289,0,12,0.09849368035793304,0,0.42251157760620117,0.24196700751781464,500,144.8249969482422,0.0008955924422480166,240000.0,0.20465904474258423
26.144025802612305,0.020081857219338417,101.94000244140625,1,0.9979596138000488,-0.20024028420448303,0.0004330672090873122,-2.7402238845825195,96.91309356689453,0.4087045192718506,28.332521438598633,22.99978256225586,0.27223673462867737,0.45413944125175476,-2.307891833197573e-08,0.9663144946098328,-29.256763458251953,120.54510498046875,0.4455336928367615,1.0003398656845093,165.91299438476562,3.4046242237091064,1746552055.1356597,10,0,0.4455336928367615,12,1.0003398656845093,1655.716064453125,1.3825384378433228,0.45413944125175476,1775.470518682,1.0003398656845093,0.4455336928367615,-0.6725063920021057,58.17012405395508,23.63199234008789,0,13,0.0018967092037200928,0,0.45413944125175476,0.22589659690856934,500,91.92500305175781,0.00024029322958085686,260000.0,0.22543568909168243
20.50051498413086,0.013179946690797806,77.27999877929688,1,1.231850504875183,0.05748176574707031,0.0003690657904371619,-1.1585837602615356,95.28494262695312,0.2487822324037552,22.705881118774414,22.476144790649414,0.29987916350364685,0.483973890542984,-5.340575981449547e-09,0.9605924487113953,-18.28557586669922,118.6924057006836,0.47661730647087097,1.0027319192886353,168.50277709960938,3.204035997390747,1746552173.9020598,10,0,0.47661730647087097,13,1.0027320384979248,1774.49609375,1.3758211135864258,0.483973890542984,1893.389703547,1.0027320384979248,0.47661730647087097,-0.6150246262550354,39.88454818725586,23.40744400024414,0,14,0.027642428874969482,0,0.483973890542984,0.21015702188014984,500,68.8499984741211,0.0019318429986014962,280000.0,0.2588820457458496
16.462005615234375,0.018042659386992455,46.779998779296875,1,1.0528453588485718,0.07019948959350586,0.00042241267510689795,-0.21236231923103333,94.4432601928711,0.3606181740760803,18.75259780883789,19.486268997192383,0.30511096119880676,0.5120217204093933,-5.340575981449547e-09,0.9456093907356262,0.043243408203125,117.82849884033203,0.5057184100151062,1.000256896018982,169.73822021484375,3.2954015731811523,1746552291.8206449,10,0,0.5057184100151062,14,1.000256896018982,1892.3897705078125,1.3599597215652466,0.5120217204093933,2008.143978523,1.000256896018982,0.5057184100151062,-0.5448251366615295,39.927791595458984,23.385215759277344,0,15,0.005231797695159912,0,0.5120217204093933,0.2415156364440918,500,56.07500076293945,0.0001815686555346474,300000.0,0.25427860021591187
12.29019546508789,0.010263006202876568,30.450000762939453,1,1.3959745168685913,-0.047160804271698,0.00036454611108638346,-1.6080234050750732,91.54377746582031,0.2298460602760315,13.98698902130127,18.159299850463867,0.2304900586605072,0.5379132032394409,-4.577636492086867e-09,0.9335125088691711,-21.86370849609375,114.66985321044922,0.5327404737472534,1.0017112493515015,174.41375732421875,3.244386911392212,1746552406.5751119,10,0,0.5327404737472534,15,1.0017112493515015,2007.1629638671875,1.346295952796936,0.5379132032394409,2122.172978419,1.0017112493515015,0.5327404737472534,-0.5919859409332275,18.064083099365234,23.126060485839844,0,16,-0.07462090253829956,0,0.5379132032394409,0.1892380565404892,500,24.350000381469727,0.00121006416156888,320000.0,0.2641715109348297
9.697297096252441,0.011123104020953178,17.389999389648438,1,1.340916633605957,0.07244354486465454,0.0004225409938953817,-0.8226122260093689,90.33749389648438,0.27704277634620667,11.077543258666992,16.06747817993164,0.19300876557826996,0.5617038011550903,4.577636492086867e-09,0.911577045917511,-4.329516410827637,113.95397186279297,0.557636559009552,1.0024687051773071,175.50946044921875,3.120584726333618,1746552520.6042325,10,0,0.557636559009552,16,1.0024688243865967,2121.19580078125,1.3229689598083496,0.5617038011550903,2235.349088989,1.0024688243865967,0.557636559009552,-0.519542396068573,13.734566688537598,23.616458892822266,0,17,-0.037481293082237244,0,0.5617038011550903,0.1847604215145111,500,15.149999618530273,0.0017456663772463799,340000.0,0.24774833023548126
7.371682643890381,0.005975489504635334,6.0,1,1.8294810056686401,0.05499023199081421,0.00042079685954377055,-0.7955986261367798,90.2183837890625,0.15755963325500488,9.267609596252441,15.928533554077148,0.15751780569553375,0.5835323333740234,-3.8146971692576415e-10,0.8928511738777161,-4.367629051208496,113.10088348388672,0.5803793668746948,1.0012688636779785,176.83328247070312,3.106220245361328,1746552633.780638,10,0,0.5803793668746948,17,1.0012688636779785,2234.369140625,1.3037468194961548,0.5835323333740234,2347.89307614,1.0012688636779785,0.5803793668746948,-0.4645521640777588,9.366937637329102,22.882474899291992,0,18,-0.035490959882736206,0,0.5835323333740234,0.13243776559829712,500,11.149999618530273,0.0008972220821306109,360000.0,0.2422923594713211
6.7926201820373535,0.005283986683934927,2.0,1,1.9455112218856812,0.014236211776733398,0.0004339719598647207,-1.4353965520858765,89.391357421875,0.14830157160758972,7.988176345825195,16.3251895904541,0.1807793229818344,0.6034903526306152,-1.5258788677030566e-09,0.8716829419136047,-1.6346712112426758,112.47830963134766,0.6010940670967102,1.003191590309143,177.8120574951172,3.548518419265747,1746552746.3246393,10,0,0.6010940670967102,18,1.0031917095184326,2346.917724609375,1.2796813249588013,0.6034903526306152,2460.358565106,1.0031917095184326,0.6010940670967102,-0.4503159523010254,7.732266426086426,23.086933135986328,0,19,0.02326151728630066,0,0.6034903526306152,0.12964659929275513,500,5.875,0.002256823470816016,380000.0,0.25222891569137573
5.946110248565674,0.005834375973790884,2.0799999237060547,1,1.851473093032837,0.0401383638381958,0.0004077040357515216,-1.2128775119781494,89.27790832519531,0.228357195854187,6.9528326988220215,18.446334838867188,0.18510578572750092,0.6217439770698547,-4.577636492086867e-09,0.8526471257209778,-1.1975069046020508,112.39339447021484,0.6199795603752136,1.0028818845748901,177.9464111328125,3.758784055709839,1746552858.7898624,10,0,0.6199795603752136,19,1.0028818845748901,2459.376708984375,1.257741928100586,0.6217439770698547,2572.499423947,1.0028818845748901,0.6199795603752136,-0.4101775884628296,6.534759521484375,23.115461349487305,0,20,0.004326462745666504,0,0.6217439770698547,0.14415770769119263,500,5.050000190734863,0.0020377719774842262,400000.0,0.2669041156768799
4.270522594451904,0.0026551203336566687,2.240000009536743,1,2.744555711746216,0.09211739897727966,0.0003836843534372747,-0.6090658903121948,89.07682037353516,0.09797438979148865,4.972136497497559,20.06928253173828,0.15302976965904236,0.6384110450744629,1.6403197022896165e-08,0.8312313556671143,-2.624556064605713,112.06800842285156,0.6372144222259521,1.0031591653823853,178.46307373046875,3.575840711593628,1746552970.930916,10,0,0.6372144222259521,20,1.0031592845916748,2571.521240234375,1.2332981824874878,0.6384110450744629,2684.860381947,1.0031592845916748,0.6372144222259521,-0.3180601894855499,3.910203456878662,22.991167068481445,0,21,-0.03207601606845856,0,0.6384110450744629,0.08705662935972214,500,2.825000047683716,0.0022338952403515577,420000.0,0.2389317750930786
3.94846248626709,0.004579250700771809,0.7900000214576721,1,2.089860677719116,0.027629613876342773,0.00041261373553425074,-0.7139815092086792,88.9236831665039,0.2063569873571396,4.390069484710693,21.07184600830078,0.18267709016799927,0.6536291837692261,3.051757735406113e-09,0.8251001238822937,-0.42290830612182617,112.29150390625,0.6529204249382019,1.0012617111206055,178.1078643798828,3.8787922859191895,1746553083.2916336,10,0,0.6529204249382019,21,1.0012617111206055,2683.881103515625,1.2265559434890747,0.6536291837692261,2796.896770135,1.0012617111206055,0.6529204249382019,-0.29043057560920715,3.487295150756836,23.36778450012207,0,22,0.02964732050895691,0,0.6536291837692261,0.10839638113975525,500,2.25,0.0008922206470742822,440000.0,0.22653333842754364
2.980966091156006,0.003038113471120596,0.4699999988079071,1,2.565737724304199,0.04887484014034271,0.0003714477061294019,-0.6860221028327942,88.61296844482422,0.150284081697464,3.506312608718872,21.11395835876465,0.15850019454956055,0.6675184369087219,2.2888182460434336e-09,0.8256053924560547,-0.7434723377227783,111.96118927001953,0.6672320365905762,1.002496600151062,178.63333129882812,3.803278923034668,1746553195.3280227,10,0,0.6672320365905762,22,1.002496600151062,2795.91845703125,1.2272428274154663,0.6675184369087219,2909.968892939,1.002496600151062,0.6672320365905762,-0.24155573546886444,2.7438228130340576,23.34819793701172,0,23,-0.02417689561843872,0,0.6675184369087219,0.09397049993276596,500,1.5499999523162842,0.0017653348622843623,460000.0,0.2411036491394043
2.691577911376953,0.0062331948429346085,2.380000114440918,1,1.7912628650665283,0.11244814097881317,0.00030582191538996994,-0.49688756465911865,89.78299713134766,0.20209655165672302,3.5293214321136475,22.0694580078125,0.16050924360752106,0.6804150342941284,-5.340575981449547e-09,0.8161487579345703,1.2585928440093994,112.90909576416016,0.6803228259086609,1.0003666877746582,177.13365173339844,3.960995674133301,1746553308.399611,10,0,0.6803228259086609,23,1.0003666877746582,2908.9033203125,1.2155852317810059,0.6804150342941284,3022.435637806,1.0003666877746582,0.6803228259086609,-0.12910759449005127,4.002415657043457,23.126079559326172,0,24,0.0020090490579605103,0,0.6804150342941284,0.1398991495370865,500,11.524999618530273,0.0002592874225229025,480000.0,0.25059616565704346
2.4387691020965576,0.0033955960534512997,2.319999933242798,1,2.42692494392395,-0.033380135893821716,0.0004718127311207354,0.1533876210451126,89.2275390625,0.23170392215251923,2.788274049758911,21.603132247924805,0.14013275504112244,0.6922512054443359,-9.155272984173735e-09,0.8027068972587585,-1.0930449962615967,112.32429504394531,0.6923031806945801,0.9997113347053528,178.0558624267578,3.8462882041931152,1746553420.8663552,10,0,0.6923031806945801,24,0.9997113943099976,3021.402099609375,1.1981183290481567,0.6922512054443359,3135.057369315,0.9997113943099976,0.6923031806945801,-0.16248773038387299,2.9093706607818604,23.096738815307617,0,25,-0.02037648856639862,0,0.6922512054443359,0.08727684617042542,500,4.074999809265137,0.0002041312400251627,500000.0,0.21181435883045197
2.1008620262145996,0.0027522430755198,2.7200000286102295,1,2.695695400238037,0.010341212153434753,0.000415744143538177,-0.402290403842926,89.17681884765625,0.13365258276462555,2.671398162841797,22.2908878326416,0.17066560685634613,0.7031233906745911,-4.577636492086867e-09,0.7854217886924744,-0.07078409194946289,112.52909088134766,0.7032837867736816,0.9999486804008484,177.7318115234375,4.058462619781494,1746553533.4885354,10,0,0.7032837867736816,25,0.9999486804008484,3134.07275390625,1.1745396852493286,0.7031233906745911,3248.031825712,0.9999486804008484,0.7032837867736816,-0.15214651823043823,2.8385865688323975,23.35224151611328,0,26,0.030532851815223694,0,0.7031233906745911,0.08640163391828537,500,4.050000190734863,3.6274392186896876e-05,520000.0,0.23291248083114624
1.8365827798843384,0.0023642778396606445,2.190000057220459,1,2.9084715843200684,0.032706283032894135,0.000412919616792351,-0.17294152081012726,89.55843353271484,0.11425347626209259,2.852515935897827,23.2349910736084,0.18981346487998962,0.713219940662384,-1.5258788677030566e-09,0.7749919891357422,0.24467134475708008,112.88578033447266,0.7133422493934631,1.001470923423767,177.17022705078125,4.216954708099365,1746553646.4634178,10,0,0.7133422493934631,26,1.001470923423767,3247.049560546875,1.161110758781433,0.713219940662384,3360.55865231,1.001470923423767,0.7133422493934631,-0.1194402351975441,3.0832579135894775,23.327327728271484,0,27,0.019147858023643494,0,0.713219940662384,0.08020932227373123,500,8.574999809265137,0.0010400157188996673,540000.0,0.2332865297794342
1.6964753866195679,0.003775382647290826,3.7100000381469727,1,2.301621675491333,-0.0005392879247665405,0.0004197509551886469,0.2207990139722824,89.1934814453125,0.15893052518367767,2.6058530807495117,23.78103256225586,0.24035368859767914,0.7225940823554993,1.1444091896350983e-08,0.7734794616699219,1.034928560256958,112.40441131591797,0.7225995659828186,1.0004521608352661,177.92897033691406,4.405510425567627,1746553758.989387,10,0,0.7225995659828186,27,1.0004522800445557,3359.526611328125,1.1595783233642578,0.7225940823554993,3472.854528772,1.0004522800445557,0.7225995659828186,-0.11997952312231064,4.1181864738464355,23.21090316772461,0,28,0.050540223717689514,0,0.7225940823554993,0.10908377915620804,500,7.75,0.0003197540936525911,560000.0,0.251069575548172
1.4233455657958984,0.003041365649551153,3.609999895095825,1,2.5643656253814697,0.00919961929321289,0.00042572803795337677,-0.2248387336730957,89.11096954345703,0.1778952032327652,2.090301990509033,25.665014266967773,0.21318219602108002,0.7312660217285156,0.0,0.7784492373466492,-1.1547167301177979,112.18042755126953,0.7311257123947144,1.0015805959701538,178.2842254638672,4.576612949371338,1746553871.2853944,10,0,0.7311257123947144,28,1.0015805959701538,3471.846923828125,1.1649219989776611,0.7312660217285156,3585.406817634,1.0015805959701538,0.7311257123947144,-0.11077990382909775,2.9634697437286377,23.069438934326172,0,29,-0.02717149257659912,0,0.7312660217285156,0.08401625603437424,500,5.724999904632568,0.0011175659019500017,580000.0,0.21544839441776276
1.7188674211502075,0.0038055756594985723,3.440000057220459,1,2.292473077774048,0.006567135453224182,0.0003858959535136819,-0.5488258004188538,89.73194122314453,0.16058997809886932,2.7172889709472656,25.86937713623047,0.23281751573085785,0.7393932342529297,-7.629394005448376e-09,0.7916145920753479,1.5812342166900635,112.44608306884766,0.7389822602272034,1.0004549026489258,177.86302185058594,4.714688301086426,1746553983.838125,10,0,0.7389822602272034,29,1.0004549026489258,3584.4052734375,1.1798444986343384,0.7393932342529297,3699.649592637,1.0004549026489258,0.7389822602272034,-0.10421276837587357,4.544703960418701,22.71412467956543,0,30,0.019635319709777832,0,0.7393932342529297,0.10255499929189682,500,9.774999618530273,0.0003216647601220757,600000.0,0.23510459065437317
1.6570101976394653,0.0054451776668429375,6.880000114440918,1,1.9164988994598389,0.10920051159337163,0.0004359019221737981,0.3853016793727875,91.00215911865234,0.12423782795667648,3.1311843395233154,27.719331741333008,0.2946975529193878,0.7473079562187195,-3.814697002724188e-09,0.7875649929046631,3.0651941299438477,114.1602783203125,0.7463187575340271,0.999988853931427,175.19229125976562,5.223110198974609,1746554098.0807426,10,0,0.7463187575340271,30,0.9999889135360718,3698.6650390625,1.174998164176941,0.7473079562187195,3813.177337589,0.9999889135360718,0.7463187575340271,0.004987743217498064,7.609898090362549,23.158098220825195,0,31,0.06188003718852997,0,0.7473079562187195,0.1136738732457161,500,21.850000381469727,7.895534508861601e-06,620000.0,0.21785585582256317
1.4571024179458618,0.005038818344473839,10.069999694824219,1,1.992279291152954,-0.07161131920292974,0.0003595186863094568,0.2083415985107422,90.46090698242188,0.13921023905277252,3.2489817142486572,29.151918411254883,0.2732730805873871,0.7549088597297668,-6.103515470812226e-09,0.7764665484428406,-1.217210292816162,113.44102478027344,0.7532668709754944,1.0005531311035156,176.30307006835938,5.276190280914307,1746554211.608632,10,0,0.7532668709754944,31,1.0005531311035156,3812.187744140625,1.161110520362854,0.7549088597297668,3925.579004003,1.0005531311035156,0.7532668709754944,-0.06662357598543167,6.392687797546387,22.980098724365234,0,32,-0.021424472332000732,0,0.7549088597297668,0.13042490184307098,500,16.5,0.0003911789390258491,640000.0,0.25984281301498413
0.9637566208839417,0.0032787646632641554,7.349999904632568,1,2.469785213470459,-0.029031626880168915,0.0004702644073404372,-0.664951741695404,89.18112182617188,0.18344417214393616,1.671324610710144,26.561376571655273,0.18582946062088013,0.761954665184021,1.5258788677030566e-09,0.775632381439209,-3.526552200317383,112.3048095703125,0.7597917318344116,1.0001401901245117,178.08676147460938,4.534822463989258,1746554324.010251,10,0,0.7597917318344116,32,1.0001401901245117,3924.578125,1.1589961051940918,0.761954665184021,4037.477027252,1.0001401901245117,0.7597917318344116,-0.09565520286560059,2.866135597229004,23.123668670654297,0,33,-0.08744361996650696,0,0.761954665184021,0.09192687273025513,500,5.074999809265137,9.912938548950478e-05,660000.0,0.227039635181427
0.7123835682868958,0.003148650284856558,2.9800000190734863,1,2.520299196243286,-0.013014696538448334,0.0005252478877082467,-0.24720361828804016,88.91497039794922,0.21228478848934174,1.504728078842163,25.6456356048584,0.20021790266036987,0.7684404850006104,8.392333938900265e-09,0.7793691754341125,-0.6191818714141846,111.80599975585938,0.765815258026123,1.0010042190551758,178.8812713623047,5.198269367218018,1746554435.9080403,10,0,0.765815258026123,33,1.0010042190551758,4036.482177734375,1.1618294715881348,0.7684404850006104,4150.94670071,1.0010042190551758,0.765815258026123,-0.10866989940404892,2.2469537258148193,22.891010284423828,0,34,0.014388442039489746,0,0.7684404850006104,0.0903754010796547,500,2.799999952316284,0.0007101462688297033,680000.0,0.2277730405330658
0.9461886882781982,0.0034233257174491882,3.9000000953674316,1,2.4170756340026855,0.07994058541953564,0.0004663064319174737,0.3223913311958313,90.09862518310547,0.21076831221580505,2.487323760986328,27.15601348876953,0.26992538571357727,0.7746955752372742,0.0,0.7891755700111389,3.0819942951202393,113.38363647460938,0.7714076042175293,0.998874843120575,176.39230346679688,5.357023239135742,1746554549.377967,10,0,0.7714076042175293,34,0.998874843120575,4149.962890625,1.1722973585128784,0.7746955752372742,4263.768081004,0.998874843120575,0.7714076042175293,-0.028729313984513283,5.328948020935059,23.284988403320312,0,35,0.0697074830532074,0,0.7746955752372742,0.09947372227907181,500,14.175000190734863,0.0007956482004374266,700000.0,0.24043551087379456
0.6305656433105469,0.0037225831765681505,3.640000104904175,1,2.3178865909576416,-0.02433011867105961,0.00043157616164535284,0.4626239538192749,89.4759521484375,0.14205002784729004,1.659801959991455,26.53314971923828,0.1643238216638565,0.7805944681167603,1.5258788677030566e-09,0.7848519682884216,-0.818387508392334,112.73275756835938,0.77660071849823,0.9989214539527893,177.4107208251953,4.789562702178955,1746554662.199186,10,0,0.77660071849823,35,0.9989215135574341,4262.77783203125,1.1658810377120972,0.7805944681167603,4375.32389811,0.9989215135574341,0.77660071849823,-0.05305943265557289,4.510560512542725,23.25678062438965,0,36,-0.10560156404972076,0,0.7805944681167603,0.0931314155459404,500,8.149999618530273,0.0007626331644132733,720000.0,0.21586807072162628
0.37374046444892883,0.0027668301481753588,2.8499999046325684,1,2.68858003616333,-0.03583848103880882,0.00044429622357711196,0.04210525006055832,88.44818115234375,0.19045057892799377,0.8560896515846252,25.278797149658203,0.15742404758930206,0.785971999168396,-3.051757735406113e-09,0.7689914703369141,-2.736543297767639,111.44086456298828,0.7814088463783264,1.0006719827651978,179.46737670898438,4.854349613189697,1746554773.754893,10,0,0.7814088463783264,36,1.0006721019744873,4374.30908203125,1.144067406654358,0.785971999168396,4487.115873146,1.0006721019744873,0.7814088463783264,-0.08889791369438171,1.7740172147750854,22.99266815185547,0,37,-0.006899774074554443,0,0.785971999168396,0.07621735334396362,500,0.25,0.00047524788533337414,740000.0,0.20491646230220795
0.5068759918212891,0.0028278857935220003,0.12999999523162842,1,2.659397840499878,0.003469116985797882,0.000471235194709152,-0.2950878143310547,88.53884887695312,0.3215895891189575,1.002566933631897,24.875347137451172,0.1855953335762024,0.7909022569656372,3.814697002724188e-09,0.7594572901725769,0.24197471141815186,111.69318389892578,0.785789966583252,0.9992094039916992,179.0619659423828,5.02862024307251,1746554885.547463,10,0,0.785789966583252,37,0.9992094039916992,4486.11962890625,1.130216121673584,0.7909022569656372,4600.036494892,0.9992094039916992,0.785789966583252,-0.08542879670858383,2.0159919261932373,23.15431022644043,0,38,0.02817128598690033,0,0.7909022569656372,0.074547179043293,500,1.350000023841858,0.0005590638611465693,760000.0,0.19825059175491333
0.6717830300331116,0.00321618327870965,1.2999999523162842,1,2.4936983585357666,0.10899687744677067,0.0004823410708922893,-0.22900578379631042,89.70560455322266,0.21919023990631104,1.1978819370269775,27.955522537231445,0.29767903685569763,0.7956733703613281,-3.051757735406113e-09,0.7529616951942444,1.2323267459869385,112.85136413574219,0.7898152470588684,1.0004358291625977,177.22427368164062,5.772101402282715,1746554998.4677322,10,0,0.7898152470588684,38,1.0004358291625977,4599.0576171875,1.1202062368392944,0.7956733703613281,4712.785253582,1.0004358291625977,0.7898152470588684,0.023568080738186836,3.248318672180176,23.145734786987305,0,39,0.11208370327949524,0,0.7956733703613281,0.08017389476299286,500,11.0,0.00030823395354673266,780000.0,0.19992950558662415
0.4167233407497406,0.0034027821384370327,2.440000057220459,1,2.424360990524292,0.02224956639111042,0.0004789830418303609,-0.07597441226243973,89.98233032226562,0.14604836702346802,1.3512017726898193,30.171958923339844,0.22661975026130676,0.8003724217414856,-2.2888182460434336e-09,0.7549074292182922,0.9290571212768555,112.67542266845703,0.7935494780540466,1.0003634691238403,177.50100708007812,5.546906471252441,1746555111.216839,10,0,0.7935494780540466,39,1.0003635883331299,4711.80517578125,1.1214555501937866,0.8003724217414856,4825.188160765,1.0003635883331299,0.7935494780540466,0.045817647129297256,4.177375793457031,22.693071365356445,0,40,-0.07105928659439087,0,0.8003724217414856,0.09651492536067963,500,13.699999809265137,0.00025703958817757666,800000.0,0.23398703336715698
0.44055116176605225,0.0025147877167910337,2.8299999237060547,1,2.8200931549072266,-0.09079618752002716,0.00047990487655624747,-0.1377345621585846,89.12310028076172,0.13844271004199982,1.4064364433288574,29.983625411987305,0.23663750290870667,0.8048396706581116,-6.103515470812226e-09,0.7418118119239807,-0.9087090492248535,112.33245086669922,0.7970304489135742,1.0014845132827759,178.04293823242188,5.53085470199585,1746555223.6193774,10,0,0.7970304489135742,40,1.0014846324920654,4824.2080078125,1.1026464700698853,0.8048396706581116,4939.094687325,1.0014846324920654,0.7970304489135742,-0.044978540390729904,3.2686667442321777,23.209327697753906,0,41,0.010017752647399902,0,0.8048396706581116,0.07066258043050766,500,7.25,0.0010496813338249922,820000.0,0.19927504658699036
0.9563733339309692,0.008046329021453857,6.440000057220459,1,1.5765793323516846,0.021955285221338272,0.00046163529623299837,-0.08503039181232452,90.64157104492188,0.1140243336558342,3.025141477584839,31.806640625,0.3660988211631775,0.8093975782394409,1.0681151962899094e-08,0.7244539260864258,2.4164161682128906,113.78514099121094,0.8003879189491272,1.0000299215316772,175.76986694335938,5.950545787811279,1746555337.5254583,10,0,0.8003879189491272,41,1.0000299215316772,4938.0712890625,1.0797650814056396,0.8093975782394409,5051.863798121,1.0000299215316772,0.8003879189491272,-0.023023255169391632,5.685082912445068,23.143552780151367,0,42,0.12946131825447083,0,0.8093975782394409,0.14582449197769165,500,18.549999237060547,2.1185853256611153e-05,840000.0,0.22990387678146362
0.5578808784484863,0.0036525875329971313,7.489999771118164,1,2.3399903774261475,-0.011653982102870941,0.0003797228855546564,0.23833510279655457,89.77848815917969,0.10753197968006134,1.8505473136901855,31.306896209716797,0.2502841055393219,0.8138373494148254,-3.051757735406113e-09,0.7210268378257751,-1.7134950160980225,112.65889739990234,0.8036659955978394,0.999969482421875,177.52703857421875,5.501955032348633,1746555450.2949386,10,0,0.8036659955978394,42,0.999969482421875,5050.861328125,1.0759726762771606,0.8138373494148254,5163.944631018,0.999969482421875,0.8036659955978394,-0.03467723727226257,3.971587896347046,22.880386352539062,0,43,-0.11581471562385559,0,0.8138373494148254,0.11441875994205475,500,10.899999618530273,2.1551124518737197e-05,860000.0,0.26773878931999207
0.34636202454566956,0.0027247420512139797,6.670000076293945,1,2.7092649936676025,-0.04338989406824112,0.0004412751295603812,-0.3393111228942871,88.94462585449219,0.16184008121490479,1.0962798595428467,29.533174514770508,0.1755470186471939,0.8179670572280884,-4.76837147544984e-09,0.7198359966278076,-1.779144048690796,112.00093078613281,0.8068490624427795,1.0012712478637695,178.5699462890625,5.155444622039795,1746555562.375944,10,0,0.8068490624427795,43,1.0012712478637695,5162.9638671875,1.0732148885726929,0.8179670572280884,5276.252258846,1.0012712478637695,0.8068490624427795,-0.07806713134050369,2.19244384765625,23.056270599365234,0,44,-0.07473708689212799,0,0.8179670572280884,0.08145596086978912,500,3.3499999046325684,0.0008988517220132053,880000.0,0.22068578004837036
0.48710858821868896,0.005271103698760271,2.2100000381469727,1,1.9478873014450073,0.015630710870027542,0.000528454314917326,-0.35169684886932373,89.03260040283203,0.20165269076824188,1.2581309080123901,28.105857849121094,0.18308964371681213,0.8218783736228943,8.01086397217432e-09,0.7134795188903809,1.2021434307098389,112.23213958740234,0.8098114728927612,1.0007702112197876,178.2020721435547,5.279122352600098,1746555674.6838443,10,0,0.8098114728927612,44,1.0007703304290771,5275.2734375,1.0636731386184692,0.8218783736228943,5389.377246158,1.0007703304290771,0.8098114728927612,-0.06243642047047615,3.394587278366089,23.19951629638672,0,45,0.007542625069618225,0,0.8218783736228943,0.10881653428077698,500,5.650000095367432,0.0005447058938443661,900000.0,0.21196234226226807
1.0995287895202637,0.004726025741547346,4.920000076293945,1,2.057152509689331,0.006869066506624222,0.0004597123188432306,0.08948452770709991,89.70467376708984,0.1610514521598816,2.506817102432251,29.47821807861328,0.23412375152111053,0.8258132338523865,-4.577636492086867e-09,0.7099564671516418,2.1231300830841064,113.05067443847656,0.8126569390296936,0.9991233944892883,176.9118194580078,5.813060760498047,1746555787.8084037,10,0,0.8126569390296936,45,0.9991234540939331,5388.3935546875,1.0587443113327026,0.8258132338523865,5501.702811147,0.9991234540939331,0.8126569390296936,-0.05556735396385193,5.517717361450195,23.345977783203125,0,46,0.0510341078042984,0,0.8258132338523865,0.1223335936665535,500,13.625,0.0006198396440595388,920000.0,0.2516588568687439
0.6915466785430908,0.00217667524702847,4.71999979019165,1,3.0312180519104004,-0.015471048653125763,0.0003805939049925655,0.07744070887565613,89.32449340820312,0.08627995103597641,1.6991753578186035,30.021379470825195,0.20822356641292572,0.8296020030975342,-1.5258788677030566e-09,0.7142999768257141,-1.6555595397949219,112.23573303222656,0.8153910040855408,1.0018048286437988,178.1963653564453,5.4239349365234375,1746555900.1339011,10,0,0.8153910040855408,46,1.0018048286437988,5500.7119140625,1.0665274858474731,0.8296020030975342,5614.020975452,1.0018048286437988,0.8153910040855408,-0.07103840261697769,3.8621578216552734,22.911216735839844,0,47,-0.025900185108184814,0,0.8296020030975342,0.0744498074054718,500,7.525000095367432,0.0012762065744027495,940000.0,0.2256735861301422
0.39503979682922363,0.004813677165657282,2.2899999618530273,1,2.038337230682373,-0.033573880791664124,0.0004669701447710395,-0.2667151689529419,89.11103057861328,0.18759605288505554,1.6421984434127808,29.669809341430664,0.1916397213935852,0.833156943321228,-4.577636492086867e-09,0.7162744402885437,-1.2414417266845703,112.23619079589844,0.817948579788208,1.0015054941177368,178.19564819335938,5.643167972564697,1746556012.452571,10,0,0.817948579788208,47,1.0015056133270264,5613.0390625,1.0677326917648315,0.833156943321228,5725.89229919,1.0015056133270264,0.817948579788208,-0.10461228340864182,2.620716094970703,23.125139236450195,0,48,-0.016583845019340515,0,0.833156943321228,0.08787888288497925,500,3.9000000953674316,0.001064629410393536,960000.0,0.1791268140077591
0.20257720351219177,0.0022396601270884275,0.18000000715255737,1,2.9882915019989014,0.05799960717558861,0.00038631088682450354,-0.30064815282821655,88.691162109375,0.2409861832857132,0.904671847820282,28.062822341918945,0.14059847593307495,0.8364992141723633,-4.577636492086867e-09,0.720226526260376,-0.647161602973938,111.80109405517578,0.820279061794281,1.0002250671386719,178.88912963867188,5.146281719207764,1746556124.3235133,10,0,0.820279061794281,48,1.0002250671386719,5724.91259765625,1.0718666315078735,0.8364992141723633,5838.373875436,1.0002250671386719,0.820279061794281,-0.04661267623305321,1.9735544919967651,23.10991096496582,0,49,-0.051041245460510254,0,0.8364992141723633,0.07684165984392166,500,3.875,0.00015920271107461303,980000.0,0.22962528467178345
0.4536362290382385,0.0025461066979914904,1.5199999809265137,1,2.8026950359344482,0.05898811016231775,0.000505061587318778,0.06534641981124878,89.3370590209961,0.08660698682069778,1.1924374103546143,28.336050033569336,0.2121439427137375,0.8398047685623169,-3.051757735406113e-09,0.7197975516319275,1.896461844444275,112.39655303955078,0.8224458694458008,1.00100839138031,177.94139099121094,5.584211826324463,1746556236.8054492,10,0,0.8224458694458008,49,1.00100839138031,5837.38720703125,1.0689700841903687,0.8398047685623169,5950.89880738,1.00100839138031,0.8224458694458008,0.012375433929264545,3.87001633644104,23.059478759765625,0,50,0.07154546678066254,0,0.8398047685623169,0.07134217023849487,500,9.274999618530273,0.0007130122976377606,1000000.0,0.19995035231113434
0.5234439969062805,0.0028309219051152468,2.7300000190734863,1,2.657971143722534,-0.02038639783859253,0.0004975651972927153,-0.004387018736451864,89.67916107177734,0.2048846036195755,1.2828484773635864,30.064809799194336,0.2203058898448944,0.8430820107460022,4.577636492086867e-09,0.7166690826416016,-0.24434518814086914,112.4563217163086,0.8245032429695129,1.00032377243042,177.84683227539062,5.791516304016113,1746556349.3303769,10,0,0.8245032429695129,50,1.00032377243042,5949.92041015625,1.0597511529922485,0.8430820107460022,6064.450661736,1.00032377243042,0.8245032429695129,-0.008010963909327984,3.625671148300171,22.77713394165039,0,51,0.008161947131156921,0,0.8430820107460022,0.07763927429914474,500,9.375,0.00022894168796483427,1020000.0,0.20636294782161713
0.781281590461731,0.0062833079136908054,4.260000228881836,1,1.7841053009033203,0.03902085591107607,0.0004323910688981414,-0.06380800902843475,89.80259704589844,0.21237768232822418,1.3652217388153076,31.199365615844727,0.2322143167257309,0.8464276194572449,6.866454960174906e-09,0.7090978622436523,1.0459558963775635,113.48306274414062,0.8265117406845093,1.0000219345092773,176.2377471923828,5.8865742683410645,1746556462.881898,10,0,0.8265117406845093,51,1.0000219345092773,6063.47216796875,1.0481047630310059,0.8464276194572449,6177.157199415,1.0000219345092773,0.8265117406845093,0.031009892001748085,4.671627044677734,23.68044662475586,0,52,0.011908426880836487,0,0.8464276194572449,0.11720672249794006,500,12.5,1.545404848002363e-05,1040000.0,0.2091091424226761
0.41484346985816956,0.0028028241358697414,2.8499999046325684,1,2.6712608337402344,-0.010928310453891754,0.00046249438310042024,0.40593892335891724,89.43991088867188,0.203698992729187,1.1525578498840332,30.33655548095703,0.1625245064496994,0.8497300148010254,7.629394005448376e-09,0.7051969170570374,-0.5107378959655762,112.61122131347656,0.8284304141998291,0.9993428587913513,177.60220336914062,5.604356288909912,1746556575.5881639,10,0,0.8284304141998291,52,0.9993428587913513,6176.15869140625,1.0433344841003418,0.8497300148010254,6290.579316125,0.9993428587913513,0.8284304141998291,0.02008158154785633,4.160889148712158,23.171283721923828,0,53,-0.0696898102760315,0,0.8497300148010254,0.0765337347984314,500,8.850000381469727,0.0004646830493584275,1060000.0,0.20444157719612122
0.7747658491134644,0.004205944947898388,3.630000114440918,1,2.180633544921875,-0.02655481779947877,0.0004285369941499084,0.6402357816696167,90.16790008544922,0.1382628083229065,1.7157644033432007,29.28223419189453,0.2254885733127594,0.8530887365341187,1.2207030941624453e-08,0.6945631504058838,0.16475248336791992,113.32797241210938,0.8302940726280212,1.0001178979873657,176.4789276123047,5.640360355377197,1746556689.0107887,10,0,0.8302940726280212,53,1.0001180171966553,6289.58740234375,1.0277427434921265,0.8530887365341187,6402.970137809,1.0001180171966553,0.8302940726280212,-0.006473236251622438,4.325641632080078,23.160051345825195,0,54,0.06296406686306,0,0.8530887365341187,0.10626246780157089,500,11.975000381469727,8.339457417605445e-05,1080000.0,0.2317194938659668
0.9497464895248413,0.0029573808424174786,4.119999885559082,1,2.600522518157959,-0.11086478782817721,0.00046232715249061584,0.2310064733028412,88.90414428710938,0.175507053732872,1.502539873123169,30.155820846557617,0.2752957344055176,0.8562119007110596,0.0,0.6775770783424377,-1.3186676502227783,112.32451629638672,0.8321251273155212,0.9988090991973877,178.05552673339844,6.001622676849365,1746556801.4017081,10,0,0.8321251273155212,54,0.9988090991973877,6401.994140625,1.0016565322875977,0.8562119007110596,6514.948740657,0.9988090991973877,0.8321251273155212,-0.11733802407979965,3.0069739818573,23.420347213745117,0,55,0.04980716109275818,0,0.8562119007110596,0.08374475687742233,500,2.4000000953674316,0.0008420940139330924,1100000.0,0.21778012812137604
0.6557773351669312,0.0034729649778455496,3.2200000286102295,1,2.3997397422790527,0.02640785276889801,0.00048439379315823317,-0.18679429590702057,88.59166717529297,0.2532969117164612,1.1045178174972534,30.1428279876709,0.20936879515647888,0.8591052889823914,-3.051757735406113e-09,0.6677476763725281,-0.8058381080627441,111.90158081054688,0.833897054195404,1.0015965700149536,178.72848510742188,5.856968402862549,1746556913.380048,10,0,0.833897054195404,55,1.0015966892242432,6513.9619140625,0.9867824912071228,0.8591052889823914,6627.367695858,1.0015966892242432,0.833897054195404,-0.09093017131090164,2.2011358737945557,23.309894561767578,0,56,-0.0659269392490387,0,0.8591052889823914,0.08548016101121902,500,1.875,0.0011289735557511449,1120000.0,0.20513013005256653
0.5037456154823303,0.005769724957644939,0.8899999856948853,1,1.8618173599243164,0.06114112585783005,0.0004908429691568017,-0.07304787635803223,89.12135314941406,0.3158617615699768,1.262497901916504,29.88443374633789,0.2113426774740219,0.8619381189346313,-1.1444091230217168e-09,0.6726841330528259,0.6070194244384766,112.34518432617188,0.8355363607406616,0.9999473094940186,178.0227508544922,5.911664009094238,1746557025.7992299,10,0,0.8355363607406616,56,0.9999473094940186,6626.38916015625,0.9893075823783875,0.8619381189346313,6740.49302054,0.9999473094940186,0.8355363607406616,-0.029789045453071594,2.8081552982330322,23.223812103271484,0,57,0.00197388231754303,0,0.8619381189346313,0.09982866793870926,500,6.675000190734863,3.7257814256008714e-05,1140000.0,0.18586274981498718
0.5796204209327698,0.008237402886152267,2.440000057220459,1,1.5581870079040527,-0.00015428103506565094,0.0004938282654620707,-0.16938617825508118,89.99327850341797,0.31083449721336365,2.141798496246338,31.287885665893555,0.27681809663772583,0.8648983240127563,1.5258788677030566e-09,0.6808897852897644,1.172898769378662,113.05256652832031,0.837108850479126,0.9989306330680847,176.9088592529297,6.1683878898620605,1746557138.924241,10,0,0.837108850479126,57,0.9989306330680847,6739.51025390625,0.9965699315071106,0.8648983240127563,6853.253253865,0.9989306330680847,0.837108850479126,-0.029943326488137245,3.9810540676116943,23.059263229370117,0,58,0.06547541916370392,0,0.8648983240127563,0.11904046684503555,500,12.5,0.0007561987731605768,1160000.0,0.1854873150587082
0.5663706064224243,0.0040652817115187645,3.380000114440918,1,2.21803879737854,-0.06693140976130962,0.0004992582253180444,-0.1730300933122635,89.49444580078125,0.11380097270011902,2.1728427410125732,31.40298080444336,0.20613200962543488,0.8678432703018188,3.814697002724188e-09,0.6823246479034424,-0.25991296768188477,112.67887115478516,0.8386538624763489,1.0016230344772339,177.49557495117188,5.823086738586426,1746557251.6844618,10,0,0.8386538624763489,58,1.0016230344772339,6852.27001953125,0.9938432574272156,0.8678432703018188,6965.539874895,1.0016230344772339,0.8386538624763489,-0.09687473624944687,3.7211410999298096,23.184406280517578,0,59,-0.07068608701229095,0,0.8678432703018188,0.08260427415370941,500,8.225000381469727,0.001147630624473095,1180000.0,0.18321949243545532
0.4525410234928131,0.002616401994600892,2.819999933242798,1,2.7647886276245117,0.0051094889640808105,0.0004859637701883912,0.10283106565475464,88.74213409423828,0.13727667927742004,1.3562376499176025,30.777671813964844,0.1972658634185791,0.8706268668174744,0.0,0.67732173204422,-1.6132807731628418,112.20136260986328,0.8401551842689514,0.9998703002929688,178.25096130371094,5.8340959548950195,1746557363.9710205,10,0,0.8401551842689514,59,0.9998703002929688,6964.55322265625,0.9845218658447266,0.8706268668174744,7078.155117379,0.9998703002929688,0.8401551842689514,-0.09176524728536606,2.1078603267669678,23.45920181274414,0,60,-0.008866146206855774,0,0.8706268668174744,0.06043525040149689,500,3.5,9.171153942588717e-05,1200000.0,0.16709069907665253
0.5601335763931274,0.005399222020059824,0.9399999976158142,1,1.924637794494629,0.013956010341644287,0.0004241433634888381,-0.31175506114959717,89.30628967285156,0.28351891040802,1.8195562362670898,30.82862091064453,0.23798397183418274,0.8733881711959839,0.0,0.6794131398200989,1.1347134113311768,112.53599548339844,0.8415509462356567,1.0009444952011108,177.72091674804688,5.908473968505859,1746557476.5866318,10,0,0.8415509462356567,60,1.0009444952011108,7077.1748046875,0.9899237751960754,0.8733881711959839,7190.488218537,1.0009444952011108,0.8415509462356567,-0.07780923694372177,3.2425737380981445,23.22968292236328,0,61,0.04071810841560364,0,0.8733881711959839,0.08904562890529633,500,7.375,0.0006678870413452387,1220000.0,0.17138057947158813
0.6701655387878418,0.005060096271336079,2.7200000286102295,1,1.9880861043930054,0.018173549324274063,0.00033982013701461256,-0.23818707466125488,89.28799438476562,0.15222635865211487,1.7994238138198853,30.622802734375,0.21800775825977325,0.876142144203186,3.8146971692576415e-10,0.682145893573761,1.029463768005371,112.24612426757812,0.8429145216941833,1.000860571861267,178.17987060546875,5.643345355987549,1746557588.9191487,10,0,0.8429145216941833,61,1.000860571861267,7189.49169921875,0.9957973957061768,0.876142144203186,7303.235555821,1.000860571861267,0.8429145216941833,-0.05963568761944771,4.272037506103516,22.958106994628906,0,62,-0.019976213574409485,0,0.876142144203186,0.140189066529274,500,7.724999904632568,0.0006084881024435163,1240000.0,0.27870795130729675
0.5834511518478394,0.0026066522113978863,2.869999885559082,1,2.7699544429779053,0.01921716332435608,0.00041526640416122973,0.1564614474773407,89.3913803100586,0.11039971560239792,1.523979902267456,30.774423599243164,0.22361627221107483,0.8789097666740417,3.2424924967244806e-09,0.7024884819984436,-1.1635828018188477,112.63761901855469,0.8442549705505371,1.0011405944824219,177.56057739257812,5.941479682922363,1746557701.6662498,10,0,0.8442549705505371,62,1.0011405944824219,7302.228515625,1.0190032720565796,0.8789097666740417,7416.134039693,1.0011405944824219,0.8442549705505371,-0.04041852429509163,3.108454704284668,23.246219635009766,0,63,0.005608513951301575,0,0.8789097666740417,0.07091166079044342,500,8.300000190734863,0.0008064658613875508,1260000.0,0.19642207026481628
0.5893694758415222,0.003209546906873584,2.1700000762939453,1,2.4962751865386963,-0.024534907191991806,0.0005309928674250841,0.09135684370994568,89.33760070800781,0.17285041511058807,1.1589875221252441,29.54425811767578,0.16574439406394958,0.8815611004829407,-4.959106458812812e-09,0.7005813717842102,-1.0802369117736816,112.81192016601562,0.8455497622489929,1.0024710893630981,177.28623962402344,5.451809406280518,1746557814.5652208,10,0,0.8455497622489929,63,1.0024712085723877,7415.15380859375,1.013872742652893,0.8815611004829407,7528.873320103,1.0024712085723877,0.8455497622489929,-0.06495343148708344,2.0282177925109863,23.47429656982422,0,64,-0.057871878147125244,0,0.8815611004829407,0.07170240581035614,500,4.300000190734863,0.0017473520711064339,1280000.0,0.17898894846439362
0.6766868233680725,0.0030980072915554047,1.399999976158142,1,2.5408151149749756,0.01080717146396637,0.00048056559171527624,0.0701010450720787,89.27508544921875,0.19479823112487793,1.3925912380218506,29.293928146362305,0.19115859270095825,0.8841636776924133,1.5258788677030566e-09,0.7063338160514832,1.0086650848388672,112.65179443359375,0.846775472164154,0.9995730519294739,177.53822326660156,5.713239669799805,1746557927.304423,10,0,0.846775472164154,64,0.9995731115341187,7527.88330078125,1.0171180963516235,0.8841636776924133,7641.331952949,0.9995731115341187,0.846775472164154,-0.054146260023117065,3.0368828773498535,23.376684188842773,0,65,0.025414198637008667,0,0.8841636776924133,0.07974966615438461,500,6.0,0.0003019119321834296,1300000.0,0.20262916386127472
0.6057277321815491,0.0020653370302170515,1.059999942779541,1,3.1118485927581787,-0.045561015605926514,0.00045683421194553375,-0.28425902128219604,88.73934936523438,0.14458462595939636,1.1915481090545654,29.391338348388672,0.2149907797574997,0.8865923285484314,-1.5258788677030566e-09,0.7016050815582275,-1.4494929313659668,112.35501861572266,0.8479262590408325,1.0013405084609985,178.00717163085938,6.037489891052246,1746558039.7626467,10,0,0.8479262590408325,65,1.001340627670288,7640.32861328125,1.0058859586715698,0.8865923285484314,7754.303578082,1.001340627670288,0.8479262590408325,-0.09970727562904358,1.5873899459838867,23.615631103515625,0,66,0.023832187056541443,0,0.8865923285484314,0.058020107448101044,500,2.049999952316284,0.0009479668806307018,1320000.0,0.18054978549480438
0.5250093936920166,0.002826020587235689,2.190000057220459,1,2.6602752208709717,0.07985000871121883,0.0004424887301865965,-0.505556583404541,89.96939086914062,0.25516006350517273,1.4874122142791748,31.132957458496094,0.24543173611164093,0.8890957832336426,-2.6702879907247734e-09,0.6941661834716797,1.6383285522460938,112.86808776855469,0.8490512371063232,0.9996971487998962,177.19801330566406,6.070412635803223,1746558152.7345874,10,0,0.8490512371063232,66,0.9996971487998962,7753.30615234375,0.992267906665802,0.8890957832336426,7867.508693831,0.9996971487998962,0.8490512371063232,-0.019857266917824745,3.2257184982299805,22.8986759185791,0,67,0.030440956354141235,0,0.8890957832336426,0.07130585610866547,500,9.0,0.00021416218078229576,1340000.0,0.18969319760799408
0.5095494389533997,0.0038902664091438055,3.180000066757202,1,2.2673823833465576,-0.009558496996760368,0.000446980819106102,-0.19845516979694366,89.849853515625,0.3921414613723755,1.547423005104065,31.7861385345459,0.25811663269996643,0.8916909694671631,4.1961669694501325e-09,0.6892392039299011,0.24411940574645996,113.10031127929688,0.8501903414726257,0.9998567700386047,176.83416748046875,6.097382068634033,1746558265.9394581,10,0,0.8501903414726257,67,0.9998568296432495,7866.5029296875,0.9804975986480713,0.8916909694671631,7980.280973666,0.9998568296432495,0.8501903414726257,-0.029415763914585114,3.4698379039764404,23.250442504882812,0,68,0.0126848965883255,0,0.8916909694671631,0.07936383783817291,500,9.649999618530273,0.0001012929278658703,1360000.0,0.17994816601276398
0.3813067078590393,0.002531477715820074,3.309999942779541,1,2.810781478881836,-0.03796231746673584,0.0004896104801446199,0.03533355891704559,89.07194519042969,0.1632610410451889,1.0551139116287231,31.480371475219727,0.2367360144853592,0.8941799402236938,-3.814697002724188e-09,0.6894071698188782,-1.4745701551437378,112.48126983642578,0.8513479232788086,1.0015867948532104,177.80738830566406,6.0340142250061035,1746558378.7116413,10,0,0.8513479232788086,68,1.0015867948532104,7979.095703125,0.9784901738166809,0.8941799402236938,8093.354855566,1.0015867948532104,0.8513479232788086,-0.06737808138132095,1.9952677488327026,23.40929412841797,0,69,-0.02138061821460724,0,0.8941799402236938,0.058551277965307236,500,4.0,0.00112200528383255,1380000.0,0.16457484662532806
0.2676296830177307,0.004438887350261211,2.5899999141693115,1,2.122645378112793,0.07939762715250254,0.00047614212962798774,0.2123728096485138,89.84664154052734,0.33413827419281006,0.9517567157745361,31.155595779418945,0.19344688951969147,0.8967313766479492,3.433227480087453e-09,0.6868381500244141,0.7298380136489868,112.96289825439453,0.8524957895278931,0.9998496174812317,177.04928588867188,5.964849472045898,1746558491.7857792,10,0,0.8524957895278931,69,0.9998496770858765,8092.35498046875,0.9782450199127197,0.8967313766479492,8206.830535426,0.9998496770858765,0.8524957895278931,0.012019545771181583,2.7251057624816895,23.11623191833496,0,70,-0.043289124965667725,0,0.8967313766479492,0.07819689065217972,500,8.625,0.00010629437019815668,1400000.0,0.16598425805568695
0.30818116664886475,0.005571951158344746,2.490000009536743,1,1.894571304321289,0.03898495342582464,0.0004971457528881729,0.7920006513595581,90.47057342529297,0.26810041069984436,1.6125552654266357,31.438148498535156,0.25631245970726013,0.8995658159255981,-5.340575981449547e-09,0.6854202151298523,2.022507667541504,113.38432312011719,0.8536316156387329,0.9990395903587341,176.3912353515625,6.396731376647949,1746558605.2615838,10,0,0.8536316156387329,70,0.9990395903587341,8205.841796875,0.9808092713356018,0.8995658159255981,8320.728519635,0.9990395903587341,0.8536316156387329,0.051004499197006226,4.747613430023193,22.913726806640625,0,71,0.06286557018756866,0,0.8995658159255981,0.09306549280881882,500,15.149999618530273,0.0006791261839680374,1420000.0,0.1763192117214203
0.5409748554229736,0.003988198004662991,2.6500000953674316,1,2.2393712997436523,-0.0023260973393917084,0.0004757952119689435,0.52437824010849,90.57093048095703,0.1564527153968811,1.6633472442626953,32.2150764465332,0.23373204469680786,0.9026541709899902,-3.051757735406113e-09,0.6941096186637878,-0.5003647804260254,113.82284545898438,0.8547632694244385,1.0002793073654175,175.71165466308594,6.408089637756348,1746558719.1601188,10,0,0.8547632694244385,71,1.0002793073654175,8319.7529296875,0.9987313151359558,0.9026541709899902,8433.82022948,1.0002793073654175,0.8547632694244385,0.04867840185761452,4.247248649597168,23.251893997192383,0,72,-0.02258041501045227,0,0.9026541709899902,0.07087798416614532,500,14.975000381469727,0.00019747203623410314,1440000.0,0.1587221324443817
0.37539854645729065,0.002662221435457468,2.5999999046325684,1,2.7408931255340576,-0.08739354461431503,0.00048173393588513136,0.09327858686447144,89.5640869140625,0.11617809534072876,1.2645214796066284,32.5950813293457,0.2418954223394394,0.9056804180145264,-8.01086397217432e-09,0.6897807121276855,-1.250648021697998,113.0198745727539,0.8558898568153381,0.999950110912323,176.96002197265625,6.321879863739014,1746558832.2514496,10,0,0.8558898568153381,72,0.999950110912323,8432.8388671875,0.9953420162200928,0.9056804180145264,8546.543017255,0.999950110912323,0.8558898568153381,-0.038715142756700516,2.99660062789917,23.45577049255371,0,73,0.00816337764263153,0,0.9056804180145264,0.06658871471881866,500,6.5,3.526286673150025e-05,1460000.0,0.1825125515460968
0.2799094319343567,0.0028027044609189034,1.8200000524520874,1,2.6713178157806396,0.033660811837762594,0.00041073455940932035,-0.17636483907699585,89.47628021240234,0.1435079127550125,1.1635136604309082,31.953201293945312,0.25417613983154297,0.9086903929710388,-6.103515470812226e-09,0.6957245469093323,-0.06921744346618652,112.62301635742188,0.8569819927215576,1.0005229711532593,177.58360290527344,6.385822772979736,1746558944.9743335,10,0,0.8569819927215576,73,1.0005229711532593,8545.541015625,1.0060739517211914,0.9086903929710388,8659.180310992,1.0005229711532593,0.8569819927215576,-0.0050543309189379215,2.9273831844329834,23.146713256835938,0,74,0.012280717492103577,0,0.9086903929710388,0.07222352176904678,500,7.599999904632568,0.000369712186511606,1480000.0,0.19293197989463806
0.1391063779592514,0.00336882914416492,1.8600000143051147,1,2.4365475177764893,-0.0020596436224877834,0.0004060423234477639,0.11411002278327942,89.30149841308594,0.20869997143745422,0.8535133600234985,30.753358840942383,0.2336806207895279,0.9115899205207825,-3.051757735406113e-09,0.706628143787384,-0.5338666439056396,112.55989837646484,0.8580449223518372,1.000151515007019,177.6831817626953,6.292971134185791,1746559057.6117244,10,0,0.8580449223518372,74,1.000151515007019,8658.1982421875,1.0261778831481934,0.9115899205207825,8772.53068792,1.000151515007019,0.8580449223518372,-0.007113974541425705,2.3935165405273438,23.25837516784668,0,75,-0.020495519042015076,0,0.9115899205207825,0.08355338871479034,500,4.849999904632568,0.00010710919741541147,1500000.0,0.2035817950963974
0.24771830439567566,0.0048613655380904675,3.1500000953674316,1,2.0283150672912598,0.04592831805348396,0.00047475274186581373,-0.05913081020116806,89.80858612060547,0.26182395219802856,1.080248236656189,29.613998413085938,0.18855910003185272,0.9145790934562683,-1.3160705414350105e-08,0.7133216857910156,1.5422337055206299,113.27339172363281,0.8591328263282776,0.9992160797119141,176.56396484375,5.844691276550293,1746559170.9622612,10,0,0.8591328263282776,75,0.9992160797119141,8771.5546875,1.038852572441101,0.9145790934562683,8885.951682102,0.9992160797119141,0.8591328263282776,0.03881434351205826,3.9357502460479736,23.46478843688965,0,76,-0.04512152075767517,0,0.9145790934562683,0.10436702519655228,500,10.149999618530273,0.0005543153383769095,1520000.0,0.21168920397758484
0.5609288811683655,0.006095444783568382,5.0,1,1.8113899230957031,0.022304344922304153,0.00048673784476704895,-0.3672683537006378,90.51840209960938,0.14898735284805298,1.6356428861618042,29.2778263092041,0.23402105271816254,0.9178757071495056,7.629394338515283e-10,0.704973042011261,1.074324369430542,113.32892608642578,0.8603178858757019,0.9974209666252136,176.47744750976562,5.934152603149414,1746559284.3825324,10,0,0.8603178858757019,76,0.9974209666252136,8884.9501953125,1.0262876749038696,0.9178757071495056,8999.792938549,0.9974209666252136,0.8603178858757019,0.06111868843436241,5.010074615478516,22.810501098632812,0,77,0.045461952686309814,0,0.9178757071495056,0.11173993349075317,500,16.399999618530273,0.001823666039854288,1540000.0,0.20240458846092224
0.5975117087364197,0.005805674474686384,4.949999809265137,1,1.856044054031372,-0.0078611820936203,0.0004511297447606921,-0.2571890950202942,90.58149719238281,0.20573340356349945,1.955985188484192,31.175722122192383,0.3321261405944824,0.9215047955513,-6.103515470812226e-09,0.69258052110672,-0.49807024002075195,113.74159240722656,0.8615902662277222,1.0011987686157227,175.83717346191406,6.43649435043335,1746559398.223958,10,0,0.8615902662277222,77,1.0011987686157227,8998.796875,1.0097306966781616,0.9215047955513,9111.938292648,1.0011987686157227,0.8615902662277222,0.05325750634074211,4.512004375457764,23.160079956054688,0,78,0.09810508787631989,0,0.9215047955513,0.10077470541000366,500,17.799999237060547,0.0008476012153550982,1560000.0,0.18704229593276978
0.20320065319538116,0.003574843518435955,4.829999923706055,1,2.36529803276062,-0.1133909747004509,0.00043658181675709784,-0.29216042160987854,89.05349731445312,0.2602933347225189,1.3929015398025513,31.913890838623047,0.22173039615154266,0.9249416589736938,0.0,0.6921954154968262,-2.0961809158325195,112.0243911743164,0.8629380464553833,1.0009450912475586,178.5325469970703,5.7467193603515625,1746559510.3690732,10,0,0.8629380464553833,78,1.0009450912475586,9110.9189453125,1.0130544900894165,0.9249416589736938,9225.559102012,1.0009450912475586,0.8629380464553833,-0.060133468359708786,2.415823459625244,22.970870971679688,0,79,-0.11039574444293976,0,0.9249416589736938,0.0714782252907753,500,4.099999904632568,0.0006682242383249104,1580000.0,0.16906729340553284
0.21935829520225525,0.004297922365367413,1.6100000143051147,1,2.1571741104125977,0.04487208556383848,0.0004810251120943576,-0.02456400915980339,90.44527435302734,0.1849355548620224,1.5955694913864136,31.57707977294922,0.26557719707489014,0.9284390807151794,4.00543198608716e-09,0.6816678047180176,0.6836931705474854,113.52000427246094,0.8642244338989258,0.9989964365959167,176.18040466308594,6.319921970367432,1746559623.9901257,10,0,0.8642244338989258,79,0.9989964365959167,9224.5654296875,0.9964017868041992,0.9284390807151794,9338.522716913,0.9989964365959167,0.8642244338989258,-0.015261382795870304,3.0995166301727295,23.074703216552734,0,80,0.04384680092334747,0,0.9284390807151794,0.08109155297279358,500,10.5,0.0007096124463714659,1600000.0,0.17492860555648804
0.2545250356197357,0.004351568873971701,1.840000033378601,1,2.14383602142334,-0.03598573338240385,0.00046894780825823545,-0.41344329714775085,89.59192657470703,0.17406119406223297,1.7617554664611816,32.368263244628906,0.29243797063827515,0.9319190382957458,-7.629394338515283e-10,0.6681192517280579,-0.1510608196258545,112.86675262451172,0.865464985370636,1.0006580352783203,177.20010375976562,6.596620082855225,1746559736.95428,10,0,0.865464985370636,80,1.0006580352783203,9337.53515625,0.9806874394416809,0.9319190382957458,9451.354024331,1.0006580352783203,0.865464985370636,-0.051247116178274155,2.948455810546875,23.274812698364258,0,81,0.02686077356338501,0,0.9319190382957458,0.09054560214281082,500,8.475000381469727,0.0004652450152207166,1620000.0,0.19411492347717285
0.3062828481197357,0.005714213941246271,2.059999942779541,1,1.8708387613296509,0.01079845055937767,0.0004391227848827839,-0.01578225940465927,89.46979522705078,0.15767796337604523,1.2940205335617065,32.02738952636719,0.22565780580043793,0.9353275895118713,7.247924482811641e-09,0.6608787775039673,-0.5768990516662598,112.75564575195312,0.866673469543457,0.9987323880195618,177.3747100830078,6.370848655700684,1746559849.7851622,10,0,0.866673469543457,81,0.9987324476242065,9450.369140625,0.9745526313781738,0.9353275895118713,9563.751515659,0.9987324476242065,0.866673469543457,-0.040448665618896484,2.3715567588806152,23.28582763671875,0,82,-0.06678016483783722,0,0.9353275895118713,0.08715631067752838,500,6.925000190734863,0.0008963229483924806,1640000.0,0.1630554050207138
0.0695604607462883,0.0025270136538892984,1.149999976158142,1,2.813262939453125,0.03220662381500006,0.0004964580875821412,-0.30083778500556946,89.06683349609375,0.17384202778339386,0.6963886022567749,30.692983627319336,0.16761773824691772,0.9385852813720703,-4.577636492086867e-09,0.6631461977958679,-0.5913604497909546,112.30278015136719,0.8678156137466431,1.0006837844848633,178.08998107910156,5.926137447357178,1746559962.182379,10,0,0.8678156137466431,82,1.0006837844848633,9562.755859375,0.9757153391838074,0.9385852813720703,9676.98675742,1.0006837844848633,0.8678156137466431,-0.008242041803896427,1.7801963090896606,23.23590660095215,0,83,-0.0580400675535202,0,0.9385852813720703,0.06807641685009003,500,4.574999809265137,0.000483564828755334,1660000.0,0.19151687622070312
0.1414521187543869,0.004030346870422363,1.2599999904632568,1,2.227631092071533,0.05482459161430597,0.00041345387580804527,0.2917870879173279,90.11214447021484,0.20303018391132355,0.9047810435295105,29.653425216674805,0.18730659782886505,0.9419395923614502,7.629394338515283e-10,0.6720080971717834,1.3748737573623657,113.12462615966797,0.8689025044441223,0.999643087387085,176.79617309570312,6.144614219665527,1746560075.4177177,10,0,0.8689025044441223,83,0.999643087387085,9675.98046875,0.9850654602050781,0.9419395923614502,9790.554974306,0.999643087387085,0.8689025044441223,0.046582549810409546,3.1550700664520264,23.0124568939209,0,84,0.019688859581947327,0,0.9419395923614502,0.0948529914021492,500,10.774999618530273,0.00025237532099708915,1680000.0,0.21129746735095978
0.2853773832321167,0.006373661104589701,1.6100000143051147,1,1.7714143991470337,-0.03949855454266071,0.00046718664816580713,0.4299303889274597,89.96401977539062,0.3407343327999115,1.5919630527496338,30.64316177368164,0.20933783054351807,0.9454280138015747,0.0,0.6831212043762207,0.6680185794830322,113.39855194091797,0.8699543476104736,0.9999120831489563,176.3690948486328,6.459737300872803,1746560188.9856493,10,0,0.8699543476104736,84,0.9999121427536011,9789.48828125,0.9990721344947815,0.9454280138015747,9903.66165035,0.9999121427536011,0.8699543476104736,0.007083995267748833,3.8230886459350586,23.434511184692383,0,85,0.022031232714653015,0,0.9454280138015747,0.09116407483816147,500,11.949999809265137,6.21525541646406e-05,1700000.0,0.1614893525838852
0.11679333448410034,0.0030343467369675636,1.6799999475479126,1,2.5673298835754395,0.0239526629447937,0.0004326736379880458,0.22322654724121094,89.55599975585938,0.30409160256385803,0.8783897757530212,30.733919143676758,0.17794831097126007,0.9489104151725769,-7.629394005448376e-09,0.6812347769737244,-1.1368074417114258,112.97899627685547,0.8709776997566223,1.0002838373184204,177.02406311035156,6.282530307769775,1746560302.092355,10,0,0.8709776997566223,85,1.00028395652771,9902.642578125,0.9925051331520081,0.9489104151725769,10016.880877983,1.00028395652771,0.8709776997566223,0.031036658212542534,2.686281204223633,23.422969818115234,0,86,-0.031389519572257996,0,0.9489104151725769,0.08502165228128433,500,8.524999618530273,0.00020067520381417125,1720000.0,0.21827861666679382
0.2816307246685028,0.006925426423549652,2.740000009536743,1,1.6993836164474487,0.006339700892567635,0.00045311113353818655,0.05897708982229233,90.28593444824219,0.19362272322177887,1.6805765628814697,31.2917537689209,0.2582586705684662,0.9526351690292358,-3.814697002724188e-09,0.6758315563201904,1.449638843536377,113.11656188964844,0.8720206618309021,0.9986888766288757,176.80877685546875,6.465435028076172,1746560415.311855,10,0,0.8720206618309021,86,0.9986888766288757,10015.88671875,0.9832337498664856,0.9526351690292358,10129.161171178,0.9986888766288757,0.8720206618309021,0.03737635910511017,4.13592004776001,22.830604553222656,0,87,0.08031035959720612,0,0.9526351690292358,0.11265724897384644,500,14.975000381469727,0.0009270901209674776,1740000.0,0.19144786894321442
0.1881309151649475,0.0029571237973868847,2.180000066757202,1,2.600635528564453,-0.05259336531162262,0.00048326406977139413,-0.004420148208737373,88.9801025390625,0.10778943449258804,0.7200823426246643,31.603008270263672,0.21369996666908264,0.956199586391449,3.051757735406113e-09,0.6658218502998352,-1.885300874710083,112.18745422363281,0.8730580806732178,0.9995750784873962,178.27305603027344,6.427180290222168,1746560527.59276,10,0,0.8730580806732178,87,0.9995750784873962,10128.169921875,0.9733114242553711,0.956199586391449,10241.529886298,0.9995750784873962,0.8730580806732178,-0.015217006206512451,2.2506191730499268,23.20732879638672,0,88,-0.044558703899383545,0,0.956199586391449,0.07570338249206543,500,5.0,0.00030047891777940094,1760000.0,0.1968769133090973
0.1828400194644928,0.0033474802039563656,1.059999942779541,1,2.4443047046661377,-0.003975771367549896,0.0005005854181945324,-0.02997078187763691,89.0115737915039,0.2510499656200409,0.7287873029708862,30.39362335205078,0.2078181952238083,0.9596081972122192,1.831054596834747e-08,0.6592501997947693,-0.15177679061889648,112.28903198242188,0.874042809009552,0.9994690418243408,178.11178588867188,6.128481388092041,1746560639.9608786,10,0,0.874042809009552,88,0.9994690418243408,10240.5400390625,0.9590535163879395,0.9596081972122192,10354.360137025,0.9994690418243408,0.874042809009552,-0.019192777574062347,2.0988423824310303,23.277433395385742,0,89,-0.005881771445274353,0,0.9596081972122192,0.06619158387184143,500,4.699999809265137,0.0003754440986085683,1780000.0,0.16179239749908447
0.26491284370422363,0.003518992103636265,1.0399999618530273,1,2.3839943408966064,0.07516160979866982,0.00044919378706254065,0.5009979009628296,89.73492431640625,0.1949579268693924,0.8031964302062988,31.322446823120117,0.22655628621578217,0.9631009697914124,-1.3351439953623867e-09,0.6529240012168884,0.8268804550170898,112.72386932373047,0.8749791979789734,0.9994673728942871,177.42471313476562,6.373076438903809,1746560752.7912693,10,0,0.8749791979789734,89,0.9994673728942871,10353.3564453125,0.9477015137672424,0.9631009697914124,10466.708852359,0.9994673728942871,0.8749791979789734,0.05596883222460747,2.92572283744812,22.988924026489258,0,90,0.018738090991973877,0,0.9631009697914124,0.08114217221736908,500,10.475000381469727,0.00037659614463336766,1800000.0,0.1934424638748169
0.12797130644321442,0.0029028402641415596,1.0299999713897705,1,2.6248390674591064,-0.06889215018600225,0.0005553807714022696,-0.07538958638906479,89.1607437133789,0.1973210573196411,0.675003707408905,31.45819854736328,0.2205020785331726,0.9664307832717896,-6.103515470812226e-09,0.6357924938201904,-0.739875316619873,112.2573471069336,0.8758715987205505,1.001265525817871,178.1620635986328,6.393770217895508,1746560865.1398828,10,0,0.8758715987205505,90,1.001265525817871,10465.716796875,0.9222360253334045,0.9664307832717896,10578.858131862,1.001265525817871,0.8758715987205505,-0.012923317961394787,2.185847520828247,23.096580505371094,0,91,-0.006054207682609558,0,0.9664307832717896,0.059048984199762344,500,4.300000190734863,0.0008948057075031102,1820000.0,0.15499407052993774
0.15080371499061584,0.002664899453520775,0.7599999904632568,1,2.739515542984009,-0.010358638130128384,0.00042560926522128284,0.16963320970535278,88.8383560180664,0.20996883511543274,0.5424329042434692,31.70895004272461,0.19346553087234497,0.9695892930030823,1.5258788677030566e-09,0.636168897151947,-0.693792462348938,112.06111907958984,0.8767126202583313,0.9981271624565125,178.47402954101562,6.298600196838379,1746560977.2892408,10,0,0.8767126202583313,91,0.9981271624565125,10577.87109375,0.9217665791511536,0.9695892930030823,10691.307949908,0.9981271624565125,0.8767126202583313,-0.02328195609152317,1.492055058479309,23.222745895385742,0,92,-0.027036547660827637,0,0.9695892930030823,0.06738641858100891,500,3.674999952316284,0.0013242820277810097,1840000.0,0.18460613489151
0.11550689488649368,0.0035701075103133917,0.9900000095367432,1,2.36686635017395,0.06067495606839657,0.00045023238635621965,-0.07251286506652832,89.37434387207031,0.30599159002304077,0.5405460000038147,32.051002502441406,0.22367385029792786,0.9727505445480347,7.629394005448376e-09,0.649226725101471,1.4133943319320679,112.36915588378906,0.8775173425674438,1.000227451324463,177.9847869873047,6.438477039337158,1746561089.7393653,10,0,0.8775173425674438,92,1.000227451324463,10690.3271484375,0.9422316551208496,0.9727505445480347,10806.559936688,1.000227451324463,0.8775173425674438,0.0373929999768734,2.905449390411377,22.99479103088379,0,93,0.030208319425582886,0,0.9727505445480347,0.07611453533172607,500,7.650000095367432,0.00016083238006103784,1860000.0,0.18015293776988983
0.19380617141723633,0.005615835078060627,4.239999771118164,1,1.887154459953308,0.16784285381436348,0.00044535944471135736,-0.11701847612857819,91.85896301269531,0.40646353363990784,1.705496072769165,32.075660705566406,0.19817887246608734,0.9766409993171692,-1.1444091230217168e-09,0.6510652899742126,5.434027194976807,115.1209716796875,0.8784331679344177,0.9986295700073242,173.7303009033203,6.263072490692139,1746561204.9905586,10,0,0.8784331679344177,93,0.9986295700073242,10805.5224609375,0.9451213479042053,0.9766409993171692,10920.283192024,0.9986295700073242,0.8784331679344177,0.20523585379123688,8.339476585388184,23.26197052001953,0,94,-0.025494977831840515,0,0.9766409993171692,0.11165579408407211,500,25.924999237060547,0.0009690683800727129,1880000.0,0.21071171760559082
0.3097339868545532,0.01572181098163128,4.820000171661377,1,1.1278817653656006,-0.17954034358263016,0.00046007134369574487,0.12405289709568024,90.41686248779297,0.3583003580570221,1.3140511512756348,31.153860092163086,0.19732703268527985,0.9806292057037354,-2.6702879907247734e-09,0.6481068730354309,-4.37149977684021,113.40778350830078,0.8794763088226318,1.0010180473327637,176.354736328125,5.817370891571045,1746561318.7138937,10,0,0.8794763088226318,94,1.0010180473327637,10919.078125,0.9412240386009216,0.9806292057037354,11033.445141235,1.0010180473327637,0.8794763088226318,0.02569551020860672,3.9679768085479736,22.990886688232422,0,95,-0.0008518397808074951,0,0.9806292057037354,0.1622714251279831,500,11.699999809265137,0.0007198681123554707,1900000.0,0.18302299082279205
-0.07187437266111374,0.002339252969250083,5.110000133514404,1,2.92398738861084,0.006207957863807678,0.00047288727364502847,-0.11151134967803955,89.64725494384766,0.15335704386234283,0.6969494223594666,30.861845016479492,0.17636516690254211,0.9845245480537415,2.2888182460434336e-09,0.6485310196876526,-0.901831865310669,113.0570297241211,0.8806487917900085,1.0003389120101929,176.90187072753906,6.112300395965576,1746561431.876174,10,0,0.8806487917900085,95,1.0003389120101929,11032.44921875,0.9421215653419495,0.9845245480537415,11146.156270076,1.0003389120101929,0.8806487917900085,0.0319034680724144,3.0661449432373047,23.409751892089844,0,96,-0.020961865782737732,0,0.9845245480537415,0.06946078687906265,500,7.125,0.00023967507877387106,1920000.0,0.20310243964195251
0.005220850929617882,0.0034736611414700747,1.149999976158142,1,2.3994994163513184,-0.031041877868119627,0.0004481783544179052,0.2892005741596222,89.11708068847656,0.2582079768180847,0.587527871131897,29.401811599731445,0.13959577679634094,0.9882403612136841,-3.051757735406113e-09,0.6572677493095398,-0.3146209716796875,112.58753204345703,0.8817614316940308,0.9996635913848877,177.63955688476562,5.803972244262695,1746561544.5869598,10,0,0.8817614316940308,96,0.9996635913848877,11145.134765625,0.9501191973686218,0.9882403612136841,11259.921742306,0.9996635913848877,0.8817614316940308,0.000861590204294771,2.751523971557617,23.470430374145508,0,97,-0.03676939010620117,0,0.9882403612136841,0.0752197653055191,500,4.724999904632568,0.0002378768112976104,1940000.0,0.18048977851867676
0.27267593145370483,0.004957281984388828,1.8899999856948853,1,2.008596897125244,0.06475098669761792,0.0004667999455705285,1.0908788442611694,90.36642456054688,0.08431220054626465,1.3883566856384277,30.1303653717041,0.1897660791873932,0.9922154545783997,3.051757735406113e-09,0.6566267609596252,1.4556050300598145,113.678955078125,0.882853627204895,0.9999378323554993,175.93405151367188,6.037472724914551,1746561658.3531005,10,0,0.882853627204895,97,0.999937891960144,11258.943359375,0.9464704990386963,0.9922154545783997,11372.697931143,0.999937891960144,0.882853627204895,0.06561257690191269,4.207129001617432,23.312503814697266,0,98,0.050170302391052246,0,0.9922154545783997,0.10330630838871002,500,15.100000381469727,4.3917058064835146e-05,1960000.0,0.20750071108341217
0.0700962245464325,0.005138621665537357,2.6500000953674316,1,1.972837209701538,-0.08041684329509735,0.0004479330964386463,-0.2575947642326355,89.18682861328125,0.18617074191570282,1.0881824493408203,31.12749481201172,0.216831237077713,0.9960907697677612,0.0,0.6534149050712585,-1.5500640869140625,112.5429458618164,0.8839622735977173,1.0002126693725586,177.70994567871094,6.1523966789245605,1746561771.128766,10,0,0.8839622735977173,98,1.0002126693725586,11371.5595703125,0.9385473728179932,0.9960907697677612,11485.977647206,1.0002126693725586,0.8839622735977173,-0.014804266393184662,2.657064914703369,23.356088638305664,0,99,0.027065157890319824,0,0.9960907697677612,0.09245650470256805,500,6.824999809265137,0.00015043617167975754,1980000.0,0.182401642203331
0.07596440613269806,0.0029571037739515305,2.890000104904175,1,2.60064435005188,-0.01676659658551216,0.0004772745305672288,0.5302331447601318,89.68568420410156,0.19620391726493835,1.4597324132919312,31.679882049560547,0.21965089440345764,0.9999477863311768,6.103515470812226e-09,0.6560903191566467,0.9677729606628418,113.17868041992188,0.885097324848175,0.9984785914421082,176.71173095703125,6.304956912994385,1746561884.408744,10,0,0.885097324848175,99,0.9984785914421082,11484.9833984375,0.940451443195343,0.9999477863311768,11486.28198925,0.9984785914421082,0.885097324848175,-0.03157086297869682,3.624837875366211,23.49297523498535,0,100,0.002819657325744629,0,0.9999477863311768,0.06767063587903976,500,8.550000190734863,0.0010757842101156712,2000000.0,0.17598725855350494
