Misc/FinalStepNorm,Metrics/EpCost,Misc/xHx,Time/Epoch,_step,Train/PolicyStd,Train/PolicyRatio/Std,Misc/AcceptanceStep,Safety/ShieldLagrangeMultiplier/Min,Value/Adv,Train/PolicyRatio,Time/Update,Misc/H_inv_g,Loss/Loss_cost_critic,Metrics/LagrangeMultiplier/Max,Misc/Alpha,Time/Total,Loss/Loss_pi,Misc/gradient_norm,Metrics/EpRet,Safety/shield_violation,Train/Epoch,Train/Entropy,Train/PolicyRatio/Min,Loss/Loss_reward_critic/Delta,Safety/ShieldLagrangeMultiplier/Max,Value/cost,Loss/Loss_reward_critic,Loss/Loss_cost_critic/Delta,Train/PolicyRatio/Max,Safety/EpCostShield,Safety/ShieldLagrangeMultiplier,Value/reward,Time/Rollout,_timestamp,Metrics/LagrangeMultiplier/Min,TotalEnvSteps,Loss/Loss_pi/Delta,Safety/ShieldLagrangeMultiplier/Std,Metrics/EpLen,Train/LR,Train/KL,Metrics/LagrangeMultiplier/Std,Metrics/LagrangeMultiplier,Train/StopIter,Safety/shield_adv_c,_runtime,Time/FPS
0.31235265731811523,121.3499984741211,0.0045311544090509415,135.90464782714844,1,0.985722541809082,8.131533104460686e-05,1,0.044999994337558746,-3.433227480087453e-09,1.0001150369644165,16.037031173706055,0.14867402613162994,67.00324249267578,0.035999998450279236,2.1009228229522705,135.90548706054688,0.08946197479963303,0.05394802242517471,-0.8597114682197571,0.06354907155036926,0,1.404492735862732,1.000115156173706,0.016454048454761505,0.044999994337558746,0.057568103075027466,0.016454048454761505,67.00324249267578,1.000115156173706,155.5749969482422,0.044999994337558746,-0.05086970701813698,119.86759948730469,1746571026.6765163,0.035999998450279236,20000.0,0.08946197479963303,0,500,0,0.0003027773927897215,0,0.035999998450279236,10,2.5504419803619385,262.875556149,147.16200256347656
0.3150305151939392,137.28750610351562,0.006962545681744814,126.06885528564453,2,0.9794899821281433,0.00019418458396103233,1,0.08004158735275269,6.103515470812226e-09,0.999725341796875,15.987140655517578,0.18587541580200195,47.207374572753906,0.07104595750570297,1.694847583770752,262.0337219238281,0.1806526631116867,0.06516555696725845,-0.2658805549144745,5.552879810333252,1,1.3982023000717163,0.999725341796875,-0.009312491863965988,0.08004158735275269,4.219255447387695,0.007141556590795517,-19.795867919921875,0.999725341796875,166.4250030517578,0.08004158735275269,-0.06245409697294235,110.08167266845703,1746571152.8033,0.07104595750570297,40000.0,0.09119068831205368,0,500,0,0.0002765293465927243,0,0.07104595750570297,10,6.450281143188477,383.885411051,158.6434783935547
0.29758432507514954,122.16999816894531,0.01125139370560646,120.95333862304688,3,0.9778109192848206,0.0003306279832031578,1,0.11384865641593933,5.817413217812373e-09,0.9995324015617371,16.328481674194336,0.2232021540403366,51.561954498291016,0.10599036514759064,1.3332501649856567,383.0454406738281,0.07500320672988892,0.09613564610481262,0.03266573324799538,7.164315700531006,2,1.3964943885803223,0.9995324015617371,0.0017196666449308395,0.11384865641593933,5.437240123748779,0.008861223235726357,4.354579925537109,0.9995324015617371,100.42500305175781,0.11384865641593933,-0.04020668938755989,104.62483978271484,1746571273.8132262,0.10599036514759064,60000.0,-0.10564945638179779,0,500,0,0.000364636565791443,0,0.10599036514759064,10,0.16535043716430664,507.578596224,165.35302734375
0.2975074350833893,116.81999969482422,0.013835790567100048,123.63314056396484,4,0.9665417671203613,0.00018940794689115137,1,0.14812475442886353,-9.155272984173735e-09,0.9997321963310242,15.989227294921875,0.2474486082792282,77.03636169433594,0.14081041514873505,1.202299952507019,506.73370361328125,0.1886664628982544,0.11066719889640808,0.8070204257965088,13.633177757263184,3,1.3848668336868286,0.9997321963310242,0.0056243762373924255,0.14812475442886353,11.132505416870117,0.014485599473118782,25.474407196044922,0.9997321963310242,157.22500610351562,0.14812475442886353,-0.023569326847791672,107.64387512207031,1746571397.506334,0.14081041514873505,80000.0,0.11366325616836548,0,500,0,0.000372057082131505,0,0.14081041514873505,10,1.8049633502960205,629.737382239,161.76893615722656
0.2995048761367798,99.97000122070312,0.010231835767626762,122.09892272949219,5,0.9589921832084656,0.0003100322210229933,1,0.18170265853405,-9.918212917625624e-09,1.0004383325576782,16.035266876220703,0.21422289311885834,58.55308532714844,0.17523586750030518,1.3980993032455444,628.8939819335938,0.07575728744268417,0.07291055470705032,1.4361660480499268,10.61573314666748,4,1.3770326375961304,1.0004384517669678,0.0030106082558631897,0.18170265853405,7.700512409210205,0.017496207728981972,-18.4832763671875,1.0004384517669678,100.0999984741211,0.18170265853405,0.037993501871824265,106.06363677978516,1746571519.6652484,0.17523586750030518,100000.0,-0.11290917545557022,0,500,0,0.00036908977199345827,0,0.17523586750030518,10,1.4459829330444336,753.681037196,163.80162048339844
0.30099931359291077,106.0999984741211,0.010699078440666199,123.88577270507812,6,0.950421154499054,0.0002230973041150719,1,0.21531854569911957,-1.3732909920349812e-08,0.9996845126152039,16.363428115844727,0.22015264630317688,73.34565734863281,0.20954835414886475,1.3672300577163696,752.83837890625,0.14679282903671265,0.12553374469280243,2.281440258026123,13.03297233581543,5,1.3680416345596313,0.9996845126152039,0.010539349168539047,0.21531854569911957,9.650280952453613,0.02803555689752102,14.792572021484375,0.9996845126152039,121.875,0.21531854569911957,0.16270512342453003,107.52233123779297,1746571643.608853,0.20954835414886475,120000.0,0.07103554159402847,0,500,0,0.0003527869994286448,0,0.20954835414886475,10,-0.8815200328826904,877.469748948,161.4390411376953
0.2977884113788605,87.33000183105469,0.021584071218967438,123.7253646850586,7,0.9540508389472961,0.0003621819196268916,1,0.24888290464878082,2.2888182460434336e-09,1.0005121231079102,16.009475708007812,0.3093567490577698,91.5983657836914,0.24336525797843933,0.9626052379608154,876.6213989257812,0.12252118438482285,0.14462772011756897,3.0552403926849365,13.739632606506348,6,1.3718093633651733,1.0005121231079102,0.010422294959425926,0.24888290464878082,9.887380599975586,0.038457851856946945,18.252708435058594,1.0005121231079102,116.7249984741211,0.24888290464878082,0.21491003036499023,107.71585845947266,1746571767.397234,0.24336525797843933,140000.0,-0.0242716446518898,0,500,0,0.00032115759677253664,0,0.24336525797843933,10,2.9076879024505615,997.735867987,161.64834594726562
0.29380857944488525,82.5999984741211,0.016946114599704742,120.19434356689453,8,0.9508218765258789,0.0008402957464568317,1,0.2812398076057434,1.2588500908350397e-08,1.0011882781982422,16.361845016479492,0.27044856548309326,56.226802825927734,0.27670562267303467,1.086375117301941,996.8841552734375,0.022111469879746437,0.15674233436584473,3.9767351150512695,8.960369110107422,7,1.3684611320495605,1.0011882781982422,0.014846935868263245,0.2812398076057434,5.789024353027344,0.05330478772521019,-35.37156295776367,1.0011882781982422,68.6500015258789,0.2812398076057434,0.3733865022659302,103.83248901367188,1746571887.6634939,0.27670562267303467,160000.0,-0.10040971450507641,0,500,0,0.0003700520028360188,0,0.27670562267303467,10,1.705811858177185,1113.374241419,166.3971710205078
0.29208430647850037,48.56999969482422,0.01140578556805849,115.57315063476562,9,0.9507020115852356,0.00021393739734776318,1,0.3115033209323883,2.403259280470138e-08,0.9996974468231201,16.26721954345703,0.22057487070560455,34.831390380859375,0.3085821270942688,1.3241957426071167,1112.5281982421875,-0.08348595350980759,0.11373644322156906,4.484814643859863,6.340790748596191,8,1.368356704711914,0.9996974468231201,0.01502358540892601,0.3115033209323883,2.8236172199249268,0.0683283731341362,-21.39541244506836,0.9996974468231201,35.42499923706055,0.3115033209323883,0.5062063336372375,99.30590057373047,1746572003.3020732,0.3085821270942688,180000.0,-0.10559742338955402,0,500,0,0.0003509573871269822,0,0.3085821270942688,10,-0.2602308690547943,1227.354562581,173.0505828857422
0.2830836772918701,25.15999984741211,0.017912205308675766,113.90525817871094,10,0.9493663907051086,0.0005512245697900653,1,0.3397592008113861,-4.577636492086867e-09,1.0007795095443726,16.04568862915039,0.26790109276771545,24.212663650512695,0.3382886052131653,1.0566723346710205,1226.49560546875,-0.09344836324453354,0.1573711484670639,5.118048191070557,5.5094122886657715,9,1.366958498954773,1.0007795095443726,-0.00023052841424942017,0.3397592008113861,2.1280930042266846,0.06809784471988678,-10.61872673034668,1.0007795095443726,28.399999618530273,0.3397592008113861,0.5597369074821472,97.85954284667969,1746572117.2821095,0.3382886052131653,200000.0,-0.009962409734725952,0,500,0,0.0003710209275595844,0,0.3382886052131653,10,0.03586471080780029,1340.680789721,175.5845184326172
0.2868167459964752,15.949999809265137,0.009735140949487686,113.23861694335938,11,0.9466807246208191,5.186878115637228e-05,1,0.36619359254837036,0.0,1.0000734329223633,16.2927188873291,0.20010635256767273,15.255874633789062,0.36572688817977905,1.4333215951919556,1339.8123779296875,-0.08510502427816391,0.11710093915462494,4.82990837097168,5.18149471282959,10,1.364140510559082,1.0000734329223633,-0.035783443599939346,0.36619359254837036,1.866760492324829,0.032314401119947433,-8.956789016723633,1.0000734329223633,25.225000381469727,0.36619359254837036,0.4784187376499176,96.94587707519531,1746572230.6080115,0.36572688817977905,220000.0,0.008343338966369629,0,500,0,0.0003420525463297963,0,0.36572688817977905,10,-0.30910390615463257,1452.756312041,176.61819458007812
0.2890932261943817,10.59000015258789,0.007752595469355583,111.9928207397461,12,0.932147204875946,0.0014002867974340916,1,0.3906049132347107,-1.831054596834747e-08,1.0019803047180176,15.996421813964844,0.17998933792114258,7.5508036613464355,0.39094698429107666,1.6061686277389526,1451.901123046875,-0.10945311933755875,0.13172286748886108,4.314574718475342,3.3617820739746094,11,1.3486005067825317,1.0019803047180176,0.005461420863866806,0.3906049132347107,0.9421432614326477,0.03777582198381424,-7.705070972442627,1.0019803047180176,14.25,0.3906049132347107,0.648924708366394,95.99636840820312,1746572342.6838744,0.39094698429107666,240000.0,-0.024348095059394836,0,500,0,0.0003625772369559854,0,0.39094698429107666,10,-0.24474821984767914,1565.139298308,178.5828857421875
0.29376447200775146,8.229999542236328,0.006660954561084509,112.32249450683594,13,0.9157276153564453,0.0012571561383083463,1,0.4131196439266205,1.5258788677030566e-09,1.00177800655365,16.073619842529297,0.16953244805335999,6.363330364227295,0.41411352157592773,1.7327920198440552,1564.29736328125,-0.10655418038368225,0.12211943417787552,5.126914024353027,2.7449328899383545,12,1.3307973146438599,1.00177800655365,0.0020379796624183655,0.4131196439266205,0.9706791043281555,0.039813801646232605,-1.1874732971191406,1.00177800655365,11.149999618530273,0.4131196439266205,0.7383195161819458,96.24885559082031,1746572455.0671585,0.41411352157592773,260000.0,0.0028989389538764954,0,500,0,0.00032075116178020835,0,0.41411352157592773,10,-0.48918578028678894,1680.028693042,178.05873107910156
0.23392635583877563,3.740000009536743,0.013146959245204926,114.81912231445312,14,0.89691162109375,0.0008428807486779988,1,0.4344932734966278,2.9754637864698452e-08,1.0011920928955078,16.291873931884766,0.18966053426265717,11.588438987731934,0.4352410137653351,1.233394980430603,1679.1737060546875,-0.04634904861450195,0.18820321559906006,6.221766471862793,3.5542523860931396,13,1.30996835231781,1.0011920928955078,0.018916644155979156,0.4344932734966278,1.1883494853973389,0.05873044580221176,5.225108623504639,1.0011920928955078,23.075000762939453,0.4344932734966278,0.8807653188705444,98.52723693847656,1746572569.9564695,0.4352410137653351,280000.0,0.0602051317691803,0,500,0,0.000410106178605929,0,0.4352410137653351,10,-0.49170416593551636,1793.437930224,174.18701171875
0.26985931396484375,8.1899995803833,0.008233343251049519,113.34883117675781,15,0.8723377585411072,0.0012487830827012658,1,0.4544093906879425,6.866454960174906e-09,1.0017660856246948,16.325408935546875,0.1731453388929367,3.555384874343872,0.4547945559024811,1.5585709810256958,1792.5927734375,-0.08627519756555557,0.160207137465477,6.59138298034668,2.8110640048980713,14,1.2821632623672485,1.0017660856246948,-0.011279888451099396,0.4544093906879425,0.5301061868667603,0.047450557351112366,-8.033054113388062,1.0017660856246948,12.5,0.4544093906879425,0.9221175909042358,97.02340698242188,1746572683.3657691,0.4547945559024811,300000.0,-0.03992614895105362,0,500,0,0.0003763265849556774,0,0.4547945559024811,10,-0.4041815400123596,1909.682622857,176.4464569091797
0.240820974111557,12.979999542236328,0.023177819326519966,116.1802978515625,16,0.855587899684906,0.0014644062612205744,1,0.4737696945667267,2.4414061883248905e-08,0.997929036617279,16.393333435058594,0.25924816727638245,9.009001731872559,0.4732016921043396,0.9289206266403198,1908.833740234375,0.02616284228861332,0.2584207355976105,7.53999137878418,3.266162395477295,15,1.2629162073135376,0.997929036617279,0.027120210230350494,0.4737696945667267,1.0645544528961182,0.07457076758146286,5.4536168575286865,0.997929036617279,29.149999618530273,0.4737696945667267,1.0368372201919556,99.78694152832031,1746572799.610395,0.4732016921043396,320000.0,0.11243803985416889,0,500,0,0.00040711197652854025,0,0.4732016921043396,10,0.7197915315628052,2021.509680859,172.14622497558594
0.27276793122291565,8.989999771118164,0.007639565505087376,111.7257308959961,17,0.831104576587677,0.000840576714836061,1,0.49162614345550537,4.577636492086867e-09,1.0011887550354004,16.328947067260742,0.16858266294002533,4.3840203285217285,0.49038535356521606,1.618006944656372,2020.62353515625,-0.10626530647277832,0.13955479860305786,7.579571723937988,1.912858009338379,16,1.2337123155593872,1.0011887550354004,-0.00539465993642807,0.49162614345550537,0.7309082746505737,0.06917610764503479,-4.62498140335083,1.0011887550354004,6.199999809265137,0.49162614345550537,1.023845911026001,95.39676666259766,1746572911.436782,0.49038535356521606,340000.0,-0.13242814876139164,0,500,0,0.0003733248158823699,0,0.49038535356521606,10,-0.21919797360897064,2133.057759652,179.00979614257812
0.2759851813316345,6.239999771118164,0.007602374535053968,111.48082733154297,18,0.816641628742218,0.0014305764343589544,1,0.5080868005752563,2.1743773004345712e-08,1.0020231008529663,15.941912651062012,0.1701553761959076,3.7779300212860107,0.5063304901123047,1.6219598054885864,2132.215087890625,-0.10787022113800049,0.17996430397033691,8.017233848571777,1.7768774032592773,17,1.2160242795944214,1.0020231008529663,-0.00023549795150756836,0.5080868005752563,0.7896862030029297,0.06894060969352722,-0.6060903072357178,1.0020231008529663,5.150000095367432,0.5080868005752563,1.2569669485092163,95.53887939453125,1746573022.9855216,0.5063304901123047,360000.0,-0.001604914665222168,0,500,0,0.00035523937549442053,0,0.5063304901123047,10,-0.1518753468990326,2245.361685504,179.40304565429688
0.28424322605133057,1.940000057220459,0.005393156781792641,112.15495300292969,19,0.8083212375640869,0.000263277324847877,1,0.5233176946640015,-7.247924482811641e-09,0.9996276497840881,15.996200561523438,0.14760363101959229,3.2805325984954834,0.5209295153617859,1.9257197380065918,2244.4287109375,-0.05845125392079353,0.10693610459566116,7.916560173034668,1.107358455657959,18,1.2057076692581177,0.9996277093887329,0.0007242709398269653,0.5233176946640015,0.4327622950077057,0.06966488063335419,-0.49739742279052734,0.9996277093887329,5.650000095367432,0.5233176946640015,1.2301828861236572,96.15872955322266,1746573135.2887366,0.5209295153617859,380000.0,0.049418967217206955,0,500,0,0.00033072775113396347,0,0.5209295153617859,10,0.05999942123889923,2356.375661907,178.32472229003906
0.27538755536079407,1.9900000095367432,0.0052650743164122105,110.94244384765625,20,0.8057765960693359,0.001467440859414637,1,0.5372878313064575,0.0,1.0020751953125,16.264352798461914,0.14129666984081268,2.1643519401550293,0.5343173146247864,1.9490022659301758,2355.53076171875,-0.08074165135622025,0.16361114382743835,8.668296813964844,0.8671504855155945,19,1.202303409576416,1.0020751953125,0.010835155844688416,0.5372878313064575,0.4348464012145996,0.0805000364780426,-1.116180658340454,1.0020751953125,2.450000047683716,0.5372878313064575,1.3851470947265625,94.6780776977539,1746573246.3035786,0.5343173146247864,400000.0,-0.022290397435426712,0,500,0,0.0002958538243547082,0,0.5343173146247864,10,-0.21719485521316528,2467.563772796,180.27365112304688
0.27132681012153625,2.359999895095825,0.005998497828841209,111.1277847290039,21,0.8060864806175232,0.0014372075675055385,1,0.550237774848938,-1.5258788677030566e-09,1.0020326375961304,16.00995635986328,0.14859333634376526,2.1723530292510986,0.5466318130493164,1.825968861579895,2466.718505859375,-0.053320784121751785,0.12921708822250366,8.164114952087402,0.7950118184089661,20,1.2022291421890259,1.0020326375961304,-0.02038159966468811,0.550237774848938,0.4044913649559021,0.06011843681335449,0.008001089096069336,1.0020326375961304,4.875,0.550237774848938,1.3135837316513062,95.11780548095703,1746573357.4915118,0.5466318130493164,420000.0,0.02742086723446846,0,500,0,0.0003298068477306515,0,0.5466318130493164,10,-0.1345960646867752,2579.915475204,179.97299194335938
0.28413113951683044,2.380000114440918,0.005415689665824175,112.2918930053711,22,0.8071569800376892,0.0001981463865377009,1,0.5625467896461487,-4.577636492086867e-09,1.0002802610397339,16.175369262695312,0.1478533297777176,3.7021851539611816,0.5579769611358643,1.921709418296814,2579.07080078125,-0.01986764557659626,0.16199982166290283,7.681096076965332,1.1188154220581055,21,1.2035577297210693,1.0002802610397339,0.011203058063983917,0.5625467896461487,0.5836204886436462,0.07132149487733841,1.529832124710083,1.0002802610397339,10.574999809265137,0.5625467896461487,1.4303029775619507,96.11650848388672,1746573469.8433118,0.5579769611358643,440000.0,0.033453138545155525,0,500,0,0.0003051401872653514,0,0.5579769611358643,10,0.5469292998313904,2692.007548019,178.1072540283203
0.2978021502494812,3.5399999618530273,0.005484255030751228,112.02971649169922,23,0.8004867434501648,0.0009594870498403907,1,0.5742462873458862,-2.6702879907247734e-09,1.0013569593429565,16.009319305419922,0.15594521164894104,4.29709529876709,0.5685114860534668,1.9096587896347046,2691.16015625,-0.055410075932741165,0.0900898426771164,8.965603828430176,1.6639175415039062,22,1.1952458620071411,1.0013569593429565,0.033557623624801636,0.5742462873458862,0.6111084818840027,0.10487911850214005,0.5949101448059082,1.0013569593429565,9.850000381469727,0.5742462873458862,1.5756410360336304,96.02037048339844,1746573581.935333,0.5685114860534668,460000.0,-0.035542430356144905,0,500,0,0.0003310403844807297,0,0.5685114860534668,10,0.42204174399375916,2803.13989758,178.52406311035156
0.25729307532310486,1.899999976158142,0.004832166712731123,111.0748519897461,24,0.7896726727485657,0.0006949734524823725,1,0.5849777460098267,7.629394338515283e-10,1.0009828805923462,16.266033172607422,0.12646912038326263,1.4559084177017212,0.5782169103622437,2.0344340801239014,2802.298095703125,-0.11147003620862961,0.13316696882247925,9.455732345581055,1.1048520803451538,23,1.1806081533432007,1.0009829998016357,-0.01881042867898941,0.5849777460098267,0.5148475766181946,0.08606868982315063,-2.8411868810653687,1.0009829998016357,1.5,0.5849777460098267,1.5971888303756714,94.80880737304688,1746573693.06778,0.5782169103622437,480000.0,-0.05605996027588844,0,500,0,0.00035887505509890616,0,0.5782169103622437,10,-0.128357395529747,2915.142986721,180.0587615966797
0.266849547624588,0.5600000023841858,0.0065660253167152405,111.93124389648438,25,0.7827418446540833,0.0010455227456986904,1,0.5952140092849731,-1.3732909920349812e-08,1.0014785528182983,15.992868423461914,0.15289844572544098,2.2972517013549805,0.587090790271759,1.7452731132507324,2914.286376953125,-0.02914411760866642,0.09340203553438187,9.473211288452148,1.0959950685501099,24,1.1707031726837158,1.0014785528182983,0.0027812570333480835,0.5952140092849731,0.4847133159637451,0.08884994685649872,0.8413432836532593,1.0014785528182983,9.0,0.5952140092849731,1.6779776811599731,95.93834686279297,1746573805.070748,0.587090790271759,500000.0,0.08232591859996319,0,500,0,0.00035819123149849474,0,0.587090790271759,10,0.43163228034973145,3027.096559636,178.68112182617188
0.28015995025634766,1.0399999618530273,0.005524736363440752,111.8740234375,26,0.776233971118927,0.0005801092484034598,1,0.6048886775970459,-1.5258788677030566e-09,1.000820517539978,16.015724182128906,0.14724726974964142,2.7431366443634033,0.5952374339103699,1.9026496410369873,3026.23291015625,-0.035046905279159546,0.09411244094371796,9.608681678771973,0.8987060785293579,25,1.1622556447982788,1.000820517539978,-0.011990495026111603,0.6048886775970459,0.2934170067310333,0.07685945183038712,0.44588494300842285,1.000820517539978,6.724999904632568,0.6048886775970459,1.7343027591705322,95.85828399658203,1746573917.0237913,0.5952374339103699,520000.0,-0.005902787670493126,0,500,0,0.00032203111913986504,0,0.5952374339103699,10,-0.16841569542884827,3140.261460238,178.77252197265625
0.30326753854751587,3.869999885559082,0.011259700171649456,113.10311889648438,27,0.7712398171424866,0.00015493185492232442,1,0.6146818399429321,-4.577636492086867e-09,1.0002189874649048,16.32701301574707,0.22754880785942078,7.120152473449707,0.6028946042060852,1.3327583074569702,3139.421630859375,0.05943876504898071,0.13784611225128174,10.227316856384277,1.3091456890106201,26,1.1559134721755981,1.0002191066741943,0.04057756066322327,0.6146818399429321,0.3365289270877838,0.11743701249361038,4.377015829086304,1.0002191066741943,18.774999618530273,0.6146818399429321,1.8218532800674438,96.77609252929688,1746574030.1893184,0.6028946042060852,540000.0,0.09448567032814026,0,500,0,0.00029042898677289486,0,0.6028946042060852,10,-0.1485425978899002,3252.060789328,176.8297882080078
0.25556647777557373,4.090000152587891,0.006209815852344036,111.73246765136719,28,0.7596080899238586,0.0011372343869879842,1,0.6241114139556885,5.7220459481754915e-09,1.0016082525253296,15.979437828063965,0.14240610599517822,3.9226627349853516,0.610122561454773,1.7946314811706543,3251.21240234375,-0.02613816410303116,0.19293932616710663,10.356158256530762,1.08536696434021,27,1.1407965421676636,1.0016082525253296,-0.025841906666755676,0.6241114139556885,0.4202411472797394,0.0915951058268547,-3.1974897384643555,1.0016082525253296,9.550000190734863,0.6241114139556885,1.771109938621521,95.75301361083984,1746574141.9886246,0.610122561454773,560000.0,-0.08557692915201187,0,500,0,0.00040701081161387265,0,0.610122561454773,10,0.068316251039505,3363.936530499,178.99900817871094
0.2509232461452484,3.190000057220459,0.004581973887979984,111.79826354980469,29,0.7461447715759277,0.00035723671317100525,1,0.6329575777053833,-3.051757735406113e-09,1.0005050897598267,16.308292388916016,0.12010268121957779,2.5400071144104004,0.6169067621231079,2.0892393589019775,3363.073974609375,-0.053402721881866455,0.10778525471687317,9.383634567260742,0.7256717681884766,28,1.1229945421218872,1.0005052089691162,-0.017703846096992493,0.6329575777053833,0.27868759632110596,0.07389125972986221,-1.3826556205749512,1.0005052089691162,4.724999904632568,0.6329575777053833,1.6796875,95.48995971679688,1746574253.864207,0.6169067621231079,580000.0,-0.027264557778835297,0,500,0,0.00039705412928014994,0,0.6169067621231079,10,0.11036308109760284,3475.394278104,178.89364624023438
0.26595085859298706,0.8899999856948853,0.00461956299841404,111.38587188720703,30,0.7381699085235596,0.0006186033133417368,1,0.6412453055381775,3.051757735406113e-09,1.0008748769760132,15.969592094421387,0.12781661748886108,1.5432426929473877,0.6231440901756287,2.0807220935821533,3474.54150390625,-0.03691881150007248,0.17048253118991852,8.576913833618164,0.45130062103271484,29,1.1115678548812866,1.0008748769760132,-0.020861301571130753,0.6412453055381775,0.16355068981647491,0.05302995815873146,-0.9967644214630127,1.0008748769760132,4.175000190734863,0.6412453055381775,1.6717230081558228,95.41624450683594,1746574365.3220303,0.6231440901756287,600000.0,0.016483910381793976,0,500,0,0.0003742414410226047,0,0.6231440901756287,10,-0.08920358121395111,3589.02369309,179.5559844970703
0.2822152376174927,1.690000057220459,0.00821609329432249,113.56818389892578,31,0.7380428314208984,5.678585876012221e-05,1,0.6495434641838074,-8.01086397217432e-09,0.9999197125434875,16.179893493652344,0.1808832734823227,4.28692102432251,0.6289346814155579,1.560206413269043,3588.177978515625,0.03568701446056366,0.15017303824424744,8.556992530822754,1.1416749954223633,30,1.1105051040649414,0.9999197721481323,0.02371552214026451,0.6495434641838074,0.10345342010259628,0.07674548029899597,2.743678331375122,0.9999197721481323,13.600000381469727,0.6495434641838074,1.6733503341674805,97.38827514648438,1746574478.9515822,0.6289346814155579,620000.0,0.07260582596063614,0,500,0,0.0003287701983936131,0,0.6289346814155579,10,0.24363119900226593,3701.720382301,176.1056671142578
0.26771411299705505,2.069999933242798,0.006870434153825045,112.6182632446289,32,0.7371332049369812,0.0014178199926391244,1,0.6574410796165466,7.629394005448376e-09,1.0020051002502441,16.238996505737305,0.15690931677818298,3.3441269397735596,0.6343438029289246,1.7061710357666016,3700.859619140625,-0.06147914007306099,0.14532384276390076,9.551718711853027,1.1174427270889282,31,1.108471393585205,1.0020051002502441,0.015608653426170349,0.6574410796165466,0.23740734159946442,0.09235413372516632,-0.9427940845489502,1.0020051002502441,6.050000190734863,0.6574410796165466,1.8330949544906616,96.3792495727539,1746574591.6481698,0.6343438029289246,640000.0,-0.09716615453362465,0,500,0,0.00035730667877942324,0,0.6343438029289246,10,-0.3823642134666443,3815.520301857,177.59109497070312
0.26755908131599426,4.71999979019165,0.01330627966672182,113.69277954101562,33,0.7412320971488953,0.0008759801276028156,1,0.6657386422157288,3.051757735406113e-09,0.9987611770629883,15.910928726196289,0.218239426612854,5.522853851318359,0.6395796537399292,1.225988745689392,3814.628662109375,0.10275568813085556,0.22307924926280975,10.419594764709473,1.3884804248809814,32,1.1143981218338013,0.9987611770629883,0.009581111371517181,0.6657386422157288,0.1312883049249649,0.1019352450966835,2.1787269115448,0.9987611770629883,19.674999237060547,0.6657386422157288,1.9122651815414429,97.7818374633789,1746574705.4474852,0.6395796537399292,660000.0,0.16423482820391655,0,500,0,0.00035009460407309234,0,0.6395796537399292,10,0.7095421552658081,3927.060707325,175.91265869140625
0.2679048180580139,3.809999942779541,0.007326938211917877,111.4659423828125,34,0.7433580756187439,0.001643895753659308,1,0.6734224557876587,4.1961669694501325e-09,1.0023247003555298,15.975297927856445,0.16215378046035767,1.6812080144882202,0.6446008086204529,1.6521650552749634,3926.21240234375,-0.09468135237693787,0.11068731546401978,10.87945556640625,0.8752771615982056,33,1.1174765825271606,1.0023248195648193,-0.005743972957134247,0.6734224557876587,0.057258397340774536,0.09619127213954926,-3.841645836830139,1.0023248195648193,2.200000047683716,0.6734224557876587,1.9665228128433228,95.49061584472656,1746574816.9882948,0.6446008086204529,680000.0,-0.19743704050779343,0,500,0,0.00034109398256987333,0,0.6446008086204529,10,-0.19351717829704285,4040.015654603,179.427001953125
0.2792855501174927,1.4500000476837158,0.007374148815870285,112.84954071044922,35,0.7459063529968262,0.00012674962636083364,1,0.681006133556366,-4.1961669694501325e-09,0.9998207092285156,16.295873641967773,0.16958588361740112,3.246276617050171,0.6492710709571838,1.6468678712844849,4039.130126953125,0.009293610230088234,0.15219183266162872,10.516618728637695,0.9465242028236389,34,1.120649814605713,0.9998207092285156,-0.0009244680404663086,0.681006133556366,0.06001823768019676,0.09526680409908295,1.5650686025619507,0.9998207092285156,10.149999618530273,0.681006133556366,1.9851187467575073,96.55364990234375,1746574929.9427686,0.6492710709571838,700000.0,0.1039749626070261,0,500,0,0.00032746733631938696,0,0.6492710709571838,10,0.06760558485984802,4151.400397867,177.2271270751953
0.2734117805957794,1.5299999713897705,0.005880401004105806,111.31324005126953,36,0.7461843490600586,0.00010873886640183628,1,0.6880791783332825,4.577636492086867e-09,0.9998462200164795,16.27609634399414,0.14825387299060822,1.7098307609558105,0.6536278128623962,1.8442133665084839,4150.55615234375,-0.05585451424121857,0.20627720654010773,10.355974197387695,0.6959397196769714,35,1.1213290691375732,0.9998462200164795,-0.00522739440202713,0.6880791783332825,0.030904358252882957,0.09003940969705582,-1.5364458560943604,0.9998462200164795,2.8499999046325684,0.6880791783332825,1.9389660358428955,95.03712463378906,1746575041.3282049,0.6536278128623962,720000.0,-0.0651481244713068,0,500,0,0.0003723747795447707,0,0.6536278128623962,10,-0.12632986903190613,4263.205107732,179.6731414794922
0.26213914155960083,1.1699999570846558,0.007177611347287893,111.74080657958984,37,0.738788366317749,0.00017032946925610304,1,0.6948789954185486,-7.247924482811641e-09,1.0002409219741821,16.052810668945312,0.1570388674736023,2.325361967086792,0.6576750874519348,1.6692628860473633,4262.3564453125,-0.02275846153497696,0.12707571685314178,9.761736869812012,0.5464852452278137,36,1.112061619758606,1.0002410411834717,-0.0029529929161071777,0.6948789954185486,0.027182169258594513,0.08708641678094864,0.6155312061309814,1.0002410411834717,6.074999809265137,0.6948789954185486,1.9998400211334229,95.68798065185547,1746575153.1327412,0.6576750874519348,740000.0,0.03309605270624161,0,500,0,0.0003727834264282137,0,0.6576750874519348,10,-0.10759113729000092,4375.218418728,178.9856414794922
0.2725234627723694,1.6200000047683716,0.005081829149276018,111.93558502197266,38,0.7295169234275818,0.0004466160899028182,1,0.7014020085334778,-3.051757735406113e-09,0.9993683695793152,16.25133514404297,0.13737235963344574,2.407125234603882,0.6614722609519958,1.983830451965332,4374.35986328125,-0.013927360065281391,0.12840212881565094,10.034326553344727,0.3630492091178894,37,1.0999226570129395,0.9993683695793152,-0.009290598332881927,0.7014020085334778,0.04597385227680206,0.07779581844806671,0.08176326751708984,0.9993683695793152,5.550000190734863,0.7014020085334778,1.9432158470153809,95.68421936035156,1746575265.145966,0.6614722609519958,760000.0,0.008831101469695568,0,500,0,0.0003271687019150704,0,0.6614722609519958,10,-0.04306674748659134,4488.753805637,178.6741943359375
0.2552536129951477,1.409999966621399,0.00994353462010622,113.46598815917969,39,0.7217977643013,0.00038263716851361096,1,0.7080915570259094,4.577636492086867e-09,1.000541090965271,16.28573989868164,0.17998136579990387,4.34052848815918,0.6650277972221375,1.4182225465774536,4487.90380859375,0.056070368736982346,0.20467914640903473,10.7315092086792,0.6446700692176819,38,1.089673399925232,1.000541090965271,0.010539613664150238,0.7080915570259094,0.035324033349752426,0.08833543211221695,1.9334032535552979,1.000541090965271,12.449999809265137,0.7080915570259094,2.0549306869506836,97.18022918701172,1746575378.681401,0.6650277972221375,780000.0,0.06999772880226374,0,500,0,0.0003621205978561193,0,0.6650277972221375,10,-0.13496682047843933,4600.457236172,176.2642822265625
0.27561306953430176,1.25,0.006008880212903023,111.63809204101562,40,0.7161493897438049,0.0005588952917605639,1,0.7143991589546204,-8.392333938900265e-09,0.9992095828056335,15.990582466125488,0.15107129514217377,1.2585924863815308,0.6683526635169983,1.8243907690048218,4599.61083984375,0.006960100959986448,0.18723082542419434,10.24233627319336,0.3835795521736145,39,1.0817943811416626,0.9992095828056335,-0.028120528906583786,0.7143991589546204,-0.09251854568719864,0.06021490320563316,-3.081936001777649,0.9992095828056335,3.575000047683716,0.7143991589546204,1.7880828380584717,95.64749145507812,1746575490.3849337,0.6683526635169983,800000.0,-0.0491102677769959,0,500,0,0.0003608542028814554,0,0.6683526635169983,10,0.03726597875356674,4713.26437329,179.15032958984375
0.25445446372032166,1.0299999713897705,0.008950288407504559,112.61152648925781,41,0.7119083404541016,0.00042028838652186096,1,0.7206432223320007,1.1444091896350983e-08,1.0005944967269897,16.28307342529297,0.1702212691307068,2.02357816696167,0.6714524030685425,1.4948452711105347,4712.28759765625,-0.00023850984871387482,0.26189368963241577,10.553110122680664,0.5826163291931152,40,1.0763040781021118,1.0005944967269897,0.02490219846367836,0.7206432223320007,-0.05514178425073624,0.08511710166931152,0.7649856805801392,1.0005944967269897,8.149999618530273,0.7206432223320007,1.9218575954437256,96.32843780517578,1746575603.191552,0.6714524030685425,820000.0,-0.007198610808700323,0,500,0,0.00037927611265331507,0,0.6714524030685425,10,0.13711342215538025,4826.561775319,177.60171508789062
0.25519466400146484,0.5299999713897705,0.0073812054470181465,113.21663665771484,42,0.7194643020629883,0.00031534270965494215,1,0.7271076440811157,1.907348501362094e-09,0.9995539784431458,16.207170486450195,0.1550316959619522,1.4300159215927124,0.6743113398551941,1.646080493927002,4825.70849609375,0.041230544447898865,0.1571849137544632,9.721278190612793,0.66259765625,41,1.087514042854309,0.9995540380477905,-0.009871058166027069,0.7271076440811157,-0.04404241219162941,0.07524604350328445,-0.5935622453689575,0.9995540380477905,12.550000190734863,0.7271076440811157,1.9136176109313965,97.00944519042969,1746575716.4894414,0.6743113398551941,840000.0,0.04146905429661274,0,500,0,0.0003468490904197097,0,0.6743113398551941,10,0.4397590160369873,4938.093068648,176.65249633789062
0.24417871236801147,0.9300000071525574,0.007730643264949322,111.47012329101562,43,0.7234019637107849,0.0005672403494827449,1,0.733393132686615,-1.7166136956348055e-08,1.0008021593093872,15.951892852783203,0.1518101692199707,2.110872268676758,0.6769806146621704,1.608447551727295,4937.2509765625,-0.044472355395555496,0.23339717090129852,10.677424430847168,0.8917589783668518,42,1.0930496454238892,1.0008022785186768,0.052620165050029755,0.733393132686615,0.05102202296257019,0.1278662085533142,0.6808563470840454,1.0008022785186768,6.400000095367432,0.733393132686615,2.2307286262512207,95.51820373535156,1746575828.0208843,0.6769806146621704,860000.0,-0.08570289984345436,0,500,0,0.0003829273919109255,0,0.6769806146621704,10,-0.03855142742395401,5049.064944199,179.4202880859375
0.26092806458473206,0.699999988079071,0.006322156637907028,110.8842544555664,44,0.7232978940010071,0.0024848657194525003,1,0.7391490936279297,9.155272984173735e-09,1.0035141706466675,16.242841720581055,0.14670291543006897,0.8980094194412231,0.6794605851173401,1.7786153554916382,5048.19287109375,-0.1033501997590065,0.16696803271770477,10.988062858581543,0.7563059329986572,43,1.0928726196289062,1.0035141706466675,-0.026711493730545044,0.7391490936279297,0.23966123163700104,0.10115471482276917,-1.2128628492355347,1.0035141706466675,0.6000000238418579,0.7391490936279297,2.022965908050537,94.64140319824219,1746575938.992191,0.6794605851173401,880000.0,-0.058877844363451004,0,500,0,0.000345099251717329,0,0.6794605851173401,10,-0.056037724018096924,5160.518712347,180.36825561523438
0.2659928500652313,0.2800000011920929,0.005301672033965588,111.3846435546875,45,0.7199246287345886,0.0002484978176653385,1,0.7446731925010681,4.577636492086867e-09,1.0003514289855957,16.000261306762695,0.13694992661476135,1.3270173072814941,0.6817371249198914,1.9422634840011597,5159.67626953125,-0.028948068618774414,0.10528358817100525,11.41876220703125,0.673984169960022,44,1.0881445407867432,1.0003514289855957,0.009442083537578583,0.7446731925010681,0.09679431468248367,0.11059679836034775,0.429007887840271,1.0003514289855957,4.474999904632568,0.7446731925010681,2.1452465057373047,95.38434600830078,1746576050.4464865,0.6817371249198914,900000.0,0.07440213114023209,0,500,0,0.00034999323543161154,0,0.6817371249198914,10,-0.0023538097739219666,5274.702286971,179.55796813964844
0.24553576111793518,5.460000038146973,0.010998186655342579,114.1220703125,46,0.7206270098686218,0.00025467935483902693,1,0.750886082649231,0.0,0.9996398091316223,16.320232391357422,0.1820792555809021,3.6077866554260254,0.6842204332351685,1.3485102653503418,5273.85693359375,0.12695349752902985,0.12449745088815689,10.776714324951172,0.7052661180496216,45,1.0893337726593018,0.9996398687362671,-0.02558702975511551,0.750886082649231,0.06666580587625504,0.08500976860523224,2.2807693481445312,0.9996398687362671,18.325000762939453,0.750886082649231,1.9350695610046387,97.80182647705078,1746576164.6301124,0.6842204332351685,920000.0,0.15590156614780426,0,500,0,0.0003862911544274539,0,0.6842204332351685,10,0.8272601366043091,5388.761707458,175.2509307861328
0.26821327209472656,8.390000343322754,0.014572357758879662,113.9992446899414,47,0.7206204533576965,0.0007168898009695113,1,0.7580515742301941,9.53674295089968e-09,0.9989861845970154,16.28836441040039,0.2289445698261261,8.75915241241455,0.6871191263198853,1.1715205907821655,5387.9169921875,0.12794820964336395,0.16230708360671997,11.106636047363281,1.273061752319336,46,1.0896888971328735,0.9989861845970154,0.014116145670413971,0.7580515742301941,0.1685274839401245,0.09912591427564621,5.151365756988525,0.9989861845970154,23.225000381469727,0.7580515742301941,2.061276912689209,97.71086120605469,1746576278.6895595,0.6871191263198853,940000.0,0.0009947121143341064,0,500,0,0.00036758146598003805,0,0.6871191263198853,10,0.08722199499607086,5502.09165926,175.43975830078125
0.2599448263645172,7.139999866485596,0.020628899335861206,112.75360107421875,48,0.7165709137916565,0.0002846598217729479,1,0.765633225440979,-3.051757735406113e-09,0.9995973706245422,15.981581687927246,0.2640002369880676,8.198712348937988,0.6903050541877747,0.9846386313438416,5500.73046875,0.044504787772893906,0.2278967797756195,10.818991661071777,1.4107110500335693,47,1.0838394165039062,0.999597430229187,-0.0033723115921020508,0.765633225440979,0.22518056631088257,0.09575360268354416,-0.5604400634765625,0.999597430229187,16.174999237060547,0.765633225440979,2.1459462642669678,96.77198028564453,1746576392.0186987,0.6903050541877747,960000.0,-0.08344342187047005,0,500,0,0.00039222181658260524,0,0.6903050541877747,10,0.332472026348114,5614.216821697,177.37794494628906
0.25622493028640747,6.010000228881836,0.007790716364979744,112.02698516845703,49,0.7125089764595032,0.0004953097668476403,1,0.7729260921478271,-4.577636492086867e-09,1.0007004737854004,16.001846313476562,0.15991725027561188,3.9285852909088135,0.6936690807342529,1.6022343635559082,5613.3466796875,-0.040885329246520996,0.10779106616973877,10.584150314331055,0.9118436574935913,48,1.0781201124191284,1.0007004737854004,-0.021893277764320374,0.7729260921478271,0.434954971075058,0.07386032491922379,-4.270127058029175,1.0007004737854004,6.0,0.7729260921478271,1.9657175540924072,96.0251235961914,1746576504.1441023,0.6936690807342529,980000.0,-0.0853901170194149,0,500,0,0.0003731971955858171,0,0.6936690807342529,10,-0.2182469367980957,5726.243405272,178.52841186523438
0.24465730786323547,2.0399999618530273,0.009855778887867928,111.95823669433594,50,0.7086809277534485,0.0007621835684403777,1,0.7800822854042053,-3.051757735406113e-09,0.9989221096038818,16.273731231689453,0.1717468947172165,4.218214988708496,0.6968870162963867,1.4245223999023438,5725.40185546875,0.017079947516322136,0.18512655794620514,10.292009353637695,0.5946664214134216,49,1.0730310678482056,0.9989221096038818,0.01695553958415985,0.7800822854042053,0.3815227746963501,0.09081586450338364,0.2896296977996826,0.9989221096038818,7.824999809265137,0.7800822854042053,2.106942892074585,95.6844711303711,1746576616.1711287,0.6968870162963867,1000000.0,0.05796527676284313,0,500,0,0.0003842058649752289,0,0.6968870162963867,10,0.14871326088905334,5838.039740035,178.63804626464844
0.25095653533935547,2.0799999237060547,0.008594891987740993,111.7316665649414,51,0.7062734961509705,0.0005199796869419515,1,0.7869909405708313,3.051757735406113e-09,0.999264657497406,16.340721130371094,0.16451440751552582,2.889864921569824,0.6999765038490295,1.5254379510879517,5837.19140625,0.0008122706785798073,0.15546786785125732,9.893799781799316,0.25987398624420166,50,1.0700448751449585,0.999264657497406,-0.015654273331165314,0.7869909405708313,0.27670618891716003,0.07516159117221832,-1.3283500671386719,0.999264657497406,5.949999809265137,0.7869909405708313,1.9866735935211182,95.39093017578125,1746576727.9675608,0.6999765038490295,1020000.0,-0.01626767683774233,0,500,0,0.000402235658839345,0,0.6999765038490295,10,0.28775280714035034,5949.199180744,179.0002899169922
0.2558133900165558,0.7599999904632568,0.008483248762786388,111.10118865966797,52,0.704018771648407,3.9140395529102534e-05,1,0.7933129072189331,3.8146971692576415e-10,0.9999446868896484,16.35808563232422,0.166605606675148,1.235013723373413,0.7028445601463318,1.5354427099227905,5948.35595703125,-0.032469626516103745,0.14550065994262695,9.725367546081543,-0.00797736831009388,51,1.067050814628601,0.9999446868896484,-0.0021759122610092163,0.7933129072189331,0.17152026295661926,0.0729856789112091,-1.6548511981964111,0.9999446868896484,0.6499999761581421,0.7933129072189331,1.953957438468933,94.74308013916016,1746576839.1269944,0.7028445601463318,1040000.0,-0.03328189719468355,0,500,0,0.0003689190198201686,0,0.7028445601463318,10,-0.006460942327976227,6061.402622464,180.01608276367188
0.23271159827709198,1.2000000476837158,0.009599240496754646,112.1458969116211,53,0.7043841481208801,0.0009757838561199605,1,0.7996342182159424,7.629394338515283e-10,1.0013799667358398,15.931713104248047,0.16122102737426758,3.3266234397888184,0.7055472731590271,1.4434319734573364,6060.560546875,0.03877585008740425,0.31492483615875244,9.765918731689453,0.25034481287002563,52,1.0679467916488647,1.0013799667358398,0.012220814824104309,0.7996342182159424,0.2829075753688812,0.08520649373531342,2.0916097164154053,1.0013799667358398,8.324999809265137,0.7996342182159424,2.0796122550964355,96.21416473388672,1746576951.3304803,0.7055472731590271,1060000.0,0.071245476603508,0,500,0,0.00041990159661509097,0,0.7055472731590271,10,0.008862889371812344,6172.404381784,178.339111328125
0.25591781735420227,1.2000000476837158,0.004666601773351431,110.93598937988281,54,0.7046235203742981,0.0011932053603231907,1,0.8053796291351318,-1.5258788677030566e-09,1.0016874074935913,16.019315719604492,0.12361931800842285,0.9268170595169067,0.7081003189086914,2.070208787918091,6171.5537109375,-0.05588617920875549,0.16553273797035217,9.916977882385254,0.0009775612270459533,53,1.0683584213256836,1.0016874074935913,-0.00329715758562088,0.8053796291351318,0.2770579159259796,0.08190933614969254,-2.3998063802719116,1.0016874074935913,0.05000000074505806,0.8053796291351318,2.010901927947998,94.91664123535156,1746577062.3319008,0.7081003189086914,1080000.0,-0.09466202929615974,0,500,0,0.0003272208268754184,0,0.7081003189086914,10,0.019674379378557205,6283.635888041,180.28414916992188
0.2680009603500366,1.100000023841858,0.004807487595826387,111.1637191772461,55,0.6989328861236572,0.00014723300409968942,1,0.810843825340271,7.629394338515283e-10,0.9997918009757996,16.33297348022461,0.131395623087883,1.1366987228393555,0.7105097770690918,2.039649248123169,6282.7880859375,0.005980303511023521,0.13941968977451324,10.078073501586914,0.006522982846945524,54,1.0602680444717407,0.9997918009757996,-0.022158987820148468,0.810843825340271,0.16332431137561798,0.05975034832954407,0.20988166332244873,0.9997918009757996,3.4749999046325684,0.810843825340271,1.9777452945709229,94.83072662353516,1746577173.5635219,0.7105097770690918,1100000.0,0.061866482719779015,0,500,0,0.00039126010960899293,0,0.7105097770690918,10,-0.0199536494910717,6394.705899124,179.91481018066406
0.2536792755126953,0.1599999964237213,0.004358518403023481,111.0016860961914,56,0.6970012784004211,0.0004873861325904727,1,0.8160238265991211,7.629394005448376e-09,0.9993107318878174,16.257230758666992,0.11842406541109085,0.9117457866668701,0.7127111554145813,2.1421260833740234,6393.85693359375,-0.0023702741600573063,0.11987531185150146,9.609557151794434,-0.016517262905836105,55,1.0575190782546997,0.9993107318878174,0.0026913657784461975,0.8160238265991211,0.11468823254108429,0.062441714107990265,-0.22495293617248535,0.9993107318878174,3.049999952316284,0.8160238265991211,1.904188632965088,94.74443817138672,1746577284.6337705,0.7127111554145813,1120000.0,-0.008350577671080828,0,500,0,0.00038152222987264395,0,0.7127111554145813,10,0.12598660588264465,6505.673091797,180.1774444580078
0.25577491521835327,0.1599999964237213,0.005245862063020468,110.90485382080078,57,0.6923748850822449,0.0018226545071229339,1,0.8208498358726501,6.103515470812226e-09,1.0025776624679565,15.996192932128906,0.13099412620067596,0.8498252630233765,0.7147234082221985,1.9525679349899292,6504.82568359375,-0.025106407701969147,0.14694106578826904,9.702284812927246,-0.010474282316863537,56,1.050751805305481,1.0025776624679565,0.0037551671266555786,0.8208498358726501,0.07497281581163406,0.06619688123464584,-0.06192052364349365,1.0025776624679565,1.7000000476837158,0.8208498358726501,1.9634449481964111,94.90862274169922,1746577395.600665,0.7147234082221985,1140000.0,-0.02273613354191184,0,500,0,0.0003718866501003504,0,0.7147234082221985,10,-0.002528765704482794,6617.106103358,180.3347625732422
0.2502874433994293,0.1599999964237213,0.004164655227214098,111.36447143554688,58,0.6827772259712219,0.0002052270428976044,1,0.8253185153007507,3.6239622414058204e-09,0.9997097849845886,16.07299041748047,0.11421261727809906,0.7352312207221985,0.7165638208389282,2.1914167404174805,6616.25732421875,-0.01631007343530655,0.1378248929977417,10.306897163391113,-0.012786065228283405,57,1.0367354154586792,0.9997097849845886,0.006793223321437836,0.8253185153007507,0.07073307037353516,0.07299010455608368,-0.11459404230117798,0.9997097849845886,1.2000000476837158,0.8253185153007507,2.0426008701324463,95.29146575927734,1746577507.0337713,0.7165638208389282,1160000.0,0.008796334266662598,0,500,0,0.0003998846805188805,0,0.7165638208389282,10,0.011315375566482544,6730.476106296,179.59048461914062
0.25737154483795166,0.38999998569488525,0.008802413940429688,113.3042221069336,59,0.6775815486907959,0.0010569867445155978,1,0.8300508260726929,2.2888182460434336e-09,0.998505175113678,16.32352638244629,0.17074447870254517,2.2665441036224365,0.7182677388191223,1.5073491334915161,6729.62890625,0.05482291057705879,0.14857248961925507,10.66369915008545,0.054174620658159256,58,1.0289201736450195,0.9985052347183228,0.002623811364173889,0.8300508260726929,0.10556701570749283,0.07561391592025757,1.531312882900238,0.9985052347183228,9.225000381469727,0.8300508260726929,2.0302956104278564,96.98067474365234,1746577620.4037626,0.7182677388191223,1180000.0,0.07113298401236534,0,500,0,0.0003951045509893447,0,0.7182677388191223,10,0.26649418473243713,6843.246470844,176.51593017578125
0.2359851598739624,0.9800000190734863,0.0077188811264932156,112.67473602294922,60,0.6816415786743164,0.0007249819464050233,1,0.8348024487495422,-8.01086397217432e-09,1.0010251998901367,16.027873992919922,0.14660444855690002,2.231933355331421,0.7198987603187561,1.6096725463867188,6842.36962890625,0.002993552014231682,0.17276710271835327,10.371861457824707,0.3770759403705597,59,1.0349527597427368,1.0010251998901367,-0.016007069498300552,0.8348024487495422,0.10127658396959305,0.059606846421957016,-0.034610748291015625,1.0010251998901367,6.175000190734863,0.8348024487495422,2.012556552886963,96.64684295654297,1746577733.173695,0.7198987603187561,1200000.0,-0.05182935856282711,0,500,0,0.00039363029645755887,0,0.7198987603187561,10,-0.044272735714912415,6955.872528379,177.50209045410156
0.25438392162323,0.7699999809265137,0.005999892950057983,112.49085235595703,61,0.6864805817604065,0.00034712147316895425,1,0.8394986391067505,-3.051757735406113e-09,1.0004907846450806,16.09087371826172,0.1393306702375412,1.7038488388061523,0.7214458584785461,1.8257566690444946,6954.96435546875,-0.0009587722015567124,0.1022307425737381,9.883874893188477,0.3725627362728119,60,1.0420745611190796,1.0004909038543701,-0.0020926818251609802,0.8394986391067505,0.18989215791225433,0.057514164596796036,-0.5280845165252686,1.0004909038543701,5.150000095367432,0.8394986391067505,1.9160348176956177,96.39994049072266,1746577845.7995448,0.7214458584785461,1220000.0,-0.003952324215788394,0,500,0,0.0003458340943325311,0,0.7214458584785461,10,0.16179999709129333,7069.503790286,177.792236328125
0.23277722299098969,0.9599999785423279,0.014199809171259403,113.56257629394531,62,0.6856284737586975,0.0007544286199845374,1,0.8446639180183411,6.103515470812226e-09,1.00106680393219,16.25748062133789,0.1961403340101242,3.306138753890991,0.7229338884353638,1.1867891550064087,7068.66455078125,0.07951841503381729,0.26771029829978943,10.273672103881836,0.44378289580345154,61,1.0409268140792847,1.0010669231414795,0.004853639751672745,0.8446639180183411,0.18365858495235443,0.06236780434846878,1.6022899150848389,1.0010669231414795,12.050000190734863,0.8446639180183411,2.1303060054779053,97.30508422851562,1746577959.4316344,0.7229338884353638,1240000.0,0.080477187235374,0,500,0,0.00040822348091751337,0,0.7229338884353638,10,-0.3157644271850586,7182.287546516,176.11434936523438
0.25929978489875793,1.0,0.006760876160115004,112.07799530029297,63,0.6769306063652039,0.0005737590836361051,1,0.8497139811515808,-8.77380390562621e-09,1.0008114576339722,16.03920555114746,0.1507609784603119,1.1240100860595703,0.7243723273277283,1.7199395895004272,7180.796875,0.0002996466646436602,0.1272081434726715,11.153210639953613,0.2500725984573364,62,1.028039574623108,1.0008114576339722,0.0008552074432373047,0.8497139811515808,0.18559777736663818,0.06322301179170609,-2.182128667831421,1.0008114576339722,4.800000190734863,0.8497139811515808,2.119872570037842,96.03877258300781,1746578072.214757,0.7243723273277283,1260000.0,-0.07921876836917363,0,500,0,0.0003731318865902722,0,0.7243723273277283,10,0.06716614216566086,7294.635207716,178.44715881347656
0.25426581501960754,0.3799999952316284,0.006127296015620232,112.2745590209961,64,0.6652559638023376,0.0006555520812980831,1,0.8549131751060486,9.155272984173735e-09,0.9990728497505188,16.29055404663086,0.14073681831359863,2.087005138397217,0.7257111668586731,1.8066757917404175,7293.78955078125,0.030594447627663612,0.15843427181243896,10.712780952453613,0.4008254408836365,63,1.0110121965408325,0.9990729093551636,-0.004535142332315445,0.8549131751060486,0.15489815175533295,0.05868786945939064,0.9629950523376465,0.9990729093551636,8.100000381469727,0.8549131751060486,2.0779197216033936,95.9839859008789,1746578184.5630515,0.7257111668586731,1280000.0,0.030294800963019952,0,500,0,0.0003940644091926515,0,0.7257111668586731,10,0.054596658796072006,7406.110435174,178.13475036621094
0.23915301263332367,0.03999999910593033,0.008521350100636482,111.41644287109375,65,0.6599791646003723,0.0008357438491657376,1,0.8599890470504761,-3.051757735406113e-09,1.001181960105896,16.012189865112305,0.1561044603586197,1.2180358171463013,0.726929247379303,1.5320062637329102,7405.26708984375,-0.005722875241190195,0.16771093010902405,11.29431438446045,0.30472636222839355,64,1.0033245086669922,1.001181960105896,0.017349522560834885,0.8599890470504761,0.1327984631061554,0.07603739202022552,-0.8689693212509155,1.001181960105896,4.675000190734863,0.8599890470504761,2.276419162750244,95.40422058105469,1746578296.038219,0.726929247379303,1300000.0,-0.03631732286885381,0,500,0,0.0003998086031060666,0,0.726929247379303,10,-0.03339684009552002,7517.945634531,179.50672912597656
0.22528940439224243,0.20000000298023224,0.005165623966604471,111.77496337890625,66,0.6547124981880188,0.00028862160979770124,1,0.8649204969406128,3.051757735406113e-09,1.0004081726074219,15.95976734161377,0.11449528485536575,1.206797480583191,0.7280521392822266,1.9676741361618042,7517.1015625,-0.013098952360451221,0.11782275885343552,10.970123291015625,0.27299511432647705,65,0.9951826930046082,1.0004081726074219,-0.0066017284989356995,0.8649204969406128,0.09904711693525314,0.06943566352128983,-0.011238336563110352,1.0004081726074219,4.224999904632568,0.8649204969406128,2.1570498943328857,95.815185546875,1746578407.8734183,0.7280521392822266,1320000.0,-0.007376077119261026,0,500,0,0.00042201741598546505,0,0.7280521392822266,10,-0.13484811782836914,7630.239456551,178.93093872070312
0.23635084927082062,0.5600000023841858,0.006782006472349167,112.18001556396484,67,0.6486120223999023,0.00033144280314445496,1,0.8697679042816162,-1.6403197022896165e-08,1.0004687309265137,16.038389205932617,0.13763269782066345,1.6932872533798218,0.7291215658187866,1.717258095741272,7629.3408203125,0.0012156137963756919,0.1433364897966385,10.848823547363281,0.21212424337863922,66,0.9858816266059875,1.0004687309265137,-0.004301451146602631,0.8697679042816162,0.08802498877048492,0.0651342123746872,0.48648977279663086,1.0004687309265137,4.800000190734863,0.8697679042816162,2.097313642501831,96.14160919189453,1746578520.1667209,0.7291215658187866,1340000.0,0.014314566156826913,0,500,0,0.00040698156226426363,0,0.7291215658187866,10,0.0034151729196310043,7743.560763194,178.28488159179688
0.19551044702529907,0.36000001430511475,0.018840543925762177,113.24288940429688,68,0.6467276215553284,0.0006789857288822532,1,0.8748927116394043,-1.9836425835251248e-08,0.9990398287773132,16.31643295288086,0.18975873291492462,1.170362114906311,0.7301244735717773,1.0303106307983398,7742.70947265625,0.04229152202606201,0.23178882896900177,10.160300254821777,0.4007047712802887,67,0.982954204082489,0.9990398287773132,0.003064490854740143,0.8748927116394043,0.11703280359506607,0.06819870322942734,-0.5229251384735107,0.9990398287773132,9.274999618530273,0.8748927116394043,2.159219980239868,96.92643737792969,1746578633.4886065,0.7301244735717773,1360000.0,0.04107590822968632,0,500,0,0.00044240476563572884,0,0.7301244735717773,10,0.017805129289627075,7856.137141808,176.6115264892578
0.2527957260608673,0.36000001430511475,0.005720676854252815,112.51558685302734,69,0.6490810513496399,0.0017330222763121128,1,0.8798626065254211,1.2207030941624453e-08,1.002450942993164,16.26118278503418,0.13520067930221558,1.0815004110336304,0.7310671210289001,1.8697816133499146,7855.2919921875,-0.022444725036621094,0.22345013916492462,10.200614929199219,0.3760002851486206,68,0.9864946007728577,1.002450942993164,-0.014520261436700821,0.8798626065254211,0.09284652024507523,0.05367844179272652,-0.08886170387268066,1.002450942993164,4.074999809265137,0.8798626065254211,2.110320806503296,96.25438690185547,1746578746.064999,0.7310671210289001,1380000.0,-0.0647362470626831,0,500,0,0.0003973831480834633,0,0.7310671210289001,10,0.4060960114002228,7969.017169505,177.75315856933594
0.26469871401786804,4.289999961853027,0.012515749782323837,112.80137634277344,70,0.6475090384483337,0.0006386652239598334,1,0.8852830529212952,3.051757735406113e-09,1.0009031295776367,16.02581214904785,0.20939460396766663,2.954625368118286,0.732321560382843,1.2641143798828125,7968.1533203125,0.04746055603027344,0.1977003812789917,10.355545997619629,0.7136279344558716,69,0.9840884208679199,1.0009031295776367,0.003198869526386261,0.8852830529212952,0.07712067663669586,0.05687731131911278,1.8731249570846558,1.0009031295776367,11.475000381469727,0.8852830529212952,2.118762493133545,96.77552795410156,1746578858.9442532,0.732321560382843,1400000.0,0.06990528106689453,0,500,0,0.00035736922291107476,0,0.732321560382843,10,0.2322690784931183,8080.455483364,177.3028106689453
0.2317153364419937,4.289999961853027,0.004077710676938295,111.36285400390625,71,0.6437941193580627,0.0009452133090235293,1,0.8902875781059265,-8.392333938900265e-09,1.001336693763733,15.950193405151367,0.10462813824415207,0.811665415763855,0.7338613867759705,2.214656114578247,8079.60595703125,-0.05222291126847267,0.11503762006759644,10.186513900756836,0.19615228474140167,70,0.9782325625419617,1.0013368129730225,-0.00012713298201560974,0.8902875781059265,0.10359257459640503,0.05675017833709717,-2.142959952354431,1.0013368129730225,1.125,0.8902875781059265,2.1153616905212402,95.41264343261719,1746578970.383095,0.7338613867759705,1420000.0,-0.09968346729874611,0,500,0,0.0004264701856300235,0,0.7338613867759705,10,-0.027592385187745094,8194.454585607,179.5930938720703
0.2409072369337082,4.289999961853027,0.013764061033725739,113.9333724975586,72,0.6411096453666687,0.0008333837031386793,1,0.8961131572723389,-9.918212917625624e-09,1.0011786222457886,16.221817016601562,0.19985191524028778,0.9746691584587097,0.7356626987457275,1.2054287195205688,8193.607421875,0.16933178901672363,0.18925264477729797,10.173602104187012,0.12570105493068695,71,0.9741740226745605,1.0011786222457886,-0.002457406371831894,0.8961131572723389,0.04638172313570976,0.054292771965265274,0.16300374269485474,1.0011786222457886,15.975000381469727,0.8961131572723389,2.0800821781158447,97.71153259277344,1746579084.3821752,0.7356626987457275,1440000.0,0.2215547002851963,0,500,0,0.00038748246151953936,0,0.7356626987457275,10,0.4222481846809387,8306.501893445,175.54119873046875
0.25400546193122864,0.2199999988079071,0.006812612526118755,111.98523712158203,73,0.6457535624504089,0.00029491554596461356,1,0.9017091989517212,0.0,1.0004171133041382,15.967637062072754,0.14824678003787994,1.3323765993118286,0.737316370010376,1.7133963108062744,8305.658203125,-0.023491516709327698,0.17966216802597046,10.465137481689453,0.43971866369247437,72,0.9814667701721191,1.0004171133041382,0.006599359214305878,0.9017091989517212,0.0619957260787487,0.06089213117957115,0.3577074408531189,1.0004171133041382,3.875,0.9017091989517212,2.0732076168060303,96.01758575439453,1746579196.4296925,0.737316370010376,1460000.0,-0.19282330572605133,0,500,0,0.0003800278063863516,0,0.737316370010376,10,0.612784743309021,8420.849964897,178.594970703125
0.23493805527687073,2.2899999618530273,0.01294407807290554,114.28678894042969,74,0.6511176824569702,0.0005653297412209213,1,0.9080398678779602,3.433227480087453e-09,0.9992005228996277,16.046669006347656,0.18900534510612488,5.112466335296631,0.7390346527099609,1.2430232763290405,8420.00390625,0.13220831751823425,0.27544960379600525,10.963412284851074,0.32123008370399475,73,0.9897815585136414,0.9992005228996277,0.00014428049325942993,0.9080398678779602,0.09078939259052277,0.06103641167283058,3.7800897359848022,0.9992005228996277,15.399999618530273,0.9080398678779602,2.107285976409912,98.24010467529297,1746579310.777807,0.7390346527099609,1480000.0,0.15569983422756195,0,500,0,0.00038608830072917044,0,0.7390346527099609,10,0.5113851428031921,8533.654934565,174.99835205078125
0.23091870546340942,2.869999885559082,0.00821085274219513,112.7435073852539,75,0.652672529220581,0.0004380462341941893,1,0.9143006205558777,-5.817413217812373e-09,1.0006195306777954,15.994279861450195,0.14795802533626556,2.4330296516418457,0.740868866443634,1.5607041120529175,8532.80859375,0.013155784457921982,0.16038823127746582,11.308488845825195,0.45748525857925415,74,0.9922121167182922,1.000619649887085,0.014738086611032486,0.9143006205558777,0.20698632299900055,0.07577449828386307,-2.679436683654785,1.000619649887085,6.349999904632568,0.9143006205558777,2.2350621223449707,96.74920654296875,1746579423.5827904,0.740868866443634,1500000.0,-0.11905253306031227,0,500,0,0.000424988626036793,0,0.740868866443634,10,0.6693899035453796,8645.400769679,177.39381408691406
0.25210756063461304,1.0800000429153442,0.0057182759046554565,111.68916320800781,76,0.6528431177139282,1.0508689229027368e-05,1,0.9200924634933472,0.0,1.0000149011611938,16.003639221191406,0.13480430841445923,0.761660099029541,0.74263596534729,1.8701742887496948,8644.5595703125,-0.015951817855238914,0.1118682250380516,11.221205711364746,0.1468135118484497,75,0.99250727891922,1.0000150203704834,-0.018805239349603653,0.9200924634933472,0.16047070920467377,0.056969258934259415,-1.6713695526123047,1.0000150203704834,1.4249999523162842,0.9200924634933472,2.1373696327209473,95.68550872802734,1746579535.3286304,0.74263596534729,1520000.0,-0.029107602313160896,0,500,0,0.00036180828465148807,0,0.74263596534729,10,0.026560816913843155,8757.40341987,179.0684051513672
0.24306818842887878,0.8999999761581421,0.008200965821743011,111.9449234008789,77,0.6547688245773315,0.00011744922812795267,1,0.9256582856178284,3.433227480087453e-09,1.0001660585403442,16.074962615966797,0.1556488424539566,1.2348705530166626,0.7443252205848694,1.5616446733474731,8756.560546875,0.00997387059032917,0.15295705199241638,10.767285346984863,0.13709086179733276,76,0.9954173564910889,1.0001661777496338,-0.005640324205160141,0.9256582856178284,0.1328919380903244,0.051328934729099274,0.4732104539871216,1.0001661777496338,3.799999952316284,0.9256582856178284,2.1544642448425293,95.86992645263672,1746579647.3311698,0.7443252205848694,1540000.0,0.025925688445568085,0,500,0,0.00037656095810234547,0,0.7443252205848694,10,-0.07292201370000839,8869.700334274,178.65928649902344
0.243437260389328,0.3199999928474426,0.008329061791300774,112.23723602294922,78,0.6520208716392517,0.0008451847825199366,1,0.931208074092865,6.103515470812226e-09,1.0011953115463257,16.297576904296875,0.15709790587425232,1.586227536201477,0.745887279510498,1.5495895147323608,8868.8564453125,0.011377251707017422,0.10878472775220871,10.286686897277832,0.274272084236145,77,0.9911801815032959,1.0011953115463257,-0.004999782890081406,0.931208074092865,0.10176736116409302,0.04632915183901787,0.35135698318481445,1.0011953115463257,6.025000095367432,0.931208074092865,2.0481317043304443,95.93963623046875,1746579759.6281955,0.745887279510498,1560000.0,0.0014033811166882515,0,500,0,0.0003946340875700116,0,0.745887279510498,10,0.5020399689674377,8982.002324586,178.19398498535156
0.20611748099327087,0.75,0.018541378900408745,112.24007415771484,79,0.6556629538536072,0.0004503812233451754,1,0.937178909778595,1.5258788677030566e-09,0.999363124370575,16.005077362060547,0.19845907390117645,2.451552629470825,0.7473767995834351,1.038589358329773,8981.1552734375,0.049337875097990036,0.25072380900382996,10.248725891113281,0.7552014589309692,78,0.9965617060661316,0.999363124370575,0.01228121668100357,0.937178909778595,0.10031437128782272,0.05861036852002144,0.8653250932693481,0.999363124370575,11.149999618530273,0.937178909778595,2.1359479427337646,96.2349624633789,1746579871.9300272,0.7473767995834351,1580000.0,0.037960623390972614,0,500,0,0.0004226357559673488,0,0.7473767995834351,10,-0.14499711990356445,9095.45066908,178.18948364257812
0.23331813514232635,1.5199999809265137,0.01656978763639927,113.38753509521484,80,0.6598752737045288,0.0008061848930083215,1,0.9439233541488647,-1.3732909920349812e-08,1.0011401176452637,16.003385543823242,0.21236948668956757,5.012499809265137,0.7488778233528137,1.0986424684524536,9094.60546875,0.08285914361476898,0.21008267998695374,10.803979873657227,1.0942612886428833,79,1.003036618232727,1.0011401176452637,-0.0011581555008888245,0.9439233541488647,0.14816807210445404,0.057452213019132614,2.5609471797943115,1.0011401176452637,15.725000381469727,0.9439233541488647,2.1129343509674072,97.38414001464844,1746579985.3785756,0.7488778233528137,1600000.0,0.033521268516778946,0,500,0,0.000446157791884616,0,0.7488778233528137,10,-0.1817796379327774,9209.560040017,176.38623046875
0.23999585211277008,6.110000133514404,0.01691470295190811,114.04400634765625,81,0.6626930832862854,1.629682992643211e-05,1,0.9515613317489624,6.103515470812226e-09,1.0000230073928833,16.262662887573242,0.22070951759815216,6.5715012550354,0.7508509159088135,1.0873833894729614,9208.7099609375,0.07159099727869034,0.19897541403770447,11.2716064453125,1.5052227973937988,80,1.0073310136795044,1.0000231266021729,0.013346824795007706,0.9515613317489624,0.1414036899805069,0.07079903781414032,1.5590014457702637,1.0000231266021729,17.924999237060547,0.9515613317489624,2.1768455505371094,97.78131103515625,1746580099.4875937,0.7508509159088135,1620000.0,-0.011268146336078644,0,500,0,0.00040990018169395626,0,0.7508509159088135,10,-0.0711536779999733,9323.919697835,175.3708953857422
0.21754303574562073,10.010000228881836,0.020191924646496773,114.29423522949219,82,0.6696318984031677,0.0004107350832782686,1,0.9602441191673279,-1.1444091230217168e-09,1.0005807876586914,15.959281921386719,0.21858437359333038,5.964934349060059,0.7536484599113464,0.9952359199523926,9323.076171875,0.09790748357772827,0.2678365707397461,11.015111923217773,1.6965062618255615,81,1.0177350044250488,1.0005807876586914,-0.019901692867279053,0.9602441191673279,0.47420722246170044,0.05089734494686127,-0.6065669059753418,1.0005807876586914,20.625,0.9602441191673279,2.074716329574585,98.3349380493164,1746580213.8475635,0.7536484599113464,1640000.0,0.026316486299037933,0,500,0,0.0004074976604897529,0,0.7536484599113464,10,0.7133841514587402,9436.089689055,174.98695373535156
0.24459655582904816,5.579999923706055,0.008848967030644417,112.10968780517578,83,0.6661693453788757,0.00032711573294363916,1,0.9684044122695923,-1.0490417423625331e-08,1.000462532043457,16.287443161010742,0.16269788146018982,1.7001060247421265,0.7567489743232727,1.5033788681030273,9435.2451171875,-0.08941232413053513,0.17050054669380188,10.460967063903809,1.0219897031784058,82,1.012596607208252,1.000462532043457,-0.008339576423168182,0.9684044122695923,0.3419831097126007,0.042557768523693085,-4.264828324317932,1.000462532043457,3.424999952316284,0.9684044122695923,2.0277180671691895,95.82222747802734,1746580326.0172741,0.7567489743232727,1660000.0,-0.1873198077082634,0,500,0,0.0003898391732946038,0,0.7567489743232727,10,0.5362423062324524,9549.997636559,178.396728515625
0.24611406028270721,5.989999771118164,0.022056803107261658,113.84114074707031,84,0.6705620884895325,0.00043734381324611604,1,0.9775457978248596,-3.2424924967244806e-09,0.9993815422058105,15.969412803649902,0.2584596872329712,5.173525810241699,0.7601689100265503,0.9522338509559631,9549.146484375,0.12669099867343903,0.24886351823806763,10.448894500732422,1.3007456064224243,83,1.0192314386367798,0.9993815422058105,0.008954230695962906,0.9775457978248596,0.31085270643234253,0.05151199921965599,3.4734197854995728,0.9993815422058105,20.25,0.9775457978248596,2.1223504543304443,97.8717041015625,1746580439.925191,0.7601689100265503,1680000.0,0.21610332280397415,0,500,0,0.0003863532328978181,0,0.7601689100265503,10,0.30801570415496826,9661.645545343,175.68341064453125
0.2434302419424057,2.109999895095825,0.006139001809060574,111.5887451171875,85,0.6723682284355164,0.001891213352791965,1,0.986125648021698,-5.912780487449254e-09,1.0026745796203613,15.958093643188477,0.13486796617507935,2.0147690773010254,0.7634828686714172,1.8049523830413818,9660.8056640625,-0.05406923219561577,0.13003700971603394,10.14427375793457,0.6694985628128052,84,1.0219746828079224,1.0026745796203613,0.005372755229473114,0.986125648021698,0.41985809803009033,0.056884754449129105,-3.158756732940674,1.0026745796203613,3.450000047683716,0.986125648021698,2.0649640560150146,95.63063049316406,1746580551.5734015,0.7634828686714172,1700000.0,-0.1807602308690548,0,500,0,0.0004053039592690766,0,0.7634828686714172,10,0.44679898023605347,9774.381198232,179.22955322265625
0.23233860731124878,1.809999942779541,0.012319562956690788,112.66546630859375,86,0.674058735370636,0.00040253050974570215,1,0.9946413636207581,-4.577636492086867e-09,1.0005693435668945,16.24942398071289,0.18234935402870178,2.3363938331604004,0.7666710019111633,1.2741400003433228,9773.5263671875,-0.0049851094372570515,0.26445573568344116,11.074997901916504,1.0065102577209473,85,1.024376392364502,1.0005693435668945,0.018553171306848526,0.9946413636207581,0.37815162539482117,0.07543792575597763,0.321624755859375,1.0005693435668945,8.5,0.9946413636207581,2.1911449432373047,96.41600799560547,1746580664.3090048,0.7666710019111633,1720000.0,0.04908412275835872,0,500,0,0.00043593847658485174,0,0.7666710019111633,10,0.001218985766172409,9885.831475121,177.51669311523438
0.23186418414115906,0.23999999463558197,0.0055535584688186646,111.3915023803711,87,0.6699334979057312,0.0015129032544791698,1,1.0024116039276123,6.866454960174906e-09,1.0021395683288574,16.27091407775879,0.12218129634857178,0.7017368078231812,0.7695826292037964,1.8977060317993164,9884.98828125,-0.07254528999328613,0.1286013275384903,11.213244438171387,0.5169158577919006,86,1.0180907249450684,1.0021395683288574,0.006702013313770294,1.0024116039276123,0.32085028290748596,0.08213993906974792,-1.6346570253372192,1.0021395683288574,0.675000011920929,1.0024116039276123,2.290327310562134,95.12057495117188,1746580775.7593057,0.7695826292037964,1740000.0,-0.06756018055602908,0,500,0,0.0003862910671159625,0,0.7695826292037964,10,-0.05029664933681488,9997.457060705,179.54690551757812
0.22359967231750488,0.23999999463558197,0.003951522521674633,111.56946563720703,88,0.663895308971405,0.0013540938962250948,1,1.0094956159591675,-9.059905714536853e-09,1.0019149780273438,16.27506446838379,0.09938914328813553,0.5352562665939331,0.7722439169883728,2.249739408493042,9996.6162109375,-0.07241056859493256,0.14499646425247192,10.976696968078613,0.457003116607666,87,1.0089404582977295,1.0019149780273438,-0.041868358850479126,1.0094956159591675,0.22463682293891907,0.0402715802192688,-0.16648054122924805,1.0019149780273438,0.550000011920929,1.0094956159591675,1.9547672271728516,95.29437255859375,1746580887.3848345,0.7722439169883728,1760000.0,0.00013472139835357666,0,500,0,0.00041759040323086083,0,0.7722439169883728,10,-0.0446767620742321,10110.230522976,179.26051330566406
0.2506945729255676,1.4900000095367432,0.016841992735862732,112.71072387695312,89,0.6608284711837769,0.0004792377585545182,1,1.0165823698043823,-1.3351439953623867e-08,0.999322235584259,16.310264587402344,0.2300523817539215,3.4883310794830322,0.774810254573822,1.0897281169891357,10109.3828125,0.01920817233622074,0.19629088044166565,10.131359100341797,0.5093317031860352,88,1.004260540008545,0.9993222951889038,0.010495353490114212,1.0165823698043823,0.19857753813266754,0.05076693370938301,2.953074812889099,0.9993222951889038,7.525000095367432,1.0165823698043823,2.0300488471984863,96.40044403076172,1746581000.1583345,0.774810254573822,1780000.0,0.0916187409311533,0,500,0,0.0004047906550113112,0,0.774810254573822,10,-0.018440596759319305,10221.881911355,177.44540405273438
0.22083452343940735,1.5800000429153442,0.006001332774758339,111.5927505493164,90,0.656512439250946,0.00042495259549468756,1,1.0232433080673218,-4.577636492086867e-09,0.9993990063667297,16.00801658630371,0.12096958607435226,1.241613507270813,0.7773008942604065,1.8255375623703003,10221.0390625,-0.03993992507457733,0.23699656128883362,10.797616004943848,0.33256852626800537,89,0.9974263310432434,0.9993990659713745,0.0132773257791996,1.0232433080673218,0.27330565452575684,0.06404425948858261,-2.2467175722122192,0.9993990659713745,2.7249999046325684,1.0232433080673218,2.1596086025238037,95.584716796875,1746581111.8097503,0.7773008942604065,1800000.0,-0.05914809741079807,0,500,0,0.00042713139555417,0,0.7773008942604065,10,0.027131322771310806,10333.737490053,179.22311401367188
0.23519006371498108,1.940000057220459,0.007822046056389809,111.79656982421875,91,0.6539884805679321,0.0017084645805880427,1,1.0295673608779907,-1.5258788677030566e-09,1.0024161338806152,15.948539733886719,0.14708366990089417,1.515053391456604,0.7797622680664062,1.5990222692489624,10332.89453125,-0.01631753332912922,0.1980198174715042,11.364814758300781,0.33173155784606934,90,0.993525505065918,1.0024161338806152,0.005608387291431427,1.0295673608779907,0.1726943552494049,0.06965264678001404,0.273439884185791,1.0024161338806152,3.25,1.0295673608779907,2.2046525478363037,95.8479995727539,1746581223.6652718,0.7797622680664062,1820000.0,0.023622391745448112,0,500,0,0.0004045054083690047,0,0.7797622680664062,10,-0.03339787572622299,10445.731972426,178.89637756347656
0.2229427844285965,0.5400000214576721,0.009904101490974426,111.93148040771484,92,0.6466432213783264,0.0010742951417341828,1,1.0357016324996948,7.629394338515283e-10,1.0015192031860352,16.23200035095215,0.1568867266178131,1.2949769496917725,0.7820480465888977,1.421043038368225,10444.884765625,-0.021144390106201172,0.1869828850030899,11.536210060119629,0.46201151609420776,91,0.9819828867912292,1.0015192031860352,-0.005614787340164185,1.0357016324996948,0.30129489302635193,0.06403785943984985,-0.22007644176483154,1.0015192031860352,4.5,1.0357016324996948,2.20190691947937,95.699462890625,1746581335.659814,0.7820480465888977,1840000.0,-0.004826856777071953,0,500,0,0.00041254342067986727,0,0.7820480465888977,10,-0.1523803025484085,10558.320365093,178.6807403564453
0.23411235213279724,1.5399999618530273,0.015766676515340805,112.52366638183594,93,0.6401014924049377,0.0007706129690632224,1,1.0420089960098267,-1.5258788677030566e-09,1.0010896921157837,16.00565528869629,0.20786413550376892,3.81052565574646,0.7842829823493958,1.126275897026062,10557.470703125,0.0355360209941864,0.4097069799900055,10.73790168762207,0.5080296993255615,92,0.9715541005134583,1.0010898113250732,-0.009522609412670135,1.0420089960098267,0.1697540581226349,0.05451525002717972,2.5155487060546875,1.0010898113250732,8.25,1.0420089960098267,2.057469129562378,96.51798248291016,1746581448.2481287,0.7842829823493958,1860000.0,0.05668041110038757,0,500,0,0.000370516354450956,0,0.7842829823493958,10,0.06428433954715729,10670.280836031,177.74038696289062
0.22685910761356354,1.2699999809265137,0.007867854088544846,111.8365249633789,94,0.6458606719970703,3.1694431527284905e-05,1,1.0479916334152222,-7.629394005448376e-09,0.9999551773071289,15.953949928283691,0.1422884464263916,1.163327693939209,0.7864434123039246,1.5943607091903687,10669.3720703125,-0.013227702118456364,0.21007870137691498,11.599434852600098,0.4217124879360199,93,0.9805125594139099,0.9999551773071289,0.036297596991062164,1.0479916334152222,0.25868329405784607,0.09081284701824188,-2.647197961807251,0.9999551773071289,2.9749999046325684,1.0479916334152222,2.348034620285034,95.88255310058594,1746581560.2080076,0.7864434123039246,1880000.0,-0.048763723112642765,0,500,0,0.0003616723697632551,0,0.7864434123039246,10,0.026180462911725044,10781.913845806,178.83245849609375
0.2237287312746048,0.6399999856948853,0.007721510250121355,111.55879974365234,95,0.6446083784103394,0.0008033470367081463,1,1.0536491870880127,4.1961669694501325e-09,0.9988638758659363,16.280637741088867,0.1390138864517212,1.266161561012268,0.7884683609008789,1.6093984842300415,10781.06640625,0.01154182106256485,0.17609916627407074,11.677128791809082,0.11743596196174622,94,0.9785847067832947,0.9988638758659363,-0.010663755238056183,1.0536491870880127,0.03193296119570732,0.0801490917801857,0.10283386707305908,0.9988638758659363,2.625,1.0536491870880127,2.2114129066467285,95.27814483642578,1746581671.8415124,0.7884683609008789,1900000.0,0.024769523181021214,0,500,0,0.0003849632339552045,0,0.7884683609008789,10,0.1012469232082367,10894.552060266,179.27764892578125
0.22926682233810425,0.8799999952316284,0.01360025443136692,112.54705047607422,96,0.6366825699806213,6.060719897504896e-05,1,1.059597134590149,-1.2207030941624453e-08,0.9999143481254578,15.963910102844238,0.18906012177467346,2.219611644744873,0.7903973460197449,1.2126662731170654,10893.6796875,0.05657606199383736,0.3109252452850342,10.344429016113281,0.2621137201786041,95,0.9662725925445557,0.9999143481254578,-0.03293685242533684,1.059597134590149,0.10456018149852753,0.04721223935484886,0.953450083732605,0.9999143481254578,8.899999618530273,1.059597134590149,2.0465078353881836,96.5831069946289,1746581784.479167,0.7903973460197449,1920000.0,0.04503424093127251,0,500,0,0.0004023857763968408,0,0.7903973460197449,10,0.4084707200527191,11007.027267228,177.70347595214844
0.21770775318145752,1.340000033378601,0.014308047480881214,112.40111541748047,97,0.6280236840248108,0.00045833291369490325,1,1.0655221939086914,1.1444091230217168e-09,1.0006481409072876,15.967501640319824,0.18414047360420227,2.127448558807373,0.7922905683517456,1.1822917461395264,11006.1796875,-0.010184387676417828,0.22490239143371582,10.099128723144531,0.6528778672218323,96,0.9530434608459473,1.0006482601165771,0.006466478109359741,1.0655221939086914,0.0689934715628624,0.0536787174642086,-0.0921630859375,1.0006482601165771,5.800000190734863,1.0655221939086914,2.0639750957489014,96.43360137939453,1746581896.9551034,0.7922905683517456,1940000.0,-0.06676044967025518,0,500,0,0.0004512898449320346,0,0.7922905683517456,10,-0.11952392756938934,11119.315048659,177.93417358398438
0.21517205238342285,1.2599999904632568,0.012238428927958012,112.22830963134766,98,0.6238735318183899,0.0012786230072379112,1,1.071175456047058,-3.433227480087453e-09,1.0018081665039062,15.972686767578125,0.16831928491592407,1.488731861114502,0.7941433191299438,1.2783564329147339,11118.470703125,-0.05011450871825218,0.21820878982543945,10.525286674499512,0.6141733527183533,97,0.946749746799469,1.0018081665039062,0.00570504367351532,1.071175456047058,0.036019910126924515,0.05938376113772392,-0.6387166976928711,1.0018081665039062,3.0999999046325684,1.071175456047058,2.162912607192993,96.2555923461914,1746582009.2428458,0.7941433191299438,1960000.0,-0.039930121041834354,0,500,0,0.00043331162305548787,0,0.7941433191299438,10,-0.020230527967214584,11231.050644524,178.20816040039062
0.2321206033229828,0.4699999988079071,0.006677317898720503,111.6681137084961,99,0.6171377897262573,0.0008281574700959027,1,1.0763994455337524,-1.2207030941624453e-08,1.0011711120605469,16.27961540222168,0.13412199914455414,0.7141812443733215,0.7958720326423645,1.7306675910949707,11230.19921875,-0.07497953623533249,0.22677922248840332,10.826759338378906,0.6926290988922119,98,0.9359734058380127,1.0011711120605469,0.0018416941165924072,1.0763994455337524,0.0722992792725563,0.06122545525431633,-0.7745506167411804,1.0011711120605469,1.149999976158142,1.0763994455337524,2.1703104972839355,95.38848114013672,1746582120.9784522,0.7958720326423645,1980000.0,-0.024865027517080307,0,500,0,0.00040498317684978247,0,0.7958720326423645,10,-0.07384425401687622,11343.231853237,179.10215759277344
0.20631100237369537,0.5199999809265137,0.007177005056291819,112.10850524902344,100,0.6113693118095398,0.0011683106422424316,1,1.0816608667373657,-3.8146971692576415e-10,1.0016522407531738,16.027067184448242,0.12358886003494263,1.1812937259674072,0.7974943518638611,1.6693333387374878,11342.3759765625,-0.0015072081005200744,0.18843629956245422,11.406577110290527,0.48792314529418945,99,0.9267720580101013,1.0016522407531738,0.014574553817510605,1.0816608667373657,0.06379725784063339,0.07580000907182693,0.4671124815940857,1.0016522407531738,5.625,1.0816608667373657,2.2189958095550537,96.0814208984375,1746582233.159575,0.7974943518638611,2000000.0,0.07347232813481241,0,500,0,0.0004371185787022114,0,0.7974943518638611,10,-0.009419139474630356,11343.617589523,178.39859008789062
