Metrics/EpLen,Time/Epoch,_step,Metrics/LagrangeMultiplier,Loss/Loss_cost_critic/Delta,Value/cost,Loss/Loss_pi,Value/reward,Value/Adv,Train/PolicyRatio,Loss/Loss_reward_critic,Loss/Loss_reward_critic/Delta,_timestamp,Train/Epoch,Train/PolicyRatio/Std,Metrics/LagrangeMultiplier/Max,Time/Total,Loss/Loss_pi/Delta,Train/Entropy,Time/FPS,Train/PolicyRatio/Max,Train/StopIter,Train/PolicyStd,Metrics/LagrangeMultiplier/Std,TotalEnvSteps,Metrics/EpRet,Metrics/LagrangeMultiplier/Min,Train/LR,Train/KL,_runtime,Time/Rollout,Loss/Loss_cost_critic,Metrics/EpCost,Time/Update,Train/PolicyRatio/Min
500,190.48458862304688,1,0.03599999472498894,12.943260192871094,0.02311144396662712,-0.02413281239569187,0.023953093215823174,0.16437089443206787,0.9992403984069824,5.757611274719238,5.757611274719238,1743331710.4982474,0,0.014980850741267204,0.03599999472498894,190.48593139648438,-0.02413281239569187,1.4195533990859985,104.99536895751953,0.9992403388023376,25,1.000622272491455,0,20000.0,-3.60896372795105,0.03599999472498894,0.0002969999914057553,0.02002490870654583,377.028040933,123.90455627441406,12.943260192871094,35.92499923706055,66.5799560546875,0.9992403388023376
500,185.2893524169922,2,0.07025660574436188,-7.307459831237793,0.6704550385475159,-0.02459985390305519,-0.18702878057956696,0.020563490688800812,0.998591959476471,4.178643226623535,-1.5789680480957031,1743331895.860333,1,0.01532206404954195,0.07025660574436188,375.8504638671875,-0.0004670415073633194,1.4173935651779175,107.93928527832031,0.9985918998718262,23,0.9984824061393738,0,40000.0,0.927302360534668,0.07025660574436188,0.00029399999766610563,0.020410852506756783,555.208315203,125.11540985107422,5.635800361633301,25.899999618530273,60.17388153076172,0.9985918998718262
500,178.10435485839844,3,0.10329388082027435,-4.186298608779907,1.5668818950653076,-0.023806799203157425,-0.011238164268434048,0.12073680013418198,0.998683512210846,4.0734477043151855,-0.10519552230834961,1743332074.0407405,2,0.015750786289572716,0.10329388082027435,554.0293579101562,0.0007930546998977661,1.415219783782959,112.29371643066406,0.998683512210846,20,0.9963158369064331,0,60000.0,1.0757256746292114,0.10329388082027435,0.000291000003926456,0.021301815286278725,723.559554529,124.61368560791016,1.4495017528533936,18.40999984741211,53.49056625366211,0.998683512210846
500,168.27352905273438,4,0.1368045061826706,13.3282310962677,1.3537017107009888,-0.02730139158666134,0.08222533017396927,-0.010030537843704224,0.9984554052352905,5.864971160888672,1.7915234565734863,1743332242.391773,3,0.015143172815442085,0.1368045061826706,722.3751220703125,-0.003494592383503914,1.414867639541626,118.8541030883789,0.9984553456306458,17,0.9959669709205627,0,80000.0,0.047880154103040695,0.1368045061826706,0.0002880000101868063,0.020972328260540962,889.620363474,123.29916381835938,14.777732849121094,26.299999237060547,44.974308013916016,0.9984553456306458
500,165.9910430908203,5,0.1709544062614441,-5.167118072509766,5.858265399932861,-0.025316741317510605,0.14877578616142273,0.19928300380706787,0.9989379048347473,6.700725555419922,0.83575439453125,1743332408.452706,4,0.01537960022687912,0.1709544062614441,888.44921875,0.001984650269150734,1.4122874736785889,120.48843383789062,0.9989379048347473,16,0.993416965007782,0,100000.0,0.3274403512477875,0.1709544062614441,0.0002849999873433262,0.020149536430835724,1054.346272434,124.01431274414062,9.610614776611328,35.119998931884766,41.976654052734375,0.9989379048347473
500,164.6388702392578,6,0.20555229485034943,-1.216191291809082,3.9881348609924316,-0.02539704367518425,0.10062801837921143,0.11544457077980042,1.0000418424606323,6.941650390625,0.24092483520507812,1743332573.1788268,5,0.01550872903317213,0.20555229485034943,1053.154296875,-8.030235767364502e-05,1.411442518234253,121.4780044555664,1.0000418424606323,15,0.9925845265388489,0,120000.0,2.9478273391723633,0.20555229485034943,0.00028199999360367656,0.0203440822660923,1211.361032881,125.98308563232422,8.394423484802246,35.779998779296875,38.655704498291016,1.0000418424606323
500,156.94158935546875,7,0.24057729542255402,10.712454795837402,3.180588483810425,-0.03394477814435959,0.21949589252471924,0.13184912502765656,0.9979225993156433,4.837767601013184,-2.1038827896118164,1743332730.1934464,6,0.015505830757319927,0.24057729542255402,1210.1888427734375,-0.008547734469175339,1.4109781980514526,127.43594360351562,0.9979225397109985,13,0.9921317100524902,0,140000.0,3.8092806339263916,0.24057729542255402,0.0002789999998640269,0.021040892228484154,1378.457746052,124.45632934570312,19.10687828063965,44.959999084472656,32.48518753051758,0.9979225397109985
500,167.02676391601562,8,0.2758658826351166,-13.375550746917725,3.6277711391448975,-0.02632990851998329,0.44036903977394104,-0.02731984481215477,0.9990094304084778,4.8169450759887695,-0.020822525024414062,1743332897.2904081,7,0.015470420941710472,0.2758658826351166,1377.2845458984375,0.007614869624376297,1.4102312326431274,119.74128723144531,0.9990094304084778,16,0.9914174675941467,0,160000.0,1.5498666763305664,0.2758658826351166,0.00027600000612437725,0.020923497155308723,1530.451661131,125.37681579589844,5.731327533721924,39.349998474121094,41.64985275268555,0.9990094304084778
500,151.89231872558594,9,0.31116825342178345,5.531391620635986,4.856166362762451,-0.027217470109462738,0.5279736518859863,-0.054184965789318085,0.9986233115196228,5.501557350158691,0.6846122741699219,1743333049.2842095,8,0.016212448477745056,0.31116825342178345,1529.2469482421875,-0.0008875615894794464,1.4095650911331177,131.67222595214844,0.9986233115196228,11,0.9907738566398621,0,180000.0,0.2270880937576294,0.31116825342178345,0.0002730000123847276,0.020436836406588554,1687.70315411,124.9430923461914,11.26271915435791,34.88999938964844,26.94916343688965,0.9986233115196228
500,157.18026733398438,10,0.34614720940589905,-5.014448165893555,4.023981094360352,-0.028173713013529778,0.5505011081695557,-0.3049529194831848,1.001072883605957,4.818589210510254,-0.6829681396484375,1743333206.5358827,9,0.016039501875638962,0.34614720940589905,1686.5279541015625,-0.0009562429040670395,1.408768653869629,127.24243927001953,1.0010727643966675,13,0.9900027513504028,0,200000.0,1.286001443862915,0.34614720940589905,0.0002699999895412475,0.020437126979231834,1838.722865547,123.94954681396484,6.2482709884643555,29.309999465942383,33.23065185546875,1.0010727643966675
500,150.95297241210938,11,0.38116171956062317,7.6422624588012695,7.464974880218506,-0.029418569058179855,0.3339468240737915,-0.14905118942260742,0.9999685287475586,5.558719158172607,0.7401299476623535,1743333357.5553424,10,0.016655677929520607,0.38116171956062317,1837.5526123046875,-0.0012448560446500778,1.4096441268920898,132.49159240722656,0.9999685883522034,11,0.9908668398857117,0,220000.0,3.285122871398926,0.38116171956062317,0.00026699999580159783,0.02100915089249611,1981.767216706,122.96297454833984,13.890533447265625,33.97999954223633,27.989891052246094,0.9999685883522034
500,142.97882080078125,12,0.41663435101509094,3.832294464111328,9.473172187805176,-0.03230677545070648,0.2931697368621826,0.19690914452075958,1.000627875328064,8.293767929077148,2.735048770904541,1743333500.5999613,11,0.015082386322319508,0.41663435101509094,1980.59716796875,-0.0028882063925266266,1.4091036319732666,139.880859375,1.000627875328064,8,0.9903080463409424,0,240000.0,3.655524969100952,0.41663435101509094,0.0002640000020619482,0.020391138270497322,2147.016549557,122.16926574707031,17.722827911376953,43.72999954223633,20.80949592590332,1.000627875328064
500,165.188720703125,13,0.45208030939102173,-11.617689609527588,5.584006309509277,-0.0328255370259285,0.44467148184776306,0.07594111561775208,1.0012753009796143,4.497529983520508,-3.7962379455566406,1743333665.8492718,12,0.015567593276500702,0.45208030939102173,2145.8486328125,-0.0005187615752220154,1.4078248739242554,121.07364654541016,1.0012753009796143,16,0.9890937805175781,0,260000.0,1.9466538429260254,0.45208030939102173,0.0002610000083222985,0.02103324607014656,2289.768374643,123.85470581054688,6.105138301849365,35.09000015258789,41.33395004272461,1.0012753009796143
500,142.6935272216797,14,0.4873560667037964,3.9684882164001465,6.284183025360107,-0.028526335954666138,0.3471573293209076,0.20090603828430176,1.0019580125808716,5.606423377990723,1.1088933944702148,1743333808.601095,13,0.01665247417986393,0.4873560667037964,2288.602783203125,0.00429920107126236,1.4068511724472046,140.16053771972656,1.0019580125808716,8,0.9881357550621033,0,280000.0,3.2213568687438965,0.4873560667037964,0.0002579999854788184,0.02036607638001442,2444.300762677,123.40184783935547,10.073626518249512,32.61000061035156,19.291610717773438,1.0019580125808716
500,154.46568298339844,15,0.5220075249671936,-3.6018171310424805,6.081289768218994,-0.032844461500644684,0.5037514567375183,-0.027784720063209534,1.0011978149414062,4.844418525695801,-0.7620048522949219,1743333963.1335125,14,0.01625119335949421,0.5220075249671936,2443.126708984375,-0.004318125545978546,1.4060813188552856,129.4785919189453,1.0011979341506958,12,0.9873671531677246,0,300000.0,2.4170780181884766,0.5220075249671936,0.00025499999173916876,0.021352915093302727,2594.369293002,123.52944946289062,6.471809387207031,25.760000228881836,30.936174392700195,1.0011979341506958
500,149.99111938476562,16,0.5558359622955322,-0.8220109939575195,5.147976398468018,-0.028454361483454704,0.6252453923225403,0.1349128782749176,1.0009040832519531,4.019100666046143,-0.8253178596496582,1743334113.201506,15,0.01571313664317131,0.5558359622955322,2593.1845703125,0.0043901000171899796,1.4050374031066895,133.3412322998047,1.0009040832519531,10,0.9863623380661011,0,320000.0,3.218052387237549,0.5558359622955322,0.0002519999979995191,0.020574551075696945,2743.797084592,124.33358001708984,5.649798393249512,22.200000762939453,25.657440185546875,1.0009040832519531
500,149.34727478027344,17,0.5886538028717041,-0.9246349334716797,5.911962985992432,-0.027966860681772232,0.8876760601997375,-0.19373591244220734,0.999963641166687,5.869043350219727,1.849942684173584,1743334262.6297815,16,0.015869682654738426,0.5886538028717041,2742.616943359375,0.00048750080168247223,1.402859091758728,133.91607666015625,0.9999637007713318,11,0.9842249155044556,0,340000.0,3.836472272872925,0.5886538028717041,0.00024900000425986946,0.020391687750816345,2891.701911336,122.64653778076172,4.725163459777832,18.850000381469727,26.700666427612305,0.9999637007713318
500,147.83444213867188,18,0.6207115054130554,3.3829050064086914,4.301952362060547,-0.03148135542869568,0.8649218678474426,-0.3446694612503052,1.001537561416626,5.6003642082214355,-0.268679141998291,1743334410.5344458,17,0.016749411821365356,0.6207115054130554,2890.5263671875,-0.0035144947469234467,1.401458978652954,135.28646850585938,1.001537561416626,9,0.9828712940216064,0,360000.0,3.065525531768799,0.6207115054130554,0.0002460000105202198,0.020543640479445457,3040.144954706,125.1654052734375,8.108068466186523,20.079999923706055,22.668947219848633,1.001537561416626
500,148.3587188720703,19,0.6525261402130127,0.7098302841186523,3.7416679859161377,-0.037622105330228806,0.8179534673690796,-0.4654780924320221,0.999330461025238,3.794402837753296,-1.8059613704681396,1743334558.9774153,18,0.016819417476654053,0.6525261402130127,3038.9560546875,-0.006140749901533127,1.402001142501831,134.8083953857422,0.9993305206298828,10,0.9834206700325012,0,380000.0,4.4352521896362305,0.6525261402130127,0.00024300000222865492,0.02254580333828926,3185.232600895,123.44108581542969,8.817898750305176,24.649999618530273,24.917522430419922,0.9993305206298828
500,145.03057861328125,20,0.6855864524841309,11.121121406555176,6.612835884094238,-0.0566837377846241,0.8888632655143738,0.11840693652629852,1.0011919736862183,6.87573766708374,3.0813348293304443,1743334704.0653334,19,0.017408620566129684,0.6855864524841309,3184.071533203125,-0.019061632454395294,1.4022960662841797,137.90196228027344,1.0011918544769287,9,0.983726441860199,0,400000.0,5.528006553649902,0.6855864524841309,0.00023999999393709004,0.02173074521124363,3340.44285148,122.43610382080078,19.93902015686035,45.83000183105469,22.594411849975586,1.0011918544769287
500,155.14715576171875,21,0.7196282148361206,-10.889796257019043,4.028405666351318,-0.04269404709339142,0.7431384325027466,-0.043498385697603226,1.0008982419967651,4.30040168762207,-2.57533597946167,1743334859.275384,20,0.015058708377182484,0.7196282148361206,3339.27197265625,0.013989690691232681,1.4050372838974,128.9098663330078,1.0008983612060547,12,0.9863919019699097,0,420000.0,4.036818027496338,0.7196282148361206,0.00023700000019744039,0.020586960017681122,3500.007754416,125.20040130615234,9.049223899841309,44.90999984741211,29.946697235107422,1.0008983612060547
500,159.42237854003906,22,0.7541763186454773,-1.5009784698486328,5.147159099578857,-0.037672728300094604,0.8709526658058167,0.2227058857679367,1.0028835535049438,5.455132484436035,1.1547307968139648,1743335018.8398292,21,0.015741189941763878,0.7541763186454773,3498.76025390625,0.005021318793296814,1.4064394235610962,125.4529037475586,1.0028835535049438,14,0.9877638816833496,0,440000.0,3.5119833946228027,0.7541763186454773,0.00023400000645779073,0.021122705191373825,3645.884769492,123.80775451660156,7.548245429992676,39.369998931884766,35.61453628540039,1.0028835535049438
500,145.81214904785156,23,0.7884924411773682,0.38616371154785156,6.565236568450928,-0.038933165371418,0.9373572468757629,0.1965845227241516,1.0030537843704224,5.047691822052002,-0.4074406623840332,1743335164.7174044,22,0.017064787447452545,0.7884924411773682,3644.72119140625,-0.0012604370713233948,1.4048402309417725,137.1627960205078,1.0030536651611328,9,0.9861719012260437,0,460000.0,1.1325619220733643,0.7884924411773682,0.00023099999816622585,0.021220721304416656,3797.192114817,123.47315216064453,7.934409141540527,29.610000610351562,22.338878631591797,1.0030536651611328
500,151.24578857421875,24,0.8224309682846069,-0.716609001159668,5.487561225891113,-0.03914313390851021,0.8610000014305115,-0.1236054077744484,0.9992818832397461,5.204206943511963,0.15651512145996094,1743335316.0246065,23,0.0162248183041811,0.8224309682846069,3796.023681640625,-0.00020996853709220886,1.4059430360794067,132.23509216308594,0.9992818832397461,11,0.9873057007789612,0,480000.0,1.8352574110031128,0.8224309682846069,0.0002280000044265762,0.02245357260107994,3947.05849844,123.71007537841797,7.217800140380859,27.31999969482422,27.5356502532959,0.9992818832397461
500,149.80470275878906,25,0.8558046221733093,-1.1211700439453125,4.800311088562012,-0.040275685489177704,0.7480743527412415,0.15086662769317627,1.0002679824829102,5.049182891845703,-0.15502405166625977,1743335465.8909676,24,0.016040131449699402,0.8558046221733093,3945.892333984375,-0.0011325515806674957,1.4085315465927124,133.5071563720703,1.0002679824829102,10,0.9898840188980103,0,500000.0,2.9829068183898926,0.8558046221733093,0.00022499999613501132,0.02059888280928135,4106.869997891,124.2612075805664,6.096630096435547,24.440000534057617,25.543424606323242,1.0002679824829102
500,159.74208068847656,26,0.88836270570755,-1.7662134170532227,4.237405300140381,-0.038096364587545395,0.716881513595581,-0.046499092131853104,1.0021488666534424,4.835057735443115,-0.2141251564025879,1743335625.7026799,25,0.016271311789751053,0.88836270570755,4105.69580078125,0.002179320901632309,1.4082523584365845,125.20182037353516,1.0021488666534424,14,0.989615261554718,0,520000.0,2.607794761657715,0.88836270570755,0.00022200000239536166,0.020634371787309647,4246.127129981,124.35418701171875,4.330416679382324,20.790000915527344,35.38783645629883,1.0021488666534424
500,139.18560791015625,27,0.9207414388656616,2.0376691818237305,4.010431289672852,-0.03229031711816788,0.5677838921546936,0.022150330245494843,0.998737633228302,4.7029595375061035,-0.13209819793701172,1743335764.9597654,26,0.016589511185884476,0.9207414388656616,4244.9501953125,0.005806047469377518,1.410435438156128,143.69302368164062,0.998737633228302,7,0.9918135404586792,0,540000.0,2.797299861907959,0.9207414388656616,0.00021899999410379678,0.021651582792401314,4394.776423436,124.21172332763672,6.368085861206055,26.959999084472656,14.973814010620117,0.998737633228302
500,148.5928192138672,28,0.9530148506164551,1.7130155563354492,4.261817932128906,-0.044161606580019,0.7704577445983887,0.05024809390306473,1.000860333442688,5.352978706359863,0.6500191688537598,1743335913.6091495,27,0.015801701694726944,0.9530148506164551,4393.6123046875,-0.01187128946185112,1.4127302169799805,134.59600830078125,1.0008602142333984,9,0.9941408038139343,0,560000.0,3.091701030731201,0.9530148506164551,0.00021600000036414713,0.02034791000187397,4547.552200595,125.40137481689453,8.081101417541504,27.520000457763672,23.19139862060547,1.0008602142333984
500,152.70167541503906,29,0.9858115911483765,0.641840934753418,4.126928329467773,-0.059319086372852325,0.7409160137176514,0.07383644580841064,1.0007591247558594,6.186039447784424,0.8330607414245605,1743336066.3845475,28,0.01666652038693428,0.9858115911483765,4546.36962890625,-0.015157479792833328,1.4137154817581177,130.97433471679688,1.0007591247558594,11,0.9951686263084412,0,580000.0,5.822000026702881,0.9858115911483765,0.00021300000662449747,0.02003161795437336,4704.90492962,124.34961700439453,8.722942352294922,35.15999984741211,28.352005004882812,1.0007591247558594
500,157.27777099609375,30,1.0183268785476685,-4.2713942527771,5.631312847137451,-0.03597519174218178,0.6174544095993042,-0.052064456045627594,1.0016450881958008,5.239193439483643,-0.9468460083007812,1743336223.737292,29,0.01536332443356514,1.0183268785476685,4703.7265625,0.023343894630670547,1.4128068685531616,127.1635513305664,1.0016450881958008,13,0.9942765235900879,0,600000.0,5.984611988067627,1.0183268785476685,0.0002099999983329326,0.020102551206946373,4852.768643004,124.23064422607422,4.451548099517822,26.0,33.04704284667969,1.0016450881958008
500,147.79736328125,31,1.050209403038025,4.060795307159424,4.339101791381836,-0.05116906017065048,0.6020801067352295,0.05748090147972107,0.999966561794281,7.113226413726807,1.874032974243164,1743336371.600806,30,0.0173684973269701,1.050209403038025,4851.59814453125,-0.015193868428468704,1.412709355354309,135.32041931152344,0.999966561794281,10,0.9941787123680115,0,620000.0,3.8356592655181885,1.050209403038025,0.00020700000459328294,0.02217930555343628,5017.200629181,122.45413208007812,8.512343406677246,21.670000076293945,25.34316635131836,0.999966561794281
500,164.35281372070312,32,1.0815800428390503,-4.753300905227661,3.6519956588745117,-0.04848409816622734,0.7878367900848389,-0.17900553345680237,1.0017836093902588,4.583601951599121,-2.5296244621276855,1743336536.0331566,31,0.015935612842440605,1.0815800428390503,5016.01904296875,0.0026849620044231415,1.4131115674972534,121.6894302368164,1.0017836093902588,16,0.994583249092102,0,640000.0,5.094411849975586,1.0815800428390503,0.00020399999630171806,0.021777627989649773,5180.699713079,124.61431121826172,3.759042501449585,22.18000030517578,39.73843765258789,1.0017836093902588
500,163.42311096191406,33,1.1118619441986084,-1.092231035232544,3.3617305755615234,-0.029466992244124413,0.6639468669891357,0.1249096691608429,1.0027302503585815,4.436285972595215,-0.14731597900390625,1743336699.5323129,32,0.015350164845585823,1.1118619441986084,5179.51611328125,0.019017105922102928,1.4122344255447388,122.3817138671875,1.0027302503585815,15,0.9937254190444946,0,660000.0,5.260087966918945,1.1118619441986084,0.0002010000025620684,0.0200860146433115,5334.509197706,125.84003448486328,2.666811466217041,15.640000343322754,37.5830078125,1.0027302503585815
500,153.7398681640625,34,1.140961766242981,1.5069141387939453,3.527087450027466,-0.04826006665825844,0.7877258658409119,0.3612824082374573,1.0022494792938232,4.666362762451172,0.23007678985595703,1743336853.3412223,33,0.016781607642769814,1.140961766242981,5333.33203125,-0.018793074414134026,1.4130229949951172,130.08987426757812,1.0022495985031128,12,0.9945207238197327,0,680000.0,1.2806888818740845,1.140961766242981,0.00019799999427050352,0.021578921005129814,5483.893057123,123.35662841796875,4.173725605010986,13.640000343322754,30.383182525634766,1.0022495985031128
500,149.30780029296875,35,1.1699446439743042,4.371459484100342,4.362504482269287,-0.05379203334450722,0.428081750869751,0.19662348926067352,1.0001085996627808,6.083685874938965,1.417323112487793,1743337002.7257528,34,0.017533693462610245,1.1699446439743042,5482.71875,-0.005531966686248779,1.4147754907608032,133.95147705078125,1.0001085996627808,10,0.9962628483772278,0,700000.0,1.2953462600708008,1.1699446439743042,0.00019500000053085387,0.022523241117596626,5634.16110374,124.80400085449219,8.545185089111328,22.940000534057617,24.503740310668945,1.0001085996627808
500,150.1978759765625,36,1.199379563331604,-1.9271068572998047,5.113933563232422,-0.04156923666596413,0.7744166254997253,-0.05110124126076698,1.003143072128296,4.987600803375244,-1.0960850715637207,1743337152.993672,35,0.016314590349793434,1.199379563331604,5632.982421875,0.01222279667854309,1.414351463317871,133.1576690673828,1.003143072128296,10,0.995851457118988,0,720000.0,4.949617385864258,1.199379563331604,0.00019200000679120421,0.021074291318655014,5791.176067387,124.55348205566406,6.618078231811523,28.719999313354492,25.644332885742188,1.003143072128296
500,156.93629455566406,37,1.2285794019699097,-0.23651599884033203,4.586949825286865,-0.06341653317213058,0.6677793264389038,0.10375553369522095,1.0013211965560913,4.391744136810303,-0.5958566665649414,1743337310.0086823,36,0.01685516908764839,1.2285794019699097,5789.9931640625,-0.021847296506166458,1.4120100736618042,127.44024658203125,1.0013211965560913,13,0.9935851097106934,0,740000.0,6.565656661987305,1.2285794019699097,0.00018899999849963933,0.0214027538895607,5944.889882744,123.36650848388672,6.381562232971191,21.969999313354492,33.56964111328125,1.0013211965560913
500,153.6409454345703,38,1.2579141855239868,-0.03707170486450195,4.825093746185303,-0.05223584920167923,0.7924558520317078,0.05885794386267662,1.0020169019699097,5.258619785308838,0.8668756484985352,1743337463.7222,37,0.016670839861035347,1.2579141855239868,5943.70947265625,0.011180683970451355,1.4121708869934082,130.1736297607422,1.0020169019699097,12,0.9937412142753601,0,760000.0,3.9309165477752686,1.2579141855239868,0.00018600000475998968,0.02141483500599861,6092.602908363,123.94886016845703,6.3444905281066895,25.40999984741211,29.69196891784668,1.0020169019699097
500,147.6532745361328,39,1.2878516912460327,4.004626750946045,4.549613952636719,-0.05799240991473198,0.8170328140258789,-0.29122626781463623,1.0012362003326416,5.176509857177734,-0.08210992813110352,1743337611.4355855,38,0.0170117374509573,1.2878516912460327,6091.4404296875,-0.00575656071305275,1.4124443531036377,135.4524688720703,1.001236081123352,9,0.9939868450164795,0,780000.0,3.796069383621216,1.2878516912460327,0.0001829999964684248,0.020636901259422302,6243.507181852,124.86610412597656,10.349117279052734,30.440000534057617,22.787097930908203,1.001236081123352
500,150.8267822265625,40,1.3182997703552246,-4.067887306213379,4.429081916809082,-0.054914023727178574,0.8475823998451233,-0.1868906170129776,1.002143383026123,5.462654113769531,0.2861442565917969,1743337762.3397431,39,0.015695961192250252,1.3182997703552246,6242.32763671875,0.0030783861875534058,1.4118255376815796,132.60244750976562,1.002143383026123,11,0.9933916926383972,0,800000.0,4.826398849487305,1.3182997703552246,0.00018000000272877514,0.021463125944137573,6395.699734065,124.51272583007812,6.2812299728393555,30.1200008392334,26.313982009887695,1.002143383026123
500,152.12747192382812,41,1.349027156829834,2.1060590744018555,5.802161693572998,-0.057166293263435364,0.7537177801132202,-0.010960282757878304,1.0002663135528564,6.693689346313477,1.2310352325439453,1743337914.532251,40,0.0165118295699358,1.349027156829834,6394.53076171875,-0.00225226953625679,1.4120335578918457,131.4687042236328,1.0002663135528564,12,0.9935831427574158,0,820000.0,8.742012023925781,1.349027156829834,0.00017699999443721026,0.020129665732383728,6545.786181903,122.51695251464844,8.387289047241211,28.200000762939453,29.610448837280273,1.0002663135528564
500,150.01593017578125,42,1.3800764083862305,0.6867313385009766,4.766307830810547,-0.061368297785520554,1.3299951553344727,0.11327415704727173,1.0002585649490356,5.506678581237793,-1.1870107650756836,1743338064.6189318,41,0.016038144007325172,1.3800764083862305,6544.61083984375,-0.00420200452208519,1.4126927852630615,133.3191680908203,1.0002585649490356,10,0.9942451119422913,0,840000.0,9.423969268798828,1.3800764083862305,0.0001740000006975606,0.020174317061901093,6706.161109875,123.89276123046875,9.074020385742188,28.920000076293945,26.123104095458984,1.0002585649490356
500,160.3025360107422,43,1.411556601524353,-0.9593915939331055,3.400270700454712,-0.0665195882320404,0.9652132987976074,-0.12979193031787872,0.9990118741989136,3.817387342453003,-1.68929123878479,1743338224.99369,42,0.016163833439350128,1.411556601524353,6704.98095703125,-0.005151290446519852,1.4149242639541626,124.76409912109375,0.9990118741989136,14,0.9965144991874695,0,860000.0,9.054713249206543,1.411556601524353,0.00017100000695791095,0.020856786519289017,6865.021170288,124.8230209350586,8.114628791809082,30.420000076293945,35.47943115234375,0.9990118741989136
500,158.79403686523438,44,1.4431447982788086,-2.4224328994750977,5.362848281860352,-0.055359482765197754,0.8504718542098999,0.042913421988487244,1.0033328533172607,6.399359226226807,2.5819718837738037,1743338383.8538663,43,0.016212711110711098,1.4431447982788086,6863.84912109375,0.011160105466842651,1.4140812158584595,125.94931030273438,1.0033328533172607,14,0.9956521391868591,0,880000.0,6.027667045593262,1.4431447982788086,0.00016799999866634607,0.021325813606381416,7013.644585531,123.14607238769531,5.692195892333984,27.459999084472656,35.647911071777344,1.0033328533172607
500,148.52330017089844,45,1.4748005867004395,1.5967321395874023,4.5055646896362305,-0.0758523941040039,1.2130240201950073,-0.12010599672794342,1.001197338104248,4.925429344177246,-1.4739298820495605,1743338532.4770596,44,0.01671149581670761,1.4748005867004395,7012.43701171875,-0.020492911338806152,1.4146369695663452,134.6590118408203,1.001197338104248,10,0.9962263703346252,0,900000.0,6.268136501312256,1.4748005867004395,0.00016500000492669642,0.020316949114203453,7179.350909109,123.10607147216797,7.288928031921387,27.110000610351562,25.417165756225586,1.001197338104248
500,165.630859375,46,1.506317377090454,-3.3265252113342285,5.046286106109619,-0.04827412590384483,1.4096689224243164,0.11356531828641891,1.0031076669692993,5.065794944763184,0.1403656005859375,1743338698.1835394,45,0.015533214434981346,1.506317377090454,7178.17236328125,0.027578268200159073,1.413644790649414,120.75045013427734,1.0031076669692993,17,0.9952046275138855,0,920000.0,4.450276851654053,1.506317377090454,0.00016199999663513154,0.02014835737645626,7331.068882749,122.79584503173828,3.962402820587158,25.020000457763672,42.83488845825195,1.0031076669692993
500,151.649658203125,47,1.5377833843231201,4.557737827301025,5.384088516235352,-0.06604169309139252,1.2633625268936157,0.04482883960008621,1.001022458076477,5.468881130218506,0.40308618545532227,1743338849.901662,46,0.017100965604186058,1.5377833843231201,7329.89404296875,-0.017767567187547684,1.416748285293579,131.8829345703125,1.0010225772857666,11,0.9982906579971313,0,940000.0,7.509866237640381,1.5377833843231201,0.00015900000289548188,0.02042338252067566,7493.525034359,123.273681640625,8.520140647888184,25.709999084472656,28.375911712646484,1.0010225772857666
500,162.38491821289062,48,1.5688385963439941,-2.283245086669922,6.090265274047852,-0.052639562636613846,1.4168105125427246,0.1264021247625351,1.0014866590499878,5.7315850257873535,0.26270389556884766,1743339012.3576488,47,0.015351408161222935,1.5688385963439941,7492.34912109375,0.013402130454778671,1.4172165393829346,123.16414642333984,1.0014865398406982,15,0.9987530708312988,0,960000.0,8.197701454162598,1.5688385963439941,0.000155999994603917,0.020213235169649124,7668.882054359,123.82869720458984,6.236895561218262,22.030000686645508,38.5561637878418,1.0014865398406982
500,175.29637145996094,49,1.5988173484802246,-3.5521087646484375,3.2367982864379883,-0.04502948373556137,1.5178651809692383,0.5354169607162476,1.0064843893051147,3.5586838722229004,-2.172901153564453,1743339187.714703,48,0.01591680943965912,1.5988173484802246,7667.71435546875,0.007610078901052475,1.416338562965393,114.09249114990234,1.0064843893051147,20,0.9978412985801697,0,980000.0,8.946115493774414,1.5988173484802246,0.00015300000086426735,0.020283648744225502,7829.697129535,124.85786437988281,2.684786796569824,15.289999961853027,50.43843460083008,1.0064843893051147
500,160.75872802734375,50,1.627494215965271,0.5955743789672852,4.434452533721924,-0.04169696569442749,1.7356722354888916,-0.05988249182701111,1.0020124912261963,4.065882205963135,0.5071983337402344,1743339348.5297608,49,0.016669435426592827,1.627494215965271,7828.533203125,0.0033325180411338806,1.4135390520095825,124.41004180908203,1.0020124912261963,14,0.9951027631759644,0,1000000.0,7.798001766204834,1.627494215965271,0.0001500000071246177,0.020940503105521202,7995.376725438,125.1473617553711,3.2803611755371094,12.270000457763672,35.611305236816406,1.0020124912261963
500,165.62278747558594,51,1.6548751592636108,0.03928112983703613,4.203375816345215,-0.0637185126543045,1.620013952255249,0.10629422217607498,1.0023446083068848,4.940460205078125,0.8745779991149902,1743339514.2093928,50,0.016893822699785233,1.6548751592636108,7994.21435546875,-0.022021546959877014,1.4105095863342285,120.7563247680664,1.0023446083068848,16,0.9921230673789978,0,1020000.0,4.934832572937012,1.6548751592636108,0.00014699999883305281,0.021758269518613815,8149.489822227,124.15923309326172,3.3196423053741455,11.1899995803833,41.4635009765625,1.0023446083068848
500,154.0411376953125,52,1.6821002960205078,1.2945220470428467,3.8522024154663086,-0.05999594181776047,1.396753191947937,0.10776626318693161,1.002967357635498,5.328258037567139,0.38779783248901367,1743339668.3222682,51,0.016727814450860023,1.6821002960205078,8148.310546875,0.003722570836544037,1.4111130237579346,129.83544921875,1.0029674768447876,12,0.9927700161933899,0,1040000.0,5.521063327789307,1.6821002960205078,0.00014400000509340316,0.021364903077483177,8321.64259271,123.18204498291016,4.614164352416992,20.200000762939453,30.859027862548828,1.0029674768447876
500,172.0892333984375,53,1.7091273069381714,-2.8423819541931152,2.6386308670043945,-0.04036513343453407,1.4840396642684937,-0.05580725520849228,1.003522515296936,4.962620735168457,-0.36563730239868164,1743339840.475369,52,0.015190799720585346,1.7091273069381714,8320.4775390625,0.019630808383226395,1.4098390340805054,116.2187728881836,1.0035226345062256,19,0.9915285110473633,0,1060000.0,5.538273334503174,1.7091273069381714,0.00014099999680183828,0.02002495527267456,8477.764445637,123.46134948730469,1.771782398223877,19.600000381469727,48.627830505371094,1.0035226345062256
500,156.05426025390625,54,1.735976219177246,5.0892767906188965,3.84623122215271,-0.08203437179327011,1.1718193292617798,0.04063287377357483,1.0014349222183228,5.829845428466797,0.8672246932983398,1743339996.5970292,53,0.017137132585048676,1.735976219177246,8476.5888671875,-0.04166923835873604,1.408281922340393,128.16055297851562,1.0014349222183228,13,0.9899940490722656,0,1080000.0,6.392000675201416,1.735976219177246,0.00013800000306218863,0.020708732306957245,8629.873081281,123.54341888427734,6.861059188842773,19.530000686645508,32.510738372802734,1.0014349222183228
500,152.03404235839844,55,1.763941764831543,3.1970415115356445,6.974021911621094,-0.09088990092277527,1.6381984949111938,0.2489681839942932,1.000653624534607,6.868738174438477,1.0388927459716797,1743340148.7057066,54,0.01609106734395027,1.763941764831543,8628.69140625,-0.008855529129505157,1.4086999893188477,131.5494842529297,1.000653624534607,11,0.9904093742370605,0,1100000.0,6.058923721313477,1.763941764831543,0.00013499999477062374,0.020359942689538002,8794.297387762,123.88175201416016,10.058100700378418,31.34000015258789,28.15223503112793,1.000653624534607
500,164.3487091064453,56,1.7929003238677979,-5.110625267028809,4.527066230773926,-0.06266476958990097,1.2534385919570923,0.10818822681903839,1.0010725259780884,4.39553165435791,-2.4732065200805664,1743340313.1296132,55,0.015672001987695694,1.7929003238677979,8793.1142578125,0.028225131332874298,1.4086695909500122,121.69247436523438,1.0010725259780884,15,0.9903547167778015,0,1120000.0,6.699376106262207,1.7929003238677979,0.0001320000010309741,0.021052462980151176,8952.435258695,126.02177429199219,4.947475433349609,31.299999237060547,38.32685089111328,1.0010725259780884
500,158.05987548828125,57,1.8228235244750977,1.8100509643554688,4.977100849151611,-0.08199531584978104,1.4289034605026245,0.0978558361530304,1.0013304948806763,5.800716876983643,1.4051852226257324,1743340471.267541,56,0.01580560952425003,1.8228235244750977,8951.2587890625,-0.019330546259880066,1.4090663194656372,126.5343246459961,1.0013304948806763,15,0.9907766580581665,0,1140000.0,6.590079307556152,1.8228235244750977,0.0001289999927394092,0.020224761217832565,9116.806083273,124.83566284179688,6.757526397705078,32.06999969482422,33.22409439086914,1.0013304948806763
500,164.29063415527344,58,1.8531512022018433,-1.6342434883117676,5.028616905212402,-0.06986723095178604,1.2633485794067383,-0.09640301018953323,1.0013834238052368,4.619346618652344,-1.1813702583312988,1743340635.6385102,57,0.01609979197382927,1.8531512022018433,9115.6240234375,0.012128084897994995,1.4079697132110596,121.73548126220703,1.0013834238052368,16,0.989727258682251,0,1160000.0,3.9622156620025635,1.8531512022018433,0.00012599999899975955,0.021085567772388458,9274.196204158,123.56786346435547,5.1232829093933105,27.639999389648438,40.72270965576172,1.0013834238052368
500,157.3143310546875,59,1.8836073875427246,0.8125052452087402,4.943397521972656,-0.06786660104990005,1.090590000152588,0.05403677746653557,1.003185510635376,4.776284694671631,0.1569380760192871,1743340793.0288858,58,0.015876879915595055,1.8836073875427246,9273.01953125,0.0020006299018859863,1.4071871042251587,127.13399505615234,1.003185510635376,13,0.9890123009681702,0,1180000.0,7.578665733337402,1.8836073875427246,0.0001230000052601099,0.0206032395362854,9432.52618202,125.09701538085938,5.935788154602051,25.389999389648438,32.21726608276367,1.003185510635376
500,158.25668334960938,60,1.9147459268569946,0.5917482376098633,5.858081340789795,-0.09564001113176346,1.4752638339996338,-0.08646431565284729,1.0006914138793945,6.427828311920166,1.6515436172485352,1743340951.3589568,59,0.015905536711215973,1.9147459268569946,9431.3466796875,-0.027773410081863403,1.4064059257507324,126.3769760131836,1.000691294670105,15,0.9883269667625427,0,1200000.0,7.593859672546387,1.9147459268569946,0.00011999999696854502,0.02056179940700531,9610.715061729,123.71762084960938,6.527536392211914,30.770000457763672,34.538997650146484,1.000691294670105
500,178.09146118164062,61,1.9464783668518066,-2.2599563598632812,4.668334484100342,-0.0835488885641098,0.9418357610702515,-0.004005998373031616,1.002854347229004,3.7700376510620117,-2.6577906608581543,1743341129.5476124,60,0.015721013769507408,1.9464783668518066,9609.52734375,0.012091122567653656,1.4078564643859863,112.30184173583984,1.002854347229004,21,0.9897000193595886,0,1220000.0,6.038735389709473,1.9464783668518066,0.00011700000322889537,0.020037543028593063,9781.484105345,124.199951171875,4.267580032348633,30.6200008392334,53.89140701293945,1.002854347229004
500,170.69618225097656,62,1.9782967567443848,1.7264389991760254,4.309413909912109,-0.07205294072628021,1.1527091264724731,0.24880488216876984,1.0052573680877686,3.6142618656158447,-0.155775785446167,1743341300.3168275,61,0.016151977702975273,1.9782967567443848,9780.3037109375,0.01149594783782959,1.4077953100204468,117.167236328125,1.005257248878479,18,0.9896328449249268,0,1240000.0,5.494903564453125,1.9782967567443848,0.0001140000022132881,0.020005712285637856,9953.726452079,124.6136474609375,5.994019031524658,26.34000015258789,46.08247756958008,1.005257248878479
500,172.1641845703125,63,2.010000705718994,-0.8848452568054199,3.9405882358551025,-0.08616266399621964,0.9908118844032288,-0.05893173813819885,1.0005946159362793,3.1992685794830322,-0.4149932861328125,1743341472.5591652,62,0.016053084284067154,2.010000705718994,9952.5400390625,-0.014109723269939423,1.4084385633468628,116.16818237304688,1.0005946159362793,19,0.9902446269989014,0,1260000.0,3.9804346561431885,2.010000705718994,0.00011100000119768083,0.020144959911704063,10126.90168797,123.76643371582031,5.109173774719238,24.510000228881836,48.39765930175781,1.0005946159362793
500,173.09922790527344,64,2.042823553085327,0.9851460456848145,3.998530387878418,-0.10534138232469559,0.8566111326217651,0.04051344096660614,1.0024664402008057,6.25102424621582,3.051755666732788,1743341645.734005,63,0.01586136408150196,2.042823553085327,10125.71875,-0.019178718328475952,1.407632827758789,115.5406723022461,1.0024664402008057,19,0.9894275665283203,0,1280000.0,4.509260654449463,2.042823553085327,0.00010800000018207356,0.020354408770799637,10293.242346813,124.45541381835938,6.094319820404053,36.29999923706055,48.64374542236328,1.0024664402008057
500,166.2588348388672,65,2.0762252807617188,1.5383338928222656,7.2477874755859375,-0.09547649323940277,1.4247900247573853,-0.30257952213287354,1.0012520551681519,5.199320316314697,-1.051703929901123,1743341812.0749733,64,0.015172361396253109,2.0762252807617188,10292.0615234375,0.009864889085292816,1.4069130420684814,120.29436492919922,1.0012520551681519,17,0.9886901378631592,0,1300000.0,7.639129161834717,2.0762252807617188,0.0001049999991664663,0.020567378029227257,10485.764245302,123.57842254638672,7.632653713226318,32.209999084472656,42.68029022216797,1.0012520551681519
500,192.4450225830078,66,2.109196662902832,-3.6409950256347656,4.639971733093262,-0.07134673744440079,1.1775426864624023,-0.0398891344666481,1.0040050745010376,3.467144250869751,-1.7321760654449463,1743342004.5963666,65,0.015799006447196007,2.109196662902832,10484.580078125,0.024129755795001984,1.4068043231964111,103.92578125,1.004004955291748,26,0.9885554313659668,0,1320000.0,7.52372932434082,2.109196662902832,0.00010199999815085903,0.020647505298256874,10652.922793007,125.572021484375,3.9916586875915527,23.15999984741211,66.8729248046875,1.004004955291748
500,167.07518005371094,67,2.141664743423462,3.8551077842712402,5.61346960067749,-0.08856964111328125,1.446285367012024,0.08734410256147385,1.0021369457244873,6.159811019897461,2.69266676902771,1743342171.755149,66,0.016264857724308968,2.141664743423462,10651.7412109375,-0.017222903668880463,1.4073200225830078,119.70658874511719,1.0021369457244873,17,0.9890216588973999,0,1340000.0,8.166987419128418,2.141664743423462,9.899999713525176e-05,0.02030504122376442,10822.498828943,123.42931365966797,7.846766471862793,22.049999237060547,43.645809173583984,1.0021369457244873
500,169.49830627441406,68,2.1743156909942627,0.9471464157104492,6.287895202636719,-0.09022683650255203,1.379583477973938,-0.14708468317985535,1.001434087753296,5.854043483734131,-0.3057675361633301,1743342341.3311684,67,0.015701105818152428,2.1743156909942627,10821.318359375,-0.0016571953892707825,1.4065431356430054,117.99527740478516,1.001434087753296,18,0.9882696866989136,0,1360000.0,8.294816970825195,2.1743156909942627,9.600000339560211e-05,0.020306022837758064,11002.114757173,123.51751708984375,8.793912887573242,27.90999984741211,45.980735778808594,1.001434087753296
500,179.54815673828125,69,2.207587957382202,-2.5741395950317383,4.804060459136963,-0.1017732247710228,1.3777436017990112,0.163510262966156,1.0034947395324707,4.799244403839111,-1.0547990798950195,1743342520.9474287,68,0.015897653996944427,2.207587957382202,11000.943359375,-0.011546388268470764,1.4060697555541992,111.39073181152344,1.0034947395324707,22,0.9878855347633362,0,1380000.0,6.711550235748291,2.207587957382202,9.300000237999484e-05,0.02065519616007805,11180.006281568,123.65463256835938,6.219773292541504,32.279998779296875,55.8934440612793,1.0034947395324707
500,177.81576538085938,70,2.242483139038086,-0.36864137649536133,4.54892110824585,-0.13272783160209656,1.1019521951675415,0.18422003090381622,0.9997798800468445,6.0293731689453125,1.2301287651062012,1743342698.8386316,69,0.015409859828650951,2.242483139038086,11178.8291015625,-0.03095460683107376,1.405397891998291,112.47596740722656,0.9997798204421997,21,0.9872421026229858,0,1400000.0,7.542876720428467,2.242483139038086,9.000000136438757e-05,0.020348919555544853,11359.683937699,123.8277816772461,5.851131916046143,43.150001525878906,53.98790740966797,0.9997798204421997
500,179.60769653320312,71,2.278247833251953,0.2157268524169922,6.027710914611816,-0.09002327173948288,1.4817653894424438,0.062288060784339905,1.0038291215896606,5.314137935638428,-0.7152352333068848,1743342878.5165503,70,0.01493778731673956,2.278247833251953,11358.509765625,0.04270455986261368,1.405591607093811,111.35380554199219,1.0038291215896606,22,0.9874553680419922,0,1420000.0,10.711827278137207,2.278247833251953,8.70000003487803e-05,0.02005707286298275,11541.214177536,124.5064468383789,6.066858768463135,37.439998626708984,55.101173400878906,1.0038291215896606
500,181.4534454345703,72,2.314291000366211,1.427727222442627,6.5866804122924805,-0.09357904642820358,1.3460208177566528,0.09623289853334427,1.0019373893737793,6.151821136474609,0.8376832008361816,1743343060.0469413,71,0.01597970351576805,2.314291000366211,11540.0322265625,-0.003555774688720703,1.409171223640442,110.22110748291016,1.0019373893737793,23,0.9909908175468445,0,1440000.0,9.29232120513916,2.314291000366211,8.399999933317304e-05,0.020416347309947014,11729.243441933,122.639404296875,7.494585990905762,32.529998779296875,58.8139762878418,1.0019373893737793
500,187.95864868164062,73,2.3511343002319336,1.575871467590332,6.22557258605957,-0.1402319222688675,1.4164166450500488,-0.3251171112060547,0.9995942115783691,5.670331954956055,-0.4814891815185547,1743343248.0761573,72,0.015250950120389462,2.3511343002319336,11728.0654296875,-0.04665287584066391,1.4079701900482178,106.40638732910156,0.9995941519737244,25,0.9898269176483154,0,1460000.0,7.745328903198242,2.3511343002319336,8.099999831756577e-05,0.020587019622325897,11907.308780947,124.2712631225586,9.070457458496094,38.16999816894531,63.687313079833984,0.9995941519737244
500,177.99327087402344,74,2.389005422592163,-0.3899526596069336,8.22502326965332,-0.110306516289711,1.0293965339660645,-0.024030961096286774,1.0030663013458252,5.197219371795654,-0.4731125831604004,1743343426.141413,73,0.015371769666671753,2.389005422592163,11906.12890625,0.029925405979156494,1.4078941345214844,112.3637924194336,1.0030663013458252,22,0.989790678024292,0,1480000.0,6.75436544418335,2.389005422592163,7.79999973019585e-05,0.020296303555369377,12086.214776161,123.5610580444336,8.68050479888916,41.630001068115234,54.432159423828125,1.0030663013458252
500,178.7957305908203,75,2.42824649810791,3.14780330657959,10.300617218017578,-0.12829835712909698,0.9431532025337219,-0.5419183373451233,1.0009961128234863,7.251955509185791,2.0547361373901367,1743343605.0472918,74,0.015529727563261986,2.42824649810791,12084.9970703125,-0.017991840839385986,1.4064693450927734,111.8594970703125,1.0009961128234863,22,0.9883873462677002,0,1500000.0,5.506336212158203,2.42824649810791,7.500000356230885e-05,0.02018039859831333,12271.302125855,123.33877563476562,11.82830810546875,46.869998931884766,55.45686721801758,1.0009961128234863
500,184.96327209472656,76,2.467928171157837,-0.051857948303222656,9.311274528503418,-0.12187639623880386,1.3031302690505981,0.012172456830739975,1.0015203952789307,5.717042922973633,-1.5349125862121582,1743343790.1345978,75,0.015216421335935593,2.467928171157837,12270.0791015625,0.006421960890293121,1.4054895639419556,108.12957763671875,1.0015203952789307,24,0.9873724579811096,0,1520000.0,7.5699782371521,2.467928171157837,7.200000254670158e-05,0.020257258787751198,12469.838788179,123.81504821777344,11.776450157165527,38.70000076293945,61.148162841796875,1.0015203952789307
500,198.46141052246094,77,2.5087785720825195,-1.9097480773925781,8.068248748779297,-0.1351289451122284,1.1202422380447388,-0.05642038211226463,1.0015405416488647,5.089134216308594,-0.6279087066650391,1743343988.671231,76,0.015071115456521511,2.5087785720825195,12468.6591796875,-0.01325254887342453,1.4047664403915405,100.77526092529297,1.0015405416488647,29,0.9867017865180969,0,1540000.0,8.432998657226562,2.5087785720825195,6.900000153109431e-05,0.020590893924236298,12663.491889485,124.22843170166016,9.86670207977295,47.43000030517578,74.23291015625,1.0015405416488647
500,193.57858276367188,78,2.550412178039551,2.964374542236328,9.608128547668457,-0.13596786558628082,1.2970129251480103,0.13734710216522217,1.0021201372146606,6.77697229385376,1.687838077545166,1743344182.3245702,77,0.015345310792326927,2.550412178039551,12662.310546875,-0.0008389204740524292,1.4039767980575562,103.31721496582031,1.0021201372146606,28,0.9860414266586304,0,1560000.0,11.012225151062012,2.550412178039551,6.600000051548705e-05,0.02048988826572895,12869.21755108,123.54889678955078,12.831076622009277,44.88999938964844,70.02962493896484,1.0021201372146606
500,205.647705078125,79,2.5930867195129395,-5.940574645996094,8.536033630371094,-0.11520791798830032,1.157949447631836,-0.04709124565124512,1.0029176473617554,3.9413416385650635,-2.8356306552886963,1743344388.0499187,78,0.015391853637993336,2.5930867195129395,12868.033203125,0.0207599475979805,1.40420401096344,97.25370025634766,1.0029176473617554,32,0.9863324761390686,0,1580000.0,6.218105316162109,2.5930867195129395,6.299999949987978e-05,0.020172754302620888,13081.063369395,123.35614013671875,6.890501976013184,49.18000030517578,82.29150390625,1.0029176473617554
500,211.7659912109375,80,2.635681390762329,0.15535211563110352,6.368386745452881,-0.11707886308431625,0.9116005897521973,-0.14651566743850708,1.0040767192840576,4.02065372467041,0.07931208610534668,1743344599.8959408,79,0.01571330986917019,2.635681390762329,13079.8828125,-0.0018709450960159302,1.4042412042617798,94.4438705444336,1.0040767192840576,34,0.9864306449890137,0,1600000.0,3.8120789527893066,2.635681390762329,5.999999848427251e-05,0.021087976172566414,13306.8919157,124.59564208984375,7.045854091644287,38.11000061035156,87.17022705078125,1.0040767192840576
500,225.75021362304688,81,2.677870512008667,-2.9834766387939453,7.169393062591553,-0.09980495274066925,1.1712177991867065,-0.01900453492999077,1.0042266845703125,4.025278568267822,0.004624843597412109,1743344825.7245433,80,0.015112709254026413,2.677870512008667,13305.7119140625,0.017273910343647003,1.4032527208328247,88.59349060058594,1.004226803779602,40,0.9854753613471985,0,1620000.0,5.9051079750061035,2.677870512008667,5.700000110664405e-05,0.02032049559056759,13523.403834483,123.98319244384766,4.062377452850342,34.61000061035156,101.76695251464844,1.004226803779602
500,216.43441772460938,82,2.718653917312622,0.24425554275512695,8.587160110473633,-0.1153840571641922,0.7627624273300171,-0.3672575056552887,1.0055302381515503,4.918937683105469,0.8936591148376465,1743345042.2365067,81,0.01544081512838602,2.718653917312622,13522.2197265625,-0.01557910442352295,1.3998419046401978,92.40674591064453,1.0055302381515503,36,0.9822518825531006,0,1640000.0,8.305509567260742,2.718653917312622,5.400000009103678e-05,0.020234379917383194,13741.627444063,123.23685455322266,4.306632995605469,23.940000534057617,93.19745635986328,1.0055302381515503
500,218.148681640625,83,2.7583560943603516,1.5353565216064453,6.189948081970215,-0.10423542559146881,1.4379695653915405,-0.07002831995487213,1.0041532516479492,5.133931636810303,0.21499395370483398,1743345260.4599812,82,0.015433544293045998,2.7583560943603516,13740.4453125,0.011148631572723389,1.3986531496047974,91.68058776855469,1.0041532516479492,37,0.9810670614242554,0,1660000.0,7.868375301361084,2.7583560943603516,5.0999999075429514e-05,0.020226430147886276,13946.835278054,123.47984313964844,5.841989517211914,25.75,94.66874694824219,1.0041532516479492
500,205.12994384765625,84,2.797837018966675,3.841707229614258,9.74203872680664,-0.14618685841560364,1.5151398181915283,0.14214260876178741,1.002647876739502,8.014037132263184,2.880105495452881,1743345465.6680086,83,0.015414082445204258,2.797837018966675,13945.650390625,-0.04195143282413483,1.3981105089187622,97.4991683959961,1.002647876739502,32,0.9806714057922363,0,1680000.0,5.889454364776611,2.797837018966675,4.8000001697801054e-05,0.020103970542550087,14171.059448852,122.9349365234375,9.683696746826172,33.349998474121094,82.1949462890625,1.002647876739502
500,224.15577697753906,85,2.83811092376709,-2.4915032386779785,6.145166397094727,-0.12429908663034439,1.4180642366409302,0.2561396062374115,1.0019909143447876,5.2539496421813965,-2.760087490081787,1743345689.8919458,84,0.014925619587302208,2.83811092376709,14169.8837890625,0.021887771785259247,1.399491786956787,89.22366333007812,1.0019909143447876,40,0.9820845127105713,0,1700000.0,3.4361536502838135,2.83811092376709,4.5000000682193786e-05,0.019095085561275482,14398.253485977,124.94287109375,7.192193508148193,44.0,99.21282196044922,1.0019909143447876
500,227.11383056640625,86,2.8784031867980957,-1.9935293197631836,5.471911907196045,-0.09992048889398575,1.1142174005508423,-0.020684007555246353,1.005599021911621,3.187704086303711,-2.0662455558776855,1743345917.0861666,85,0.014604438096284866,2.8784031867980957,14397.0693359375,0.024378597736358643,1.4009922742843628,88.06156921386719,1.005599021911621,40,0.9836879968643188,0,1720000.0,2.0815000534057617,2.8784031867980957,4.199999966658652e-05,0.017988037317991257,14625.019944932,124.62052917480469,5.19866418838501,36.720001220703125,102.49314880371094,1.005599021911621
500,226.68902587890625,87,2.9183218479156494,1.2679896354675293,6.699437618255615,-0.11641265451908112,0.8691539764404297,-0.051736705005168915,1.0038174390792847,4.896995544433594,1.7092914581298828,1743346143.8522322,86,0.01516595296561718,2.9183218479156494,14623.8349609375,-0.016492165625095367,1.4004998207092285,88.22659301757812,1.0038174390792847,40,0.9832631349563599,0,1740000.0,4.4442458152771,2.9183218479156494,3.899999865097925e-05,0.019369568675756454,14851.445543871,123.73175048828125,6.466653823852539,32.70000076293945,102.95718383789062,1.0038174390792847
500,226.319580078125,88,2.957040548324585,-2.538646936416626,5.765053749084473,-0.07924983650445938,0.9677027463912964,0.036645326763391495,1.002111792564392,3.0556304454803467,-1.841365098953247,1743346370.2778633,87,0.013278777711093426,2.957040548324585,14850.2373046875,0.037162818014621735,1.4014148712158203,88.37061309814453,1.002111792564392,40,0.9841994643211365,0,1760000.0,6.330181121826172,2.957040548324585,3.600000127335079e-05,0.01571490429341793,15077.586851042,124.99744415283203,3.928006887435913,23.989999771118164,101.32200622558594,1.002111792564392
500,226.06771850585938,89,2.9945249557495117,1.9526774883270264,7.21753454208374,-0.10299163311719894,1.17136812210083,0.059550344944000244,1.0019537210464478,4.864016056060791,1.8083856105804443,1743346596.4196188,88,0.014467730186879635,2.9945249557495117,15076.4111328125,-0.023741796612739563,1.4015189409255981,88.46906280517578,1.0019537210464478,40,0.9843372106552124,0,1780000.0,9.825312614440918,2.9945249557495117,3.300000025774352e-05,0.016592947766184807,15306.257869606,123.764404296875,5.8806843757629395,22.459999084472656,102.30325317382812,1.0019537210464478
500,228.59988403320312,90,3.030951499938965,-0.40658998489379883,6.8460493087768555,-0.10197944194078445,1.3571478128433228,0.40197354555130005,1.0021302700042725,4.27130126953125,-0.592714786529541,1743346825.0904171,89,0.014032326638698578,3.030951499938965,15305.0791015625,0.0010121911764144897,1.4025832414627075,87.48910522460938,1.0021302700042725,40,0.9854702949523926,0,1800000.0,9.429405212402344,3.030951499938965,2.9999999242136255e-05,0.01670757681131363,15531.429849886,125.13375854492188,5.474094390869141,22.950000762939453,103.46604919433594,1.0021302700042725
500,225.0944366455078,91,3.0669236183166504,-0.6333737373352051,6.3430986404418945,-0.10168453305959702,1.374930500984192,-0.1646994948387146,1.003784418106079,7.019129276275635,2.7478280067443848,1743347050.2626061,90,0.013679685071110725,3.0669236183166504,15530.25,0.00029490888118743896,1.4057501554489136,88.85159301757812,1.003784418106079,40,0.988605260848999,0,1820000.0,6.36598014831543,3.0669236183166504,2.700000004551839e-05,0.015634378418326378,15758.914064804,123.49352264404297,4.8407206535339355,27.770000457763672,101.60083770751953,1.003784418106079
500,227.4059600830078,92,3.1022934913635254,0.9509038925170898,6.704046726226807,-0.08921526372432709,1.1461024284362793,0.07583470642566681,1.0030343532562256,5.1525702476501465,-1.8665590286254883,1743347277.7464194,91,0.01297991257160902,3.1022934913635254,15757.728515625,0.012469269335269928,1.4053318500518799,87.94844055175781,1.0030343532562256,40,0.9882134795188904,0,1840000.0,4.157283782958984,3.1022934913635254,2.4000000848900527e-05,0.01432009693235159,15987.348800502,124.84518432617188,5.791624546051025,25.860000610351562,102.56066131591797,1.0030343532562256
500,228.34986877441406,93,3.1380510330200195,0.7725124359130859,4.424800872802734,-0.11566810309886932,0.9665035009384155,0.04932751879096031,0.9994991421699524,5.494156837463379,0.3415865898132324,1743347506.1810253,92,0.012132810428738594,3.1380510330200195,15986.162109375,-0.026452839374542236,1.404876470565796,87.58489990234375,0.9994991421699524,40,0.9877240657806396,0,1860000.0,5.761986255645752,3.1380510330200195,2.099999983329326e-05,0.012799334712326527,16213.472379581,125.23426055908203,6.564136981964111,35.040000915527344,103.11547088623047,0.9994991421699524
500,226.0393524169922,94,3.1743409633636475,-0.6876664161682129,5.299846649169922,-0.11157716065645218,1.1777371168136597,-0.20634734630584717,1.0007365942001343,4.161329746246338,-1.332827091217041,1743347732.3047075,93,0.012374313548207283,3.1743409633636475,16212.2841796875,0.004090942442417145,1.4053562879562378,88.48017120361328,1.0007365942001343,40,0.9882320165634155,0,1880000.0,9.360185623168945,3.1743409633636475,1.8000000636675395e-05,0.01336322259157896,16437.942039718,125.47814178466797,5.876470565795898,36.970001220703125,100.56108856201172,1.0007365942001343
500,224.3767547607422,95,3.2129695415496826,3.5237865447998047,5.9661359786987305,-0.14155501127243042,1.6174254417419434,-0.12095185369253159,0.9998329877853394,6.63833475112915,2.4770050048828125,1743347956.7741573,94,0.011764374561607838,3.2129695415496826,16436.748046875,-0.02997785061597824,1.4069076776504517,89.13579559326172,0.9998329877853394,40,0.9897683262825012,0,1900000.0,11.98084831237793,3.2129695415496826,1.4999999621068127e-05,0.011318816803395748,16665.103002128,122.98663330078125,9.400257110595703,57.2400016784668,101.38984680175781,0.9998329877853394
500,227.0697479248047,96,3.2543222904205322,0.08710670471191406,10.389434814453125,-0.11612065136432648,1.5205599069595337,-0.24562928080558777,0.9997493028640747,7.396053791046143,0.7577190399169922,1743348183.9353213,95,0.011076775379478931,3.2543222904205322,16663.91015625,0.025434359908103943,1.4087270498275757,88.07866668701172,0.9997493624687195,40,0.9915856122970581,0,1920000.0,9.800466537475586,3.2543222904205322,1.2000000424450263e-05,0.011013757437467575,16888.978462192,124.86212921142578,9.487363815307617,65.7699966430664,102.20751953125,0.9997493624687195
500,223.7939910888672,97,3.2973382472991943,1.8031768798828125,9.255817413330078,-0.0892769992351532,1.4180632829666138,0.08677275478839874,1.0004971027374268,6.15155553817749,-1.2444982528686523,1743348407.8108854,96,0.010618234053254128,3.2973382472991943,16887.798828125,0.02684365212917328,1.4087433815002441,89.36790466308594,1.0004971027374268,40,0.9916612505912781,0,1940000.0,8.187265396118164,3.2973382472991943,9.000000318337698e-06,0.009591301903128624,17116.385655687,122.79344940185547,11.29054069519043,57.61000061035156,101.0004653930664,1.0004971027374268
500,227.31724548339844,98,3.340358257293701,-5.894115924835205,7.153792381286621,-0.06837063282728195,1.3753739595413208,0.05262664705514908,1.000859022140503,5.231841564178467,-0.9197139739990234,1743348635.21795,97,0.010112716816365719,3.340358257293701,17115.1953125,0.020906366407871246,1.409122347831726,87.9827651977539,1.000859022140503,40,0.9921066164970398,0,1960000.0,9.69963264465332,3.340358257293701,6.000000212225132e-06,0.008692286908626556,17345.296005694,123.59071350097656,5.396424770355225,41.02000045776367,103.72643280029297,1.000859022140503
500,228.821533203125,99,3.3830575942993164,0.46906042098999023,7.98040246963501,-0.05858253315091133,1.5928013324737549,0.024549610912799835,1.000816822052002,4.625363349914551,-0.606478214263916,1743348864.1286597,98,0.00966760702431202,3.3830575942993164,17344.10546875,0.00978809967637062,1.40933358669281,87.40436553955078,1.000816822052002,40,0.9923612475395203,0,1980000.0,8.97988510131836,3.3830575942993164,3.000000106112566e-06,0.0078051830641925335,17572.68987492,123.99298095703125,5.865485191345215,37.56999969482422,104.82837677001953,1.000816822052002
500,227.3065185546875,100,3.4244205951690674,-1.5491414070129395,6.795212268829346,-0.02663457579910755,1.6532131433486938,0.034428615123033524,1.0018572807312012,3.5233380794525146,-1.1020252704620361,1743349091.522263,99,0.0073586017824709415,3.4244205951690674,17571.49609375,0.03194795735180378,1.4095463752746582,87.9869155883789,1.0018573999404907,40,0.9925938248634338,0,2000000.0,8.5034761428833,3.4244205951690674,0.0,0.005760856904089451,17573.53768878,123.32249450683594,4.316343784332275,26.530000686645508,103.98394775390625,1.0018573999404907
