Misc/Alpha,Misc/H_inv_g,Time/Rollout,_step,Metrics/LagrangeMultiplier/Max,Loss/Loss_cost_critic/Delta,Train/StopIter,Safety/shield_adv_c,Misc/AcceptanceStep,Time/FPS,Train/PolicyRatio/Min,Train/Epoch,_runtime,Safety/EpCostShield,Loss/Loss_pi,Misc/xHx,Train/PolicyStd,Safety/ShieldLagrangeMultiplier/Std,Safety/ShieldLagrangeMultiplier/Max,Value/reward,Train/LR,Loss/Loss_pi/Delta,Misc/FinalStepNorm,Value/cost,Metrics/EpLen,Metrics/LagrangeMultiplier/Min,Train/PolicyRatio/Max,Safety/ShieldLagrangeMultiplier/Min,TotalEnvSteps,Value/Adv,Time/Epoch,Time/Total,Metrics/EpCost,Safety/shield_violation,Metrics/LagrangeMultiplier/Std,Train/Entropy,Misc/gradient_norm,Metrics/LagrangeMultiplier,Loss/Loss_reward_critic,Safety/ShieldLagrangeMultiplier,Train/PolicyRatio,Loss/Loss_cost_critic,Train/PolicyRatio/Std,Train/KL,_timestamp,Metrics/EpRet,Loss/Loss_reward_critic/Delta,Time/Update
1.3581993579864502,0.2533169090747833,136.3750457763672,1,0.035999998450279236,21.729583740234375,10,2.826068878173828,1,126.00281524658203,0.9972335696220398,0,278.296123007,105.1500015258789,0.05764412879943848,0.01084182970225811,0.9985855221748352,0,0.04500000178813934,-0.04989192634820938,0,0.05764412879943848,0.3440548777580261,0.13943174481391907,1000,0.035999998450279236,0.9972335696220398,0.04500000178813934,20000,-5.340575981449547e-09,158.7266082763672,158.72756958007812,50.29999923706055,-0.029240595176815987,0,1.4175156354904175,0.09258121997117996,0.035999998450279236,0.007097334135323763,0.04500000178813934,0.9972335696220398,21.729583740234375,0.0019561476074159145,0.00021832622587680817,1746614995.8035657,-0.4180903434753418,0.007097334135323763,22.351537704467773
1.6523271799087524,0.19875450432300568,96.09326934814453,2,0.06999377906322479,-7.512472152709961,10,0.8073889017105103,1,168.7525634765625,0.9991053342819214,1,393.914163396,65.0,0.03314956650137901,0.007325500249862671,0.9883984923362732,0,0.07864517718553543,-0.054376933723688126,0,-0.024494562298059464,0.3284074664115906,1.333761215209961,1000,0.06999377906322479,0.9991053342819214,0.07864517718553543,40000,3.051757735406113e-09,118.5167236328125,277.3418273925781,33.79999923706055,2.3900020122528076,0,1.407242774963379,0.07726620882749557,0.06999377906322479,0.0037154878955334425,0.07864517718553543,0.9991052746772766,14.217111587524414,0.0006326242000795901,0.00031776560354046524,1746615114.4126904,-0.6017653942108154,-0.0033818462397903204,22.42342758178711
1.7666735649108887,0.20806391537189484,93.23851013183594,3,0.10443940758705139,2.4648818969726562,10,1.4193006753921509,1,173.09323120117188,0.9972590208053589,2,517.34765271,110.55000305175781,0.08219332993030548,0.006407914683222771,0.9809763431549072,0,0.11293566972017288,-0.02065650001168251,0,0.04904376342892647,0.36758100986480713,2.3252875804901123,1000,0.10443940758705139,0.9972590208053589,0.11293566972017288,60000,4.577636492086867e-09,115.54467010498047,392.97247314453125,45.81666564941406,4.368356704711914,0,1.399726390838623,0.04185778647661209,0.10443940758705139,0.003860156051814556,0.11293566972017288,0.9972589612007141,16.68199348449707,0.001938164932653308,0.0002489824837539345,1746615230.0309527,-0.310064435005188,0.00014466815628111362,22.306140899658203
1.0942580699920654,0.2567877471446991,100.23712158203125,4,0.13911482691764832,11.444379806518555,10,0.8315168619155884,1,162.12428283691406,0.9930321574211121,3,638.919960795,217.64999389648438,0.29314377903938293,0.016702834516763687,0.9743902087211609,0,0.14613290131092072,-0.0025205775164067745,0,0.21095044910907745,0.2809920310974121,2.1845521926879883,1000,0.13911482691764832,0.9930321574211121,0.14613290131092072,80000,4.577636492086867e-09,123.36214447021484,516.400634765625,64.32499694824219,4.932089805603027,0,1.3929333686828613,0.19201914966106415,0.13911482691764832,0.006506980396807194,0.14613290131092072,0.9930321574211121,28.126373291015625,0.004927022848278284,0.00044217018876224756,1746615353.464502,-0.003788173198699951,0.0026468243449926376,23.125003814697266
1.379641056060791,0.22982172667980194,98.68013000488281,5,0.17396850883960724,1.6603107452392578,10,2.6009554862976074,1,165.14212036132812,0.9988846778869629,4,762.700348503,241.89999389648438,0.3174198865890503,0.010507449507713318,0.9519365429878235,0,0.1797986775636673,0.012270544655621052,0,0.02427610754966736,0.31707146763801575,4.08797025680542,1000,0.17396850883960724,0.9988846778869629,0.1797986775636673,100000,2.2888182460434336e-09,121.1078109741211,637.5800170898438,77.4800033569336,8.494025230407715,0,1.369545340538025,0.12953174114227295,0.17396850883960724,0.0064378040842711926,0.1797986775636673,0.9988846778869629,29.786684036254883,0.0007886799285188317,0.0002927375608123839,1746615475.0359676,0.2058820277452469,-6.91763125360012e-05,22.42765235900879
1.2826788425445557,0.23943650722503662,101.12998962402344,6,0.2089870423078537,3.1947154998779297,10,3.441995143890381,1,161.7689208984375,0.9981415271759033,5,884.776814439,267.79998779296875,0.34159567952156067,0.012156084179878235,0.9435498118400574,0,0.2140026092529297,0.03135746717453003,0,0.024175792932510376,0.307120144367218,7.28262186050415,1000,0.2089870423078537,0.9981415271759033,0.2140026092529297,120000,-1.1444091896350983e-08,123.63314819335938,761.6953125,93.1500015258789,11.86640739440918,0,1.3602780103683472,0.09611238539218903,0.2089870423078537,0.010923318564891815,0.2140026092529297,0.9981415271759033,32.98139953613281,0.001314138644374907,0.00031329397461377084,1746615598.816415,0.6480953693389893,0.004485514480620623,22.503131866455078
1.108095407485962,0.26516327261924744,98.64556121826172,7,0.24421711266040802,-4.816371917724609,10,2.795644760131836,1,163.97486877441406,0.9991406202316284,6,1006.806102909,227.0,0.22941167652606964,0.016288287937641144,0.9460904002189636,0,0.24864915013313293,0.05182432755827904,0,-0.11218400299549103,0.29382622241973877,7.636663913726807,1000,0.24421711266040802,0.9991406202316284,0.24864915013313293,140000,1.831054596834747e-08,121.96990966796875,883.8121337890625,108.61000061035156,12.866429328918457,0,1.361646294593811,0.1342809498310089,0.24421711266040802,0.02374773472547531,0.24864915013313293,0.9991405606269836,28.165027618408203,0.0006076732533983886,0.00033469387562945485,1746615720.8929513,1.4783265590667725,0.012824416160583496,23.324317932128906
1.180007815361023,0.2556523084640503,99.89324188232422,8,0.27978989481925964,-1.8266620635986328,10,-0.214300274848938,1,164.0054168701172,0.9992491006851196,7,1128.427947402,208.4499969482422,0.16522599756717682,0.014363488182425499,0.9555130004882812,0,0.28349924087524414,0.0955657958984375,0,-0.06418567895889282,0.30167171359062195,7.209610939025879,1000,0.27978989481925964,0.9992491006851196,0.28349924087524414,160000,5.340575981449547e-09,121.94718933105469,1005.8612670898438,109.69000244140625,13.681506156921387,0,1.3711031675338745,0.20564883947372437,0.27978989481925964,0.022635193541646004,0.28349924087524414,0.9992490410804749,26.33836555480957,0.0005309940897859633,0.0003128315438516438,1746615842.9229805,2.1100542545318604,-0.0011125411838293076,22.053922653198242
1.15388023853302,0.28364917635917664,98.44857788085938,9,0.31556424498558044,-4.2667236328125,10,-0.49053555727005005,1,164.5364227294922,0.9990382194519043,8,1249.313724056,156.85000610351562,-0.04061158373951912,0.015021325089037418,0.9629432559013367,0,0.3179541230201721,0.14968226850032806,0,-0.20583758130669594,0.327297180891037,9.500638008117676,1000,0.31556424498558044,0.9990382194519043,0.3179541230201721,180000,-3.433227391269611e-08,121.55363464355469,1127.484130859375,94.95999908447266,14.52658462524414,0,1.3791452646255493,0.11239063739776611,0.31556424498558044,0.02607230469584465,0.3179541230201721,0.9990382194519043,22.07164192199707,0.0006801096606068313,0.00025805667974054813,1746615964.5445333,2.894967555999756,0.0034371111541986465,23.10502815246582
1.0266389846801758,0.3059440553188324,98.317138671875,10,0.3511918783187866,-1.947305679321289,10,-0.8295421004295349,1,165.54225158691406,0.9994645118713379,9,1371.351703619,178.9499969482422,-0.014027602039277554,0.018975544720888138,0.9531086087226868,0,0.3523757755756378,0.19444656372070312,0,0.026583981700241566,0.31409409642219543,8.540130615234375,1000,0.3511918783187866,0.9994645118713379,0.3523757755756378,200000,7.629394005448376e-09,120.81507873535156,1248.3717041015625,78.72000122070312,15.76103401184082,0,1.368489384651184,0.2141162008047104,0.3511918783187866,0.03222351521253586,0.3523757755756378,0.9994645118713379,20.12433624267578,0.0003786472952924669,0.0002978749107569456,1746616085.4301238,3.7778491973876953,0.006151210516691208,22.497922897338867
0.8885949850082397,0.3715115785598755,98.74250030517578,11,0.38641268014907837,1.2115211486816406,10,-0.12048795819282532,1,163.98020935058594,0.999138355255127,10,1491.183082414,173.85000610351562,0.022600919008255005,0.025329237803816795,0.9481296539306641,0,0.3867157995700836,0.31574440002441406,0,0.03662852104753256,0.33012330532073975,7.775534152984619,1000,0.38641268014907837,0.999138355255127,0.3867157995700836,220000,-1.2969969986897922e-08,121.9659423828125,1370.4097900390625,67.86000061035156,14.730290412902832,0,1.3632367849349976,0.10685670375823975,0.38641268014907837,0.029721394181251526,0.3867157995700836,0.999138355255127,21.335857391357422,0.0006093029514886439,0.0002795738400891423,1746616207.4685361,4.570499420166016,-0.0025021210312843323,23.223419189453125
1.0177936553955078,0.3098447918891907,97.49947357177734,12,0.4210183918476105,-3.2056808471679688,10,0.36857715249061584,1,167.0115966796875,0.9993143081665039,11,1612.545907465,159.8000030517578,0.03680431470274925,0.01930680312216282,0.9457053542137146,0,0.4208192825317383,0.34208735823631287,0,0.014203395694494247,0.31535807251930237,7.198751449584961,1000,0.4210183918476105,0.9993143081665039,0.4208192825317383,240000,-1.525878801089675e-08,119.75216674804688,1490.228271484375,58.95000076293945,13.164400100708008,0,1.3603320121765137,0.17792220413684845,0.4210183918476105,0.03599013760685921,0.4208192825317383,0.9993143081665039,18.130176544189453,0.000484857358969748,0.00030648676329292357,1746616327.2996058,5.209024429321289,0.006268743425607681,22.252676010131836
1.1162025928497314,0.27450278401374817,98.19779968261719,13,0.4550119936466217,-0.3556842803955078,10,-0.9863846302032471,1,164.91355895996094,1.0023550987243652,12,1730.908945322,145.5500030517578,-0.058957964181900024,0.01605253666639328,0.9434902667999268,0,0.4545382261276245,0.3968556225299835,0,-0.09576227888464928,0.30640074610710144,7.107084274291992,1000,0.4550119936466217,1.0023550987243652,0.4545382261276245,260000,1.678466787780053e-08,121.2756576538086,1611.5908203125,55.95000076293945,13.90290355682373,0,1.3579410314559937,0.2050810605287552,0.4550119936466217,0.04463990405201912,0.4545382261276245,1.0023550987243652,17.774492263793945,0.0016653062775731087,0.00028353711240924895,1746616448.6627228,5.944638729095459,0.008649766445159912,23.077838897705078
1.0375176668167114,0.3156568706035614,95.8838119506836,14,0.48834922909736633,-4.389346122741699,10,-0.4210807979106903,1,169.06455993652344,1.0013331174850464,13,1851.953596707,110.80000305175781,-0.2983069121837616,0.018579702824354172,0.935072124004364,0,0.48739302158355713,0.5196834802627563,0,-0.23934894800186157,0.3274995684623718,6.799769401550293,1000,0.48834922909736633,1.0013331174850464,0.48739302158355713,280000,3.051757735406113e-09,118.29800415039062,1729.9686279296875,52.0,14.968487739562988,0,1.3492273092269897,0.13904370367527008,0.48834922909736633,0.04687630757689476,0.48739302158355713,1.0013331174850464,13.385146141052246,0.0009426283068023622,0.0002692471316549927,1746616567.0258021,6.343062877655029,0.002236403524875641,22.414169311523438
0.7587471008300781,0.38299405574798584,98.41870880126953,15,0.5210683345794678,0.7704505920410156,10,0.0252646803855896,1,165.37059020996094,0.9969960451126099,14,1970.225175649,116.69999694824219,-0.20355653762817383,0.034740474075078964,0.9268693327903748,0,0.5196177959442139,0.6421756148338318,0,0.09475037455558777,0.2905956208705902,5.960693836212158,1000,0.5210683345794678,0.9969960451126099,0.5196177959442139,300000,-3.814697002724188e-09,120.94049072265625,1850.973876953125,50.279998779296875,13.691514015197754,0,1.3402338027954102,0.27990174293518066,0.5210683345794678,0.04047656059265137,0.5196177959442139,0.9969959855079651,14.155596733093262,0.0021241449285298586,0.0003384937299415469,1746616688.06989,6.801927089691162,-0.006399746984243393,22.521766662597656
1.0827536582946777,0.27875134348869324,95.79312896728516,16,0.5529904961585999,-0.21600818634033203,10,-0.18877393007278442,1,169.22103881835938,1.0010969638824463,15,2090.950469593,99.75,-0.2894490659236908,0.01705966144800186,0.9176291823387146,0,0.5510104298591614,0.5694723129272461,0,-0.08589252829551697,0.3018190264701843,6.262785911560059,1000,0.5529904961585999,1.0010969638824463,0.5510104298591614,320000,-2.3651121949797016e-08,118.18861389160156,1969.2781982421875,43.63999938964844,13.531623840332031,0,1.3295944929122925,0.14639408886432648,0.5529904961585999,0.05197260156273842,0.5510104298591614,1.0010968446731567,13.93958854675293,0.0007756144041195512,0.00030085211619734764,1746616806.341652,7.430070400238037,0.011496040970087051,22.39546775817871
0.9186792969703674,0.3338775634765625,98.37422180175781,17,0.5840747952461243,-2.7252349853515625,10,0.5623412132263184,1,165.7928466796875,0.9999114871025085,16,2207.951132181,103.3499984741211,-0.14391852915287018,0.023697467520833015,0.9079119563102722,0,0.5817556977272034,0.7014880180358887,0,0.14553053677082062,0.3067263960838318,5.146363258361816,1000,0.5840747952461243,0.9999114871025085,0.5817556977272034,340000,0.0,120.6324691772461,2089.989013671875,40.119998931884766,11.188535690307617,0,1.3184452056884766,0.16310863196849823,0.5840747952461243,0.05144478380680084,0.5817556977272034,0.9999114871025085,11.214353561401367,6.263024260988459e-05,0.000316480960464105,1746616927.0668,7.665132999420166,-0.0005278177559375763,22.258230209350586
0.815224289894104,0.37103021144866943,94.62368774414062,18,0.6141862869262695,0.7231864929199219,10,-0.9703798294067383,1,171.1052703857422,1.0008859634399414,17,2327.824372959,108.5,-0.18326516449451447,0.03009370155632496,0.8976443409919739,0,0.6120419502258301,0.8984430432319641,0,-0.03934663534164429,0.3024728298187256,5.233309268951416,1000,0.6141862869262695,1.0008859634399414,0.6120419502258301,360000,0.0,116.8871078491211,2206.973388671875,34.75,12.289713859558105,0,1.3068565130233765,0.21236084401607513,0.6141862869262695,0.048683468252420425,0.6120419502258301,1.0008859634399414,11.937540054321289,0.0006265269475989044,0.000313062482746318,1746617044.067158,8.086580276489258,-0.002761315554380417,22.263399124145508
0.9840384721755981,0.3241412341594696,97.12409210205078,19,0.6435742974281311,0.6690740585327148,10,0.4877120852470398,1,167.0096893310547,1.0006994009017944,18,2446.114973673,93.0999984741211,-0.1519811749458313,0.020654069259762764,0.8925336003303528,0,0.6416482925415039,0.8038867115974426,0,0.031283989548683167,0.31896743178367615,4.411658763885498,1000,0.6435742974281311,1.0006994009017944,0.6416482925415039,380000,-7.629394005448376e-09,119.75352478027344,2326.844482421875,37.36000061035156,10.46486759185791,0,1.2999849319458008,0.19566965103149414,0.6435742974281311,0.056257784366607666,0.6416482925415039,1.0006994009017944,12.606614112854004,0.0004944668035022914,0.00029448626446537673,1746617163.9404202,8.351531982421875,0.007574316114187241,22.629409790039062
0.8244307637214661,0.3554884195327759,95.22945404052734,20,0.6724267601966858,2.5280723571777344,10,-0.1942218840122223,1,169.2574005126953,0.9989848136901855,19,2564.303859199,107.19999694824219,-0.15535509586334229,0.02942533604800701,0.8899507522583008,0,0.6709370017051697,0.8128190636634827,0,-0.0033739209175109863,0.2930755913257599,5.167665481567383,1000,0.6724267601966858,0.9989848136901855,0.6709370017051697,400000,-6.103515470812226e-09,118.16322326660156,2445.128662109375,39.290000915527344,11.746039390563965,0,1.2964993715286255,0.3572101891040802,0.6724267601966858,0.05525536835193634,0.6709370017051697,0.9989848136901855,15.134686470031738,0.0007178451051004231,0.0003016230766661465,1746617282.2311692,8.340605735778809,-0.0010024160146713257,22.93375015258789
0.9863027930259705,0.3027459681034088,95.88885498046875,21,0.7006212472915649,-4.837277412414551,10,-0.801032304763794,1,169.36184692382812,1.0023784637451172,20,2685.128711244,81.6500015258789,-0.31985434889793396,0.020559344440698624,0.9001331329345703,0,0.6994556188583374,0.9327735304832458,0,-0.16449925303459167,0.2985992133617401,4.809494495391846,1000,0.7006212472915649,1.0023784637451172,0.6994556188583374,420000,-2.2888182460434336e-09,118.09034729003906,2563.337158203125,35.220001220703125,11.733616828918457,0,1.30876886844635,0.18010321259498596,0.7006212472915649,0.05128037929534912,0.6994556188583374,1.0023784637451172,10.297409057617188,0.001681771595031023,0.0002969763008877635,1746617400.4201167,8.188742637634277,-0.003974989056587219,22.20146942138672
0.8039938807487488,0.33900001645088196,97.66268920898438,22,0.7282752990722656,3.907099723815918,10,0.7628082633018494,1,165.63768005371094,0.9997324347496033,21,2805.714340145,125.0999984741211,-0.08355658501386642,0.030940288677811623,0.9072040915489197,0,0.7281458377838135,0.9645509719848633,0,0.23629776388406754,0.2725539207458496,5.131646156311035,1000,0.7282752990722656,0.9997324347496033,0.7281458377838135,440000,3.051757735406113e-09,120.74546813964844,2684.186279296875,35.869998931884766,12.139205932617188,0,1.31624174118042,0.36986780166625977,0.7282752990722656,0.056132007390260696,0.7281458377838135,0.9997324347496033,14.204508781433105,0.00018921124865300953,0.000347897905157879,1746617521.2454684,8.520286560058594,0.004851628094911575,23.082759857177734
0.7840486764907837,0.37593236565589905,98.54362487792969,23,0.7555867433547974,1.2336807250976562,10,0.017878174781799316,1,165.99928283691406,0.9985530376434326,22,2926.92887799,137.0500030517578,-0.07898300141096115,0.03253447264432907,0.9075962901115417,0,0.7572128772735596,0.9488937258720398,0,0.0045735836029052734,0.29474928975105286,5.179483890533447,1000,0.7555867433547974,0.9985530376434326,0.7572128772735596,460000,9.155272984173735e-09,120.48245239257812,2804.736083984375,38.400001525878906,13.006349563598633,0,1.3171628713607788,0.2197140008211136,0.7555867433547974,0.0480295866727829,0.7572128772735596,0.9985530376434326,15.438189506530762,0.0010231569176539779,0.0003173024160787463,1746617641.8304625,8.376251220703125,-0.008102420717477798,21.938804626464844
0.7758960127830505,0.36119088530540466,98.2969970703125,24,0.7828429341316223,1.7520856857299805,10,-0.5488425493240356,1,165.10411071777344,1.0000567436218262,23,3045.219422199,153.14999389648438,-0.09245145320892334,0.0332217738032341,0.9123575091362,0,0.7868955731391907,1.0905040502548218,0,-0.013468451797962189,0.2802465856075287,5.466659069061279,1000,0.7828429341316223,1.0000567436218262,0.7868955731391907,480000,-8.392333938900265e-09,121.13569641113281,2925.989013671875,43.220001220703125,14.490118980407715,0,1.3229345083236694,0.3605705499649048,0.7828429341316223,0.06374302506446838,0.7868955731391907,1.0000567436218262,17.190275192260742,4.012379940832034e-05,0.0003100372268818319,1746617763.04569,8.979872703552246,0.015713438391685486,22.838674545288086
0.8293106555938721,0.3673142194747925,95.3825912475586,25,0.809887170791626,-4.797149658203125,10,-0.9727935791015625,1,169.18411254882812,1.0024595260620117,24,3165.547162788,71.05000305175781,-0.612253725528717,0.029080063104629517,0.9182972311973572,0,0.8155726194381714,1.1591172218322754,0,-0.5198022723197937,0.30461758375167847,6.249273300170898,1000,0.809887170791626,1.0024595260620117,0.8155726194381714,500000,4.959106458812812e-09,118.21440887451172,3044.268310546875,39.630001068115234,14.265030860900879,0,1.3304022550582886,0.26188936829566956,0.809887170791626,0.05555330589413643,0.8155726194381714,1.0024595260620117,12.393125534057617,0.001739147468470037,0.0002966057800222188,1746617881.335896,9.460843086242676,-0.008189719170331955,22.8317928314209
0.7151204943656921,0.42446503043174744,97.17850494384766,26,0.8370140194892883,2.9643564224243164,10,-1.4646683931350708,1,166.34629821777344,1.002110242843628,25,3281.512341771,127.80000305175781,-0.19014698266983032,0.0391085222363472,0.9254582524299622,0,0.844490110874176,1.1357113122940063,0,0.4221067428588867,0.3035436272621155,5.833819389343262,1000,0.8370140194892883,1.002110242843628,0.844490110874176,520000,-4.577636492086867e-09,120.23110961914062,3164.583740234375,44.86000061035156,13.493690490722656,0,1.3380041122436523,0.277228981256485,0.8370140194892883,0.07934446632862091,0.844490110874176,1.0021101236343384,15.357481956481934,0.0014921107795089483,0.00032324055791832507,1746618001.6632874,10.343591690063477,0.023791160434484482,23.05257797241211
0.9209012389183044,0.33339935541152954,93.94744873046875,27,0.8640973567962646,-4.5519609451293945,10,-1.6420297622680664,1,172.59237670898438,1.0010271072387695,26,3402.249078515,63.099998474121094,-0.38670435547828674,0.02358325384557247,0.9352099299430847,0,0.8723203539848328,0.9263429641723633,0,-0.19655737280845642,0.3070279061794281,4.484675407409668,1000,0.8640973567962646,1.0010271072387695,0.8723203539848328,540000,0.0,115.87996673583984,3280.56494140625,42.220001220703125,10.567937850952148,0,1.34697687625885,0.28949233889579773,0.8640973567962646,0.05160205438733101,0.8723203539848328,1.0010271072387695,10.805521011352539,0.0007262182771228254,0.00027685012901201844,1746618117.629255,10.199544906616211,-0.0277424119412899,21.932497024536133
0.6864544153213501,0.432239294052124,97.79415893554688,28,0.8911324739456177,4.434786796569824,10,1.0198564529418945,1,165.75863647460938,1.0008291006088257,27,3520.80188683,138.75,-0.08065033704042435,0.042443037033081055,0.9276869893074036,0,0.9007198214530945,1.1553839445114136,0,0.3060540184378624,0.29671257734298706,5.559675216674805,1000,0.8911324739456177,1.0008291006088257,0.9007198214530945,560000,0.0,120.65735626220703,3401.29443359375,41.779998779296875,13.199769020080566,0,1.3378667831420898,0.32360559701919556,0.8911324739456177,0.06433021277189255,0.9007198214530945,1.0008291006088257,15.240307807922363,0.0005862345569767058,0.0003190455900039524,1746618238.365461,10.546669960021973,0.012728158384561539,22.863178253173828
0.7953881621360779,0.37458208203315735,96.26760864257812,29,0.9179141521453857,0.06562614440917969,10,-0.44778871536254883,1,168.80917358398438,1.0024250745773315,28,3641.933601595,101.55000305175781,-0.17405979335308075,0.03161342814564705,0.9196668267250061,0,0.9289111495018005,1.004118800163269,0,-0.0934094563126564,0.29793813824653625,4.7317047119140625,1000,0.9179141521453857,1.0024250745773315,0.9289111495018005,580000,3.051757735406113e-09,118.47696685791016,3519.860107421875,37.439998626708984,11.12818431854248,0,1.3299006223678589,0.4228701591491699,0.9179141521453857,0.06985681504011154,0.9289111495018005,1.0024250745773315,15.305933952331543,0.001714758574962616,0.0003248186258133501,1746618356.918624,10.060369491577148,0.005526602268218994,22.209341049194336
0.7931501865386963,0.3907761573791504,98.17684936523438,30,0.9444969296455383,-3.3672447204589844,10,-0.813106119632721,1,165.44932556152344,1.0018930435180664,29,3754.881382735,95.6500015258789,-0.2442970722913742,0.03179208189249039,0.9270662665367126,0,0.9568054676055908,0.995206356048584,0,-0.07023727893829346,0.30994418263435364,4.631128787994385,1000,0.9444969296455383,1.0018930435180664,0.9568054676055908,600000,-9.918212917625624e-09,120.8829345703125,3640.80908203125,37.75,11.434377670288086,0,1.339003086090088,0.2850587069988251,0.9444969296455383,0.055810946971178055,0.9568054676055908,1.0018930435180664,11.938689231872559,0.0013385838828980923,0.00028555229073390365,1746618478.0502262,9.831291198730469,-0.014045868068933487,22.70606231689453
0.8487678170204163,0.3714921176433563,90.5200424194336,31,0.9706290364265442,-3.00484561920166,10,-1.111741542816162,1,177.19052124023438,1.001621961593628,30,3871.630006524,47.54999923706055,-0.43116626143455505,0.02776208333671093,0.9282858967781067,0,0.9833774566650391,0.8040521740913391,0,-0.18686918914318085,0.3153105676174164,3.8743319511413574,1000,0.9706290364265442,1.001621961593628,0.9833774566650391,620000,7.629394005448376e-09,112.87285614013672,3753.93115234375,32.459999084472656,9.244959831237793,0,1.3410186767578125,0.22128362953662872,0.9706290364265442,0.06063206121325493,0.9833774566650391,1.0016218423843384,8.933843612670898,0.0011468437733128667,0.00028845464112237096,1746618590.997902,8.754473686218262,0.004821114242076874,22.352785110473633
0.9139847755432129,0.3578090965747833,94.08446502685547,32,0.9962947964668274,-0.8347902297973633,10,-0.76419997215271,1,171.43255615234375,1.0008963346481323,31,3987.822698911,62.150001525878906,-0.39306971430778503,0.023941529914736748,0.9269335865974426,0,1.0090988874435425,0.9476193189620972,0,0.03809654712677002,0.32703205943107605,4.2681732177734375,1000,0.9962947964668274,1.0008963346481323,1.0090988874435425,640000,0.0,116.66395568847656,3870.67724609375,31.15999984741211,10.176263809204102,0,1.3396687507629395,0.17066176235675812,0.9962947964668274,0.0581648014485836,1.0090988874435425,1.0008963346481323,8.099053382873535,0.0006337761878967285,0.00028537423349916935,1746618707.746898,8.499170303344727,-0.0024672597646713257,22.579463958740234
0.8801372051239014,0.3385254144668579,94.12063598632812,33,1.0214073657989502,1.2666053771972656,10,0.3222678303718567,1,172.2493438720703,1.0016435384750366,32,4104.97968634,77.55000305175781,-0.1955227106809616,0.025818385183811188,0.9298085570335388,0,1.0344151258468628,0.964431643486023,0,0.19754700362682343,0.29794883728027344,4.083546161651611,1000,1.0214073657989502,1.0016435384750366,1.0344151258468628,660000,-7.629394338515283e-10,116.11074829101562,3986.86474609375,28.610000610351562,9.150500297546387,0,1.3420120477676392,0.3186764717102051,1.0214073657989502,0.058547984808683395,1.0344151258468628,1.0016435384750366,9.3656587600708,0.0011621291050687432,0.00030266979592852294,1746618823.9391048,8.186463356018066,0.0003831833600997925,21.990093231201172
0.7396572232246399,0.4098398685455322,94.09971618652344,34,1.0457981824874878,-0.6833391189575195,10,-0.5762066841125488,1,170.82672119140625,1.0013647079467773,33,4220.299366328,75.80000305175781,-0.20874059200286865,0.03655685856938362,0.9337683320045471,0,1.0593372583389282,0.9498592019081116,0,-0.013217881321907043,0.3031410276889801,4.024003982543945,1000,1.0457981824874878,1.0013647079467773,1.0593372583389282,680000,-4.577636492086867e-09,117.07769775390625,4104.03466796875,24.600000381469727,8.955421447753906,0,1.346230387687683,0.3607741892337799,1.0457981824874878,0.06468909978866577,1.0593372583389282,1.0013647079467773,8.682319641113281,0.0009649942512623966,0.0002915572258643806,1746618941.0964339,8.207772254943848,0.006141114979982376,22.977962493896484
0.9433615803718567,0.3419983685016632,92.89678955078125,35,1.069356918334961,-0.6624069213867188,10,-1.0710139274597168,1,173.53900146484375,1.0019168853759766,34,4335.830117085,71.3499984741211,-0.2161545604467392,0.022473640739917755,0.9403860569000244,0,1.0838110446929932,1.0041505098342896,0,-0.007413968443870544,0.32262811064720154,3.889450788497925,1000,1.069356918334961,1.0019168853759766,1.0838110446929932,700000,-3.433227480087453e-09,115.24786376953125,4219.3525390625,21.440000534057617,8.799400329589844,0,1.353589415550232,0.24345773458480835,1.069356918334961,0.06701231747865677,1.0838110446929932,1.0019168853759766,8.019912719726562,0.0013554426841437817,0.00026838158373720944,1746619056.4162378,8.204071998596191,0.0023232176899909973,22.351055145263672
0.7012424468994141,0.4303934574127197,93.40414428710938,36,1.092192530632019,-0.4500889778137207,10,-0.34099364280700684,1,173.22140502929688,1.0028712749481201,35,4450.64717152,74.19999694824219,-0.301011323928833,0.040671806782484055,0.9322121739387512,0,1.107958436012268,0.9517231583595276,0,-0.08485676348209381,0.3018101751804352,3.5680320262908936,1000,1.092192530632019,1.0028712749481201,1.107958436012268,720000,-1.5258788677030566e-09,115.45916748046875,4334.8828125,21.799999237060547,9.829145431518555,0,1.3448489904403687,0.294611394405365,1.092192530632019,0.06661449372768402,1.107958436012268,1.0028711557388306,7.569823741912842,0.002030185656622052,0.00031112038413994014,1746619171.9466112,8.366527557373047,-0.0003978237509727478,22.05500030517578
0.8506826162338257,0.34473884105682373,92.23504638671875,37,1.1143766641616821,-0.28773069381713867,10,0.5637632608413696,1,174.4752655029297,1.0014433860778809,36,4562.565992667,61.79999923706055,-0.4081500768661499,0.027637243270874023,0.9343189597129822,0,1.1315234899520874,0.9297623038291931,0,-0.1071387529373169,0.29326334595680237,3.8065929412841797,1000,1.1143766641616821,1.0014433860778809,1.1315234899520874,740000,1.1444091896350983e-08,114.62943267822266,4449.59130859375,21.709999084472656,10.050545692443848,0,1.3475552797317505,0.30297064781188965,1.1143766641616821,0.06919320672750473,1.1315234899520874,1.0014433860778809,7.282093048095703,0.0010206280276179314,0.0002996321127284318,1746619286.7631447,8.255494117736816,0.0025787129998207092,22.39436149597168
1.1270933151245117,0.26950955390930176,89.6879653930664,38,1.1356439590454102,-2.535637855529785,10,-0.5874783992767334,1,178.8766632080078,1.0034141540527344,37,4678.19737556,28.600000381469727,-0.5806686282157898,0.015743816271424294,0.9396478533744812,0,1.1537325382232666,0.9402080178260803,0,-0.1725185513496399,0.30376243591308594,3.240987539291382,1000,1.1356439590454102,1.0034141540527344,1.1537325382232666,760000,-1.5258788677030566e-09,111.80888366699219,4561.59814453125,16.3799991607666,8.918183326721191,0,1.3532127141952515,0.2802595794200897,1.1356439590454102,0.04652077332139015,1.1537325382232666,1.0034141540527344,4.746455192565918,0.0024141715839505196,0.0003213915042579174,1746619398.682226,7.88015604019165,-0.022672433406114578,22.120895385742188
1.0632343292236328,0.29158154129981995,92.97441864013672,39,1.1559205055236816,-0.5600070953369141,10,-0.5296778678894043,1,173.0878143310547,1.000223159790039,38,4796.962332943,37.04999923706055,-0.38313543796539307,0.01769178919494152,0.9406936764717102,0,1.1749337911605835,0.8500030040740967,0,0.19753319025039673,0.31001949310302734,2.4794294834136963,1000,1.1559205055236816,1.000223159790039,1.1749337911605835,780000,9.155272984173735e-09,115.54827880859375,4677.251953125,13.819999694824219,7.397787570953369,0,1.3543071746826172,0.21780873835086823,1.1559205055236816,0.0458797961473465,1.1749337911605835,1.000223159790039,4.186448097229004,0.00015779779641889036,0.0002806090051308274,1746619514.3141174,7.228122711181641,-0.0006409771740436554,22.573837280273438
0.7061040997505188,0.3994205594062805,96.21012115478516,40,1.1753466129302979,2.7004623413085938,10,-1.044250726699829,1,168.52708435058594,1.0008500814437866,39,4912.002440408,77.05000305175781,-0.012866486795246601,0.040113672614097595,0.9403230547904968,0,1.1962491273880005,0.8376451134681702,0,0.37026895117014647,0.28203248977661133,2.4842941761016846,1000,1.1753466129302979,1.0008500814437866,1.1962491273880005,800000,3.051757735406113e-09,118.67528533935547,4795.99755859375,14.479999542236328,6.814925670623779,0,1.3546746969223022,0.39018458127975464,1.1753466129302979,0.05190974846482277,1.1962491273880005,1.0008500814437866,6.886910438537598,0.0006011264631524682,0.00035097135696560144,1746619633.0785587,6.755472183227539,0.006029952317476273,22.46514320373535
0.8425580859184265,0.3462793231010437,92.42720031738281,41,1.1938668489456177,-1.668107032775879,10,-0.7436665296554565,1,173.9727783203125,1.0015654563903809,40,5027.718007324,45.0,-0.23127539455890656,0.028172805905342102,0.9435046315193176,0,1.2168586254119873,0.7058170437812805,0,-0.21840890776365995,0.2917604446411133,2.1615309715270996,1000,1.1938668489456177,1.0015654563903809,1.2168586254119873,820000,1.907348501362094e-09,114.96051788330078,4911.05126953125,12.380000114440918,6.4336419105529785,0,1.3579621315002441,0.2704053521156311,1.1938668489456177,0.052072521299123764,1.2168586254119873,1.0015654563903809,5.218803405761719,0.0011069448664784431,0.0003483064647298306,1746619748.1188738,6.277921199798584,0.00016277283430099487,22.533292770385742
0.890913724899292,0.36170366406440735,93.20812225341797,42,1.211474061012268,-0.23896551132202148,10,-0.005246400833129883,1,172.969482421875,1.0009387731552124,41,5140.975655681,45.650001525878906,-0.07650119066238403,0.02519756369292736,0.9513440132141113,0,1.2368532419204712,0.6221635341644287,0,0.15477420389652252,0.3222467601299286,1.9470001459121704,1000,1.211474061012268,1.0009387731552124,1.2368532419204712,840000,6.103515470812226e-09,115.62733459472656,5026.7626953125,10.970000267028809,4.9629926681518555,0,1.366023063659668,0.2237052619457245,1.211474061012268,0.042570605874061584,1.2368532419204712,1.0009387731552124,4.979837894439697,0.0006637285696342587,0.0002742259530350566,1746619863.8343852,5.750560283660889,-0.00950191542506218,22.419191360473633
0.8740552067756653,0.33807018399238586,90.28947448730469,43,1.2283772230148315,1.4722247123718262,10,-0.3704630434513092,1,176.7156982421875,1.000545859336853,42,5256.99651028,44.20000076293945,-0.23133747279644012,0.026178942993283272,0.9458196759223938,0,1.2562594413757324,0.7354739308357239,0,-0.1548362821340561,0.295492023229599,2.110107183456421,1000,1.2283772230148315,1.000545859336853,1.2562594413757324,860000,3.051757735406113e-09,113.17613983154297,5140.02783203125,12.729999542236328,6.320192337036133,0,1.359750747680664,0.39103761315345764,1.2283772230148315,0.04182617366313934,1.2562594413757324,1.000545859336853,6.452062606811523,0.0003859527059830725,0.0003474670520517975,1746619977.0923994,5.459644794464111,-0.0007444322109222412,22.88663101196289
0.9577945470809937,0.33861127495765686,93.77041625976562,44,1.2446988821029663,-0.7735147476196289,10,-0.7324903011322021,1,172.51345825195312,1.001047134399414,43,5373.341819666,43.45000076293945,-0.27710413932800293,0.021801434457302094,0.9380038380622864,0,1.275119662284851,0.862474799156189,0,-0.045766666531562805,0.3243200182914734,2.4123363494873047,1000,1.2446988821029663,1.001047134399414,1.275119662284851,880000,4.959106458812812e-09,115.93299102783203,5256.03369140625,13.479999542236328,6.673707008361816,0,1.3515876531600952,0.18538683652877808,1.2446988821029663,0.05907490849494934,1.275119662284851,1.001047134399414,5.6785478591918945,0.0007404920179396868,0.00027608685195446014,1746620093.112755,5.628177642822266,0.017248734831809998,22.162551879882812
0.7062321305274963,0.43839678168296814,93.20564270019531,45,1.2607355117797852,1.7284064292907715,10,-0.4681815505027771,1,172.028076171875,0.999409556388855,44,5487.689860775,75.44999694824219,0.0066554672084748745,0.0400991290807724,0.9488909840583801,0,1.2943542003631592,0.8657287359237671,0,0.2837596065364778,0.30960988998413086,2.821058511734009,1000,1.2607355117797852,0.999409556388855,1.2943542003631592,900000,-1.0299681996173149e-08,116.26008605957031,5372.39306640625,16.8799991607666,6.489845275878906,0,1.3628913164138794,0.22153544425964355,1.2607355117797852,0.05104298144578934,1.2943542003631592,0.9994094967842102,7.406954288482666,0.00041756287100724876,0.00028720987029373646,1746620209.4585693,5.401361465454102,-0.008031927049160004,23.05442237854004
0.9732668995857239,0.3158262372016907,91.69580078125,46,1.2765780687332153,-2.5973715782165527,10,-0.5472851991653442,1,175.04705810546875,1.000826120376587,45,5603.303043451,43.25,-0.06503614038228989,0.021113775670528412,0.9600194096565247,0,1.3130669593811035,0.6023111343383789,0,-0.07169160759076476,0.3073832392692566,1.7605060338974,1000,1.2765780687332153,1.000826120376587,1.3130669593811035,920000,7.629394005448376e-09,114.25498962402344,5486.7216796875,17.68000030517578,4.572023868560791,0,1.375388503074646,0.1949615627527237,1.2765780687332153,0.046086255460977554,1.3130669593811035,1.0008260011672974,4.809582710266113,0.0005840991507284343,0.00028682179981842637,1746620323.806049,5.104765892028809,-0.004956725984811783,22.55916404724121
1.0761195421218872,0.28734472393989563,92.67391204833984,47,1.2922816276550293,0.43831729888916016,10,-0.7592611312866211,1,173.12548828125,1.0015605688095093,46,5719.967316883,40.849998474121094,-0.14461733400821686,0.0172706488519907,0.9643859267234802,0,1.3312474489212036,0.688571572303772,0,-0.07958119362592697,0.309217244386673,1.9676580429077148,1000,1.2922816276550293,1.0015605688095093,1.3312474489212036,940000,0.0,115.52313995361328,5602.349609375,18.079999923706055,5.114466190338135,0,1.3802834749221802,0.20041222870349884,1.2922816276550293,0.05246344953775406,1.3312474489212036,1.0015605688095093,5.247900009155273,0.0011034045601263642,0.0002777867193799466,1746620439.4193456,5.469295501708984,0.0063771940767765045,22.849201202392578
0.4194357395172119,0.6681632399559021,94.35562896728516,48,1.3077865839004517,-0.9375138282775879,10,0.08918994665145874,1,171.55169677734375,0.9967130422592163,47,5834.734957769,64.25,-0.041233014315366745,0.11368393898010254,0.962853193283081,0,1.3496054410934448,0.8977841734886169,0,0.10338431969285011,0.28025153279304504,2.1239500045776367,1000,1.3077865839004517,0.9967130422592163,1.3496054410934448,960000,7.629394005448376e-09,116.58293151855469,5719.02001953125,16.93000030517578,5.908924102783203,0,1.3786340951919556,0.605216383934021,1.3077865839004517,0.06670232117176056,1.3496054410934448,0.9967129826545715,4.3103861808776855,0.0023242582101374865,0.0003332855412736535,1746620556.083835,6.1285905838012695,0.0142388716340065,22.22726821899414
0.928770124912262,0.33647364377975464,91.67584991455078,49,1.3230615854263306,-0.3845529556274414,10,-0.24690410494804382,1,174.42062377929688,1.0012019872665405,48,5951.81016378,35.79999923706055,-0.14057116210460663,0.023185335099697113,0.9645342826843262,0,1.3673337697982788,0.6806321144104004,0,-0.09933814778923988,0.31250664591789246,1.8192439079284668,1000,1.3230615854263306,1.0012019872665405,1.3673337697982788,980000,6.103515470812226e-09,114.66534423828125,5833.76416015625,16.1200008392334,4.608932018280029,0,1.3800936937332153,0.19902324676513672,1.3230615854263306,0.05980594456195831,1.3673337697982788,1.0012019872665405,3.925833225250244,0.0008498490205965936,0.0002840875240508467,1746620670.8511257,5.727634429931641,-0.006896376609802246,22.989471435546875
0.7773995399475098,0.3902536630630493,94.62709045410156,50,1.3377432823181152,1.263782024383545,10,-0.2637072801589966,1,170.95509338378906,1.0000922679901123,49,6067.383104661,57.04999923706055,-0.0795656368136406,0.03309338912367821,0.95416659116745,0,1.385104775428772,0.8727545142173767,0,0.061005525290966034,0.3033829927444458,2.2450809478759766,1000,1.3377432823181152,1.0000922679901123,1.385104775428772,1000000,1.5258788677030566e-09,116.98979187011719,5950.859375,10.75,5.766977787017822,0,1.3687690496444702,0.2835061252117157,1.3377432823181152,0.06915458291769028,1.385104775428772,1.0000921487808228,5.189615249633789,6.524343189084902e-05,0.0003328642051201314,1746620787.926588,6.307407855987549,0.009348638355731964,22.362682342529297
0.9403693675994873,0.3354671001434326,92.69172668457031,51,1.3518463373184204,-0.4201235771179199,10,-0.07773423194885254,1,173.24684143066406,0.9992198944091797,50,6180.890750205,52.75,-0.07038570195436478,0.02261688932776451,0.9427173733711243,0,1.4028018712997437,0.798528790473938,0,0.009179934859275818,0.31546297669410706,1.7109136581420898,1000,1.3518463373184204,0.9992198944091797,1.4028018712997437,1020000,1.5258788677030566e-09,115.44222259521484,6066.38525390625,10.140000343322754,5.216834545135498,0,1.3568068742752075,0.1624576449394226,1.3518463373184204,0.05714809149503708,1.4028018712997437,0.9992198944091797,4.769491672515869,0.0005516179371625185,0.0002852827019523829,1746620903.4991438,6.777501106262207,-0.012006491422653198,22.750476837158203
0.8993762135505676,0.3487387001514435,91.04011535644531,52,1.365482211112976,-0.3862953186035156,10,-0.6970109939575195,1,176.33494567871094,1.002089500427246,51,6297.337417095,42.54999923706055,-0.08486231416463852,0.02472561225295067,0.9365523457527161,0,1.420145869255066,0.6395576596260071,0,-0.014476612210273743,0.3136473000049591,1.424430251121521,1000,1.365482211112976,1.002089500427246,1.420145869255066,1040000,3.051757735406113e-09,113.42051696777344,6179.94287109375,10.850000381469727,4.590045928955078,0,1.350516676902771,0.21409742534160614,1.365482211112976,0.05695079639554024,1.420145869255066,1.002089500427246,4.3831963539123535,0.0014775560703128576,0.00028958561597391963,1746621017.007261,6.76628303527832,-0.00019729509949684143,22.380374908447266
0.6969479918479919,0.4395081102848053,93.6480712890625,53,1.378885269165039,1.508882999420166,10,0.6483847498893738,1,171.86785888671875,0.999421238899231,52,6414.709975951,66.30000305175781,0.08442088961601257,0.041174571961164474,0.9314783215522766,0,1.4378678798675537,0.6443387269973755,0,0.1692832037806511,0.3063143193721771,1.7485929727554321,1000,1.378885269165039,0.999421238899231,1.4378678798675537,1060000,-5.1498409980865745e-09,116.36846923828125,6296.3896484375,13.3100004196167,4.861207962036133,0,1.345338225364685,0.2569520175457001,1.378885269165039,0.04905420169234276,1.4378678798675537,0.9994211792945862,5.8920793533325195,0.00040927401278167963,0.00028339066193439066,1746621133.453908,5.893286228179932,-0.00789659470319748,22.720373153686523
0.5962481498718262,0.5233561992645264,95.32447814941406,54,1.392187476158142,1.6066341400146484,10,0.5035204887390137,1,170.51065063476562,1.0016167163848877,53,6524.040614187,94.05000305175781,0.09237056225538254,0.05625689774751663,0.923140823841095,0,1.4567310810089111,0.8520385026931763,0,0.007949672639369965,0.3120501637458801,2.371504783630371,1000,1.392187476158142,1.0016167163848877,1.4567310810089111,1080000,-4.1961669694501325e-09,117.29472351074219,6413.76318359375,14.670000076293945,7.270050048828125,0,1.3369927406311035,0.27346035838127136,1.392187476158142,0.06275232136249542,1.4567310810089111,1.0016165971755981,7.498713493347168,0.0011431348975747824,0.0002998887503053993,1746621250.82666,6.298140048980713,0.013698119670152664,21.970226287841797
1.124688744544983,0.27216097712516785,86.4505844116211,55,1.405321478843689,-3.2324109077453613,10,-0.8586866855621338,1,183.04464721679688,1.00247323513031,54,6640.499516168,19.399999618530273,-0.3602130711078644,0.01581120863556862,0.9191116690635681,0,1.4744551181793213,0.5914384722709656,0,-0.4525836333632469,0.3060963749885559,2.1453235149383545,1000,1.405321478843689,1.00247323513031,1.4744551181793213,1100000,-9.155272984173735e-09,109.26295471191406,6523.09716796875,13.569999694824219,5.28336238861084,0,1.3334516286849976,0.1945408284664154,1.405321478843689,0.041398532688617706,1.4744551181793213,1.00247323513031,4.266302585601807,0.0017488131998106837,0.00030270052957348526,1746621360.1574352,5.426845073699951,-0.021353788673877716,22.812345504760742
0.5890820622444153,0.5039085149765015,94.03169250488281,56,1.418445110321045,1.8678302764892578,10,0.3473144769668579,1,171.83192443847656,0.9991511702537537,55,6755.157065962,76.8499984741211,0.05222739279270172,0.05763394385576248,0.9177506566047668,0,1.4928579330444336,0.711653470993042,0,0.4124404639005661,0.2968434691429138,2.0655455589294434,1000,1.418445110321045,0.9991511702537537,1.4928579330444336,1120000,6.103515470812226e-09,116.39280700683594,6639.55859375,15.319999694824219,6.065559387207031,0,1.3324650526046753,0.2777128517627716,1.418445110321045,0.06427640467882156,1.4928579330444336,0.9991511702537537,6.1341328620910645,0.0006002273294143379,0.0003367441240698099,1746621476.6163404,5.37777853012085,0.022877871990203857,22.361095428466797
1.0552997589111328,0.3184252381324768,91.59551239013672,57,1.431369423866272,-2.66636323928833,10,0.20677274465560913,1,174.56103515625,1.000523328781128,56,6867.647648287,36.400001525878906,-0.15563704073429108,0.017958832904696465,0.9103779792785645,0,1.510685682296753,0.5598554611206055,0,-0.2078644335269928,0.33603405952453613,1.3793505430221558,1000,1.431369423866272,1.000523328781128,1.510685682296753,1140000,0.0,114.57311248779297,6754.19677734375,12.779999732971191,4.571709632873535,0,1.3243874311447144,0.18735456466674805,1.431369423866272,0.055335044860839844,1.510685682296753,1.0005232095718384,3.4677696228027344,0.00037004935438744724,0.0002405558043392375,1746621591.2733018,5.147052764892578,-0.00894135981798172,22.977575302124023
1.0061033964157104,0.3016061782836914,90.34884643554688,58,1.443877935409546,-0.3784496784210205,10,-0.22579851746559143,1,177.91818237304688,1.0004100799560547,57,6979.664848545,28.75,-0.2481445074081421,0.0197580698877573,0.9007806777954102,0,1.5277643203735352,0.7171409130096436,0,-0.09250746667385101,0.3034469783306122,1.2884427309036255,1000,1.443877935409546,1.0004100799560547,1.5277643203735352,1160000,4.577636492086867e-09,112.41121673583984,6866.70361328125,9.720000267028809,4.8942646980285645,0,1.3137965202331543,0.24955250322818756,1.443877935409546,0.05159012973308563,1.5277643203735352,1.0004100799560547,3.089319944381714,0.00028997031040489674,0.0003051483363378793,1746621703.7645202,5.109560012817383,-0.0037449151277542114,22.06235122680664
0.8998650312423706,0.33336925506591797,88.99669647216797,59,1.4558589458465576,-0.04329061508178711,10,-0.4576893150806427,1,178.6659698486328,1.0018575191497803,58,7092.534410004,26.399999618530273,-0.2135210782289505,0.024698754772543907,0.8974213004112244,0,1.544095754623413,0.47970908880233765,0,0.03462342917919159,0.2999873161315918,0.8910340070724487,1000,1.4558589458465576,1.0018575191497803,1.544095754623413,1180000,7.629394005448376e-09,111.94074249267578,6978.712890625,7.78000020980835,4.290595531463623,0,1.3101671934127808,0.2610045373439789,1.4558589458465576,0.04842791706323624,1.544095754623413,1.0018573999404907,3.0460293292999268,0.0013134082546457648,0.0003369579208083451,1746621815.7811832,4.303930282592773,-0.0031622126698493958,22.94402313232422
0.8763431906700134,0.35384538769721985,90.84585571289062,60,1.4674152135849,0.9932801723480225,10,0.03896622359752655,1,177.3354034423828,1.0008461475372314,59,7208.550769856,46.45000076293945,-0.10521572828292847,0.026042424142360687,0.8967575430870056,0,1.5603771209716797,0.8000685572624207,0,0.10830534994602203,0.31008997559547424,1.1198512315750122,1000,1.4674152135849,1.0008461475372314,1.5603771209716797,1200000,1.5258788677030566e-09,112.78063201904297,7091.58544921875,8.399999618530273,5.080223560333252,0,1.3089251518249512,0.21886825561523438,1.4674152135849,0.07088752090930939,1.5603771209716797,1.000846028327942,4.039309501647949,0.0005982604343444109,0.00026220138533972204,1746621928.6509717,5.01824951171875,0.02245960384607315,21.93476104736328
0.8627580404281616,0.34193944931030273,93.05813598632812,61,1.4783440828323364,0.4309868812561035,10,-0.7463018894195557,1,172.5136260986328,1.0006294250488281,60,7318.440158066,43.5,-0.16795705258846283,0.026869019493460655,0.8938214182853699,0,1.5765299797058105,0.7305718660354614,0,-0.06274132430553436,0.2950110137462616,1.1414525508880615,1000,1.4783440828323364,1.0006294250488281,1.5765299797058105,1220000,-1.5258788677030566e-09,115.93286895751953,7207.59814453125,5.380000114440918,5.369139194488525,0,1.3054369688034058,0.3046739995479584,1.4783440828323364,0.05134039744734764,1.5765299797058105,1.0006294250488281,4.470296382904053,0.00044507073471322656,0.0003399424022063613,1746622044.6672132,4.705368995666504,-0.019547123461961746,22.874713897705078
0.7534664869308472,0.4226171374320984,87.42200469970703,62,1.4888534545898438,-0.8686778545379639,10,-0.02627161145210266,1,182.1331024169922,1.00016188621521,61,7429.808934512,25.450000762939453,-0.16832347214221954,0.03522913157939911,0.8991000056266785,0,1.5920042991638184,0.5013469457626343,0,-0.00036641955375671387,0.31842783093452454,0.994545578956604,1000,1.4888534545898438,1.00016188621521,1.5920042991638184,1240000,-2.8610229740877458e-09,109.80980682373047,7317.4931640625,7.170000076293945,3.8493847846984863,0,1.3115633726119995,0.2235841304063797,1.4888534545898438,0.05433479696512222,1.5920042991638184,1.0001617670059204,3.601618528366089,0.0001144146517617628,0.0002809247234836221,1746622154.5568104,4.55897855758667,0.002994399517774582,22.387779235839844
1.5627949237823486,0.19915039837360382,88.51051330566406,63,1.498943567276001,-1.278332233428955,10,-0.09968103468418121,1,179.71461486816406,1.0025005340576172,62,7540.848265818,14.5,-0.2686287462711334,0.008188897743821144,0.9068992733955383,0,1.6065154075622559,0.48390254378318787,0,-0.10030527412891388,0.31123122572898865,0.7364410161972046,1000,1.498943567276001,1.0025005340576172,1.6065154075622559,1260000,3.051757735406113e-09,111.28755950927734,7428.85546875,6.659999847412109,3.8382718563079834,0,1.3199447393417358,0.20774570107460022,1.498943567276001,0.05462922528386116,1.6065154075622559,1.0025005340576172,2.323286294937134,0.0017682008910924196,0.00029125259607098997,1746622265.925344,4.548524856567383,0.0002944283187389374,22.777019500732422
1.2742083072662354,0.2473851442337036,88.57191467285156,64,1.5086005926132202,0.09020495414733887,10,0.08734723180532455,1,180.24374389648438,1.0012414455413818,63,7651.319624854,23.200000762939453,-0.20313113927841187,0.012318244203925133,0.9120802283287048,0,1.6204376220703125,0.5901206731796265,0,0.06549760699272156,0.3152202069759369,0.6967470645904541,1000,1.5086005926132202,1.0012414455413818,1.6204376220703125,1280000,-9.918212917625624e-09,110.96086120605469,7539.90283203125,5.989999771118164,4.10413122177124,0,1.32538640499115,0.13418355584144592,1.5086005926132202,0.05299627035856247,1.6204376220703125,1.0012413263320923,2.4134912490844727,0.0008777783950790763,0.00028956265305168927,1746622376.9648528,4.630957126617432,-0.0016329549252986908,22.388925552368164
1.3208239078521729,0.24257715046405792,87.5276107788086,65,1.5177563428878784,-0.6200121641159058,10,-0.21603648364543915,1,181.18946838378906,0.9999817609786987,64,7765.151431084,15.75,-0.16667895019054413,0.011464094743132591,0.9042440056800842,0,1.6335862874984741,0.3211691677570343,0,0.03645218908786774,0.32040169835090637,0.5049101710319519,1000,1.5177563428878784,0.9999817609786987,1.6335862874984741,1300000,7.629394005448376e-09,110.38169860839844,7650.36083984375,4.670000076293945,3.047098159790039,0,1.3168467283248901,0.18252955377101898,1.5177563428878784,0.048585712909698486,1.6335862874984741,0.999981701374054,1.793479084968567,1.2897073247586377e-05,0.0003120284527540207,1746622487.4358933,3.6458239555358887,-0.004410557448863983,22.85405921936035
1.1284890174865723,0.2753247916698456,91.78931427001953,66,1.5264484882354736,1.1053744554519653,10,0.08817839622497559,1,175.84954833984375,1.001432180404663,65,7877.301976891,32.5,-0.1907050460577011,0.015704896301031113,0.9109916687011719,0,1.646587610244751,0.8421757817268372,0,-0.024026095867156982,0.31070101261138916,0.8180636763572693,1000,1.5264484882354736,1.001432180404663,1.646587610244751,1320000,-1.2207030941624453e-08,113.73358154296875,7764.1875,4.539999961853027,4.583285331726074,0,1.324511170387268,0.10529879480600357,1.5264484882354736,0.06198107451200485,1.646587610244751,1.0014320611953735,2.8988535404205322,0.0010127045679837465,0.0002763531811069697,1746622601.2678607,4.117734909057617,0.013395361602306366,21.944246292114258
1.1654531955718994,0.25142136216163635,89.02213287353516,67,1.5345942974090576,-0.9649468660354614,10,-0.1594284176826477,1,178.4679412841797,1.0021038055419922,66,7992.267022154,21.700000762939453,-0.15933221578598022,0.014724481850862503,0.9125959277153015,0,1.6591041088104248,0.5686928629875183,0,0.031372830271720886,0.2930198609828949,0.6454108357429504,1000,1.5345942974090576,1.0021038055419922,1.6591041088104248,1340000,5.340575981449547e-09,112.06494903564453,7876.35107421875,3.049999952316284,3.3742282390594482,0,1.3260501623153687,0.24784138798713684,1.5345942974090576,0.0544271394610405,1.6591041088104248,1.0021038055419922,1.9339066743850708,0.0014876713976264,0.0003242584934923798,1746622713.4183524,4.211337089538574,-0.0075539350509643555,23.042789459228516
0.6124733686447144,0.44629019498825073,92.49176025390625,68,1.5424604415893555,3.2035645246505737,10,1.0291918516159058,1,174.08033752441406,0.998960018157959,67,8104.418212052,62.5,0.18526023626327515,0.053315743803977966,0.9081131815910339,0,1.6725332736968994,0.5168310403823853,0,0.34459245204925537,0.2733408510684967,0.697511613368988,1000,1.5424604415893555,0.998960018157959,1.6725332736968994,1360000,-3.051757735406113e-09,114.88948059082031,7991.32421875,5.53000020980835,3.607527256011963,0,1.3211008310317993,0.4549529254436493,1.5424604415893555,0.06551048904657364,1.6725332736968994,0.998960018157959,5.1374711990356445,0.0007353501277975738,0.0003343203279655427,1746622828.383865,4.56161642074585,0.011083349585533142,22.39769744873047
1.0627074241638184,0.28181177377700806,89.08891296386719,69,1.5501420497894287,-2.008286237716675,10,-0.7932422161102295,1,178.46401977539062,1.0019819736480713,68,8215.169599465,25.950000762939453,-0.23388423025608063,0.017709339037537575,0.9030964374542236,0,1.68558669090271,0.654258668422699,0,-0.4191444665193558,0.29948344826698303,0.775263786315918,1000,1.5501420497894287,1.0019819736480713,1.68558669090271,1380000,1.5258788677030566e-09,112.0674057006836,8103.45849609375,6.289999961853027,4.43154239654541,0,1.315790057182312,0.22244204580783844,1.5501420497894287,0.05737130716443062,1.68558669090271,1.0019818544387817,3.1291849613189697,0.0014014107873663306,0.00030091978260315955,1746622940.5345929,4.949090003967285,-0.00813918188214302,22.978471755981445
1.225956916809082,0.25175076723098755,88.2404556274414,70,1.5576833486557007,-0.9164121150970459,10,0.04041165113449097,1,180.71995544433594,1.0009115934371948,69,8330.161991989,20.850000381469727,-0.15311765670776367,0.01330697163939476,0.911121666431427,0,1.698132038116455,0.3624197244644165,0,0.08076657354831696,0.3086356222629547,0.6232042908668518,1000,1.5576833486557007,1.0009115934371948,1.698132038116455,1400000,2.6702879907247734e-09,110.66846466064453,8214.220703125,6.559999942779541,3.2481467723846436,0,1.3243399858474731,0.20524851977825165,1.5576833486557007,0.049787383526563644,1.698132038116455,1.0009115934371948,2.212772846221924,0.0006445657927542925,0.00026860422804020345,1746623051.2863512,4.820765495300293,-0.007583923637866974,22.427989959716797
0.6611877679824829,0.4495381712913513,92.0910873413086,71,1.5656088590621948,3.3538308143615723,10,0.41586539149284363,1,174.02633666992188,0.9984554052352905,70,8442.975517895,62.95000076293945,0.14384250342845917,0.04574885964393616,0.9128837585449219,0,1.7116386890411377,0.5533446073532104,0,0.29696016013622284,0.297229140996933,0.5888656973838806,1000,1.5656088590621948,0.9984554052352905,1.7116386890411377,1420000,-6.866454960174906e-09,114.92513275146484,8329.21875,12.329999923706055,4.14232873916626,0,1.3259629011154175,0.485609769821167,1.5656088590621948,0.05161748081445694,1.7116386890411377,0.9984553456306458,5.566603660583496,0.001092193415388465,0.00031334333471022546,1746623166.2788088,4.200622081756592,0.0018300972878932953,22.83401870727539
0.6799420714378357,0.4664381742477417,90.34104919433594,72,1.574118971824646,-1.0090198516845703,10,0.5656409859657288,1,177.39752197265625,0.999555230140686,71,8555.220621724,43.349998474121094,-0.0061473543755710125,0.04325995221734047,0.9095582962036133,0,1.7253659963607788,0.5611236095428467,0,-0.14998985780403018,0.31715092062950134,0.7563318610191345,1000,1.574118971824646,0.999555230140686,1.7253659963607788,1440000,0.0,112.74114227294922,8442.0283203125,14.9399995803833,3.8454227447509766,0,1.3221160173416138,0.3137052357196808,1.574118971824646,0.05643228068947792,1.7253659963607788,0.9995551705360413,4.557583808898926,0.000314527889713645,0.00025274365907534957,1746623279.092067,4.029933452606201,0.004814799875020981,22.40007209777832
0.9479619860649109,0.33205994963645935,88.74656677246094,73,1.5830011367797852,-1.1562533378601074,10,-0.6646790504455566,1,178.3208770751953,1.0006353855133057,72,8667.393386276,26.850000381469727,-0.12790045142173767,0.022256042808294296,0.904217541217804,0,1.7387373447418213,0.46261152625083923,0,-0.12175309704616666,0.31478020548820496,0.7476920485496521,1000,1.5830011367797852,1.0006353855133057,1.7387373447418213,1460000,-6.103515470812226e-09,112.1573715209961,8554.2646484375,13.079999923706055,3.5816898345947266,0,1.316500186920166,0.21794065833091736,1.5830011367797852,0.05340576171875,1.7387373447418213,1.0006352663040161,3.4013304710388184,0.0004492292064242065,0.00030571618117392063,1746623391.337024,3.771538019180298,-0.0030265189707279205,23.410783767700195
0.9608559608459473,0.3345407247543335,90.10429382324219,74,1.592208981513977,-0.36856985092163086,10,0.01862795650959015,1,178.42984008789062,1.000924825668335,73,8783.829305043,33.099998474121094,-0.1573319286108017,0.02166273258626461,0.9019915461540222,0,1.7520067691802979,0.5772177577018738,0,-0.029431477189064026,0.3214454650878906,0.5242928862571716,1000,1.592208981513977,1.000924825668335,1.7520067691802979,1480000,-1.4114379887075756e-08,112.08887481689453,8666.443359375,12.880000114440918,4.242592811584473,0,1.3144370317459106,0.2428087592124939,1.592208981513977,0.047126561403274536,1.7520067691802979,1.0009247064590454,3.0327606201171875,0.0006538943271152675,0.00028922458295710385,1746623503.509864,3.6635076999664307,-0.006279200315475464,21.984554290771484
0.7532928586006165,0.4037056863307953,93.0536880493164,75,1.6018842458724976,0.9847016334533691,10,-0.702924370765686,1,171.89271545410156,0.998969554901123,74,8893.830646021,57.099998474121094,0.1003488302230835,0.0352453738451004,0.8987283706665039,0,1.7660150527954102,0.4750485420227051,0,0.2576807588338852,0.3041086196899414,0.6705570220947266,1000,1.6018842458724976,0.998969554901123,1.7660150527954102,1500000,7.629394005448376e-09,116.35164642333984,8782.876953125,14.729999542236328,3.9541988372802734,0,1.3109327554702759,0.2916797399520874,1.6018842458724976,0.044889532029628754,1.7660150527954102,0.998969554901123,4.017462253570557,0.0007286065956577659,0.0003001404693350196,1746623619.9456997,3.8709094524383545,-0.0022370293736457825,23.29793930053711
0.8356409668922424,0.3512081801891327,87.8608627319336,76,1.6114736795425415,-0.8555622100830078,10,0.08487975597381592,1,181.9586639404297,1.000633955001831,75,9010.232338221,21.5,-0.24259252846240997,0.028641147539019585,0.903968095779419,0,1.7794668674468994,0.4328262209892273,0,-0.34294135868549347,0.2934839427471161,0.8435707092285156,1000,1.6114736795425415,1.000633955001831,1.7794668674468994,1520000,1.2207030941624453e-08,109.91506958007812,8892.876953125,9.020000457763672,4.011595249176025,0,1.3166333436965942,0.2658482789993286,1.6114736795425415,0.04386995732784271,1.7794668674468994,1.0006338357925415,3.161900043487549,0.00044827390229329467,0.0003181900247000158,1746623729.9471083,3.7584657669067383,-0.0010195747017860413,22.05418586730957
0.4929966628551483,0.566422700881958,93.48503112792969,77,1.6209852695465088,2.5704660415649414,10,1.9455866813659668,1,171.94790649414062,0.9974726438522339,76,9121.264446039,76.25,0.24584035575389862,0.08228904008865356,0.9117660522460938,0,1.7943154573440552,0.5101020336151123,0,0.4884328842163086,0.2792445123195648,0.5725920796394348,1000,1.6209852695465088,0.9974726438522339,1.7943154573440552,1540000,4.577636492086867e-09,116.31430053710938,9009.2783203125,8.970000267028809,4.238973140716553,0,1.3252969980239868,0.5566219687461853,1.6209852695465088,0.04092162474989891,1.7943154573440552,0.9974725842475891,5.73236608505249,0.0017871668096631765,0.00035916012711822987,1746623846.348647,3.656421422958374,-0.002948332577943802,22.829246520996094
0.8619897365570068,0.35143622756004333,88.19225311279297,78,1.6303647756576538,-2.6310181617736816,10,-0.28115206956863403,1,181.4462890625,1.0016107559204102,77,9231.378237425,27.0,-0.3151196539402008,0.02691693603992462,0.9213898181915283,0,1.8087272644042969,0.4654965400695801,0,-0.5609600096940994,0.3029344081878662,0.9211474657058716,1000,1.6303647756576538,1.0016107559204102,1.8087272644042969,1560000,-1.0681151962899094e-08,110.22545623779297,9119.5908203125,8.25,5.192296028137207,0,1.3358545303344727,0.2009386569261551,1.6303647756576538,0.03997976332902908,1.8087272644042969,1.0016107559204102,3.1013479232788086,0.0011389764258638024,0.00028803004533983767,1746623957.3805048,3.374035358428955,-0.0009418614208698273,22.03317642211914
1.2563368082046509,0.2664162516593933,87.34168243408203,79,1.6395964622497559,-0.5354270935058594,10,-0.36816954612731934,1,181.77593994140625,1.0006517171859741,78,9340.143648377,18.549999237060547,-0.15327101945877075,0.012671193107962608,0.9270360469818115,0,1.8224480152130127,0.3281042277812958,0,0.16184863448143005,0.3347085416316986,0.7065505981445312,1000,1.6395964622497559,1.0006517171859741,1.8224480152130127,1580000,-8.392333938900265e-09,110.02556610107422,9230.431640625,7.900000095367432,3.1494956016540527,0,1.3423112630844116,0.12233087420463562,1.6395964622497559,0.04573351517319679,1.8224480152130127,1.0006517171859741,2.565920829772949,0.00046080551692284644,0.00024662830401211977,1746624067.4947004,2.816967725753784,0.005753751844167709,22.683862686157227
0.939849317073822,0.35480549931526184,86.27302551269531,80,1.6485275030136108,-0.39521169662475586,10,-0.7045057415962219,1,184.00851440429688,1.0003303289413452,79,9450.739088079,21.450000762939453,-0.1425296515226364,0.022641923278570175,0.9269559383392334,0,1.8356499671936035,0.27972275018692017,0,0.010741367936134338,0.33346372842788696,0.5828686356544495,1000,1.6485275030136108,1.0003303289413452,1.8356499671936035,1600000,-6.103515470812226e-09,108.69062042236328,9339.19921875,6.070000171661377,3.179074764251709,0,1.342502236366272,0.11604579538106918,1.6485275030136108,0.04360358417034149,1.8356499671936035,1.0003303289413452,2.1707091331481934,0.00023360592604149133,0.0002602897002361715,1746624176.2601464,2.6078710556030273,-0.002129931002855301,22.41757583618164
1.0235251188278198,0.29683390259742737,87.4489517211914,81,1.6571111679077148,-0.5348407030105591,10,-0.5172666907310486,1,180.94558715820312,0.9993821978569031,80,9559.453056518,15.75,-0.17813150584697723,0.019091181457042694,0.927590548992157,0,1.8481802940368652,0.34784063696861267,0,-0.03560185432434082,0.30381694436073303,0.4720633327960968,1000,1.6571111679077148,0.9993821978569031,1.8481802940368652,1620000,1.5258788677030566e-09,110.53046417236328,9449.7978515625,5.239999771118164,2.852325677871704,0,1.343307375907898,0.20387956500053406,1.6571111679077148,0.04744146019220352,1.8481802940368652,0.9993821978569031,1.6358684301376343,0.0004368942172732204,0.00030294456519186497,1746624286.8558557,2.5207619667053223,0.00383787602186203,23.08149528503418
0.9198592305183411,0.36976680159568787,86.40961456298828,82,1.6652700901031494,0.43750011920928955,10,1.1467840671539307,1,184.10037231445312,1.0004816055297852,81,9671.201366886,26.25,0.05143514275550842,0.02363671362400055,0.9293453693389893,0,1.8604861497879028,0.12057346105575562,0,0.22956664860248566,0.340133398771286,0.5147377848625183,1000,1.6652700901031494,1.0004816055297852,1.8604861497879028,1640000,7.629394338515283e-10,108.63639068603516,9558.5,4.050000190734863,1.7838871479034424,0,1.3453545570373535,0.18547211587429047,1.6652700901031494,0.04062262177467346,1.8604861497879028,1.0004816055297852,2.073368549346924,0.00034054653951898217,0.00023536740627605468,1746624395.5694816,1.8645919561386108,-0.00681883841753006,22.226747512817383
1.4609569311141968,0.20911717414855957,88.50926971435547,83,1.6730433702468872,0.04863452911376953,10,-0.6622592806816101,1,179.10552978515625,1.000389814376831,82,9779.263205045,18.100000381469727,-0.14708024263381958,0.009370326064527035,0.9323017001152039,0,1.8722962141036987,0.27669185400009155,0,-0.198515385389328,0.3055112063884735,0.8049765825271606,1000,1.6730433702468872,1.000389814376831,1.8722962141036987,1660000,0.0,111.666015625,9670.251953125,4.019999980926514,2.914645195007324,0,1.3484843969345093,0.10443378239870071,1.6730433702468872,0.03320922702550888,1.8722962141036987,1.0003896951675415,2.1220030784606934,0.0002756404282990843,0.00028017349541187286,1746624507.3177874,1.6559350490570068,-0.007413394749164581,23.156723022460938
1.5092556476593018,0.20493502914905548,85.22362518310547,84,1.6804213523864746,-0.604324460029602,10,0.07719472795724869,1,185.81045532226562,1.0005416870117188,83,9889.814200985,10.399999618530273,-0.14408279955387115,0.008780188858509064,0.9332294464111328,0,1.8833765983581543,0.2370283007621765,0,0.0029974430799484253,0.3092993497848511,0.5459721684455872,1000,1.6804213523864746,1.0005416870117188,1.8833765983581543,1680000,3.051757735406113e-09,107.6365737915039,9777.9697265625,3.5199999809265137,2.2230727672576904,0,1.3494664430618286,0.1343582272529602,1.6804213523864746,0.03364240750670433,1.8833765983581543,1.0005416870117188,1.5176786184310913,0.0003829743654932827,0.0002584396570455283,1746624615.380088,1.6559382677078247,0.00043318048119544983,22.412925720214844
1.2194223403930664,0.2687259614467621,87.7818603515625,85,1.6874641180038452,0.7109555006027222,10,0.21449798345565796,1,181.0276641845703,1.0010408163070679,84,9998.669958879,22.850000381469727,-0.04679204523563385,0.013449972495436668,0.9333603382110596,0,1.8942594528198242,0.23960380256175995,0,0.0972907543182373,0.3276904225349426,0.6661056876182556,1000,1.6874641180038452,1.0010408163070679,1.8942594528198242,1700000,4.577636492086867e-09,110.4803466796875,9888.8671875,3.740000009536743,2.4652256965637207,0,1.3497849702835083,0.19422176480293274,1.6874641180038452,0.046191226691007614,1.8942594528198242,1.0010408163070679,2.2286341190338135,0.0007359401206485927,0.0002409431035630405,1746624725.9307063,1.7187658548355103,0.012548819184303284,22.69846534729004
1.2908846139907837,0.22556108236312866,86.67893981933594,86,1.6942294836044312,-0.10396265983581543,10,0.007195524871349335,1,183.8632354736328,1.0019240379333496,85,10111.199704372,13.399999618530273,-0.11079401522874832,0.01200203225016594,0.9464476704597473,0,1.9046156406402588,0.08447015285491943,0,-0.06400196999311447,0.2911733388900757,0.513877809047699,1000,1.6942294836044312,1.0019240379333496,1.9046156406402588,1720000,-3.433227480087453e-09,108.77650451660156,9997.72265625,3.990000009536743,2.15960693359375,0,1.3637605905532837,0.12388925999403,1.6942294836044312,0.033642567694187164,1.9046156406402588,1.0019240379333496,2.124671459197998,0.001360500231385231,0.00030664808582514524,1746624834.786769,1.3033251762390137,-0.01254865899682045,22.09754180908203
0.8441324830055237,0.3962627947330475,89.40084838867188,87,1.7006438970565796,0.0895390510559082,10,0.274972140789032,1,177.83816528320312,1.001018762588501,86,10224.032206909,25.75,0.012750387191772461,0.02806781604886055,0.9572804570198059,0,1.9149601459503174,0.16199907660484314,0,0.12354440242052078,0.3344982862472534,0.5735741257667542,1000,1.7006438970565796,1.001018762588501,1.9149601459503174,1740000,3.814697002724188e-09,112.46179962158203,10110.255859375,2.950000047683716,2.108841896057129,0,1.3751376867294312,0.23719052970409393,1.7006438970565796,0.0386609323322773,1.9149601459503174,1.0010186433792114,2.2142105102539062,0.0007203177083283663,0.0002393392933299765,1746624947.316539,1.6752122640609741,0.005018364638090134,23.060924530029297
1.1333682537078857,0.2743714451789856,90.70106506347656,88,1.7068264484405518,-0.4669700860977173,10,-0.15190738439559937,1,177.39564514160156,1.0012048482894897,87,10337.372049707,16.899999618530273,-0.163924440741539,0.015569964423775673,0.9504839777946472,0,1.924965500831604,0.24591396749019623,0,-0.17667482793331146,0.310963898897171,0.6929622292518616,1000,1.7068264484405518,1.0012048482894897,1.924965500831604,1760000,-4.577636492086867e-09,112.74234008789062,10223.06640625,3.809999942779541,2.8133935928344727,0,1.367927074432373,0.13390254974365234,1.7068264484405518,0.04806100204586983,1.924965500831604,1.0012048482894897,1.747240424156189,0.000851984485052526,0.00028525973903015256,1746625060.1487978,1.958322286605835,0.00940006971359253,22.04125213623047
0.8706508874893188,0.3365204334259033,90.09234619140625,89,1.7128454446792603,0.15942907333374023,10,0.36692970991134644,1,176.83108520507812,0.9981762766838074,88,10450.339295681,25.549999237060547,-0.015158966183662415,0.02638406679034233,0.9390895366668701,0,1.9349946975708008,0.2558133900165558,0,0.1487654745578766,0.2929918169975281,0.3458908796310425,1000,1.7128454446792603,0.9981762766838074,1.9349946975708008,1780000,0.0,113.10228729248047,10336.265625,4.260000228881836,2.3498077392578125,0,1.3559104204177856,0.2602338194847107,1.7128454446792603,0.04567011818289757,1.9349946975708008,0.9981762766838074,1.9066694974899292,0.0012896092375740409,0.00032929665758274496,1746625173.4880533,2.3827686309814453,-0.0023908838629722595,23.009916305541992
0.2433164268732071,0.9474332928657532,90.96907806396484,90,1.7197074890136719,3.5453110933303833,10,-0.3079710006713867,1,177.18695068359375,0.9955326914787292,89,10563.41767342,69.44999694824219,0.35579168796539307,0.337821364402771,0.9329211115837097,0,1.9467006921768188,0.17256686091423035,0,0.3709506541490555,0.23052608966827393,0.5173556804656982,1000,1.7197074890136719,0.9955326914787292,1.9467006921768188,1800000,-3.814697002724188e-09,112.87512969970703,10449.3896484375,14.239999771118164,2.498995065689087,0,1.349220871925354,1.0806868076324463,1.7197074890136719,0.031545642763376236,1.9467006921768188,0.9955326914787292,5.4519805908203125,0.003158878069370985,0.0004184008575975895,1746625286.4557734,2.1481683254241943,-0.014124475419521332,21.906024932861328
0.6866748332977295,0.42268165946006775,90.2656478881836,91,1.7275779247283936,-1.2861700057983398,10,-0.6117421388626099,1,177.02418518066406,0.9996066093444824,90,10673.289353048,39.150001525878906,0.027230923995375633,0.042415790259838104,0.9450845122337341,0,1.9587910175323486,0.28944873809814453,0,-0.32856076397001743,0.2902448773384094,0.744483470916748,1000,1.7275779247283936,0.9996066093444824,1.9587910175323486,1820000,0.0,112.97891235351562,10562.451171875,16.65999984741211,3.057403802871704,0,1.3619643449783325,0.2794121503829956,1.7275779247283936,0.04122138395905495,1.9587910175323486,0.9996066093444824,4.165810585021973,0.00027819728711619973,0.0003141811757814139,1746625399.5338311,2.686960220336914,0.009675741195678711,22.713237762451172
0.9016136527061462,0.3704940974712372,87.30632781982422,92,1.7364264726638794,-0.7598187923431396,10,-0.3295421302318573,1,182.16973876953125,0.9996832609176636,91,10784.22473286,25.299999237060547,-0.1402345448732376,0.024603042751550674,0.9525347352027893,0,1.9707075357437134,0.3485519587993622,0,-0.16746546886861324,0.3340425491333008,1.024445652961731,1000,1.7364264726638794,0.9996832609176636,1.9707075357437134,1840000,-1.1444091230217168e-09,109.7877197265625,10672.341796875,17.260000228881836,3.4501960277557373,0,1.3699884414672852,0.2210615575313568,1.7364264726638794,0.044073738157749176,1.9707075357437134,0.9996832013130188,3.405991792678833,0.00022402455215342343,0.00024082622257992625,1746625509.4058373,3.14492130279541,0.002852354198694229,22.48137092590332
1.2953993082046509,0.22055062651634216,88.07471466064453,93,1.7460765838623047,-1.6388369798660278,10,-0.24677173793315887,1,180.4581756591797,1.0018943548202515,92,10892.751360471,9.399999618530273,-0.24334056675434113,0.01191852055490017,0.9522576332092285,0,1.9818578958511353,0.29895147681236267,0,-0.10310602188110352,0.28570112586021423,0.7797263860702515,1000,1.7460765838623047,1.0018943548202515,1.9818578958511353,1860000,-3.051757735406113e-09,110.8290023803711,10783.25,16.360000610351562,3.1647491455078125,0,1.3697751760482788,0.13619135320186615,1.7460765838623047,0.03433924913406372,1.9818578958511353,1.0018943548202515,1.7671548128128052,0.0013394830748438835,0.0003189870622009039,1746625620.3409064,2.8077142238616943,-0.009734489023685455,22.754268646240234
1.7330005168914795,0.1772315353155136,86.20404052734375,94,1.756392002105713,-0.4715609550476074,10,-0.6026490330696106,1,184.44911193847656,1.0017833709716797,93,11006.943437428,11.899999618530273,-0.1700722724199295,0.006659351289272308,0.9519579410552979,0,1.9924135208129883,0.21826086938381195,0,0.07326829433441162,0.30714231729507446,0.6108912229537964,1000,1.756392002105713,1.0017833709716797,1.9924135208129883,1880000,1.907348501362094e-09,108.43099212646484,10891.7939453125,15.699999809265137,2.52548885345459,0,1.369523525238037,0.12886731326580048,1.756392002105713,0.03829222545027733,1.9924135208129883,1.0017833709716797,1.2955938577651978,0.0012610336998477578,0.00030879315454512835,1746625728.8677042,2.49912166595459,0.003952976316213608,22.2269287109375
0.6808727383613586,0.3970399796962738,90.87687683105469,95,1.7662767171859741,1.0226987600326538,10,0.03890448063611984,1,175.2774200439453,0.9979655146598816,94,11116.250330523,36.099998474121094,0.04006115719676018,0.04314177483320236,0.9466683864593506,0,2.0033750534057617,0.3192276656627655,0,0.21013342961668968,0.2703336775302887,0.5774304270744324,1000,1.7662767171859741,0.9979655146598816,2.0033750534057617,1900000,-1.0681151962899094e-08,114.10482788085938,11005.9912109375,5.400000095367432,2.704317331314087,0,1.3640731573104858,0.41774627566337585,1.7662767171859741,0.03974279761314392,2.0033750534057617,0.9979655146598816,2.3182926177978516,0.0014385844115167856,0.0003441872831899673,1746625843.0599267,2.866729497909546,0.0014505721628665924,23.227930068969727
1.0334539413452148,0.314258337020874,87.13912963867188,96,1.7755043506622314,-0.5633195638656616,10,-0.5921033620834351,1,183.1527557373047,1.0041654109954834,95,11227.761515168,16.850000381469727,-0.3675869405269623,0.018726108595728874,0.9511443972587585,0,2.0139577388763428,0.3938435912132263,0,-0.40764809772372246,0.3247714936733246,0.7123268842697144,1000,1.7755043506622314,1.0041654109954834,2.0139577388763428,1920000,2.2888182460434336e-09,109.1984634399414,11115.2734375,2.759999990463257,4.6224141120910645,0,1.368817687034607,0.20999357104301453,1.7755043506622314,0.041340917348861694,2.0139577388763428,1.0041652917861938,1.75497305393219,0.0029452780727297068,0.0002540678542573005,1746625952.3670437,2.7749974727630615,0.0015981197357177734,22.059310913085938
1.012121558189392,0.30343350768089294,88.4652328491211,97,1.7840656042099,0.014954209327697754,10,-0.023511558771133423,1,179.49591064453125,1.0012224912643433,96,11340.403827924,23.5,-0.18098849058151245,0.019523803144693375,0.9460594058036804,0,2.0244626998901367,0.4759630858898163,0,0.18659844994544983,0.30711159110069275,0.562309205532074,1000,1.7840656042099,1.0012224912643433,2.0244626998901367,1940000,3.051757735406113e-09,111.42315673828125,11226.8017578125,2.049999952316284,3.4889655113220215,0,1.3634594678878784,0.20668496191501617,1.7840656042099,0.035681381821632385,2.0244626998901367,1.0012224912643433,1.7699272632598877,0.0008644037297926843,0.00032299334998242557,1746626063.8778791,2.8318982124328613,-0.005659535527229309,22.95789909362793
0.9326755404472351,0.3007952868938446,89.79814147949219,98,1.792070984840393,0.5392739772796631,10,-0.6015481948852539,1,177.7081298828125,1.0012096166610718,97,11454.248643859,20.649999618530273,-0.20610928535461426,0.022991571575403214,0.9361357092857361,0,2.0347886085510254,0.3890576660633087,0,-0.025120794773101807,0.2805444300174713,0.5438977479934692,1000,1.792070984840393,1.0012096166610718,2.0347886085510254,1960000,-6.103515470812226e-09,112.5440902709961,11339.4404296875,2.5,3.512941360473633,0,1.35283625125885,0.3096439838409424,1.792070984840393,0.046131327748298645,2.0347886085510254,1.0012096166610718,2.309201240539551,0.0008553562220185995,0.00037739297840744257,1746626176.5207083,3.249626398086548,0.01044994592666626,22.745922088623047
0.8707239627838135,0.3571384847164154,90.46426391601562,99,1.799764633178711,0.1922914981842041,10,0.4545027017593384,1,175.78729248046875,1.0011370182037354,98,11564.229230434,25.850000381469727,-0.07994407415390015,0.02637963928282261,0.9263277649879456,0,2.0451629161834717,0.391216903924942,0,0.1261652112007141,0.3109690248966217,0.5358554720878601,1000,1.799764633178711,1.0011370182037354,2.0451629161834717,1980000,-1.0681151962899094e-08,113.77387237548828,11453.3017578125,4.329999923706055,2.91918683052063,0,1.3423367738723755,0.28411728143692017,1.799764633178711,0.03911838307976723,2.0451629161834717,1.0011368989944458,2.501492738723755,0.0008039370877668262,0.0002931589260697365,1746626290.365442,3.3394501209259033,-0.007012944668531418,23.309581756591797
0.8516885042190552,0.38067683577537537,87.9498062133789,100,1.807271122932434,0.17037224769592285,10,-0.40025264024734497,1,181.9828338623047,0.9995624423027039,99,11564.827738544,25.450000762939453,-0.17393486201763153,0.02757200039923191,0.9231319427490234,0,2.0555694103240967,0.4239089787006378,0,-0.09399078786373138,0.32421809434890747,0.5066216588020325,1000,1.807271122932434,0.9995624423027039,2.0555694103240967,2000000,6.866454960174906e-09,109.90048217773438,11563.2734375,5.21999979019165,3.6889071464538574,0,1.338949203491211,0.10353709012269974,1.807271122932434,0.04226047545671463,2.0555694103240967,0.9995624423027039,2.6718649864196777,0.0003094140556640923,0.00025772996013984084,1746626400.3456702,3.4594767093658447,0.003142092376947403,21.950651168823242
