Train/PolicyStd,Metrics/LagrangeMultiplier/Min,Metrics/LagrangeMultiplier/Max,Safety/ShieldLagrangeMultiplier/Min,Safety/EpCostShield,Misc/Alpha,Loss/Loss_reward_critic,Safety/ShieldLagrangeMultiplier,Safety/shield_adv_c,Metrics/LagrangeMultiplier,Time/Update,Metrics/EpRet,Loss/Loss_pi/Delta,Loss/Loss_pi,Metrics/LagrangeMultiplier/Std,Misc/FinalStepNorm,Metrics/EpLen,Train/PolicyRatio/Std,Train/LR,Safety/shield_violation,Safety/ShieldLagrangeMultiplier/Std,Train/Epoch,Time/Rollout,Train/KL,Value/cost,Misc/gradient_norm,Train/StopIter,Train/PolicyRatio/Min,Time/FPS,TotalEnvSteps,Time/Epoch,_runtime,Safety/ShieldLagrangeMultiplier/Max,Misc/AcceptanceStep,_step,Time/Total,Loss/Loss_cost_critic/Delta,Misc/xHx,Value/reward,Value/Adv,Loss/Loss_reward_critic/Delta,Train/PolicyRatio,Misc/H_inv_g,_timestamp,Train/Entropy,Metrics/EpCost,Loss/Loss_cost_critic,Train/PolicyRatio/Max
0.9956439137458801,0.03599999472498894,0.03599999472498894,0.044999994337558746,110.69999694824219,1.5978314876556396,0.007145415060222149,0.044999994337558746,1.7891993522644043,0.03599999472498894,23.740398406982422,-1.483401894569397,0.0327288918197155,0.0327288918197155,0,0.24613310396671295,1000,0.00047249425551854074,0,-0.01828266680240631,0,0,143.32786560058594,0.00037062232149764895,0.011420024558901787,0.12311311811208725,10,1.0006682872772217,119.7115249633789,20000.0,167.06829833984375,285.046009482,0.044999994337558746,1,1,167.0695343017578,18.158618927001953,0.007833709008991718,-0.05164024606347084,1.907348501362094e-09,0.007145415060222149,1.0006681680679321,0.15404196083545685,1746561351.529262,1.4145652055740356,46.650001525878906,18.158618927001953,1.0006682872772217
0.9920644164085388,0.0710453987121582,0.0710453987121582,0.07926717400550842,80.05000305175781,1.2192710638046265,0.0026510488241910934,0.07926717400550842,1.741666555404663,0.0710453987121582,23.641834259033203,-1.0025756359100342,-0.029551581712439656,0.0031773101072758436,0,0.28600379824638367,1000,0.0002692902635317296,0,2.2419984340667725,0,1,93.21406555175781,0.0003367949975654483,0.29333388805389404,0.14056354761123657,10,1.0003808736801147,171.15093994140625,40000.0,116.85591888427734,403.944411329,0.07926717400550842,1,2,283.9874572753906,-3.9744176864624023,0.013453309424221516,-0.05865880101919174,1.5258788677030566e-09,-0.0044943662360310555,1.0003808736801147,0.2345694899559021,1746561468.4483356,1.4109565019607544,50.650001525878906,14.18420124053955,1.0003808736801147
0.9923853874206543,0.10577826201915741,0.10577826201915741,0.11123195290565491,42.79999923706055,1.4711050987243652,0.003794795833528042,0.11123195290565491,0.02999453991651535,0.10577826201915741,23.50124168395996,-0.6675796508789062,-0.04313900577835739,-0.03996169567108154,0,0.3128952085971832,1000,0.0013898344477638602,0,3.1954448223114014,0,2,95.3220443725586,0.0002802768722176552,1.0090913772583008,0.10459757596254349,10,0.9980344772338867,168.317138671875,60000.0,118.82331848144531,530.004724433,0.11123195290565491,1,3,402.87939453125,-1.7157630920410156,0.009241492487490177,-0.056181035935878754,6.103515470812226e-09,0.0011437470093369484,0.9980344772338867,0.2126939743757248,1746561587.3469484,1.4112147092819214,41.28333282470703,12.468438148498535,0.9980344772338867
0.9955726265907288,0.14073877036571503,0.14073877036571503,0.14424365758895874,134.14999389648438,1.9049373865127563,0.0039632366970181465,0.14424365758895874,1.1539024114608765,0.14073877036571503,23.994998931884766,-0.4021058976650238,0.1697770208120346,0.12981532514095306,0,0.3364856243133545,1000,0.0010619601234793663,0,3.16031551361084,0,3,102.0055160522461,0.0002875105128623545,1.391904354095459,0.06165019050240517,10,0.9984981417655945,158.72947692871094,80000.0,126.00053405761719,654.631568115,0.14424365758895874,1,4,528.948486328125,10.878401756286621,0.005511474329978228,-0.04958871006965637,-4.577636492086867e-09,0.00016844086349010468,0.9984981417655945,0.17663869261741638,1746561713.4075556,1.414354920387268,54.07500076293945,23.346839904785156,0.9984981417655945
0.9901315569877625,0.17591485381126404,0.17591485381126404,0.17805273830890656,134.3000030517578,1.445632815361023,0.006332750897854567,0.17805273830890656,1.743577003479004,0.17591485381126404,23.651161193847656,-0.15432021021842957,-0.018822118639945984,0.11099320650100708,0,0.3337077498435974,1000,0.0005699378089047968,0,5.27553653717041,0,4,100.91331481933594,0.00031245622085407376,2.6472039222717285,0.07474701851606369,10,0.9991940259933472,160.55938720703125,100000.0,124.56449890136719,784.499218137,0.17805273830890656,1,5,653.5740356445312,-0.0287017822265625,0.00957003515213728,-0.030785419046878815,3.051757735406113e-09,0.00236951420083642,0.9991939663887024,0.23083850741386414,1746561838.0339074,1.4087425470352173,60.25,23.318138122558594,0.9991940259933472
0.9692961573600769,0.21129891276359558,0.21129891276359558,0.21234890818595886,124.9000015258789,1.2904680967330933,0.007323585916310549,0.21234890818595886,0.04356741905212402,0.21129891276359558,23.6524658203125,0.3428706228733063,-0.04299511760473251,0.06799808889627457,0,0.33328425884246826,1000,0.0009522096952423453,0,6.883001327514648,0,5,106.10277557373047,0.0003168084949720651,3.621969223022461,0.07679730653762817,10,0.9986534118652344,154.1363067626953,120000.0,129.75527954101562,912.323299684,0.21234890818595886,1,6,783.3901977539062,1.6133460998535156,0.012009781785309315,0.0005174562684260309,-1.678466787780053e-08,0.0009908350184559822,0.9986534118652344,0.2582661509513855,1746561967.9014015,1.3872417211532593,64.22000122070312,24.93148422241211,0.9986534118652344
0.9614798426628113,0.24688921868801117,0.24688921868801117,0.24699966609477997,126.5999984741211,1.1416124105453491,0.015233493410050869,0.24699966609477997,0.044148653745651245,0.24688921868801117,23.899343490600586,0.8657698631286621,-0.12517454102635384,-0.05717645213007927,0,0.3345821797847748,1000,0.0014917174121364951,0,11.351768493652344,0,6,103.84986877441406,0.0002552947262302041,5.945004463195801,0.11860793828964233,10,1.0021095275878906,156.55670166015625,140000.0,127.7492446899414,1037.220333996,0.24699966609477997,1,7,911.2527465820312,3.4632930755615234,0.015345899388194084,0.009320070035755634,-1.1444091896350983e-08,0.00790990749374032,1.0021095275878906,0.29307863116264343,1746562095.7256036,1.3791165351867676,67.69000244140625,28.394777297973633,1.0021095275878906
0.9710071682929993,0.2827267050743103,0.2827267050743103,0.28212881088256836,164.5500030517578,1.1569572687149048,0.014009777456521988,0.28212881088256836,0.48532336950302124,0.2827267050743103,23.285676956176758,1.209052324295044,0.1913599632680416,0.13418351113796234,0,0.30256232619285583,1000,0.0013817421859130263,0,9.380434036254883,0,7,101.5425796508789,0.00034243383561261,4.799755573272705,0.15040254592895508,10,1.0019540786743164,160.2200927734375,160000.0,124.82829284667969,1166.502226443,0.28212881088256836,1,8,1036.15478515625,-5.215095520019531,0.01494152843952179,0.04463429003953934,-9.155272984173735e-09,-0.001223715953528881,1.0019540786743164,0.2615155577659607,1746562220.622831,1.3890842199325562,75.72000122070312,23.1796817779541,1.0019540786743164
0.9804403185844421,0.318816602230072,0.318816602230072,0.3176976144313812,184.1999969482422,1.0382441282272339,0.009864676743745804,0.3176976144313812,0.7083327770233154,0.318816602230072,23.857467651367188,1.520661473274231,-0.021108880639076233,0.11307463049888611,0,0.312324196100235,1000,0.00016923363727983087,0,12.16667652130127,0,8,105.33831787109375,0.0003027013735845685,6.891772747039795,0.11010518670082092,10,0.999760627746582,154.80377197265625,180000.0,129.19583129882812,1293.566968896,0.3176976144313812,1,9,1165.4200439453125,1.4693794250488281,0.018553711473941803,0.06681540608406067,-7.629394005448376e-09,-0.004145100712776184,0.999760627746582,0.30081963539123535,1746562349.9043155,1.3989810943603516,80.16000366210938,24.64906120300293,0.999760627746582
0.9777202606201172,0.35514548420906067,0.35514548420906067,0.35351261496543884,159.5,0.9644074440002441,0.014301508665084839,0.35351261496543884,0.0760364979505539,0.35514548420906067,24.22650909423828,1.9173705577850342,-0.044381171464920044,0.06869345903396606,0,0.29404133558273315,1000,0.000569094845559448,0,11.259760856628418,0,9,102.77546691894531,0.00032999293762259185,5.992988109588623,0.1418670117855072,10,1.0008049011230469,157.4778289794922,200000.0,127.00199890136719,1412.08979262,0.35351261496543884,1,10,1292.5081787109375,-4.635248184204102,0.021503478288650513,0.11067426949739456,-7.629394005448376e-09,0.004436831921339035,1.0008049011230469,0.30489325523376465,1746562476.969928,1.3963088989257812,82.5199966430664,20.013813018798828,1.0008049011230469
0.9728764891624451,0.39145371317863464,0.39145371317863464,0.38639217615127563,20.299999237060547,1.2533299922943115,0.012847740203142166,0.38639217615127563,-0.5784231424331665,0.39145371317863464,23.718687057495117,2.0206758975982666,-0.5146426856517792,-0.4459492266178131,0,0.3137863874435425,1000,0.0018257452175021172,0,10.831896781921387,0,10,94.68386840820312,0.00031068603857420385,5.19743013381958,0.12672953307628632,10,1.0025819540023804,168.91522216796875,220000.0,118.402587890625,1532.064611651,0.38639217615127563,1,11,1410.9752197265625,-9.827686309814453,0.012732062488794327,0.1475694626569748,-4.959106458812812e-09,-0.0014537684619426727,1.0025819540023804,0.2503621578216553,1746562595.4918973,1.391281247138977,70.61000061035156,10.186126708984375,1.0025819540023804
0.9604442119598389,0.427426278591156,0.427426278591156,0.41727060079574585,35.29999923706055,1.4503244161605835,0.02013816498219967,0.41727060079574585,-0.753421425819397,0.427426278591156,23.703083038330078,2.194361925125122,0.18061569333076477,-0.26533353328704834,0,0.33405840396881104,1000,0.0008427121210843325,0,7.861929893493652,0,11,96.20890808105469,0.0002846256538759917,3.757049560546875,0.06522220373153687,10,1.0011918544769287,166.78895568847656,240000.0,119.91201782226562,1658.378835317,0.41727060079574585,1,12,1531.006591796875,-1.9649991989135742,0.009508218616247177,0.15569321811199188,-2.2888182460434336e-09,0.007290424779057503,1.0011917352676392,0.23033356666564941,1746562715.4672287,1.378274917602539,59.45000076293945,8.2211275100708,1.0011918544769287
0.9394855499267578,0.4629625976085663,0.4629625976085663,0.4477231502532959,77.8499984741211,1.1476448774337769,0.021551761776208878,0.4477231502532959,-1.8260931968688965,0.4629625976085663,23.803434371948242,2.7145485877990723,0.10631760954856873,-0.15901592373847961,0,0.2992699146270752,1000,0.0006138829048722982,0,9.195782661437988,0,12,102.44790649414062,0.00032124901190400124,4.43639612197876,0.1339348554611206,10,1.0008682012557983,158.41412353515625,260000.0,126.25137329101562,1780.903313562,0.4477231502532959,1,13,1657.319091796875,3.078701972961426,0.015184995718300343,0.20683296024799347,2.5939939973795845e-08,0.0014135967940092087,1.0008682012557983,0.2607687711715698,1746562841.7811456,1.3563264608383179,54.849998474121094,11.299829483032227,1.0008682012557983
0.9310824275016785,0.4975212514400482,0.4975212514400482,0.4779583811759949,82.69999694824219,0.9870268702507019,0.01779799535870552,0.4779583811759949,0.0062566399574279785,0.4975212514400482,23.97850227355957,2.890244722366333,0.010390430688858032,-0.14862549304962158,0,0.30860596895217896,1000,0.0008239989983849227,0,9.351369857788086,0,13,98.4358139038086,0.0003055807901546359,4.216343879699707,0.16580353677272797,10,1.0011653900146484,163.37954711914062,280000.0,122.41434478759766,1902.139109351,0.4779583811759949,1,14,1779.796875,0.7157678604125977,0.020529191941022873,0.16325925290584564,1.3732909920349812e-08,-0.003753766417503357,1.0011653900146484,0.31266218423843384,1746562964.3055263,1.347497582435608,40.22999954223633,12.015597343444824,1.0011653900146484
0.9267867207527161,0.5304227471351624,0.5304227471351624,0.5066989064216614,37.900001525878906,1.1237391233444214,0.02943839691579342,0.5066989064216614,-0.18920506536960602,0.5304227471351624,23.93230438232422,3.164417028427124,-0.12217485904693604,-0.2708003520965576,0,0.3218369781970978,1000,0.0008565363823436201,0,7.677496910095215,0,14,97.07316589355469,0.0002609441289678216,3.4352707862854004,0.10373090207576752,10,1.001211404800415,165.28175354003906,300000.0,121.0054931640625,2024.144086937,0.5066989064216614,1,15,1900.9124755859375,-1.4619874954223633,0.01583794318139553,0.22747018933296204,1.525878801089675e-08,0.011640401557087898,1.0012112855911255,0.286398321390152,1746563085.5420501,1.3428410291671753,24.639999389648438,10.553609848022461,1.001211404800415
0.9215972423553467,0.5620782971382141,0.5620782971382141,0.534274160861969,42.099998474121094,1.1500076055526733,0.02431783266365528,0.534274160861969,-0.6400970816612244,0.5620782971382141,24.314226150512695,3.6904492378234863,-0.08769667148590088,-0.3584970235824585,0,0.32257911562919617,1000,0.0006359678227454424,0,9.361445426940918,0,15,97.62881469726562,0.00029172986978664994,4.722426891326904,0.09907379001379013,10,1.000899314880371,164.01097106933594,320000.0,121.94306182861328,2140.215450527,0.534274160861969,1,16,2023.08544921875,-1.4637699127197266,0.015122662298381329,0.2557443380355835,7.629394338515283e-10,-0.005120564252138138,1.000899314880371,0.28050169348716736,1746563207.5463808,1.3372524976730347,28.079999923706055,9.089839935302734,1.000899314880371
0.9239816665649414,0.5925217270851135,0.5925217270851135,0.5598068237304688,13.300000190734863,1.2386245727539062,0.02558433637022972,0.5598068237304688,-1.363276481628418,0.5925217270851135,23.9801025390625,3.951268196105957,-0.03097665309906006,-0.38947367668151855,0,0.3107186257839203,1000,0.0025007131043821573,0,7.342742919921875,0,16,92.02548217773438,0.0002949049521703273,3.8090500831604004,0.13648954033851624,10,1.003536581993103,172.40545654296875,340000.0,116.00560760498047,2263.518312448,0.5598068237304688,1,17,2139.153076171875,-3.77726411819458,0.01303617749363184,0.2570697069168091,5.340575981449547e-09,0.00126650370657444,1.003536581993103,0.25085780024528503,1746563323.6177344,1.3398634195327759,25.8799991607666,5.312575817108154,1.003536581993103
0.9227220416069031,0.6217119693756104,0.6217119693756104,0.5844714045524597,39.599998474121094,1.0223523378372192,0.025033574551343918,0.5844714045524597,0.22691072523593903,0.6217119693756104,23.776460647583008,4.279842376708984,0.1988162249326706,-0.19065745174884796,0,0.291912704706192,1000,0.0015704476973041892,0,6.108633041381836,0,17,99.40071105957031,0.0003381222195457667,3.1039180755615234,0.19374875724315643,10,1.0022209882736206,162.3677215576172,360000.0,123.17720031738281,2384.740300524,0.5844714045524597,1,18,2262.396240234375,1.6610107421875,0.0191350057721138,0.33990278840065,-7.629394005448376e-09,-0.0005507618188858032,1.0022209882736206,0.2855304181575775,1746563446.9206667,1.3385063409805298,22.700000762939453,6.973586559295654,1.0022209882736206
0.9199268221855164,0.6496983766555786,0.6496983766555786,0.6096217632293701,78.0999984741211,0.8445057272911072,0.023244913667440414,0.6096217632293701,-0.3181006610393524,0.6496983766555786,23.395795822143555,4.852154731750488,0.15868696197867393,-0.031970489770174026,0,0.2807091474533081,1000,0.00013295926328282803,0,6.812326431274414,0,18,97.73262023925781,0.0003335194487590343,3.7387077808380127,0.3338357210159302,10,1.0001881122589111,165.11398315429688,380000.0,121.12845611572266,2507.015378355,0.6096217632293701,1,19,2383.654052734375,2.160526752471924,0.028043009340763092,0.4008617699146271,-1.831054596834747e-08,-0.0017886608839035034,1.0001879930496216,0.3323945999145508,1746563568.142672,1.335426926612854,21.100000381469727,9.134113311767578,1.0001881122589111
0.9146407246589661,0.6768214106559753,0.6768214106559753,0.6348462104797363,65.9000015258789,0.9232855439186096,0.02116694301366806,0.6348462104797363,0.750342607498169,0.6768214106559753,23.448829650878906,4.886483192443848,-0.040262412279844284,-0.07223290205001831,0,0.3124057948589325,1000,0.0003757532103918493,0,6.3550848960876465,0,19,98.76129150390625,0.0002846300776582211,3.158506155014038,0.1961970329284668,10,0.9994686841964722,163.65252685546875,400000.0,122.21015167236328,2624.469477621,0.6348462104797363,1,20,2505.95458984375,1.1427783966064453,0.023461606353521347,0.3866076171398163,-4.577636492086867e-09,-0.002077970653772354,0.9994686245918274,0.3383631408214569,1746563690.4177465,1.3296371698379517,24.239999771118164,10.276891708374023,0.9994686841964722
0.9040570259094238,0.703051745891571,0.703051745891571,0.658845067024231,27.399999618530273,0.9810163378715515,0.036879584193229675,0.658845067024231,0.5174261331558228,0.703051745891571,23.417049407958984,5.7597336769104,-0.21190467476844788,-0.2841375768184662,0,0.28550493717193604,1000,0.001613718457520008,0,6.325863838195801,0,20,93.97588348388672,0.0003550028195604682,3.098766565322876,0.1875045746564865,10,1.0022821426391602,170.36795043945312,420000.0,117.39298248291016,2739.131924225,0.658845067024231,1,21,2623.411376953125,-1.8909482955932617,0.020781518891453743,0.4446179270744324,2.5939939973795845e-08,0.015712641179561615,1.0022821426391602,0.2910297214984894,1746563807.8716564,1.3179951906204224,22.1299991607666,8.385943412780762,1.0022821426391602
0.9024626612663269,0.7286036610603333,0.7286036610603333,0.6814855933189392,20.350000381469727,1.2652620077133179,0.030020128935575485,0.6814855933189392,-0.6252700090408325,0.7286036610603333,23.328340530395508,6.145492076873779,-0.0425114631652832,-0.3266490399837494,0,0.2962442934513092,1000,0.00207379343919456,0,6.270744323730469,0,21,91.2718276977539,0.00031771609792485833,3.1353909969329834,0.15307003259658813,10,1.0029329061508179,174.519775390625,440000.0,114.60018920898438,2857.093968823,0.6814855933189392,1,22,2738.07763671875,-2.8527345657348633,0.012493057176470757,0.4396103024482727,7.629394005448376e-09,-0.00685945525765419,1.0029329061508179,0.23413673043251038,1746563922.534247,1.3161816596984863,23.790000915527344,5.533208847045898,1.0029329061508179
0.9029622673988342,0.7534696459770203,0.7534696459770203,0.7035602927207947,37.79999923706055,1.0210025310516357,0.03982743248343468,0.7035602927207947,-0.40262019634246826,0.7534696459770203,23.65562629699707,6.805919170379639,0.09880074858665466,-0.22784829139709473,0,0.28624552488327026,1000,0.0011056523071601987,0,6.245393753051758,0,22,94.21754455566406,0.00034831734956242144,3.0470709800720215,0.21463096141815186,10,1.0015637874603271,169.6738739013672,460000.0,117.8731918334961,2975.363915702,0.7035602927207947,1,23,2856.012451171875,0.2667841911315918,0.019185634329915047,0.6447852253913879,1.2207030941624453e-08,0.009807303547859192,1.0015636682510376,0.28035733103752136,1746564040.4963644,1.3165515661239624,22.399999618530273,5.79999303817749,1.0015637874603271
0.8980439305305481,0.7775145769119263,0.7775145769119263,0.7250712513923645,35.95000076293945,1.1888164281845093,0.03812656179070473,0.7250712513923645,-0.8722389936447144,0.7775145769119263,23.34838104248047,7.289545059204102,0.018916726112365723,-0.208931565284729,0,0.30463454127311707,1000,0.00052408198826015,0,5.724637985229492,0,23,94.67318725585938,0.0002988415362779051,2.5671143531799316,0.17824052274227142,10,1.0007412433624268,169.4604949951172,480000.0,118.0216064453125,3093.682042238,0.7250712513923645,1,24,2974.119140625,-0.6866579055786133,0.014151420444250107,0.6285480856895447,3.433227480087453e-09,-0.00170087069272995,1.0007411241531372,0.2562502920627594,1746564158.7661784,1.3111528158187866,19.190000534057617,5.113335132598877,1.0007412433624268
0.8930142521858215,0.8005293011665344,0.8005293011665344,0.7456843852996826,25.399999618530273,0.9589325785636902,0.04876241832971573,0.7456843852996826,-0.7621287107467651,0.8005293011665344,23.34342384338379,8.34234619140625,-0.10094651579856873,-0.30987808108329773,0,0.3057827353477478,1000,0.0014315879670903087,0,6.137378692626953,0,24,94.89888000488281,0.00027882657013833523,2.9645073413848877,0.2528076171875,10,1.0020246505737305,169.1441650390625,500000.0,118.2423324584961,3214.141477662,0.7456843852996826,1,25,3092.610107421875,0.7967243194580078,0.021749719977378845,0.6903040409088135,-3.05175760217935e-08,0.010635856539011002,1.0020246505737305,0.3188782334327698,1746564277.084378,1.3056586980819702,14.90999984741211,5.910059452056885,1.0020246505737305
0.8873229026794434,0.8225834965705872,0.8225834965705872,0.7672745585441589,74.05000305175781,0.9079322814941406,0.03833208978176117,0.7672745585441589,0.5404306650161743,0.8225834965705872,23.712915420532227,8.185141563415527,0.3482304774224758,0.038352396339178085,0,0.2733920216560364,1000,0.001504810992628336,0,5.46354341506958,0,25,96.68156433105469,0.00037076312582939863,2.5514352321624756,0.2528250217437744,10,1.0021281242370605,166.12054443359375,520000.0,120.3945083618164,3330.988253578,0.7672745585441589,1,26,3213.085205078125,-1.1983647346496582,0.02426179312169552,0.7083376049995422,-9.155272984173735e-09,-0.01043032854795456,1.0021281242370605,0.3011150062084198,1746564397.5437486,1.2992348670959473,14.380000114440918,4.711694717407227,1.0021281242370605
0.8788595199584961,0.8437436819076538,0.8437436819076538,0.7882372140884399,32.150001525878906,0.9627794623374939,0.04029512405395508,0.7882372140884399,-0.428950697183609,0.8437436819076538,23.722997665405273,8.515654563903809,-0.21432388946413994,-0.17597149312496185,0,0.28774577379226685,1000,0.0004179843235760927,0,4.827701568603516,0,26,93.06698608398438,0.0003289883607067168,2.1946122646331787,0.20218119025230408,10,1.0005911588668823,171.24752807617188,540000.0,116.79000854492188,3451.448305945,0.7882372140884399,1,27,3329.935791015625,-0.830129861831665,0.021576261147856712,0.6220257878303528,-6.103515470812226e-09,0.0019630342721939087,1.0005911588668823,0.29886987805366516,1746564514.3907323,1.2894279956817627,13.920000076293945,3.8815648555755615,1.0005911588668823
0.8675814270973206,0.8639691472053528,0.8639691472053528,0.8092986941337585,49.349998474121094,1.0241873264312744,0.04049208387732506,0.8092986941337585,-0.46386533975601196,0.8639691472053528,23.19070816040039,8.470909118652344,0.06924526393413544,-0.10672622919082642,0,0.2616822123527527,1000,0.001863508834503591,0,5.290442943572998,0,27,97.20471954345703,0.00038005306851118803,2.303494930267334,0.15990477800369263,10,1.0026353597640991,166.11923217773438,560000.0,120.39544677734375,3568.91434928,0.8092986941337585,1,28,3450.386962890625,-0.17502689361572266,0.019066501408815384,0.8018270134925842,-1.5258788677030566e-09,0.00019695982336997986,1.0026353597640991,0.25550228357315063,1746564634.851012,1.2766921520233154,12.140000343322754,3.706537961959839,1.0026353597640991
0.8662171363830566,0.8833265900611877,0.8833265900611877,0.8298302888870239,32.79999923706055,1.163097620010376,0.03473811596632004,0.8298302888870239,0.2138841152191162,0.8833265900611877,23.324460983276367,8.80959701538086,-0.0750923752784729,-0.18181860446929932,0,0.2709213197231293,1000,0.002022430533543229,0,4.878244400024414,0,28,93.88108825683594,0.0003681740490719676,2.1390817165374756,0.18256263434886932,10,1.0028600692749023,170.6403350830078,580000.0,117.2055892944336,3688.465890506,0.8298302888870239,1,29,3567.65673828125,0.9469492435455322,0.014784184284508228,0.949853241443634,0.0,-0.00575396791100502,1.0028600692749023,0.23293085396289825,1746564752.3165874,1.2752901315689087,11.770000457763672,4.653487205505371,1.0028600692749023
0.8648448586463928,0.9019666314125061,0.9019666314125061,0.8500440716743469,36.599998474121094,0.9917383193969727,0.03658709302544594,0.8500440716743469,-0.8241627216339111,0.9019666314125061,23.913013458251953,8.64177131652832,0.05667191743850708,-0.12514668703079224,0,0.26982465386390686,1000,0.001018267823383212,0,4.480745792388916,0,29,95.56796264648438,0.0003435131802689284,1.7776066064834595,0.18388278782367706,10,1.0014400482177734,167.39064025878906,600000.0,119.48099517822266,3811.412088389,0.8500440716743469,1,30,3687.399658203125,0.9637107849121094,0.020334597676992416,0.8201173543930054,-6.103515470812226e-09,0.0018489770591259003,1.0014400482177734,0.272072434425354,1746564871.868187,1.2735556364059448,12.569999694824219,5.6171979904174805,1.0014400482177734
0.8597996830940247,0.9200689792633057,0.9200689792633057,0.8701138496398926,39.900001525878906,1.0163195133209229,0.04198899120092392,0.8701138496398926,-0.05763810873031616,0.9200689792633057,23.913143157958984,9.018857955932617,0.0462435707449913,-0.07890311628580093,0,0.28305381536483765,1000,0.0005284090875647962,0,4.14222526550293,0,30,98.95817565917969,0.0003385028103366494,1.843730092048645,0.1838536411523819,10,1.0007474422454834,162.77186584472656,620000.0,122.87135314941406,3929.772472575,0.8701138496398926,1,31,3810.34130859375,-0.7539958953857422,0.01936284638941288,0.7881673574447632,-4.1961669694501325e-09,0.005401898175477982,1.0007473230361938,0.2785086929798126,1746564994.8143847,1.2677515745162964,13.899999618530273,4.863202095031738,1.0007474422454834
0.8581120371818542,0.9376776218414307,0.9376776218414307,0.8899247050285339,36.349998474121094,0.8895134329795837,0.059703413397073746,0.8899247050285339,0.5811440348625183,0.9376776218414307,23.591880798339844,9.585290908813477,-0.010358065366744995,-0.08926118165254593,0,0.27969467639923096,1000,0.0002565900213085115,0,3.9094460010528564,0,31,94.67644500732422,0.0003311126783955842,1.6432383060455322,0.2471105307340622,10,1.0003628730773926,169.10694885253906,640000.0,118.26834869384766,4051.04570433,0.8899247050285339,1,32,3928.6845703125,-0.9465017318725586,0.02527695894241333,0.8292748332023621,-1.5258788677030566e-09,0.017714422196149826,1.0003628730773926,0.31443557143211365,1746565113.1750133,1.2658690214157104,13.699999809265137,3.9167003631591797,1.0003628730773926
0.85511714220047,0.954988956451416,0.954988956451416,0.9094994068145752,36.0,0.8656492829322815,0.06160961464047432,0.9094994068145752,-0.6785352230072021,0.954988956451416,23.308855056762695,10.336404800415039,-0.04338885098695755,-0.13265003263950348,0,0.2860874533653259,1000,0.0019061053171753883,0,4.3951640129089355,0,32,97.90342712402344,0.0003301489632576704,1.956484317779541,0.20445828139781952,10,1.0026957988739014,164.999755859375,660000.0,121.2123031616211,4175.710126904,0.9094994068145752,1,33,4049.988037109375,1.347092628479004,0.026689836755394936,0.9827258586883545,1.3732909920349812e-08,0.0019062012434005737,1.0026956796646118,0.3304888606071472,1746565234.4480445,1.2623940706253052,15.460000038146973,5.263792991638184,1.0026957988739014
0.8524593710899353,0.9723007678985596,0.9723007678985596,0.9297919273376465,59.0,0.8201011419296265,0.056508276611566544,0.9297919273376465,1.0334646701812744,0.9723007678985596,23.832969665527344,11.037099838256836,0.14480512216687202,0.012155089527368546,0,0.25975364446640015,1000,8.63167442730628e-05,0,4.552338123321533,0,33,100.49800872802734,0.0003664020914584398,2.133770227432251,0.3012953996658325,10,0.9998779296875,160.8609161376953,680000.0,124.33100891113281,4296.057594976,0.9297919273376465,1,34,4174.38037109375,1.0254030227661133,0.029736852273344994,1.1720802783966064,6.103515470812226e-09,-0.005101338028907776,0.9998779296875,0.3167336881160736,1746565359.1124368,1.2592891454696655,18.690000534057617,6.289196014404297,0.9998779296875
0.8470900654792786,0.9898855090141296,0.9898855090141296,0.950445830821991,51.400001525878906,0.8029502630233765,0.056662093847990036,0.950445830821991,-0.7728344798088074,0.9898855090141296,24.009382247924805,11.279557228088379,-0.041766343638300896,-0.02961125411093235,0,0.2615009546279907,1000,8.547389006707817e-05,0,4.410025596618652,0,34,96.25526428222656,0.0003602601937018335,2.055267572402954,0.35375988483428955,10,1.0001208782196045,166.2998809814453,700000.0,120.2646713256836,4414.691155551,0.950445830821991,1,35,4294.978515625,1.4015231132507324,0.031020771712064743,1.0705697536468506,-7.629394005448376e-09,0.00015381723642349243,1.000120759010315,0.32567518949508667,1746565479.4599187,1.2529643774032593,21.940000534057617,7.690719127655029,1.0001208782196045
0.840142011642456,1.0077893733978271,1.0077893733978271,0.9709961414337158,40.45000076293945,0.9435557126998901,0.04455196484923363,0.9709961414337158,-0.13082152605056763,1.0077893733978271,23.387487411499023,11.298367500305176,-0.0864784475415945,-0.11608970165252686,0,0.2916964590549469,1000,0.000802082649897784,0,4.6388654708862305,0,35,95.1666030883789,0.00033722107764333487,2.513044595718384,0.16731217503547668,10,1.0011342763900757,168.69932556152344,720000.0,118.55412292480469,4529.655170175,0.9709961414337158,1,36,4413.61572265625,-2.043558120727539,0.022464394569396973,1.1715787649154663,2.2888182460434336e-09,-0.012110128998756409,1.0011342763900757,0.309145987033844,1746565598.0933826,1.2447401285171509,22.670000076293945,5.64716100692749,1.0011342763900757
0.8375499844551086,1.025974988937378,1.025974988937378,0.9905198216438293,18.25,1.107491135597229,0.055269718170166016,0.9905198216438293,-0.47227275371551514,1.025974988937378,23.539810180664062,11.0530366897583,-0.10347990691661835,-0.2195696085691452,0,0.278044730424881,1000,0.001304360688664019,0,3.8904976844787598,0,36,91.35399627685547,0.0003396235406398773,1.9481351375579834,0.15518596768379211,10,1.0018447637557983,174.07374572753906,740000.0,114.89382934570312,4649.23524865,0.9905198216438293,1,37,4528.58935546875,-1.4212894439697266,0.016306066885590553,0.9908143281936646,3.433227480087453e-09,0.010717753320932388,1.0018447637557983,0.2510581910610199,1746565713.0575366,1.2416249513626099,22.40999984741211,4.225871562957764,1.0018447637557983
0.8393771052360535,1.0444951057434082,1.0444951057434082,1.0100897550582886,40.79999923706055,0.834356427192688,0.04870858043432236,1.0100897550582886,0.7918903827667236,1.0444951057434082,23.55277442932129,10.935583114624023,0.15993473306298256,-0.05963487550616264,0,0.25744765996932983,1000,0.00013605007552541792,0,3.896885871887207,0,37,95.92692565917969,0.00038830380071885884,1.9181439876556396,0.2744408845901489,10,1.000192403793335,167.39242553710938,760000.0,119.47972106933594,4768.44535143,1.0100897550582886,1,38,4648.1376953125,2.1310572624206543,0.028729407116770744,1.1627509593963623,-2.2888182460434336e-09,-0.0065611377358436584,1.0001922845840454,0.3085583746433258,1746565832.6376472,1.2437957525253296,23.229999542236328,6.356928825378418,1.000192403793335
0.8430299758911133,1.0631499290466309,1.0631499290466309,1.0297966003417969,42.75,0.8578701615333557,0.04174013435840607,1.0297966003417969,-0.9219945073127747,1.0631499290466309,23.218730926513672,10.474637031555176,-0.016487102955579758,-0.0761219784617424,0,0.27125734090805054,1000,0.00034813297679647803,0,4.444369316101074,0,38,95.90843963623047,0.000341039733029902,1.955749273300171,0.2100183069705963,10,1.0004924535751343,167.8877716064453,780000.0,119.12720489501953,4888.458899531,1.0297966003417969,1,39,4767.36572265625,-0.9219965934753418,0.02717607654631138,1.298545241355896,-1.2207030941624453e-08,-0.00696844607591629,1.0004924535751343,0.31619858741760254,1746565951.8475692,1.247933268547058,21.010000228881836,5.434932231903076,1.0004924535751343
0.8427319526672363,1.0815678834915161,1.0815678834915161,1.0489590167999268,27.049999237060547,0.8532614707946777,0.061014045029878616,1.0489590167999268,-0.1024169847369194,1.0815678834915161,22.99066925048828,11.092558860778809,-0.09965803474187851,-0.1757800132036209,0,0.2513347566127777,1000,0.0006942428299225867,0,4.0726799964904785,0,39,96.96333312988281,0.0004025528905913234,1.940542221069336,0.3436467945575714,10,1.0009818077087402,166.7305450439453,800000.0,119.95402526855469,5009.232386416,1.0489590167999268,1,40,4887.404296875,-0.8589587211608887,0.027470435947179794,1.1960018873214722,9.155272984173735e-09,0.01927391067147255,1.0009818077087402,0.29455775022506714,1746566071.8612902,1.2470746040344238,16.559999465942383,4.5759735107421875,1.0009818077087402
0.8315637111663818,1.099808692932129,1.099808692932129,1.069404125213623,68.55000305175781,0.7491199970245361,0.05356735736131668,1.069404125213623,-0.23546023666858673,1.099808692932129,23.603105545043945,11.457707405090332,0.3114102780818939,0.135630264878273,0,0.2685934901237488,1000,0.0005369789432734251,0,4.040971279144287,0,40,97.00489044189453,0.0003635324246715754,2.0178980827331543,0.28101593255996704,10,0.9992405772209167,165.82644653320312,820000.0,120.60802459716797,5130.473176705,1.069404125213623,1,41,5008.0703125,2.0998215675354004,0.03563912585377693,1.194201946258545,5.340575981449547e-09,-0.007446687668561935,0.9992405772209167,0.35854536294937134,1746566192.6348813,1.2332781553268433,16.8799991607666,6.675795078277588,0.9992405772209167
0.8248082995414734,1.1181387901306152,1.1181387901306152,1.0901730060577393,48.349998474121094,0.7505171298980713,0.05513743683695793,1.0901730060577393,0.13840949535369873,1.1181387901306152,23.73121452331543,12.524256706237793,-0.20052794367074966,-0.06489767879247665,0,0.2720126211643219,1000,0.00013368985673878342,0,4.6038947105407715,0,41,97.43763732910156,0.0003631737781688571,2.262683629989624,0.2590429484844208,10,1.000189185142517,165.0588836669922,840000.0,121.16887664794922,5250.716317423,1.0901730060577393,1,42,5129.404296875,0.9511394500732422,0.035506561398506165,1.3629698753356934,5.1498409980865745e-09,0.0015700794756412506,1.000189185142517,0.3624335825443268,1746566313.8753984,1.22530996799469,19.68000030517578,7.62693452835083,1.000189185142517
0.82269287109375,1.1365615129470825,1.1365615129470825,1.1110143661499023,42.95000076293945,0.8473891019821167,0.05519174039363861,1.1110143661499023,-0.49304115772247314,1.1365615129470825,23.16524314880371,12.708647727966309,-0.0076823607087135315,-0.07258003950119019,0,0.283621221780777,1000,9.553368727210909e-06,0,4.248875617980957,0,42,96.5640640258789,0.0003230128495488316,2.001228094100952,0.2802935838699341,10,1.0000135898590088,167.04344177246094,860000.0,119.72933959960938,5376.125270668,1.1110143661499023,1,43,5249.20703125,-0.2604660987854004,0.0278524961322546,1.1504812240600586,-1.5258788677030566e-09,5.430355668067932e-05,1.0000134706497192,0.3347001373767853,1746566434.1187632,1.2227975130081177,19.68000030517578,7.36646842956543,1.0000135898590088
0.8181670308113098,1.1551141738891602,1.1551141738891602,1.1333255767822266,76.25,0.6438421607017517,0.037663284689188004,1.1333255767822266,-0.009047582745552063,1.1551141738891602,23.662418365478516,12.511366844177246,0.20499207079410553,0.13241203129291534,0,0.2844032049179077,1000,0.00037659614463336766,0,4.777231216430664,0,43,101.67495727539062,0.00036286498652771115,2.2067787647247314,0.30240440368652344,10,0.9994673728942871,159.5692901611328,880000.0,125.33739471435547,5497.003016276,1.1333255767822266,1,44,5375.05712890625,0.3403139114379883,0.0482470840215683,1.3481746912002563,7.629394005448376e-09,-0.017528455704450607,0.9994673728942871,0.4417281150817871,1746566559.5275776,1.2172333002090454,20.079999923706055,7.706782341003418,0.9994673728942871
0.81169193983078,1.1739699840545654,1.1739699840545654,1.1560171842575073,53.349998474121094,0.6968493461608887,0.05245151370763779,1.1560171842575073,-0.27291762828826904,1.1739699840545654,23.707191467285156,12.499297142028809,-0.17169435694813728,-0.03928232565522194,0,0.2852272689342499,1000,9.631960710976273e-05,0,4.710684776306152,0,44,97.11012268066406,0.0003323363489471376,2.135380268096924,0.2238474190235138,10,1.0001362562179565,165.5391387939453,900000.0,120.81734466552734,5617.287401455,1.1560171842575073,1,45,5495.94677734375,-0.5597939491271973,0.04118623584508896,1.2918721437454224,-6.103515470812226e-09,0.014788229018449783,1.0001362562179565,0.40930983424186707,1746566680.4053867,1.2092722654342651,22.09000015258789,7.146988391876221,1.0001362562179565
0.8065996766090393,1.1930797100067139,1.1930797100067139,1.1785976886749268,42.54999923706055,0.7582361102104187,0.04442749172449112,1.1785976886749268,-0.2941870093345642,1.1930797100067139,23.306087493896484,12.331192970275879,-0.03861309960484505,-0.07789542526006699,0,0.2793034017086029,1000,8.721587801119313e-05,0,4.307365417480469,0,45,96.87368774414062,0.0003352841886226088,1.853822112083435,0.27408602833747864,10,0.9998766779899597,166.41729736328125,920000.0,120.17981719970703,5740.362384384,1.1785976886749268,1,46,5616.1923828125,-0.737215518951416,0.03478731960058212,1.1881650686264038,7.629394338515283e-10,-0.008024021983146667,0.9998766779899597,0.36835941672325134,1746566800.6896193,1.2027455568313599,21.719999313354492,6.409772872924805,0.9998766779899597
0.8052644729614258,1.2125664949417114,1.2125664949417114,1.2021746635437012,68.05000305175781,0.5906365513801575,0.04948482662439346,1.2021746635437012,-0.3563270568847656,1.2125664949417114,23.358789443969727,11.906756401062012,0.11820177361369133,0.040306348353624344,0,0.26925355195999146,1000,0.00027968650101684034,0,5.107070446014404,0,46,99.64684295654297,0.0003641422663349658,2.1053807735443115,0.3160616457462311,10,1.0003955364227295,162.59414672851562,940000.0,123.00566101074219,5862.117180087,1.2021746635437012,1,47,5739.29736328125,1.7330350875854492,0.05733097344636917,1.3288925886154175,-2.2888182460434336e-09,0.005057334899902344,1.00039541721344,0.4558701515197754,1746566923.764747,1.2010760307312012,23.280000686645508,8.142807960510254,1.0003955364227295
0.8022000789642334,1.2324143648147583,1.2324143648147583,1.2258491516113281,49.0,0.6450957655906677,0.05084089934825897,1.2258491516113281,0.5329598784446716,1.2324143648147583,24.07659149169922,12.06634521484375,-0.13701481744647026,-0.09670846909284592,0,0.25785452127456665,1000,2.483855132595636e-05,0,4.973043918609619,0,47,97.60033416748047,0.00037868329673074186,1.9909664392471313,0.33576393127441406,10,0.9999648928642273,164.3696746826172,960000.0,121.67694854736328,5984.032458924,1.2258491516113281,1,48,5861.0419921875,-0.907905101776123,0.04805975407361984,1.2939624786376953,-1.5258788677030566e-09,0.001356072723865509,0.9999648928642273,0.3997151255607605,1746567045.519422,1.1974931955337524,23.3799991607666,7.234902858734131,0.9999648928642273
0.797913134098053,1.2526934146881104,1.2526934146881104,1.249814510345459,53.45000076293945,0.7234508991241455,0.05145544558763504,1.249814510345459,-0.5873708724975586,1.2526934146881104,23.24837875366211,12.942429542541504,0.03302718698978424,-0.06368128210306168,0,0.27523496747016907,1000,0.0004124771512579173,0,5.066981315612793,0,48,98.58184051513672,0.0003442185407038778,1.925879716873169,0.26622986793518066,10,0.999416708946228,164.16282653808594,980000.0,121.83026123046875,6104.983138942,1.249814510345459,1,49,5982.95166015625,0.6979479789733887,0.038213055580854416,1.3498623371124268,-7.629394005448376e-09,0.0006145462393760681,0.9994166493415833,0.3804473280906677,1746567167.4350677,1.1923185586929321,24.450000762939453,7.9328508377075195,0.999416708946228
0.7977128028869629,1.273309588432312,1.273309588432312,1.2731703519821167,33.54999923706055,0.8313913345336914,0.04584900662302971,1.2731703519821167,-0.6513504385948181,1.273309588432312,23.411657333374023,12.569770812988281,-0.1422462835907936,-0.20592756569385529,0,0.2684088945388794,1000,0.0013794382102787495,0,4.845678329467773,0,49,97.47856903076172,0.00034486400545574725,1.9772114753723145,0.26654013991355896,10,1.001950979232788,165.43931579589844,1000000.0,120.89025115966797,6224.564453537,1.2731703519821167,1,50,6103.9267578125,-1.9502239227294922,0.028934692963957787,1.2604460716247559,3.051757735406113e-09,-0.005606438964605331,1.0019508600234985,0.3228430151939392,1746567288.3854394,1.1921337842941284,23.729999542236328,5.982626914978027,1.001950979232788
0.7971342206001282,1.2941105365753174,1.2941105365753174,1.2957665920257568,28.850000381469727,0.7772916555404663,0.048073846846818924,1.2957665920257568,-0.26958614587783813,1.2941105365753174,23.622844696044922,13.081169128417969,-0.02007964253425598,-0.22600720822811127,0,0.2712843120098114,1000,0.0025721939746290445,0,4.588795185089111,0,50,95.86373901367188,0.00036770536098629236,2.225339889526367,0.32614171504974365,10,1.003637671470642,167.38278198242188,1020000.0,119.48661041259766,6342.216205645,1.2957665920257568,1,51,6223.47314453125,-0.4570322036743164,0.03310257941484451,1.2946282625198364,1.5258788677030566e-09,0.002224840223789215,1.003637671470642,0.34901225566864014,1746567407.9670455,1.1915146112442017,22.260000228881836,5.525594711303711,1.003637671470642
0.7967233657836914,1.3147560358047485,1.3147560358047485,1.317510962486267,25.200000762939453,0.8169649243354797,0.04963414743542671,1.317510962486267,-0.33190831542015076,1.3147560358047485,23.38748550415039,13.32954216003418,-0.0012779980897903442,-0.2272852063179016,0,0.2635396122932434,1000,0.0007688708719797432,0,4.346338272094727,0,51,94.19941711425781,0.00035021701478399336,2.0210886001586914,0.2233932912349701,10,1.0010874271392822,170.08692932128906,1040000.0,117.58692932128906,6462.220964443,1.317510962486267,1,52,6341.15478515625,-0.4418148994445801,0.029965601861476898,1.439809799194336,-4.577636492086867e-09,0.001560300588607788,1.0010873079299927,0.32258376479148865,1746567525.6185136,1.1912024021148682,18.56999969482422,5.083779811859131,1.0010874271392822
0.7993852496147156,1.3352024555206299,1.3352024555206299,1.3390300273895264,36.70000076293945,0.8477063179016113,0.05105633661150932,1.3390300273895264,-0.37717366218566895,1.3352024555206299,23.247730255126953,13.774881362915039,0.10917583853006363,-0.11810936778783798,0,0.25711116194725037,1000,0.0004998616059310734,0,4.1713361740112305,0,52,96.69569396972656,0.0003767355519812554,2.077378988265991,0.2731289565563202,10,1.0007070302963257,166.74525451660156,1060000.0,119.94345092773438,6582.536332336,1.3390300273895264,1,53,6461.1630859375,-0.23547792434692383,0.027831651270389557,1.5336189270019531,3.051757735406113e-09,0.001422189176082611,1.0007070302963257,0.30330216884613037,1746567645.6232302,1.194715142250061,17.829999923706055,4.848301887512207,1.0007070302963257
0.7990326881408691,1.3552483320236206,1.3552483320236206,1.3601524829864502,32.400001525878906,0.9209192395210266,0.0575273260474205,1.3601524829864502,-0.9128602147102356,1.3552483320236206,23.78997802734375,13.07748031616211,0.011930420994758606,-0.10617894679307938,0,0.28586363792419434,1000,0.00042838059016503394,0,3.648698091506958,0,53,96.46121978759766,0.00031774304807186127,1.8286362886428833,0.17995862662792206,10,1.0006059408187866,166.3184814453125,1080000.0,120.251220703125,6701.247275462,1.3601524829864502,1,54,6581.4765625,0.367398738861084,0.023582329973578453,1.2376550436019897,-1.1444091230217168e-09,0.006470989435911179,1.0006059408187866,0.3104111850261688,1746567765.938882,1.1944093704223633,15.359999656677246,5.215700626373291,1.0006059408187866
0.7936976552009583,1.3747494220733643,1.3747494220733643,1.3802878856658936,19.200000762939453,1.023389458656311,0.04748142510652542,1.3802878856658936,-0.5580800771713257,1.3747494220733643,22.98094940185547,13.190068244934082,-0.08538072556257248,-0.19155967235565186,0,0.27829328179359436,1000,0.0016711506759747863,0,3.4038047790527344,0,54,95.65154266357422,0.0003518009034451097,1.6389060020446777,0.23309765756130219,10,1.0023634433746338,168.5878448486328,1100000.0,118.63251495361328,6821.222671666,1.3802878856658936,1,55,6700.171875,-1.0953402519226074,0.019096242263913155,1.2718284130096436,6.866454960174906e-09,-0.01004590094089508,1.0023633241653442,0.2719329297542572,1746567884.6496725,1.1877071857452393,13.350000381469727,4.120360374450684,1.0023634433746338
0.7939944267272949,1.3938599824905396,1.3938599824905396,1.4006463289260864,42.25,0.7320319414138794,0.05270194262266159,1.4006463289260864,1.2354167699813843,1.3938599824905396,23.159221649169922,13.114357948303223,0.16324326395988464,-0.028316408395767212,0,0.27585962414741516,1000,0.00046372771612368524,0,3.6657726764678955,0,55,96.75460815429688,0.00033604371128603816,1.684004306793213,0.2626396715641022,10,1.0006558895111084,166.786376953125,1120000.0,119.91387176513672,6940.643272456,1.4006463289260864,1,56,6820.1640625,1.7347402572631836,0.03732241690158844,1.2993910312652588,-6.103515470812226e-09,0.005220517516136169,1.0006557703018188,0.3768409490585327,1746568004.6248748,1.1879252195358276,14.350000381469727,5.855100631713867,1.0006558895111084
0.7922713756561279,1.4127380847930908,1.4127380847930908,1.4210398197174072,38.54999923706055,0.7964593768119812,0.05460847169160843,1.4210398197174072,0.1443396508693695,1.4127380847930908,23.793169021606445,12.76928997039795,-0.03215491771697998,-0.06047132611274719,0,0.2603994905948639,1000,0.0007642628042958677,0,3.6584067344665527,0,56,95.53369140625,0.00036171040846966207,1.7623937129974365,0.2525019347667694,10,1.001080870628357,167.60682678222656,1140000.0,119.3268814086914,7063.513795351,1.4210398197174072,1,57,6939.5537109375,-0.05881166458129883,0.031528446823358536,1.2469966411590576,-1.0681151962899094e-08,0.0019065290689468384,1.001080870628357,0.3269463777542114,1746568124.0452614,1.1855357885360718,15.529999732971191,5.796288967132568,1.001080870628357
0.7938395142555237,1.4323058128356934,1.4323058128356934,1.4433268308639526,78.5999984741211,0.29423201084136963,0.04892402142286301,1.4433268308639526,0.06317523121833801,1.4323058128356934,23.2307186126709,12.317736625671387,0.317490816116333,0.2570194900035858,0,0.15289293229579926,1000,0.0031415699049830437,0,3.587789535522461,0,57,99.54317474365234,0.0004819461901206523,1.7140816450119019,1.1085926294326782,10,0.9955571889877319,162.90106201171875,1160000.0,122.77391052246094,7181.489043987,1.4433268308639526,1,58,7062.4228515625,0.5726795196533203,0.23102030158042908,1.4822471141815186,4.959106458812812e-09,-0.005684450268745422,0.9955571293830872,0.519633948802948,1746568246.9160986,1.1875516176223755,24.899999618530273,6.368968486785889,0.9955571889877319
0.7905409336090088,1.4525905847549438,1.4525905847549438,1.4655808210372925,40.900001525878906,0.6674878597259521,0.06469915807247162,1.4655808210372925,0.13696613907814026,1.4525905847549438,23.01569366455078,13.000129699707031,-0.2673979941755533,-0.010378504171967506,0,0.25994572043418884,1000,0.00031728146132081747,0,3.3608219623565674,0,58,94.88479614257812,0.00038390629924833775,1.7022796869277954,0.2963453531265259,10,1.0004487037658691,169.63453674316406,1180000.0,117.90052795410156,7302.30656415,1.4655808210372925,1,59,7180.41796875,-0.08207082748413086,0.044889334589242935,1.2591300010681152,6.103515470812226e-09,0.015775136649608612,1.0004487037658691,0.3894388675689697,1746568364.8918388,1.183271050453186,25.809999465942383,6.286897659301758,1.0004487037658691
0.7854843139648438,1.4738142490386963,1.4738142490386963,1.4879145622253418,43.0,0.6115283370018005,0.05342283472418785,1.4879145622253418,0.28201666474342346,1.4738142490386963,23.735837936401367,12.806562423706055,-0.01489783450961113,-0.025276338681578636,0,0.256595641374588,1000,0.0007445943192578852,0,3.785250663757324,0,59,97.00344848632812,0.00038232342922128737,1.884581208229065,0.3218076229095459,10,0.998947024345398,165.64613342285156,1200000.0,120.73931121826172,7419.334141696,1.4879145622253418,1,60,7301.2333984375,0.8209347724914551,0.05348065122961998,1.2603150606155396,-3.051757735406113e-09,-0.011276323348283768,0.9989469647407532,0.4195972681045532,1746568485.7089345,1.1768308877944946,28.850000381469727,7.107832431793213,0.998947024345398
0.785728931427002,1.4956930875778198,1.4956930875778198,1.5090806484222412,17.600000381469727,0.8258202075958252,0.07530608773231506,1.5090806484222412,-0.5688861608505249,1.4956930875778198,23.496944427490234,12.932944297790527,-0.13112046755850315,-0.1563968062400818,0,0.2754541337490082,1000,0.001672836602665484,0,2.8841965198516846,0,60,93.45967864990234,0.00036072154762223363,1.5366244316101074,0.3150617182254791,10,1.0023658275604248,171.00352478027344,1220000.0,116.95664978027344,7538.077771231,1.5090806484222412,1,61,7418.2666015625,-2.9337759017944336,0.029326405376195908,1.2174421548843384,4.577636492086867e-09,0.021883253008127213,1.0023657083511353,0.33355218172073364,1746568602.7364855,1.1770216226577759,26.719999313354492,4.174056529998779,1.0023658275604248
0.7858780026435852,1.5180563926696777,1.5180563926696777,1.5295456647872925,24.600000381469727,0.7969781756401062,0.06485089659690857,1.5295456647872925,0.13491442799568176,1.5180563926696777,23.279029846191406,13.732030868530273,-0.024232998490333557,-0.18062980473041534,0,0.2766590118408203,1000,0.0005159336142241955,0,3.691559314727783,0,61,95.38259887695312,0.0003394802915863693,1.779357671737671,0.23839107155799866,10,1.0007295608520508,168.5464324951172,1240000.0,118.66167449951172,7661.157179111,1.5295456647872925,1,62,7536.99951171875,0.48249101638793945,0.03148741275072098,1.521559238433838,5.340575981449547e-09,-0.010455191135406494,1.0007295608520508,0.3471350073814392,1746568721.4799218,1.1770479679107666,25.5,4.656547546386719,1.0007295608520508
0.7837961316108704,1.5397745370864868,1.5397745370864868,1.5495561361312866,28.049999237060547,0.9289301037788391,0.04763171076774597,1.5495561361312866,-0.6060194373130798,1.5397745370864868,23.38732147216797,12.919397354125977,0.06424449384212494,-0.1163853108882904,0,0.26266592741012573,1000,0.0004772147221956402,0,3.346956253051758,0,62,99.56897735595703,0.0003802950377576053,1.6388373374938965,0.3330276906490326,10,1.0006749629974365,162.65939331054688,1260000.0,122.9563217163086,7777.607306676,1.5495561361312866,1,63,7660.03857421875,-1.207981824874878,0.02317734807729721,1.2520476579666138,7.629394338515283e-10,-0.017219185829162598,1.000674843788147,0.28276175260543823,1746568844.5594602,1.1743754148483276,14.180000305175781,3.448565721511841,1.0006749629974365
0.782741367816925,1.5606666803359985,1.5606666803359985,1.5688977241516113,22.850000381469727,0.8824925422668457,0.0527607724070549,1.5688977241516113,0.26003432273864746,1.5606666803359985,23.372915267944336,12.750563621520996,-0.01570485532283783,-0.13209016621112823,0,0.2741537094116211,1000,0.0007598234224133193,0,3.042499542236328,0,63,92.99329376220703,0.000355237047187984,1.311152696609497,0.21566826105117798,10,1.0010745525360107,171.87115478515625,1280000.0,116.36624908447266,7903.0755086,1.5688977241516113,1,64,7776.52734375,-0.2851128578186035,0.025680754333734512,1.4065128564834595,2.2888182460434336e-09,0.0051290616393089294,1.0010744333267212,0.31065836548805237,1746568961.0096302,1.172793984413147,11.680000305175781,3.1634528636932373,1.0010745525360107
0.784637451171875,1.5807439088821411,1.5807439088821411,1.5884063243865967,37.900001525878906,0.6749905943870544,0.06901475787162781,1.5884063243865967,1.0128450393676758,1.5807439088821411,23.86426544189453,14.092341423034668,0.10501828975975513,-0.0270718764513731,0,0.25873130559921265,1000,0.0004973328323103487,0,3.3436832427978516,0,64,101.54466247558594,0.0003701022651512176,1.412639856338501,0.3856365978717804,10,1.0007033348083496,159.47824096679688,1300000.0,125.4089584350586,8020.370899389,1.5884063243865967,1,65,7902.02001953125,1.6675817966461182,0.043896958231925964,1.4938031435012817,-6.103515470812226e-09,0.016253985464572906,1.0007033348083496,0.3833109736442566,1746569086.4778464,1.1749608516693115,10.960000038146973,4.8310346603393555,1.0007033348083496
0.7873556017875671,1.6003260612487793,1.6003260612487793,1.6081554889678955,39.5,0.6921559572219849,0.06223805993795395,1.6081554889678955,-0.32354462146759033,1.6003260612487793,23.411771774291992,13.169389724731445,0.03404419310390949,0.006972316652536392,0,0.24650807678699493,1000,0.0005300106713548303,0,2.965876579284668,0,65,93.81622314453125,0.00039927306352183223,1.4077829122543335,0.39997774362564087,10,0.9992504119873047,170.60768127441406,1320000.0,117.22801208496094,8137.206378614,1.6081554889678955,1,66,8019.306640625,0.22775697708129883,0.04174668341875076,1.1834160089492798,1.1444091230217168e-09,-0.006776697933673859,0.9992504119873047,0.35614529252052307,1746569203.7732465,1.1783865690231323,13.300000190734863,5.058791637420654,0.9992504119873047
0.7869606018066406,1.6194077730178833,1.6194077730178833,1.6270874738693237,19.25,1.0337307453155518,0.047714732587337494,1.6270874738693237,-0.28285592794418335,1.6194077730178833,23.153156280517578,11.536490440368652,-0.14651012793183327,-0.13953781127929688,0,0.2884902358055115,1000,0.0011629158398136497,0,2.774923086166382,0,66,93.40351104736328,0.0003297094954177737,1.3322710990905762,0.21503081917762756,10,1.0016446113586426,171.59031677246094,1340000.0,116.55669403076172,8257.760346592,1.6270874738693237,1,67,8135.93603515625,-1.2837073802947998,0.018716080114245415,1.122657299041748,9.155272984173735e-09,-0.014523327350616455,1.0016446113586426,0.2790767550468445,1746569320.6087532,1.1780301332473755,12.720000267028809,3.7750842571258545,1.0016446113586426
0.7809454798698425,1.6381539106369019,1.6381539106369019,1.6462572813034058,37.95000076293945,0.6654285788536072,0.06971973925828934,1.6462572813034058,-0.09270267188549042,1.6381539106369019,23.57624626159668,12.2329740524292,0.109747514128685,-0.029790297150611877,0,0.2688899636268616,1000,0.00038235620013438165,0,3.386996030807495,0,67,96.90242767333984,0.0003628617268987,1.4292595386505127,0.20199476182460785,10,1.0005407333374023,166.00445556640625,1360000.0,120.47869873046875,8375.642390664,1.6462572813034058,1,68,8256.6884765625,0.7739365100860596,0.04516759514808655,1.2494148015975952,-3.051757735406113e-09,0.022005006670951843,1.0005407333374023,0.40408533811569214,1746569441.162914,1.170511245727539,13.800000190734863,4.549020767211914,1.0005407333374023
0.7706332802772522,1.6567788124084473,1.6567788124084473,1.6651626825332642,28.549999237060547,0.7037798166275024,0.06760426610708237,1.6651626825332642,-0.19670891761779785,1.6567788124084473,23.346982955932617,11.981941223144531,-0.14752322435379028,-0.17731352150440216,0,0.27782759070396423,1000,0.0006628294358961284,0,3.9420487880706787,0,68,94.45869445800781,0.00036262028152123094,1.4650541543960571,0.2682347595691681,10,1.0009374618530273,169.77105712890625,1380000.0,117.80571746826172,8498.388580029,1.6651626825332642,1,69,8374.5693359375,0.5305099487304688,0.04037906229496002,1.2498490810394287,1.1062621929625038e-08,-0.00211547315120697,1.0009374618530273,0.3947649300098419,1746569559.0445602,1.1573095321655273,15.5,5.079530715942383,1.0009374618530273
0.7663761973381042,1.6753875017166138,1.6753875017166138,1.6858453750610352,67.94999694824219,0.5806355476379395,0.06765592098236084,1.6858453750610352,-0.1368437111377716,1.6753875017166138,23.026405334472656,11.335680961608887,0.35295370221138,0.17564018070697784,0,0.26387688517570496,1000,8.721587801119313e-05,0,3.9213902950286865,0,69,99.65312957763672,0.0003549404500517994,1.580470323562622,0.5051786303520203,10,0.9998766779899597,163.02633666992188,1400000.0,122.67955780029297,8618.433784285,1.6858453750610352,1,70,8497.326171875,2.1936821937561035,0.059322942048311234,1.280908226966858,2.2888182460434336e-09,5.16548752784729e-05,0.9998766779899597,0.4544621407985687,1746569681.7913058,1.1520220041275024,16.329999923706055,7.273212909698486,0.9998766779899597
0.7670543789863586,1.6939365863800049,1.6939365863800049,1.7067409753799438,40.400001525878906,0.6498326063156128,0.04961292818188667,1.7067409753799438,-0.6639577150344849,1.6939365863800049,23.71530532836914,11.792513847351074,-0.20214873552322388,-0.026508554816246033,0,0.26123905181884766,1000,3.708922668010928e-05,0,3.479161024093628,0,70,96.25453186035156,0.00037540282937698066,1.5016709566116333,0.3003845512866974,10,1.0000524520874023,166.70852661132812,1420000.0,119.9698715209961,8743.427785632,1.7067409753799438,1,71,8617.3623046875,-1.0403437614440918,0.04736165702342987,1.2875113487243652,3.814697002724188e-09,-0.018042992800474167,1.0000524520874023,0.4020097553730011,1746569801.836285,1.153023362159729,15.819999694824219,6.2328691482543945,1.0000524520874023
0.7699691653251648,1.7125751972198486,1.7125751972198486,1.7279659509658813,42.900001525878906,0.6535067558288574,0.06158426031470299,1.7279659509658813,-0.2763170897960663,1.7125751972198486,23.61871337890625,13.297752380371094,-0.0798298642039299,-0.10633841902017593,0,0.25966712832450867,1000,0.00031660712556913495,0,4.465461730957031,0,71,101.28121948242188,0.00036394287599250674,1.6584771871566772,0.2839089632034302,10,1.0004477500915527,160.12815856933594,1440000.0,124.89995574951172,8866.904198083,1.7279659509658813,1,72,8742.3388671875,-1.0240745544433594,0.04683060199022293,1.4982372522354126,7.629394005448376e-09,0.011971332132816315,1.0004477500915527,0.3973442018032074,1746569926.8301485,1.1565418243408203,17.1200008392334,5.208794593811035,1.0004477500915527
0.772752583026886,1.7313352823257446,1.7313352823257446,1.7510006427764893,72.8499984741211,0.31429705023765564,0.05289085954427719,1.7510006427764893,0.788493812084198,1.7313352823257446,23.975860595703125,13.058440208435059,0.3401188775897026,0.23378045856952667,0,0.16804102063179016,1000,0.0021607002709060907,0,3.648789167404175,0,72,99.42250061035156,0.0004565877316053957,1.2599775791168213,1.0921310186386108,10,0.9969443082809448,162.07667541503906,1460000.0,123.39838409423828,8984.038661386,1.7510006427764893,1,73,8865.8291015625,-0.39298343658447266,0.20246469974517822,1.3437796831130981,7.629394338515283e-10,-0.008693400770425797,0.9969442486763,0.5346567034721375,1746570050.3065407,1.1598173379898071,17.43000030517578,4.8158111572265625,0.9969443082809448
0.7751407623291016,1.7501459121704102,1.7501459121704102,1.7733772993087769,27.850000381469727,0.8117339611053467,0.06170325353741646,1.7733772993087769,0.13989290595054626,1.7501459121704102,23.623504638671875,12.79861068725586,-0.35616741329431534,-0.12238695472478867,0,0.28149619698524475,1000,0.0018553042318671942,0,3.3502321243286133,0,73,93.44027709960938,0.0003357725217938423,1.0332090854644775,0.16902831196784973,10,1.0026239156723022,170.84698486328125,1480000.0,117.0638198852539,9101.707738926,1.7733772993087769,1,74,8982.970703125,-0.6517581939697266,0.030353054404258728,1.100953459739685,1.5258788677030566e-09,0.008812393993139267,1.0026239156723022,0.3467838168144226,1746570167.440939,1.1630173921585083,16.790000915527344,4.164052963256836,1.0026239156723022
0.7756379246711731,1.7686911821365356,1.7686911821365356,1.7945493459701538,16.350000381469727,0.9098107814788818,0.05732368305325508,1.7945493459701538,-0.27077773213386536,1.7686911821365356,23.628816604614258,12.391733169555664,-0.04573943465948105,-0.16812638938426971,0,0.26126807928085327,1000,0.00012919414439238608,0,2.8037946224212646,0,74,93.97640228271484,0.0003572281275410205,1.0010441541671753,0.1693047285079956,10,0.9998173117637634,170.06044006347656,1500000.0,117.6052474975586,9224.298885307,1.7945493459701538,1,75,9100.6484375,-0.9229409694671631,0.02416170760989189,1.1907563209533691,-3.051757735406113e-09,-0.004379570484161377,0.9998173117637634,0.2871675193309784,1746570285.1101136,1.163864254951477,13.789999961853027,3.241111993789673,0.9998173117637634
0.7805622220039368,1.7869796752929688,1.7869796752929688,1.815788984298706,37.900001525878906,0.7346274256706238,0.0632990226149559,1.815788984298706,0.08563413470983505,1.7869796752929688,23.975419998168945,12.402033805847168,0.15132593177258968,-0.01680045761168003,0,0.2573539614677429,1000,0.00047454540617763996,0,3.2149147987365723,0,75,98.51822662353516,0.00036965004983358085,1.2017611265182495,0.26295965909957886,10,0.9993289709091187,163.27374267578125,1520000.0,122.49366760253906,9341.644470521,1.815788984298706,1,76,9223.2041015625,0.8504297733306885,0.03705916181206703,1.262483835220337,-3.051757735406113e-09,0.005975339561700821,0.9993289113044739,0.3503189980983734,1746570407.7011225,1.1701470613479614,13.569999694824219,4.091541767120361,0.9993289709091187
0.7802004218101501,1.8048248291015625,1.8048248291015625,1.835693597793579,11.899999618530273,0.9695755243301392,0.06590782850980759,1.835693597793579,-0.39067554473876953,1.8048248291015625,23.320743560791016,11.961987495422363,-0.23808035813272,-0.2548808157444,0,0.2747962772846222,1000,0.0014686209615319967,0,3.1906774044036865,0,76,93.95626831054688,0.000343060091836378,1.3607051372528076,0.23870053887367249,10,1.0020769834518433,170.53636169433594,1540000.0,117.27703857421875,9463.876407345,1.835693597793579,1,77,9340.5791015625,-1.0083591938018799,0.021274851635098457,1.346215844154358,-1.1062621929625038e-08,0.0026088058948516846,1.0020769834518433,0.2834191620349884,1746570525.0470963,1.1695588827133179,11.5600004196167,3.0831825733184814,1.0020769834518433
0.7755508422851562,1.8222891092300415,1.8222891092300415,1.8557056188583374,36.0,0.649666428565979,0.061758317053318024,1.8557056188583374,0.277423620223999,1.8222891092300415,23.720369338989258,11.701013565063477,0.20874376222491264,-0.04613705351948738,0,0.2799709141254425,1000,0.0002058733080048114,0,3.3401877880096436,0,77,98.45123291015625,0.0003446632472332567,1.5241518020629883,0.2949254810810089,10,0.9997088313102722,163.70411682128906,1560000.0,122.171630859375,9581.284649622,1.8557056188583374,1,78,9462.8193359375,1.9090874195098877,0.047385890036821365,1.316338300704956,-5.6266782344494e-09,-0.004149511456489563,0.9997088313102722,0.43094566464424133,1746570647.279103,1.1636258363723755,11.6899995803833,4.992269992828369,0.9997088313102722
0.7764236927032471,1.8393959999084473,1.8393959999084473,1.87554132938385,30.799999237060547,0.6834496259689331,0.0597657710313797,1.87554132938385,0.14025713503360748,1.8393959999084473,23.603796005249023,11.759066581726074,-0.024360407143831253,-0.07049746066331863,0,0.26735472679138184,1000,3.366137752891518e-05,0,3.0770506858825684,0,78,93.74118041992188,0.0003422218724153936,1.319455862045288,0.28819215297698975,10,1.0000476837158203,170.43759155273438,1580000.0,117.34500122070312,9699.228244049,1.87554132938385,1,79,9580.224609375,-0.9666104316711426,0.04281705990433693,1.2379000186920166,0.0,-0.001992546021938324,1.0000476837158203,0.3911842405796051,1746570764.6873164,1.1644880771636963,11.520000457763672,4.025659561157227,1.0000476837158203
0.7756269574165344,1.8563305139541626,1.8563305139541626,1.8951538801193237,29.5,0.6866467595100403,0.049977608025074005,1.8951538801193237,-0.08247994631528854,1.8563305139541626,23.156118392944336,11.330718040466309,0.0108836330473423,-0.059613827615976334,0,0.26295554637908936,1000,0.00016029851394705474,0,2.86776065826416,0,79,94.72760772705078,0.0003763530112337321,1.3052732944488525,0.3932206630706787,10,0.999773383140564,169.65867614746094,1600000.0,117.88375091552734,9819.043430889,1.8951538801193237,1,80,9698.171875,1.1556344032287598,0.04241926595568657,1.2042336463928223,-8.77380390562621e-09,-0.009788163006305695,0.9997733235359192,0.38295605778694153,1746570882.6307983,1.1630641222000122,12.829999923706055,5.181293964385986,0.999773383140564
0.7722463607788086,1.8729698657989502,1.8729698657989502,1.9149270057678223,36.0,0.5532853603363037,0.04807755723595619,1.9149270057678223,0.24716724455356598,1.8729698657989502,23.629100799560547,11.059101104736328,0.020418785512447357,-0.039195042103528976,0,0.2651391923427582,1000,0.0002385511907050386,0,3.1927623748779297,0,80,96.12550354003906,0.0003518749726936221,1.3460701704025269,0.32084453105926514,10,1.0003373622894287,167.00814819335938,1620000.0,119.754638671875,9938.226688127,1.9149270057678223,1,81,9817.9853515625,-0.8963313102722168,0.06533285230398178,1.234588384628296,6.103515470812226e-09,-0.0019000507891178131,1.0003372430801392,0.479208767414093,1746571002.445709,1.1582766771316528,11.520000457763672,4.2849626541137695,1.0003373622894287
0.7672848701477051,1.889478087425232,1.889478087425232,1.9340991973876953,22.350000381469727,0.7095169425010681,0.05875734984874725,1.9340991973876953,-0.4705886244773865,1.889478087425232,23.32404899597168,10.959646224975586,-0.1811547614634037,-0.22034980356693268,0,0.2608405649662018,1000,0.000593371398281306,0,3.6656110286712646,0,81,95.45792388916016,0.0003609105770010501,1.5113155841827393,0.3319278657436371,10,1.0008392333984375,168.3756866455078,1640000.0,118.78199768066406,10060.856235454,1.9340991973876953,1,82,9936.830078125,0.1306004524230957,0.03972870111465454,1.2855095863342285,-1.3732909920349812e-08,0.010679792612791061,1.0008392333984375,0.3676312267780304,1746571121.62894,1.1519898176193237,12.680000305175781,4.415563106536865,1.0008392333984375
0.7672610878944397,1.9059944152832031,1.9059944152832031,1.95460045337677,56.45000076293945,0.5969351530075073,0.049493640661239624,1.95460045337677,-0.36988282203674316,1.9059944152832031,23.4335994720459,11.286063194274902,0.32243918627500534,0.10208938270807266,0,0.25962263345718384,1000,0.0009817687096074224,0,3.759089946746826,0,82,99.13705444335938,0.00036996498238295317,1.450775146484375,0.266698956489563,10,0.9986116290092468,163.17115783691406,1660000.0,122.5706787109375,10179.804565492,1.95460045337677,1,83,10059.80078125,1.1401758193969727,0.056127481162548065,1.3103127479553223,-8.392333938900265e-09,-0.00926370918750763,0.9986116290092468,0.43492603302001953,1746571244.2586966,1.1522043943405151,13.75,5.555738925933838,0.9986116290092468
0.7683418393135071,1.922537088394165,1.922537088394165,1.975013256072998,32.70000076293945,0.674811601638794,0.04477663338184357,1.975013256072998,-0.20967024564743042,1.922537088394165,23.402889251708984,11.480756759643555,-0.22837945073843002,-0.12629006803035736,0,0.2712891399860382,1000,0.00031792771187610924,0,3.7474594116210938,0,83,95.4864501953125,0.0003521981125231832,1.5354241132736206,0.35428673028945923,10,0.9995503425598145,168.2236328125,1680000.0,118.88936614990234,10296.95465129,1.975013256072998,1,84,10178.748046875,-0.4624052047729492,0.04392024874687195,1.3437087535858154,0.0,-0.004717007279396057,0.9995503425598145,0.4020220637321472,1746571363.2072659,1.153626799583435,13.859999656677246,5.093333721160889,0.9995503425598145
0.768265962600708,1.9390153884887695,1.9390153884887695,1.995291829109192,31.600000381469727,0.6741058826446533,0.0557594895362854,1.995291829109192,0.035619959235191345,1.9390153884887695,23.211816787719727,12.099238395690918,-0.008768022060394287,-0.13505809009075165,0,0.25923123955726624,1000,6.428799679270014e-05,0,3.708914041519165,0,84,93.87538146972656,0.00037186790723353624,1.4808686971664429,0.30951988697052,10,0.9999091029167175,170.81283569335938,1700000.0,117.08721923828125,10414.692110305,1.995291829109192,1,85,10295.8955078125,-0.8314223289489746,0.04401225596666336,1.3247121572494507,-6.103515470812226e-09,0.010982856154441833,0.9999091029167175,0.3845556676387787,1746571480.3570395,1.1533864736557007,13.020000457763672,4.261911392211914,0.9999091029167175
0.7677432894706726,1.9552417993545532,1.9552417993545532,2.0145153999328613,14.949999809265137,0.8438003659248352,0.0516742505133152,2.0145153999328613,-0.32227322459220886,1.9552417993545532,23.31131362915039,12.093027114868164,-0.054718732833862305,-0.18977682292461395,0,0.275912344455719,1000,0.000634450523648411,0,2.8935511112213135,0,85,94.33756256103516,0.00034333940129727125,1.0072886943817139,0.23784594237804413,10,1.0008972883224487,169.99732971191406,1720000.0,117.64891815185547,10536.335043849,2.0145153999328613,1,86,10413.6064453125,-1.9019432067871094,0.028089914470911026,1.0565189123153687,-4.577636492086867e-09,-0.0040852390229702,1.0008972883224487,0.32698771357536316,1746571598.0943992,1.1524853706359863,11.270000457763672,2.3599681854248047,1.0008972883224487
0.7674660682678223,1.9712347984313965,1.9712347984313965,2.0337040424346924,31.049999237060547,0.5865005254745483,0.05749902501702309,2.0337040424346924,1.2219667434692383,1.9712347984313965,23.71934700012207,12.213117599487305,0.11885169893503189,-0.07092512398958206,0,0.22812652587890625,1000,5.484710345626809e-05,0,3.1091718673706055,0,86,97.8150863647461,0.0004140743403695524,1.0041965246200562,0.35773971676826477,10,0.9999224543571472,164.5623779296875,1740000.0,121.53446197509766,10655.354629701,2.0337040424346924,1,87,10535.23046875,0.9616332054138184,0.058142419904470444,1.2844630479812622,-4.577636492086867e-09,0.005824774503707886,0.9999224543571472,0.38896214962005615,1746571719.7374144,1.1520355939865112,11.170000076293945,3.321601390838623,0.9999224543571472
0.7663228511810303,1.986899495124817,1.986899495124817,2.053122043609619,35.54999923706055,0.6720814108848572,0.05678553506731987,2.053122043609619,-0.16741694509983063,1.986899495124817,23.59048080444336,11.749808311462402,0.00888543576002121,-0.06203968822956085,0,0.25812864303588867,1000,0.00017639860743656754,0,3.384244441986084,0,87,95.3368148803711,0.00037878722650930285,1.0925835371017456,0.2276201993227005,10,1.0002496242523193,168.16993713378906,1760000.0,118.92732238769531,10774.6066763,2.053122043609619,1,88,10654.265625,0.9637022018432617,0.04427780956029892,1.118619680404663,4.577636492086867e-09,-0.0007134899497032166,1.0002495050430298,0.3840734660625458,1746571838.7569704,1.1501706838607788,10.109999656677246,4.285303592681885,1.0002496242523193
0.7662909626960754,2.0022025108337402,2.0022025108337402,2.072185754776001,25.549999237060547,0.6392031311988831,0.0469239316880703,2.072185754776001,0.20611020922660828,2.0022025108337402,23.06281280517578,11.390955924987793,-0.11841993033885956,-0.1804596185684204,0,0.24161766469478607,1000,0.0008774973684921861,0,3.576822280883789,0,88,96.12396240234375,0.0003978068707510829,1.248122215270996,0.5029863715171814,10,1.0012410879135132,167.80380249023438,1780000.0,119.18681335449219,10892.301809659,2.072185754776001,1,89,10773.544921875,-1.0087625980377197,0.04894993454217911,1.2460156679153442,-1.0681151962899094e-08,-0.009861603379249573,1.0012410879135132,0.3779982626438141,1746571958.0088663,1.1499890089035034,9.510000228881836,3.276540994644165,1.0012410879135132
0.7675343155860901,2.017029047012329,2.017029047012329,2.090257406234741,13.850000381469727,1.0235304832458496,0.048351485282182693,2.090257406234741,-0.29346761107444763,2.017029047012329,23.621036529541016,11.04418659210205,-0.06284904479980469,-0.2433086633682251,0,0.2701146900653839,1000,0.0025181337259709835,0,3.1661243438720703,0,89,94.01039123535156,0.0003483697073534131,0.9896454811096191,0.17257460951805115,10,1.00356125831604,170.02255249023438,1800000.0,117.6314468383789,11012.835545106,2.090257406234741,1,90,10891.2421875,-1.105607509613037,0.019090980291366577,1.197509527206421,-1.5258788677030566e-09,0.0014275535941123962,1.0035611391067505,0.263904869556427,1746572075.7040725,1.15164315700531,8.199999809265137,2.170933485031128,1.00356125831604
0.7613236308097839,2.032003402709961,2.032003402709961,2.1090657711029053,42.099998474121094,0.6482256054878235,0.07312307506799698,2.1090657711029053,0.4175356328487396,2.032003402709961,23.396595001220703,11.502498626708984,0.30548346042633057,0.06217479705810547,0,0.2618918716907501,1000,5.3329815273173153e-05,0,2.8656504154205322,0,90,97.06271362304688,0.00036834191996604204,0.9691166281700134,0.2759995758533478,10,0.9999246001243591,166.03111267089844,1820000.0,120.4593505859375,11133.346970942,2.1090657711029053,1,91,11011.767578125,2.8530609607696533,0.047596774995326996,1.1482222080230713,-3.433227480087453e-09,0.024771589785814285,0.9999246001243591,0.404013454914093,1746572196.2378907,1.1431903839111328,13.069999694824219,5.023994445800781,0.9999246001243591
0.7598624229431152,2.0473787784576416,2.0473787784576416,2.129509925842285,59.29999923706055,0.5373914837837219,0.05177903547883034,2.129509925842285,-0.2324507236480713,2.0473787784576416,23.04796028137207,10.558531761169434,0.10480518639087677,0.16697998344898224,0,0.25311997532844543,1000,0.0006801096606068313,0,3.361539125442505,0,91,97.40487670898438,0.0003662633243948221,1.0966777801513672,0.46870487928390503,10,0.9990382194519043,166.04005432128906,1840000.0,120.4528579711914,11249.33939171,2.129509925842285,1,92,11132.2919921875,0.9487776756286621,0.0692545622587204,1.1458040475845337,9.155272984173735e-09,-0.02134403958916664,0.9990382194519043,0.47101595997810364,1746572316.749332,1.1409478187561035,15.289999961853027,5.972772121429443,0.9990382194519043
0.7657130360603333,2.0628139972686768,2.0628139972686768,2.1487929821014404,13.149999618530273,0.812233567237854,0.06268729269504547,2.1487929821014404,-0.029447278007864952,2.0628139972686768,23.75745964050293,10.837740898132324,-0.4883923679590225,-0.3214123845100403,0,0.278240442276001,1000,0.00131745426915586,0,3.7527456283569336,0,92,92.1524887084961,0.00033157659345306456,1.2808148860931396,0.23358651995658875,10,1.0018632411956787,172.54769897460938,1860000.0,115.90998077392578,11367.022938054,2.1487929821014404,1,93,11248.259765625,-2.557997703552246,0.03031572699546814,1.2345390319824219,3.814697002724188e-09,0.010908257216215134,1.0018631219863892,0.34256210923194885,1746572432.74179,1.148156762123108,12.670000076293945,3.4147744178771973,1.0018632411956787
0.7617411613464355,2.079172372817993,2.079172372817993,2.1694393157958984,54.95000076293945,0.658366322517395,0.06675790250301361,2.1694393157958984,0.00329706072807312,2.079172372817993,23.58663558959961,10.932612419128418,0.5176708102226257,0.19625842571258545,0,0.26240256428718567,1000,0.000526554649695754,0,2.89392352104187,0,93,94.02454376220703,0.00037120835622772574,0.9836696982383728,0.25569260120391846,10,1.0007447004318237,170.05178833007812,1880000.0,117.61123657226562,11486.39224091,2.1694393157958984,1,94,11365.9541015625,0.6939139366149902,0.046141814440488815,1.1203120946884155,-6.866454960174906e-09,0.00407060980796814,1.0007447004318237,0.3985661566257477,1746572550.4251642,1.1436129808425903,19.979999542236328,4.1086883544921875,1.0007447004318237
0.7617557644844055,2.096433401107788,2.096433401107788,2.189270496368408,19.299999237060547,0.7513282299041748,0.06606724113225937,2.189270496368408,-0.5813413858413696,2.096433401107788,23.41664695739746,10.670758247375488,-0.351788654923439,-0.15553022921085358,0,0.27184373140335083,1000,0.0014928975142538548,0,2.835038185119629,0,94,95.8908462524414,0.00033756394986994565,1.050917625427246,0.2796601951122284,10,1.0021113157272339,167.634033203125,1900000.0,119.3075180053711,11604.615310494,2.189270496368408,1,95,11485.3349609375,-0.9247837066650391,0.0354299396276474,1.1197593212127686,0.0,-0.0006906613707542419,1.0021113157272339,0.36181753873825073,1746572669.7946355,1.1436575651168823,20.520000457763672,3.1839046478271484,1.0021113157272339
0.7627210021018982,2.1142284870147705,2.1142284870147705,2.2088658809661865,27.75,0.6809449791908264,0.047291286289691925,2.2088658809661865,0.08912009000778198,2.1142284870147705,23.930931091308594,10.025659561157227,0.10291619598865509,-0.052614033222198486,0,0.26112422347068787,1000,0.0010568181751295924,0,2.6588597297668457,0,95,94.23381805419922,0.00035692984238266945,1.0337820053100586,0.31832924485206604,10,1.0014946460723877,169.25518798828125,1920000.0,118.1647720336914,11725.578273581,2.2088658809661865,1,96,11603.560546875,0.23021745681762695,0.04313261806964874,1.0654044151306152,1.5258788677030566e-09,-0.018775954842567444,1.0014945268630981,0.38347330689430237,1746572788.0176094,1.144936203956604,18.079999923706055,3.4141221046447754,1.0014946460723877
0.7631340026855469,2.1322598457336426,2.1322598457336426,2.227968454360962,22.899999618530273,0.6621618866920471,0.04507005959749222,2.227968454360962,-0.374263197183609,2.1322598457336426,23.28515625,10.533899307250977,-0.14883588254451752,-0.201449915766716,0,0.25339260697364807,1000,0.001148248789831996,0,3.4596915245056152,0,96,97.56713104248047,0.000379680102923885,1.1682653427124023,0.4028197228908539,10,1.0016238689422607,165.4912567138672,1940000.0,120.85231018066406,11841.172375986,2.227968454360962,1,97,11724.470703125,0.9675183296203613,0.04561435058712959,1.3114677667617798,7.629394005448376e-09,-0.002221226692199707,1.0016237497329712,0.3826746940612793,1746572908.9805875,1.1452925205230713,15.949999809265137,4.381640434265137,1.0016238689422607
0.7644259333610535,2.1505658626556396,2.1505658626556396,2.2460243701934814,12.75,0.8981175422668457,0.06145242229104042,2.2460243701934814,-0.5128494501113892,2.1505658626556396,23.3844051361084,9.750737190246582,-0.031146854162216187,-0.2325967699289322,0,0.28505101799964905,1000,0.0014481095131486654,0,2.922135829925537,0,97,92.14974975585938,0.00034263968700543046,0.9564279317855835,0.1972263604402542,10,1.0020478963851929,173.10894775390625,1960000.0,115.5341796875,11961.302489688,2.2460243701934814,1,98,11840.115234375,-1.7636170387268066,0.024794962257146835,0.9712403416633606,1.0681151962899094e-08,0.016382362693548203,1.0020478963851929,0.3173872232437134,1746573024.5749476,1.1470171213150024,16.40999984741211,2.61802339553833,1.0020478963851929
0.7663138508796692,2.168259859085083,2.168259859085083,2.264353036880493,33.099998474121094,0.6048492193222046,0.06380131095647812,2.264353036880493,-0.12212993204593658,2.168259859085083,23.559080123901367,9.889156341552734,0.2368770153261721,0.0042802453972399235,0,0.27200162410736084,1000,0.0003149212570860982,0,2.6123433113098145,0,98,96.50623321533203,0.0003527854278218001,0.8587045073509216,0.2640608549118042,10,1.0004453659057617,166.57595825195312,1980000.0,120.06534576416016,12077.389392181,2.264353036880493,1,99,11960.24609375,1.4041743278503418,0.05466831102967262,1.149728536605835,5.340575981449547e-09,0.0023488886654376984,1.0004453659057617,0.44970157742500305,1746573144.7048252,1.1501353979110718,9.220000267028809,4.022197723388672,1.0004453659057617
0.7684793472290039,2.1854820251464844,2.1854820251464844,2.2820041179656982,17.549999237060547,0.7587112784385681,0.04990638792514801,2.2820041179656982,-0.2805197834968567,2.1854820251464844,23.35942268371582,10.149496078491211,-0.2176839322783053,-0.21340368688106537,0,0.2693057656288147,1000,0.001124196918681264,0,3.146827459335327,0,99,92.66629791259766,0.0003442462766543031,1.0738171339035034,0.26143795251846313,10,1.0015897750854492,172.37551879882812,2000000.0,116.0257568359375,12077.552148466,2.2820041179656982,1,100,12076.33203125,-0.7097010612487793,0.03474375605583191,1.3653311729431152,6.103515470812226e-09,-0.013894923031330109,1.0015897750854492,0.3549515902996063,1746573260.7915735,1.1534768342971802,9.850000381469727,3.3124966621398926,1.0015897750854492
